2026-03-23 15:34:25.265 DEBU [pymycobot.common] _write: FE FE 03 02 0D D1 
2026-03-23 15:34:25.273 DEBU [pymycobot.common] _read : FE FE 04 02 0C 98 7C
2026-03-23 15:34:25.274 DEBU [pymycobot.common] _write: FE FE 03 BA 7F D1 
2026-03-23 15:34:25.282 DEBU [pymycobot.common] _read : FE FE 09 BA 00 01 C2 00 27 10 B0 9D
2026-03-23 15:34:25.283 DEBU [pymycobot.common] _write: FE FE 03 09 CA 90 
2026-03-23 15:34:25.290 DEBU [pymycobot.common] _read : FE FE 04 09 0D 68 BA
2026-03-23 15:34:25.291 DEBU [pymycobot.common] _write: FE FE 03 01 0C 91 
2026-03-23 15:34:25.296 DEBU [pymycobot.common] _read : FE FE 04 01 0C 68 7C
2026-03-23 15:35:32.402 DEBU [pymycobot.common] _write: FE FE 03 02 0D D1 
2026-03-23 15:35:32.416 DEBU [pymycobot.common] _read : FE FE 04 02 0C 98 7C
2026-03-23 15:35:32.418 DEBU [pymycobot.common] _write: FE FE 03 06 CE D0 
2026-03-23 15:35:32.431 DEBU [pymycobot.common] _read : FE FE 04 06 03 5C 3E
2026-03-23 15:35:32.432 DEBU [pymycobot.common] _write: FE FE 03 09 CA 90 
2026-03-23 15:35:32.443 DEBU [pymycobot.common] _read : FE FE 04 09 0D 68 BA
2026-03-23 15:35:32.444 DEBU [pymycobot.common] _write: FE FE 03 01 0C 91 
2026-03-23 15:35:32.454 DEBU [pymycobot.common] _read : FE FE 04 01 0C 68 7C
2026-03-23 16:13:36.467 DEBU [pymycobot.common] _write: FE FE 03 03 CD 10 
2026-03-23 16:13:36.478 DEBU [pymycobot.common] _read : FE FE 05 03 A1 C2 DC 34
2026-03-23 16:13:48.016 DEBU [pymycobot.common] _write: FE FE 03 03 CD 10 
2026-03-23 16:13:48.025 DEBU [pymycobot.common] _read : FE FE 05 03 A1 C2 DC 34
2026-03-23 16:14:13.016 DEBU [pymycobot.common] _write: FE FE 03 03 CD 10 
2026-03-23 16:14:13.026 DEBU [pymycobot.common] _read : FE FE 05 03 A1 C2 DC 34
2026-03-23 16:15:24.784 DEBU [pymycobot.common] _write: FE FE 05 92 A3 C0 90 E5 
2026-03-23 16:15:24.797 DEBU [pymycobot.common] _read : FE FE 05 92 FF 01 00 1D
2026-03-23 16:15:24.798 DEBU [pymycobot.common] _write: FE FE 03 03 CD 10 
2026-03-23 16:15:24.805 DEBU [pymycobot.common] _read : FE FE 05 03 A3 C0 7D B4
2026-03-23 16:32:50.143 DEBU [pymycobot.common] _write: FE FE 03 03 CD 10 
2026-03-23 16:32:50.158 DEBU [pymycobot.common] _read : FE FE 05 03 A3 C0 7D B4
2026-03-23 16:33:27.325 DEBU [pymycobot.common] _write: FE FE 04 F8 01 FD FF 
2026-03-23 16:33:27.333 DEBU [pymycobot.common] _read : FE FE 05 F8 FF 01 1C 3D
2026-03-23 16:33:27.334 DEBU [pymycobot.common] _write: FE FE 03 2B D3 10 
2026-03-23 16:33:27.343 DEBU [pymycobot.common] _read : FE FE 04 2B 01 CD A2
2026-03-23 16:33:27.367 DEBU [pymycobot.common] _write: FE FE 03 2B D3 10 
2026-03-23 16:33:27.373 DEBU [pymycobot.common] _read : FE FE 04 2B 01 CD A2
2026-03-23 16:33:27.397 DEBU [pymycobot.common] _write: FE FE 03 2B D3 10 
2026-03-23 16:33:27.404 DEBU [pymycobot.common] _read : FE FE 04 2B 01 CD A2
2026-03-23 16:33:27.428 DEBU [pymycobot.common] _write: FE FE 03 2B D3 10 
2026-03-23 16:33:27.436 DEBU [pymycobot.common] _read : FE FE 04 2B 01 CD A2
2026-03-23 16:33:27.458 DEBU [pymycobot.common] _write: FE FE 03 2B D3 10 
2026-03-23 16:33:27.465 DEBU [pymycobot.common] _read : FE FE 04 2B 01 CD A2
2026-03-23 16:33:27.489 DEBU [pymycobot.common] _write: FE FE 03 2B D3 10 
2026-03-23 16:33:27.496 DEBU [pymycobot.common] _read : FE FE 04 2B 01 CD A2
2026-03-23 16:33:27.520 DEBU [pymycobot.common] _write: FE FE 03 2B D3 10 
2026-03-23 16:33:27.527 DEBU [pymycobot.common] _read : FE FE 04 2B 01 CD A2
2026-03-23 16:33:27.550 DEBU [pymycobot.common] _write: FE FE 03 2B D3 10 
2026-03-23 16:33:27.557 DEBU [pymycobot.common] _read : FE FE 04 2B 01 CD A2
2026-03-23 16:33:27.580 DEBU [pymycobot.common] _write: FE FE 03 2B D3 10 
2026-03-23 16:33:27.586 DEBU [pymycobot.common] _read : FE FE 04 2B 01 CD A2
2026-03-23 16:33:27.610 DEBU [pymycobot.common] _write: FE FE 03 2B D3 10 
2026-03-23 16:33:27.618 DEBU [pymycobot.common] _read : FE FE 04 2B 01 CD A2
2026-03-23 16:33:27.640 DEBU [pymycobot.common] _write: FE FE 03 2B D3 10 
2026-03-23 16:33:27.647 DEBU [pymycobot.common] _read : FE FE 04 2B 01 CD A2
2026-03-23 16:33:27.671 DEBU [pymycobot.common] _write: FE FE 03 2B D3 10 
2026-03-23 16:33:27.678 DEBU [pymycobot.common] _read : FE FE 04 2B 01 CD A2
2026-03-23 16:33:27.701 DEBU [pymycobot.common] _write: FE FE 03 2B D3 10 
2026-03-23 16:33:27.706 DEBU [pymycobot.common] _read : FE FE 04 2B 01 CD A2
2026-03-23 16:33:27.731 DEBU [pymycobot.common] _write: FE FE 03 2B D3 10 
2026-03-23 16:33:27.738 DEBU [pymycobot.common] _read : FE FE 04 2B 01 CD A2
2026-03-23 16:33:27.761 DEBU [pymycobot.common] _write: FE FE 03 2B D3 10 
2026-03-23 16:33:27.768 DEBU [pymycobot.common] _read : FE FE 04 2B 01 CD A2
2026-03-23 16:33:27.791 DEBU [pymycobot.common] _write: FE FE 03 2B D3 10 
2026-03-23 16:33:27.797 DEBU [pymycobot.common] _read : FE FE 04 2B 01 CD A2
2026-03-23 16:33:27.821 DEBU [pymycobot.common] _write: FE FE 03 2B D3 10 
2026-03-23 16:33:27.828 DEBU [pymycobot.common] _read : FE FE 04 2B 01 CD A2
2026-03-23 16:33:27.851 DEBU [pymycobot.common] _write: FE FE 03 2B D3 10 
2026-03-23 16:33:27.857 DEBU [pymycobot.common] _read : FE FE 04 2B 01 CD A2
2026-03-23 16:33:27.881 DEBU [pymycobot.common] _write: FE FE 03 2B D3 10 
2026-03-23 16:33:27.888 DEBU [pymycobot.common] _read : FE FE 04 2B 01 CD A2
2026-03-23 16:33:27.911 DEBU [pymycobot.common] _write: FE FE 03 2B D3 10 
2026-03-23 16:33:27.918 DEBU [pymycobot.common] _read : FE FE 04 2B 01 CD A2
2026-03-23 16:33:27.941 DEBU [pymycobot.common] _write: FE FE 03 2B D3 10 
2026-03-23 16:33:27.947 DEBU [pymycobot.common] _read : FE FE 04 2B 01 CD A2
2026-03-23 16:33:27.971 DEBU [pymycobot.common] _write: FE FE 03 2B D3 10 
2026-03-23 16:33:27.977 DEBU [pymycobot.common] _read : FE FE 04 2B 01 CD A2
2026-03-23 16:33:28.001 DEBU [pymycobot.common] _write: FE FE 03 2B D3 10 
2026-03-23 16:33:28.006 DEBU [pymycobot.common] _read : FE FE 04 2B 01 CD A2
2026-03-23 16:33:28.032 DEBU [pymycobot.common] _write: FE FE 03 2B D3 10 
2026-03-23 16:33:28.039 DEBU [pymycobot.common] _read : FE FE 04 2B 01 CD A2
2026-03-23 16:33:28.062 DEBU [pymycobot.common] _write: FE FE 03 2B D3 10 
2026-03-23 16:33:28.068 DEBU [pymycobot.common] _read : FE FE 04 2B 01 CD A2
2026-03-23 16:33:28.092 DEBU [pymycobot.common] _write: FE FE 03 2B D3 10 
2026-03-23 16:33:28.098 DEBU [pymycobot.common] _read : FE FE 04 2B 01 CD A2
2026-03-23 16:33:28.122 DEBU [pymycobot.common] _write: FE FE 03 2B D3 10 
2026-03-23 16:33:28.129 DEBU [pymycobot.common] _read : FE FE 04 2B 01 CD A2
2026-03-23 16:33:28.153 DEBU [pymycobot.common] _write: FE FE 03 2B D3 10 
2026-03-23 16:33:28.163 DEBU [pymycobot.common] _read : FE FE 04 2B 01 CD A2
2026-03-23 16:33:28.184 DEBU [pymycobot.common] _write: FE FE 03 2B D3 10 
2026-03-23 16:33:28.190 DEBU [pymycobot.common] _read : FE FE 04 2B 01 CD A2
2026-03-23 16:33:28.214 DEBU [pymycobot.common] _write: FE FE 03 2B D3 10 
2026-03-23 16:33:28.220 DEBU [pymycobot.common] _read : FE FE 04 2B 01 CD A2
2026-03-23 16:33:28.244 DEBU [pymycobot.common] _write: FE FE 03 2B D3 10 
2026-03-23 16:33:28.250 DEBU [pymycobot.common] _read : FE FE 04 2B 01 CD A2
2026-03-23 16:33:28.274 DEBU [pymycobot.common] _write: FE FE 03 2B D3 10 
2026-03-23 16:33:28.281 DEBU [pymycobot.common] _read : FE FE 04 2B 01 CD A2
2026-03-23 16:33:28.304 DEBU [pymycobot.common] _write: FE FE 03 2B D3 10 
2026-03-23 16:33:28.311 DEBU [pymycobot.common] _read : FE FE 04 2B 01 CD A2
2026-03-23 16:33:28.334 DEBU [pymycobot.common] _write: FE FE 03 2B D3 10 
2026-03-23 16:33:28.342 DEBU [pymycobot.common] _read : FE FE 04 2B 01 CD A2
2026-03-23 16:33:28.364 DEBU [pymycobot.common] _write: FE FE 03 2B D3 10 
2026-03-23 16:33:28.372 DEBU [pymycobot.common] _read : FE FE 04 2B 01 CD A2
2026-03-23 16:33:28.394 DEBU [pymycobot.common] _write: FE FE 03 2B D3 10 
2026-03-23 16:33:28.401 DEBU [pymycobot.common] _read : FE FE 04 2B 01 CD A2
2026-03-23 16:33:28.424 DEBU [pymycobot.common] _write: FE FE 03 2B D3 10 
2026-03-23 16:33:28.432 DEBU [pymycobot.common] _read : FE FE 04 2B 01 CD A2
2026-03-23 16:33:28.455 DEBU [pymycobot.common] _write: FE FE 03 2B D3 10 
2026-03-23 16:33:28.461 DEBU [pymycobot.common] _read : FE FE 04 2B 01 CD A2
2026-03-23 16:33:28.486 DEBU [pymycobot.common] _write: FE FE 03 2B D3 10 
2026-03-23 16:33:28.493 DEBU [pymycobot.common] _read : FE FE 04 2B 01 CD A2
2026-03-23 16:33:28.516 DEBU [pymycobot.common] _write: FE FE 03 2B D3 10 
2026-03-23 16:33:28.524 DEBU [pymycobot.common] _read : FE FE 04 2B 01 CD A2
2026-03-23 16:33:28.546 DEBU [pymycobot.common] _write: FE FE 03 2B D3 10 
2026-03-23 16:33:28.554 DEBU [pymycobot.common] _read : FE FE 04 2B 01 CD A2
2026-03-23 16:33:28.576 DEBU [pymycobot.common] _write: FE FE 03 2B D3 10 
2026-03-23 16:33:28.585 DEBU [pymycobot.common] _read : FE FE 04 2B 01 CD A2
2026-03-23 16:33:28.606 DEBU [pymycobot.common] _write: FE FE 03 2B D3 10 
2026-03-23 16:33:28.613 DEBU [pymycobot.common] _read : FE FE 04 2B 01 CD A2
2026-03-23 16:33:28.636 DEBU [pymycobot.common] _write: FE FE 03 2B D3 10 
2026-03-23 16:33:28.644 DEBU [pymycobot.common] _read : FE FE 04 2B 01 CD A2
2026-03-23 16:33:28.666 DEBU [pymycobot.common] _write: FE FE 03 2B D3 10 
2026-03-23 16:33:28.674 DEBU [pymycobot.common] _read : FE FE 04 2B 01 CD A2
2026-03-23 16:33:28.696 DEBU [pymycobot.common] _write: FE FE 03 2B D3 10 
2026-03-23 16:33:28.704 DEBU [pymycobot.common] _read : FE FE 04 2B 01 CD A2
2026-03-23 16:33:28.726 DEBU [pymycobot.common] _write: FE FE 03 2B D3 10 
2026-03-23 16:33:28.735 DEBU [pymycobot.common] _read : FE FE 04 2B 01 CD A2
2026-03-23 16:33:28.756 DEBU [pymycobot.common] _write: FE FE 03 2B D3 10 
2026-03-23 16:33:28.763 DEBU [pymycobot.common] _read : FE FE 04 2B 01 CD A2
2026-03-23 16:33:28.787 DEBU [pymycobot.common] _write: FE FE 03 2B D3 10 
2026-03-23 16:33:28.794 DEBU [pymycobot.common] _read : FE FE 04 2B 01 CD A2
2026-03-23 16:33:28.816 DEBU [pymycobot.common] _write: FE FE 03 2B D3 10 
2026-03-23 16:33:28.824 DEBU [pymycobot.common] _read : FE FE 04 2B 01 CD A2
2026-03-23 16:33:28.847 DEBU [pymycobot.common] _write: FE FE 03 2B D3 10 
2026-03-23 16:33:28.854 DEBU [pymycobot.common] _read : FE FE 04 2B 01 CD A2
2026-03-23 16:33:28.877 DEBU [pymycobot.common] _write: FE FE 03 2B D3 10 
2026-03-23 16:33:28.885 DEBU [pymycobot.common] _read : FE FE 04 2B 01 CD A2
2026-03-23 16:33:28.907 DEBU [pymycobot.common] _write: FE FE 03 2B D3 10 
2026-03-23 16:33:28.915 DEBU [pymycobot.common] _read : FE FE 04 2B 01 CD A2
2026-03-23 16:33:28.937 DEBU [pymycobot.common] _write: FE FE 03 2B D3 10 
2026-03-23 16:33:28.945 DEBU [pymycobot.common] _read : FE FE 04 2B 01 CD A2
2026-03-23 16:33:28.967 DEBU [pymycobot.common] _write: FE FE 03 2B D3 10 
2026-03-23 16:33:28.975 DEBU [pymycobot.common] _read : FE FE 04 2B 01 CD A2
2026-03-23 16:33:28.997 DEBU [pymycobot.common] _write: FE FE 03 2B D3 10 
2026-03-23 16:33:29.004 DEBU [pymycobot.common] _read : FE FE 04 2B 01 CD A2
2026-03-23 16:33:29.027 DEBU [pymycobot.common] _write: FE FE 03 2B D3 10 
2026-03-23 16:33:29.036 DEBU [pymycobot.common] _read : FE FE 04 2B 01 CD A2
2026-03-23 16:33:29.057 DEBU [pymycobot.common] _write: FE FE 03 2B D3 10 
2026-03-23 16:33:29.064 DEBU [pymycobot.common] _read : FE FE 04 2B 01 CD A2
2026-03-23 16:33:29.087 DEBU [pymycobot.common] _write: FE FE 03 2B D3 10 
2026-03-23 16:33:29.094 DEBU [pymycobot.common] _read : FE FE 04 2B 01 CD A2
2026-03-23 16:33:29.117 DEBU [pymycobot.common] _write: FE FE 03 2B D3 10 
2026-03-23 16:33:29.125 DEBU [pymycobot.common] _read : FE FE 04 2B 01 CD A2
2026-03-23 16:33:29.147 DEBU [pymycobot.common] _write: FE FE 03 2B D3 10 
2026-03-23 16:33:29.155 DEBU [pymycobot.common] _read : FE FE 04 2B 01 CD A2
2026-03-23 16:33:29.177 DEBU [pymycobot.common] _write: FE FE 03 2B D3 10 
2026-03-23 16:33:29.185 DEBU [pymycobot.common] _read : FE FE 04 2B 01 CD A2
2026-03-23 16:33:29.207 DEBU [pymycobot.common] _write: FE FE 03 2B D3 10 
2026-03-23 16:33:29.215 DEBU [pymycobot.common] _read : FE FE 04 2B 01 CD A2
2026-03-23 16:33:29.237 DEBU [pymycobot.common] _write: FE FE 03 2B D3 10 
2026-03-23 16:33:29.244 DEBU [pymycobot.common] _read : FE FE 04 2B 01 CD A2
2026-03-23 16:33:29.267 DEBU [pymycobot.common] _write: FE FE 03 2B D3 10 
2026-03-23 16:33:29.275 DEBU [pymycobot.common] _read : FE FE 04 2B 01 CD A2
2026-03-23 16:33:29.297 DEBU [pymycobot.common] _write: FE FE 03 2B D3 10 
2026-03-23 16:33:29.304 DEBU [pymycobot.common] _read : FE FE 04 2B 01 CD A2
2026-03-23 16:33:29.327 DEBU [pymycobot.common] _write: FE FE 03 2B D3 10 
2026-03-23 16:33:29.334 DEBU [pymycobot.common] _read : FE FE 04 2B 01 CD A2
2026-03-23 16:33:29.357 DEBU [pymycobot.common] _write: FE FE 03 2B D3 10 
2026-03-23 16:33:29.365 DEBU [pymycobot.common] _read : FE FE 04 2B 01 CD A2
2026-03-23 16:33:29.387 DEBU [pymycobot.common] _write: FE FE 03 2B D3 10 
2026-03-23 16:33:29.395 DEBU [pymycobot.common] _read : FE FE 04 2B 01 CD A2
2026-03-23 16:33:29.418 DEBU [pymycobot.common] _write: FE FE 03 2B D3 10 
2026-03-23 16:33:29.425 DEBU [pymycobot.common] _read : FE FE 04 2B 01 CD A2
2026-03-23 16:33:29.448 DEBU [pymycobot.common] _write: FE FE 03 2B D3 10 
2026-03-23 16:33:29.456 DEBU [pymycobot.common] _read : FE FE 04 2B 01 CD A2
2026-03-23 16:33:29.479 DEBU [pymycobot.common] _write: FE FE 03 2B D3 10 
2026-03-23 16:33:29.486 DEBU [pymycobot.common] _read : FE FE 04 2B 01 CD A2
2026-03-23 16:33:29.510 DEBU [pymycobot.common] _write: FE FE 03 2B D3 10 
2026-03-23 16:33:29.518 DEBU [pymycobot.common] _read : FE FE 04 2B 01 CD A2
2026-03-23 16:33:29.540 DEBU [pymycobot.common] _write: FE FE 03 2B D3 10 
2026-03-23 16:33:29.548 DEBU [pymycobot.common] _read : FE FE 04 2B 01 CD A2
2026-03-23 16:33:29.570 DEBU [pymycobot.common] _write: FE FE 03 2B D3 10 
2026-03-23 16:33:29.578 DEBU [pymycobot.common] _read : FE FE 04 2B 01 CD A2
2026-03-23 16:33:29.600 DEBU [pymycobot.common] _write: FE FE 03 2B D3 10 
2026-03-23 16:33:29.609 DEBU [pymycobot.common] _read : FE FE 04 2B 01 CD A2
2026-03-23 16:33:29.630 DEBU [pymycobot.common] _write: FE FE 03 2B D3 10 
2026-03-23 16:33:29.638 DEBU [pymycobot.common] _read : FE FE 04 2B 01 CD A2
2026-03-23 16:33:29.660 DEBU [pymycobot.common] _write: FE FE 03 2B D3 10 
2026-03-23 16:33:29.668 DEBU [pymycobot.common] _read : FE FE 04 2B 01 CD A2
2026-03-23 16:33:29.690 DEBU [pymycobot.common] _write: FE FE 03 2B D3 10 
2026-03-23 16:33:29.697 DEBU [pymycobot.common] _read : FE FE 04 2B 01 CD A2
2026-03-23 16:33:29.720 DEBU [pymycobot.common] _write: FE FE 03 2B D3 10 
2026-03-23 16:33:29.729 DEBU [pymycobot.common] _read : FE FE 04 2B 01 CD A2
2026-03-23 16:33:29.750 DEBU [pymycobot.common] _write: FE FE 03 2B D3 10 
2026-03-23 16:33:29.758 DEBU [pymycobot.common] _read : FE FE 04 2B 01 CD A2
2026-03-23 16:33:29.780 DEBU [pymycobot.common] _write: FE FE 03 2B D3 10 
2026-03-23 16:33:29.787 DEBU [pymycobot.common] _read : FE FE 04 2B 01 CD A2
2026-03-23 16:33:29.810 DEBU [pymycobot.common] _write: FE FE 03 2B D3 10 
2026-03-23 16:33:29.817 DEBU [pymycobot.common] _read : FE FE 04 2B 01 CD A2
2026-03-23 16:33:29.841 DEBU [pymycobot.common] _write: FE FE 03 2B D3 10 
2026-03-23 16:33:29.848 DEBU [pymycobot.common] _read : FE FE 04 2B 01 CD A2
2026-03-23 16:33:29.871 DEBU [pymycobot.common] _write: FE FE 03 2B D3 10 
2026-03-23 16:33:29.878 DEBU [pymycobot.common] _read : FE FE 04 2B 01 CD A2
2026-03-23 16:33:29.901 DEBU [pymycobot.common] _write: FE FE 03 2B D3 10 
2026-03-23 16:33:29.909 DEBU [pymycobot.common] _read : FE FE 04 2B 01 CD A2
2026-03-23 16:33:29.931 DEBU [pymycobot.common] _write: FE FE 03 2B D3 10 
2026-03-23 16:33:29.939 DEBU [pymycobot.common] _read : FE FE 04 2B 01 CD A2
2026-03-23 16:33:29.961 DEBU [pymycobot.common] _write: FE FE 03 2B D3 10 
2026-03-23 16:33:29.969 DEBU [pymycobot.common] _read : FE FE 04 2B 01 CD A2
2026-03-23 16:33:29.991 DEBU [pymycobot.common] _write: FE FE 03 2B D3 10 
2026-03-23 16:33:29.998 DEBU [pymycobot.common] _read : FE FE 04 2B 01 CD A2
2026-03-23 16:33:30.021 DEBU [pymycobot.common] _write: FE FE 03 2B D3 10 
2026-03-23 16:33:30.028 DEBU [pymycobot.common] _read : FE FE 04 2B 01 CD A2
2026-03-23 16:33:30.051 DEBU [pymycobot.common] _write: FE FE 03 2B D3 10 
2026-03-23 16:33:30.057 DEBU [pymycobot.common] _read : FE FE 04 2B 01 CD A2
2026-03-23 16:33:30.081 DEBU [pymycobot.common] _write: FE FE 03 2B D3 10 
2026-03-23 16:33:30.089 DEBU [pymycobot.common] _read : FE FE 04 2B 01 CD A2
2026-03-23 16:33:30.111 DEBU [pymycobot.common] _write: FE FE 03 2B D3 10 
2026-03-23 16:33:30.118 DEBU [pymycobot.common] _read : FE FE 04 2B 01 CD A2
2026-03-23 16:33:30.141 DEBU [pymycobot.common] _write: FE FE 03 2B D3 10 
2026-03-23 16:33:30.148 DEBU [pymycobot.common] _read : FE FE 04 2B 01 CD A2
2026-03-23 16:33:30.171 DEBU [pymycobot.common] _write: FE FE 03 2B D3 10 
2026-03-23 16:33:30.177 DEBU [pymycobot.common] _read : FE FE 04 2B 01 CD A2
2026-03-23 16:33:30.201 DEBU [pymycobot.common] _write: FE FE 03 2B D3 10 
2026-03-23 16:33:30.209 DEBU [pymycobot.common] _read : FE FE 04 2B 01 CD A2
2026-03-23 16:33:30.232 DEBU [pymycobot.common] _write: FE FE 03 2B D3 10 
2026-03-23 16:33:30.238 DEBU [pymycobot.common] _read : FE FE 04 2B 01 CD A2
2026-03-23 16:33:30.261 DEBU [pymycobot.common] _write: FE FE 03 2B D3 10 
2026-03-23 16:33:30.268 DEBU [pymycobot.common] _read : FE FE 04 2B 01 CD A2
2026-03-23 16:33:30.291 DEBU [pymycobot.common] _write: FE FE 03 2B D3 10 
2026-03-23 16:33:30.299 DEBU [pymycobot.common] _read : FE FE 04 2B 01 CD A2
2026-03-23 16:33:30.321 DEBU [pymycobot.common] _write: FE FE 03 2B D3 10 
2026-03-23 16:33:30.328 DEBU [pymycobot.common] _read : FE FE 04 2B 01 CD A2
2026-03-23 16:33:30.351 DEBU [pymycobot.common] _write: FE FE 03 2B D3 10 
2026-03-23 16:33:30.359 DEBU [pymycobot.common] _read : FE FE 04 2B 01 CD A2
2026-03-23 16:33:30.381 DEBU [pymycobot.common] _write: FE FE 03 2B D3 10 
2026-03-23 16:33:30.389 DEBU [pymycobot.common] _read : FE FE 04 2B 01 CD A2
2026-03-23 16:33:30.412 DEBU [pymycobot.common] _write: FE FE 03 2B D3 10 
2026-03-23 16:33:30.419 DEBU [pymycobot.common] _read : FE FE 04 2B 01 CD A2
2026-03-23 16:33:30.442 DEBU [pymycobot.common] _write: FE FE 03 2B D3 10 
2026-03-23 16:33:30.450 DEBU [pymycobot.common] _read : FE FE 04 2B 01 CD A2
2026-03-23 16:33:30.473 DEBU [pymycobot.common] _write: FE FE 03 2B D3 10 
2026-03-23 16:33:30.480 DEBU [pymycobot.common] _read : FE FE 04 2B 01 CD A2
2026-03-23 16:33:30.503 DEBU [pymycobot.common] _write: FE FE 03 2B D3 10 
2026-03-23 16:33:30.509 DEBU [pymycobot.common] _read : FE FE 04 2B 01 CD A2
2026-03-23 16:33:30.533 DEBU [pymycobot.common] _write: FE FE 03 2B D3 10 
2026-03-23 16:33:30.540 DEBU [pymycobot.common] _read : FE FE 04 2B 01 CD A2
2026-03-23 16:33:30.563 DEBU [pymycobot.common] _write: FE FE 03 2B D3 10 
2026-03-23 16:33:30.570 DEBU [pymycobot.common] _read : FE FE 04 2B 01 CD A2
2026-03-23 16:33:30.593 DEBU [pymycobot.common] _write: FE FE 03 2B D3 10 
2026-03-23 16:33:30.601 DEBU [pymycobot.common] _read : FE FE 04 2B 01 CD A2
2026-03-23 16:33:30.623 DEBU [pymycobot.common] _write: FE FE 03 2B D3 10 
2026-03-23 16:33:30.630 DEBU [pymycobot.common] _read : FE FE 04 2B 01 CD A2
2026-03-23 16:33:30.653 DEBU [pymycobot.common] _write: FE FE 03 2B D3 10 
2026-03-23 16:33:30.660 DEBU [pymycobot.common] _read : FE FE 04 2B 01 CD A2
2026-03-23 16:33:30.683 DEBU [pymycobot.common] _write: FE FE 03 2B D3 10 
2026-03-23 16:33:30.690 DEBU [pymycobot.common] _read : FE FE 04 2B 01 CD A2
2026-03-23 16:33:30.713 DEBU [pymycobot.common] _write: FE FE 03 2B D3 10 
2026-03-23 16:33:30.720 DEBU [pymycobot.common] _read : FE FE 04 2B 01 CD A2
2026-03-23 16:33:30.743 DEBU [pymycobot.common] _write: FE FE 03 2B D3 10 
2026-03-23 16:33:30.751 DEBU [pymycobot.common] _read : FE FE 04 2B 01 CD A2
2026-03-23 16:33:30.773 DEBU [pymycobot.common] _write: FE FE 03 2B D3 10 
2026-03-23 16:33:30.780 DEBU [pymycobot.common] _read : FE FE 04 2B 01 CD A2
2026-03-23 16:33:30.803 DEBU [pymycobot.common] _write: FE FE 03 2B D3 10 
2026-03-23 16:33:30.810 DEBU [pymycobot.common] _read : FE FE 04 2B 01 CD A2
2026-03-23 16:33:30.833 DEBU [pymycobot.common] _write: FE FE 03 2B D3 10 
2026-03-23 16:33:30.840 DEBU [pymycobot.common] _read : FE FE 04 2B 01 CD A2
2026-03-23 16:33:30.864 DEBU [pymycobot.common] _write: FE FE 03 2B D3 10 
2026-03-23 16:33:30.871 DEBU [pymycobot.common] _read : FE FE 04 2B 01 CD A2
2026-03-23 16:33:30.894 DEBU [pymycobot.common] _write: FE FE 03 2B D3 10 
2026-03-23 16:33:30.901 DEBU [pymycobot.common] _read : FE FE 04 2B 01 CD A2
2026-03-23 16:33:30.924 DEBU [pymycobot.common] _write: FE FE 03 2B D3 10 
2026-03-23 16:33:30.932 DEBU [pymycobot.common] _read : FE FE 04 2B 01 CD A2
2026-03-23 16:33:30.954 DEBU [pymycobot.common] _write: FE FE 03 2B D3 10 
2026-03-23 16:33:30.961 DEBU [pymycobot.common] _read : FE FE 04 2B 01 CD A2
2026-03-23 16:33:30.984 DEBU [pymycobot.common] _write: FE FE 03 2B D3 10 
2026-03-23 16:33:30.992 DEBU [pymycobot.common] _read : FE FE 04 2B 01 CD A2
2026-03-23 16:33:31.014 DEBU [pymycobot.common] _write: FE FE 03 2B D3 10 
2026-03-23 16:33:31.022 DEBU [pymycobot.common] _read : FE FE 04 2B 01 CD A2
2026-03-23 16:33:31.045 DEBU [pymycobot.common] _write: FE FE 03 2B D3 10 
2026-03-23 16:33:31.052 DEBU [pymycobot.common] _read : FE FE 04 2B 01 CD A2
2026-03-23 16:33:31.075 DEBU [pymycobot.common] _write: FE FE 03 2B D3 10 
2026-03-23 16:33:31.083 DEBU [pymycobot.common] _read : FE FE 04 2B 01 CD A2
2026-03-23 16:33:31.105 DEBU [pymycobot.common] _write: FE FE 03 2B D3 10 
2026-03-23 16:33:31.114 DEBU [pymycobot.common] _read : FE FE 04 2B 01 CD A2
2026-03-23 16:33:31.135 DEBU [pymycobot.common] _write: FE FE 03 2B D3 10 
2026-03-23 16:33:31.144 DEBU [pymycobot.common] _read : FE FE 04 2B 01 CD A2
2026-03-23 16:33:31.166 DEBU [pymycobot.common] _write: FE FE 03 2B D3 10 
2026-03-23 16:33:31.173 DEBU [pymycobot.common] _read : FE FE 04 2B 01 CD A2
2026-03-23 16:33:31.196 DEBU [pymycobot.common] _write: FE FE 03 2B D3 10 
2026-03-23 16:33:31.203 DEBU [pymycobot.common] _read : FE FE 04 2B 01 CD A2
2026-03-23 16:33:31.226 DEBU [pymycobot.common] _write: FE FE 03 2B D3 10 
2026-03-23 16:33:31.234 DEBU [pymycobot.common] _read : FE FE 04 2B 01 CD A2
2026-03-23 16:33:31.256 DEBU [pymycobot.common] _write: FE FE 03 2B D3 10 
2026-03-23 16:33:31.263 DEBU [pymycobot.common] _read : FE FE 04 2B 01 CD A2
2026-03-23 16:33:31.286 DEBU [pymycobot.common] _write: FE FE 03 2B D3 10 
2026-03-23 16:33:31.294 DEBU [pymycobot.common] _read : FE FE 04 2B 01 CD A2
2026-03-23 16:33:31.317 DEBU [pymycobot.common] _write: FE FE 03 2B D3 10 
2026-03-23 16:33:31.325 DEBU [pymycobot.common] _read : FE FE 04 2B 01 CD A2
2026-03-23 16:33:31.347 DEBU [pymycobot.common] _write: FE FE 03 2B D3 10 
2026-03-23 16:33:31.355 DEBU [pymycobot.common] _read : FE FE 04 2B 01 CD A2
2026-03-23 16:33:31.377 DEBU [pymycobot.common] _write: FE FE 03 2B D3 10 
2026-03-23 16:33:31.385 DEBU [pymycobot.common] _read : FE FE 04 2B 01 CD A2
2026-03-23 16:33:31.407 DEBU [pymycobot.common] _write: FE FE 03 2B D3 10 
2026-03-23 16:33:31.414 DEBU [pymycobot.common] _read : FE FE 04 2B 01 CD A2
2026-03-23 16:33:31.438 DEBU [pymycobot.common] _write: FE FE 03 2B D3 10 
2026-03-23 16:33:31.446 DEBU [pymycobot.common] _read : FE FE 04 2B 01 CD A2
2026-03-23 16:33:31.469 DEBU [pymycobot.common] _write: FE FE 03 2B D3 10 
2026-03-23 16:33:31.477 DEBU [pymycobot.common] _read : FE FE 04 2B 01 CD A2
2026-03-23 16:33:31.499 DEBU [pymycobot.common] _write: FE FE 03 2B D3 10 
2026-03-23 16:33:31.507 DEBU [pymycobot.common] _read : FE FE 04 2B 01 CD A2
2026-03-23 16:33:31.530 DEBU [pymycobot.common] _write: FE FE 03 2B D3 10 
2026-03-23 16:33:31.537 DEBU [pymycobot.common] _read : FE FE 04 2B 01 CD A2
2026-03-23 16:33:31.560 DEBU [pymycobot.common] _write: FE FE 03 2B D3 10 
2026-03-23 16:33:31.568 DEBU [pymycobot.common] _read : FE FE 04 2B 01 CD A2
2026-03-23 16:33:31.590 DEBU [pymycobot.common] _write: FE FE 03 2B D3 10 
2026-03-23 16:33:31.597 DEBU [pymycobot.common] _read : FE FE 04 2B 01 CD A2
2026-03-23 16:33:31.620 DEBU [pymycobot.common] _write: FE FE 03 2B D3 10 
2026-03-23 16:33:31.627 DEBU [pymycobot.common] _read : FE FE 04 2B 01 CD A2
2026-03-23 16:33:31.650 DEBU [pymycobot.common] _write: FE FE 03 2B D3 10 
2026-03-23 16:33:31.657 DEBU [pymycobot.common] _read : FE FE 04 2B 01 CD A2
2026-03-23 16:33:31.680 DEBU [pymycobot.common] _write: FE FE 03 2B D3 10 
2026-03-23 16:33:31.687 DEBU [pymycobot.common] _read : FE FE 04 2B 01 CD A2
2026-03-23 16:33:31.710 DEBU [pymycobot.common] _write: FE FE 03 2B D3 10 
2026-03-23 16:33:31.717 DEBU [pymycobot.common] _read : FE FE 04 2B 01 CD A2
2026-03-23 16:33:31.740 DEBU [pymycobot.common] _write: FE FE 03 2B D3 10 
2026-03-23 16:33:31.748 DEBU [pymycobot.common] _read : FE FE 04 2B 01 CD A2
2026-03-23 16:33:31.770 DEBU [pymycobot.common] _write: FE FE 03 2B D3 10 
2026-03-23 16:33:31.780 DEBU [pymycobot.common] _read : FE FE 04 2B 01 CD A2
2026-03-23 16:33:31.801 DEBU [pymycobot.common] _write: FE FE 03 2B D3 10 
2026-03-23 16:33:31.808 DEBU [pymycobot.common] _read : FE FE 04 2B 01 CD A2
2026-03-23 16:33:31.831 DEBU [pymycobot.common] _write: FE FE 03 2B D3 10 
2026-03-23 16:33:31.839 DEBU [pymycobot.common] _read : FE FE 04 2B 01 CD A2
2026-03-23 16:33:31.862 DEBU [pymycobot.common] _write: FE FE 03 2B D3 10 
2026-03-23 16:33:31.870 DEBU [pymycobot.common] _read : FE FE 04 2B 01 CD A2
2026-03-23 16:33:31.892 DEBU [pymycobot.common] _write: FE FE 03 2B D3 10 
2026-03-23 16:33:31.899 DEBU [pymycobot.common] _read : FE FE 04 2B 01 CD A2
2026-03-23 16:33:31.922 DEBU [pymycobot.common] _write: FE FE 03 2B D3 10 
2026-03-23 16:33:31.930 DEBU [pymycobot.common] _read : FE FE 04 2B 01 CD A2
2026-03-23 16:33:31.952 DEBU [pymycobot.common] _write: FE FE 03 2B D3 10 
2026-03-23 16:33:31.959 DEBU [pymycobot.common] _read : FE FE 04 2B 01 CD A2
2026-03-23 16:33:31.982 DEBU [pymycobot.common] _write: FE FE 03 2B D3 10 
2026-03-23 16:33:31.989 DEBU [pymycobot.common] _read : FE FE 04 2B 01 CD A2
2026-03-23 16:33:32.012 DEBU [pymycobot.common] _write: FE FE 03 2B D3 10 
2026-03-23 16:33:32.020 DEBU [pymycobot.common] _read : FE FE 04 2B 01 CD A2
2026-03-23 16:33:32.043 DEBU [pymycobot.common] _write: FE FE 03 2B D3 10 
2026-03-23 16:33:32.052 DEBU [pymycobot.common] _read : FE FE 04 2B 01 CD A2
2026-03-23 16:33:32.073 DEBU [pymycobot.common] _write: FE FE 03 2B D3 10 
2026-03-23 16:33:32.081 DEBU [pymycobot.common] _read : FE FE 04 2B 01 CD A2
2026-03-23 16:33:32.104 DEBU [pymycobot.common] _write: FE FE 03 2B D3 10 
2026-03-23 16:33:32.111 DEBU [pymycobot.common] _read : FE FE 04 2B 01 CD A2
2026-03-23 16:33:32.134 DEBU [pymycobot.common] _write: FE FE 03 2B D3 10 
2026-03-23 16:33:32.142 DEBU [pymycobot.common] _read : FE FE 04 2B 01 CD A2
2026-03-23 16:33:32.164 DEBU [pymycobot.common] _write: FE FE 03 2B D3 10 
2026-03-23 16:33:32.171 DEBU [pymycobot.common] _read : FE FE 04 2B 01 CD A2
2026-03-23 16:33:32.194 DEBU [pymycobot.common] _write: FE FE 03 2B D3 10 
2026-03-23 16:33:32.201 DEBU [pymycobot.common] _read : FE FE 04 2B 01 CD A2
2026-03-23 16:33:32.224 DEBU [pymycobot.common] _write: FE FE 03 2B D3 10 
2026-03-23 16:33:32.231 DEBU [pymycobot.common] _read : FE FE 04 2B 01 CD A2
2026-03-23 16:33:32.254 DEBU [pymycobot.common] _write: FE FE 03 2B D3 10 
2026-03-23 16:33:32.261 DEBU [pymycobot.common] _read : FE FE 04 2B 01 CD A2
2026-03-23 16:33:32.284 DEBU [pymycobot.common] _write: FE FE 03 2B D3 10 
2026-03-23 16:33:32.292 DEBU [pymycobot.common] _read : FE FE 04 2B 01 CD A2
2026-03-23 16:33:32.314 DEBU [pymycobot.common] _write: FE FE 03 2B D3 10 
2026-03-23 16:33:32.321 DEBU [pymycobot.common] _read : FE FE 04 2B 01 CD A2
2026-03-23 16:33:32.344 DEBU [pymycobot.common] _write: FE FE 03 2B D3 10 
2026-03-23 16:33:32.351 DEBU [pymycobot.common] _read : FE FE 04 2B 01 CD A2
2026-03-23 16:33:32.374 DEBU [pymycobot.common] _write: FE FE 03 2B D3 10 
2026-03-23 16:33:32.382 DEBU [pymycobot.common] _read : FE FE 04 2B 01 CD A2
2026-03-23 16:33:32.404 DEBU [pymycobot.common] _write: FE FE 03 2B D3 10 
2026-03-23 16:33:32.411 DEBU [pymycobot.common] _read : FE FE 04 2B 01 CD A2
2026-03-23 16:33:32.434 DEBU [pymycobot.common] _write: FE FE 03 2B D3 10 
2026-03-23 16:33:32.442 DEBU [pymycobot.common] _read : FE FE 04 2B 01 CD A2
2026-03-23 16:33:32.465 DEBU [pymycobot.common] _write: FE FE 03 2B D3 10 
2026-03-23 16:33:32.472 DEBU [pymycobot.common] _read : FE FE 04 2B 01 CD A2
2026-03-23 16:33:32.495 DEBU [pymycobot.common] _write: FE FE 03 2B D3 10 
2026-03-23 16:33:32.503 DEBU [pymycobot.common] _read : FE FE 04 2B 01 CD A2
2026-03-23 16:33:32.527 DEBU [pymycobot.common] _write: FE FE 03 2B D3 10 
2026-03-23 16:33:32.533 DEBU [pymycobot.common] _read : FE FE 04 2B 01 CD A2
2026-03-23 16:33:32.557 DEBU [pymycobot.common] _write: FE FE 03 2B D3 10 
2026-03-23 16:33:32.565 DEBU [pymycobot.common] _read : FE FE 04 2B 01 CD A2
2026-03-23 16:33:32.587 DEBU [pymycobot.common] _write: FE FE 03 2B D3 10 
2026-03-23 16:33:32.593 DEBU [pymycobot.common] _read : FE FE 04 2B 01 CD A2
2026-03-23 16:33:32.617 DEBU [pymycobot.common] _write: FE FE 03 2B D3 10 
2026-03-23 16:33:32.625 DEBU [pymycobot.common] _read : FE FE 04 2B 01 CD A2
2026-03-23 16:33:32.647 DEBU [pymycobot.common] _write: FE FE 03 2B D3 10 
2026-03-23 16:33:32.654 DEBU [pymycobot.common] _read : FE FE 04 2B 01 CD A2
2026-03-23 16:33:32.678 DEBU [pymycobot.common] _write: FE FE 03 2B D3 10 
2026-03-23 16:33:32.685 DEBU [pymycobot.common] _read : FE FE 04 2B 01 CD A2
2026-03-23 16:33:32.708 DEBU [pymycobot.common] _write: FE FE 03 2B D3 10 
2026-03-23 16:33:32.716 DEBU [pymycobot.common] _read : FE FE 04 2B 01 CD A2
2026-03-23 16:33:32.738 DEBU [pymycobot.common] _write: FE FE 03 2B D3 10 
2026-03-23 16:33:32.746 DEBU [pymycobot.common] _read : FE FE 04 2B 01 CD A2
2026-03-23 16:33:32.768 DEBU [pymycobot.common] _write: FE FE 03 2B D3 10 
2026-03-23 16:33:32.776 DEBU [pymycobot.common] _read : FE FE 04 2B 01 CD A2
2026-03-23 16:33:32.798 DEBU [pymycobot.common] _write: FE FE 03 2B D3 10 
2026-03-23 16:33:32.806 DEBU [pymycobot.common] _read : FE FE 04 2B 01 CD A2
2026-03-23 16:33:32.828 DEBU [pymycobot.common] _write: FE FE 03 2B D3 10 
2026-03-23 16:33:32.837 DEBU [pymycobot.common] _read : FE FE 04 2B 01 CD A2
2026-03-23 16:33:32.858 DEBU [pymycobot.common] _write: FE FE 03 2B D3 10 
2026-03-23 16:33:32.865 DEBU [pymycobot.common] _read : FE FE 04 2B 01 CD A2
2026-03-23 16:33:32.888 DEBU [pymycobot.common] _write: FE FE 03 2B D3 10 
2026-03-23 16:33:32.896 DEBU [pymycobot.common] _read : FE FE 04 2B 01 CD A2
2026-03-23 16:33:32.918 DEBU [pymycobot.common] _write: FE FE 03 2B D3 10 
2026-03-23 16:33:32.926 DEBU [pymycobot.common] _read : FE FE 04 2B 01 CD A2
2026-03-23 16:33:32.948 DEBU [pymycobot.common] _write: FE FE 03 2B D3 10 
2026-03-23 16:33:32.956 DEBU [pymycobot.common] _read : FE FE 04 2B 01 CD A2
2026-03-23 16:33:32.978 DEBU [pymycobot.common] _write: FE FE 03 2B D3 10 
2026-03-23 16:33:32.987 DEBU [pymycobot.common] _read : FE FE 04 2B 01 CD A2
2026-03-23 16:33:33.008 DEBU [pymycobot.common] _write: FE FE 03 2B D3 10 
2026-03-23 16:33:33.014 DEBU [pymycobot.common] _read : FE FE 04 2B 01 CD A2
2026-03-23 16:33:33.038 DEBU [pymycobot.common] _write: FE FE 03 2B D3 10 
2026-03-23 16:33:33.045 DEBU [pymycobot.common] _read : FE FE 04 2B 01 CD A2
2026-03-23 16:33:33.069 DEBU [pymycobot.common] _write: FE FE 03 2B D3 10 
2026-03-23 16:33:33.076 DEBU [pymycobot.common] _read : FE FE 04 2B 01 CD A2
2026-03-23 16:33:33.099 DEBU [pymycobot.common] _write: FE FE 03 2B D3 10 
2026-03-23 16:33:33.106 DEBU [pymycobot.common] _read : FE FE 04 2B 01 CD A2
2026-03-23 16:33:33.130 DEBU [pymycobot.common] _write: FE FE 03 2B D3 10 
2026-03-23 16:33:33.137 DEBU [pymycobot.common] _read : FE FE 04 2B 01 CD A2
2026-03-23 16:33:33.159 DEBU [pymycobot.common] _write: FE FE 03 2B D3 10 
2026-03-23 16:33:33.166 DEBU [pymycobot.common] _read : FE FE 04 2B 01 CD A2
2026-03-23 16:33:33.189 DEBU [pymycobot.common] _write: FE FE 03 2B D3 10 
2026-03-23 16:33:33.197 DEBU [pymycobot.common] _read : FE FE 04 2B 01 CD A2
2026-03-23 16:33:33.219 DEBU [pymycobot.common] _write: FE FE 03 2B D3 10 
2026-03-23 16:33:33.226 DEBU [pymycobot.common] _read : FE FE 04 2B 01 CD A2
2026-03-23 16:33:33.249 DEBU [pymycobot.common] _write: FE FE 03 2B D3 10 
2026-03-23 16:33:33.255 DEBU [pymycobot.common] _read : FE FE 04 2B 01 CD A2
2026-03-23 16:33:33.279 DEBU [pymycobot.common] _write: FE FE 03 2B D3 10 
2026-03-23 16:33:33.285 DEBU [pymycobot.common] _read : FE FE 04 2B 01 CD A2
2026-03-23 16:33:33.309 DEBU [pymycobot.common] _write: FE FE 03 2B D3 10 
2026-03-23 16:33:33.316 DEBU [pymycobot.common] _read : FE FE 04 2B 01 CD A2
2026-03-23 16:33:33.339 DEBU [pymycobot.common] _write: FE FE 03 2B D3 10 
2026-03-23 16:33:33.345 DEBU [pymycobot.common] _read : FE FE 04 2B 01 CD A2
2026-03-23 16:33:33.369 DEBU [pymycobot.common] _write: FE FE 03 2B D3 10 
2026-03-23 16:33:33.375 DEBU [pymycobot.common] _read : FE FE 04 2B 01 CD A2
2026-03-23 16:33:33.399 DEBU [pymycobot.common] _write: FE FE 03 2B D3 10 
2026-03-23 16:33:33.406 DEBU [pymycobot.common] _read : FE FE 04 2B 01 CD A2
2026-03-23 16:33:33.429 DEBU [pymycobot.common] _write: FE FE 03 2B D3 10 
2026-03-23 16:33:33.436 DEBU [pymycobot.common] _read : FE FE 04 2B 01 CD A2
2026-03-23 16:33:33.459 DEBU [pymycobot.common] _write: FE FE 03 2B D3 10 
2026-03-23 16:33:33.466 DEBU [pymycobot.common] _read : FE FE 04 2B 01 CD A2
2026-03-23 16:33:33.490 DEBU [pymycobot.common] _write: FE FE 03 2B D3 10 
2026-03-23 16:33:33.495 DEBU [pymycobot.common] _read : FE FE 04 2B 01 CD A2
2026-03-23 16:33:33.520 DEBU [pymycobot.common] _write: FE FE 03 2B D3 10 
2026-03-23 16:33:33.526 DEBU [pymycobot.common] _read : FE FE 04 2B 01 CD A2
2026-03-23 16:33:33.551 DEBU [pymycobot.common] _write: FE FE 03 2B D3 10 
2026-03-23 16:33:33.557 DEBU [pymycobot.common] _read : FE FE 04 2B 01 CD A2
2026-03-23 16:33:33.581 DEBU [pymycobot.common] _write: FE FE 03 2B D3 10 
2026-03-23 16:33:33.587 DEBU [pymycobot.common] _read : FE FE 04 2B 01 CD A2
2026-03-23 16:33:33.611 DEBU [pymycobot.common] _write: FE FE 03 2B D3 10 
2026-03-23 16:33:33.617 DEBU [pymycobot.common] _read : FE FE 04 2B 01 CD A2
2026-03-23 16:33:33.641 DEBU [pymycobot.common] _write: FE FE 03 2B D3 10 
2026-03-23 16:33:33.647 DEBU [pymycobot.common] _read : FE FE 04 2B 01 CD A2
2026-03-23 16:33:33.671 DEBU [pymycobot.common] _write: FE FE 03 2B D3 10 
2026-03-23 16:33:33.678 DEBU [pymycobot.common] _read : FE FE 04 2B 01 CD A2
2026-03-23 16:33:33.701 DEBU [pymycobot.common] _write: FE FE 03 2B D3 10 
2026-03-23 16:33:33.707 DEBU [pymycobot.common] _read : FE FE 04 2B 01 CD A2
2026-03-23 16:33:33.732 DEBU [pymycobot.common] _write: FE FE 03 2B D3 10 
2026-03-23 16:33:33.737 DEBU [pymycobot.common] _read : FE FE 04 2B 01 CD A2
2026-03-23 16:33:33.762 DEBU [pymycobot.common] _write: FE FE 03 2B D3 10 
2026-03-23 16:33:33.769 DEBU [pymycobot.common] _read : FE FE 04 2B 01 CD A2
2026-03-23 16:33:33.792 DEBU [pymycobot.common] _write: FE FE 03 2B D3 10 
2026-03-23 16:33:33.797 DEBU [pymycobot.common] _read : FE FE 04 2B 01 CD A2
2026-03-23 16:33:33.822 DEBU [pymycobot.common] _write: FE FE 03 2B D3 10 
2026-03-23 16:33:33.830 DEBU [pymycobot.common] _read : FE FE 04 2B 01 CD A2
2026-03-23 16:33:33.852 DEBU [pymycobot.common] _write: FE FE 03 2B D3 10 
2026-03-23 16:33:33.859 DEBU [pymycobot.common] _read : FE FE 04 2B 01 CD A2
2026-03-23 16:33:33.882 DEBU [pymycobot.common] _write: FE FE 03 2B D3 10 
2026-03-23 16:33:33.889 DEBU [pymycobot.common] _read : FE FE 04 2B 01 CD A2
2026-03-23 16:33:33.912 DEBU [pymycobot.common] _write: FE FE 03 2B D3 10 
2026-03-23 16:33:33.917 DEBU [pymycobot.common] _read : FE FE 04 2B 01 CD A2
2026-03-23 16:33:33.943 DEBU [pymycobot.common] _write: FE FE 03 2B D3 10 
2026-03-23 16:33:33.948 DEBU [pymycobot.common] _read : FE FE 04 2B 01 CD A2
2026-03-23 16:33:33.973 DEBU [pymycobot.common] _write: FE FE 03 2B D3 10 
2026-03-23 16:33:33.978 DEBU [pymycobot.common] _read : FE FE 04 2B 01 CD A2
2026-03-23 16:33:34.003 DEBU [pymycobot.common] _write: FE FE 03 2B D3 10 
2026-03-23 16:33:34.009 DEBU [pymycobot.common] _read : FE FE 04 2B 01 CD A2
2026-03-23 16:33:34.033 DEBU [pymycobot.common] _write: FE FE 03 2B D3 10 
2026-03-23 16:33:34.039 DEBU [pymycobot.common] _read : FE FE 04 2B 01 CD A2
2026-03-23 16:33:34.063 DEBU [pymycobot.common] _write: FE FE 03 2B D3 10 
2026-03-23 16:33:34.070 DEBU [pymycobot.common] _read : FE FE 04 2B 01 CD A2
2026-03-23 16:33:34.093 DEBU [pymycobot.common] _write: FE FE 03 2B D3 10 
2026-03-23 16:33:34.098 DEBU [pymycobot.common] _read : FE FE 04 2B 01 CD A2
2026-03-23 16:33:34.123 DEBU [pymycobot.common] _write: FE FE 03 2B D3 10 
2026-03-23 16:33:34.129 DEBU [pymycobot.common] _read : FE FE 04 2B 01 CD A2
2026-03-23 16:33:34.153 DEBU [pymycobot.common] _write: FE FE 03 2B D3 10 
2026-03-23 16:33:34.158 DEBU [pymycobot.common] _read : FE FE 04 2B 01 CD A2
2026-03-23 16:33:34.183 DEBU [pymycobot.common] _write: FE FE 03 2B D3 10 
2026-03-23 16:33:34.189 DEBU [pymycobot.common] _read : FE FE 04 2B 01 CD A2
2026-03-23 16:33:34.213 DEBU [pymycobot.common] _write: FE FE 03 2B D3 10 
2026-03-23 16:33:34.220 DEBU [pymycobot.common] _read : FE FE 04 2B 01 CD A2
2026-03-23 16:33:34.243 DEBU [pymycobot.common] _write: FE FE 03 2B D3 10 
2026-03-23 16:33:34.250 DEBU [pymycobot.common] _read : FE FE 04 2B 01 CD A2
2026-03-23 16:33:34.273 DEBU [pymycobot.common] _write: FE FE 03 2B D3 10 
2026-03-23 16:33:34.279 DEBU [pymycobot.common] _read : FE FE 04 2B 01 CD A2
2026-03-23 16:33:34.303 DEBU [pymycobot.common] _write: FE FE 03 2B D3 10 
2026-03-23 16:33:34.309 DEBU [pymycobot.common] _read : FE FE 04 2B 01 CD A2
2026-03-23 16:33:34.333 DEBU [pymycobot.common] _write: FE FE 03 2B D3 10 
2026-03-23 16:33:34.339 DEBU [pymycobot.common] _read : FE FE 04 2B 01 CD A2
2026-03-23 16:33:34.363 DEBU [pymycobot.common] _write: FE FE 03 2B D3 10 
2026-03-23 16:33:34.370 DEBU [pymycobot.common] _read : FE FE 04 2B 01 CD A2
2026-03-23 16:33:34.393 DEBU [pymycobot.common] _write: FE FE 03 2B D3 10 
2026-03-23 16:33:34.399 DEBU [pymycobot.common] _read : FE FE 04 2B 01 CD A2
2026-03-23 16:33:34.423 DEBU [pymycobot.common] _write: FE FE 03 2B D3 10 
2026-03-23 16:33:34.429 DEBU [pymycobot.common] _read : FE FE 04 2B 01 CD A2
2026-03-23 16:33:34.453 DEBU [pymycobot.common] _write: FE FE 03 2B D3 10 
2026-03-23 16:33:34.460 DEBU [pymycobot.common] _read : FE FE 04 2B 01 CD A2
2026-03-23 16:33:34.484 DEBU [pymycobot.common] _write: FE FE 03 2B D3 10 
2026-03-23 16:33:34.489 DEBU [pymycobot.common] _read : FE FE 04 2B 01 CD A2
2026-03-23 16:33:34.514 DEBU [pymycobot.common] _write: FE FE 03 2B D3 10 
2026-03-23 16:33:34.521 DEBU [pymycobot.common] _read : FE FE 04 2B 01 CD A2
2026-03-23 16:33:34.545 DEBU [pymycobot.common] _write: FE FE 03 2B D3 10 
2026-03-23 16:33:34.553 DEBU [pymycobot.common] _read : FE FE 04 2B 01 CD A2
2026-03-23 16:33:34.576 DEBU [pymycobot.common] _write: FE FE 03 2B D3 10 
2026-03-23 16:33:34.582 DEBU [pymycobot.common] _read : FE FE 04 2B 01 CD A2
2026-03-23 16:33:34.606 DEBU [pymycobot.common] _write: FE FE 03 2B D3 10 
2026-03-23 16:33:34.613 DEBU [pymycobot.common] _read : FE FE 04 2B 01 CD A2
2026-03-23 16:33:34.636 DEBU [pymycobot.common] _write: FE FE 03 2B D3 10 
2026-03-23 16:33:34.642 DEBU [pymycobot.common] _read : FE FE 04 2B 01 CD A2
2026-03-23 16:33:34.666 DEBU [pymycobot.common] _write: FE FE 03 2B D3 10 
2026-03-23 16:33:34.677 DEBU [pymycobot.common] _read : FE FE 04 2B 01 CD A2
2026-03-23 16:33:34.696 DEBU [pymycobot.common] _write: FE FE 03 2B D3 10 
2026-03-23 16:33:34.703 DEBU [pymycobot.common] _read : FE FE 04 2B 01 CD A2
2026-03-23 16:33:34.726 DEBU [pymycobot.common] _write: FE FE 03 2B D3 10 
2026-03-23 16:33:34.734 DEBU [pymycobot.common] _read : FE FE 04 2B 01 CD A2
2026-03-23 16:33:34.757 DEBU [pymycobot.common] _write: FE FE 03 2B D3 10 
2026-03-23 16:33:34.764 DEBU [pymycobot.common] _read : FE FE 04 2B 01 CD A2
2026-03-23 16:33:34.787 DEBU [pymycobot.common] _write: FE FE 03 2B D3 10 
2026-03-23 16:33:34.793 DEBU [pymycobot.common] _read : FE FE 04 2B 01 CD A2
2026-03-23 16:33:34.817 DEBU [pymycobot.common] _write: FE FE 03 2B D3 10 
2026-03-23 16:33:34.823 DEBU [pymycobot.common] _read : FE FE 04 2B 01 CD A2
2026-03-23 16:33:34.847 DEBU [pymycobot.common] _write: FE FE 03 2B D3 10 
2026-03-23 16:33:34.854 DEBU [pymycobot.common] _read : FE FE 04 2B 01 CD A2
2026-03-23 16:33:34.877 DEBU [pymycobot.common] _write: FE FE 03 2B D3 10 
2026-03-23 16:33:34.882 DEBU [pymycobot.common] _read : FE FE 04 2B 01 CD A2
2026-03-23 16:33:34.907 DEBU [pymycobot.common] _write: FE FE 03 2B D3 10 
2026-03-23 16:33:34.913 DEBU [pymycobot.common] _read : FE FE 04 2B 01 CD A2
2026-03-23 16:33:34.937 DEBU [pymycobot.common] _write: FE FE 03 2B D3 10 
2026-03-23 16:33:34.943 DEBU [pymycobot.common] _read : FE FE 04 2B 01 CD A2
2026-03-23 16:33:34.967 DEBU [pymycobot.common] _write: FE FE 03 2B D3 10 
2026-03-23 16:33:34.979 DEBU [pymycobot.common] _read : FE FE 04 2B 01 CD A2
2026-03-23 16:33:34.997 DEBU [pymycobot.common] _write: FE FE 03 2B D3 10 
2026-03-23 16:33:35.003 DEBU [pymycobot.common] _read : FE FE 04 2B 01 CD A2
2026-03-23 16:33:35.027 DEBU [pymycobot.common] _write: FE FE 03 2B D3 10 
2026-03-23 16:33:35.033 DEBU [pymycobot.common] _read : FE FE 04 2B 01 CD A2
2026-03-23 16:33:35.057 DEBU [pymycobot.common] _write: FE FE 03 2B D3 10 
2026-03-23 16:33:35.064 DEBU [pymycobot.common] _read : FE FE 04 2B 01 CD A2
2026-03-23 16:33:35.088 DEBU [pymycobot.common] _write: FE FE 03 2B D3 10 
2026-03-23 16:33:35.096 DEBU [pymycobot.common] _read : FE FE 04 2B 01 CD A2
2026-03-23 16:33:35.118 DEBU [pymycobot.common] _write: FE FE 03 2B D3 10 
2026-03-23 16:33:35.124 DEBU [pymycobot.common] _read : FE FE 04 2B 01 CD A2
2026-03-23 16:33:35.148 DEBU [pymycobot.common] _write: FE FE 03 2B D3 10 
2026-03-23 16:33:35.153 DEBU [pymycobot.common] _read : FE FE 04 2B 01 CD A2
2026-03-23 16:33:35.178 DEBU [pymycobot.common] _write: FE FE 03 2B D3 10 
2026-03-23 16:33:35.184 DEBU [pymycobot.common] _read : FE FE 04 2B 01 CD A2
2026-03-23 16:33:35.208 DEBU [pymycobot.common] _write: FE FE 03 2B D3 10 
2026-03-23 16:33:35.214 DEBU [pymycobot.common] _read : FE FE 04 2B 01 CD A2
2026-03-23 16:33:35.238 DEBU [pymycobot.common] _write: FE FE 03 2B D3 10 
2026-03-23 16:33:35.245 DEBU [pymycobot.common] _read : FE FE 04 2B 01 CD A2
2026-03-23 16:33:35.268 DEBU [pymycobot.common] _write: FE FE 03 2B D3 10 
2026-03-23 16:33:35.273 DEBU [pymycobot.common] _read : FE FE 04 2B 01 CD A2
2026-03-23 16:33:35.298 DEBU [pymycobot.common] _write: FE FE 03 2B D3 10 
2026-03-23 16:33:35.305 DEBU [pymycobot.common] _read : FE FE 04 2B 01 CD A2
2026-03-23 16:33:35.328 DEBU [pymycobot.common] _write: FE FE 03 2B D3 10 
2026-03-23 16:33:35.335 DEBU [pymycobot.common] _read : FE FE 04 2B 01 CD A2
2026-03-23 16:33:35.358 DEBU [pymycobot.common] _write: FE FE 03 2B D3 10 
2026-03-23 16:33:35.363 DEBU [pymycobot.common] _read : FE FE 04 2B 01 CD A2
2026-03-23 16:33:35.388 DEBU [pymycobot.common] _write: FE FE 03 2B D3 10 
2026-03-23 16:33:35.394 DEBU [pymycobot.common] _read : FE FE 04 2B 01 CD A2
2026-03-23 16:33:35.418 DEBU [pymycobot.common] _write: FE FE 03 2B D3 10 
2026-03-23 16:33:35.424 DEBU [pymycobot.common] _read : FE FE 04 2B 01 CD A2
2026-03-23 16:33:35.448 DEBU [pymycobot.common] _write: FE FE 03 2B D3 10 
2026-03-23 16:33:35.455 DEBU [pymycobot.common] _read : FE FE 04 2B 01 CD A2
2026-03-23 16:33:35.479 DEBU [pymycobot.common] _write: FE FE 03 2B D3 10 
2026-03-23 16:33:35.486 DEBU [pymycobot.common] _read : FE FE 04 2B 01 CD A2
2026-03-23 16:33:35.509 DEBU [pymycobot.common] _write: FE FE 03 2B D3 10 
2026-03-23 16:33:35.516 DEBU [pymycobot.common] _read : FE FE 04 2B 01 CD A2
2026-03-23 16:33:35.540 DEBU [pymycobot.common] _write: FE FE 03 2B D3 10 
2026-03-23 16:33:35.546 DEBU [pymycobot.common] _read : FE FE 04 2B 01 CD A2
2026-03-23 16:33:35.570 DEBU [pymycobot.common] _write: FE FE 03 2B D3 10 
2026-03-23 16:33:35.579 DEBU [pymycobot.common] _read : FE FE 04 2B 01 CD A2
2026-03-23 16:33:35.600 DEBU [pymycobot.common] _write: FE FE 03 2B D3 10 
2026-03-23 16:33:35.609 DEBU [pymycobot.common] _read : FE FE 04 2B 01 CD A2
2026-03-23 16:33:35.630 DEBU [pymycobot.common] _write: FE FE 03 2B D3 10 
2026-03-23 16:33:35.639 DEBU [pymycobot.common] _read : FE FE 04 2B 01 CD A2
2026-03-23 16:33:35.660 DEBU [pymycobot.common] _write: FE FE 03 2B D3 10 
2026-03-23 16:33:35.667 DEBU [pymycobot.common] _read : FE FE 04 2B 01 CD A2
2026-03-23 16:33:35.690 DEBU [pymycobot.common] _write: FE FE 03 2B D3 10 
2026-03-23 16:33:35.697 DEBU [pymycobot.common] _read : FE FE 04 2B 01 CD A2
2026-03-23 16:33:35.721 DEBU [pymycobot.common] _write: FE FE 03 2B D3 10 
2026-03-23 16:33:35.727 DEBU [pymycobot.common] _read : FE FE 04 2B 01 CD A2
2026-03-23 16:33:35.751 DEBU [pymycobot.common] _write: FE FE 03 2B D3 10 
2026-03-23 16:33:35.758 DEBU [pymycobot.common] _read : FE FE 04 2B 01 CD A2
2026-03-23 16:33:35.781 DEBU [pymycobot.common] _write: FE FE 03 2B D3 10 
2026-03-23 16:33:35.788 DEBU [pymycobot.common] _read : FE FE 04 2B 01 CD A2
2026-03-23 16:33:35.811 DEBU [pymycobot.common] _write: FE FE 03 2B D3 10 
2026-03-23 16:33:35.817 DEBU [pymycobot.common] _read : FE FE 04 2B 01 CD A2
2026-03-23 16:33:35.841 DEBU [pymycobot.common] _write: FE FE 03 2B D3 10 
2026-03-23 16:33:35.847 DEBU [pymycobot.common] _read : FE FE 04 2B 01 CD A2
2026-03-23 16:33:35.871 DEBU [pymycobot.common] _write: FE FE 03 2B D3 10 
2026-03-23 16:33:35.878 DEBU [pymycobot.common] _read : FE FE 04 2B 01 CD A2
2026-03-23 16:33:35.902 DEBU [pymycobot.common] _write: FE FE 03 2B D3 10 
2026-03-23 16:33:35.907 DEBU [pymycobot.common] _read : FE FE 04 2B 01 CD A2
2026-03-23 16:33:35.932 DEBU [pymycobot.common] _write: FE FE 03 2B D3 10 
2026-03-23 16:33:35.938 DEBU [pymycobot.common] _read : FE FE 04 2B 01 CD A2
2026-03-23 16:33:35.962 DEBU [pymycobot.common] _write: FE FE 03 2B D3 10 
2026-03-23 16:33:35.970 DEBU [pymycobot.common] _read : FE FE 04 2B 01 CD A2
2026-03-23 16:33:35.992 DEBU [pymycobot.common] _write: FE FE 03 2B D3 10 
2026-03-23 16:33:35.999 DEBU [pymycobot.common] _read : FE FE 04 2B 01 CD A2
2026-03-23 16:33:36.022 DEBU [pymycobot.common] _write: FE FE 03 2B D3 10 
2026-03-23 16:33:36.030 DEBU [pymycobot.common] _read : FE FE 04 2B 01 CD A2
2026-03-23 16:33:36.052 DEBU [pymycobot.common] _write: FE FE 03 2B D3 10 
2026-03-23 16:33:36.060 DEBU [pymycobot.common] _read : FE FE 04 2B 01 CD A2
2026-03-23 16:33:36.082 DEBU [pymycobot.common] _write: FE FE 03 2B D3 10 
2026-03-23 16:33:36.089 DEBU [pymycobot.common] _read : FE FE 04 2B 01 CD A2
2026-03-23 16:33:36.112 DEBU [pymycobot.common] _write: FE FE 03 2B D3 10 
2026-03-23 16:33:36.118 DEBU [pymycobot.common] _read : FE FE 04 2B 01 CD A2
2026-03-23 16:33:36.143 DEBU [pymycobot.common] _write: FE FE 03 2B D3 10 
2026-03-23 16:33:36.149 DEBU [pymycobot.common] _read : FE FE 04 2B 01 CD A2
2026-03-23 16:33:36.173 DEBU [pymycobot.common] _write: FE FE 03 2B D3 10 
2026-03-23 16:33:36.178 DEBU [pymycobot.common] _read : FE FE 04 2B 01 CD A2
2026-03-23 16:33:36.203 DEBU [pymycobot.common] _write: FE FE 03 2B D3 10 
2026-03-23 16:33:36.210 DEBU [pymycobot.common] _read : FE FE 04 2B 01 CD A2
2026-03-23 16:33:36.233 DEBU [pymycobot.common] _write: FE FE 03 2B D3 10 
2026-03-23 16:33:36.240 DEBU [pymycobot.common] _read : FE FE 04 2B 01 CD A2
2026-03-23 16:33:36.263 DEBU [pymycobot.common] _write: FE FE 03 2B D3 10 
2026-03-23 16:33:36.269 DEBU [pymycobot.common] _read : FE FE 04 2B 01 CD A2
2026-03-23 16:33:36.293 DEBU [pymycobot.common] _write: FE FE 03 2B D3 10 
2026-03-23 16:33:36.300 DEBU [pymycobot.common] _read : FE FE 04 2B 01 CD A2
2026-03-23 16:33:36.323 DEBU [pymycobot.common] _write: FE FE 03 2B D3 10 
2026-03-23 16:33:36.329 DEBU [pymycobot.common] _read : FE FE 04 2B 01 CD A2
2026-03-23 16:33:36.353 DEBU [pymycobot.common] _write: FE FE 03 2B D3 10 
2026-03-23 16:33:36.359 DEBU [pymycobot.common] _read : FE FE 04 2B 01 CD A2
2026-03-23 16:33:36.383 DEBU [pymycobot.common] _write: FE FE 03 2B D3 10 
2026-03-23 16:33:36.389 DEBU [pymycobot.common] _read : FE FE 04 2B 01 CD A2
2026-03-23 16:33:36.413 DEBU [pymycobot.common] _write: FE FE 03 2B D3 10 
2026-03-23 16:33:36.419 DEBU [pymycobot.common] _read : FE FE 04 2B 01 CD A2
2026-03-23 16:33:36.443 DEBU [pymycobot.common] _write: FE FE 03 2B D3 10 
2026-03-23 16:33:36.450 DEBU [pymycobot.common] _read : FE FE 04 2B 01 CD A2
2026-03-23 16:33:36.473 DEBU [pymycobot.common] _write: FE FE 03 2B D3 10 
2026-03-23 16:33:36.480 DEBU [pymycobot.common] _read : FE FE 04 2B 01 CD A2
2026-03-23 16:33:36.503 DEBU [pymycobot.common] _write: FE FE 03 2B D3 10 
2026-03-23 16:33:36.510 DEBU [pymycobot.common] _read : FE FE 04 2B 01 CD A2
2026-03-23 16:33:36.534 DEBU [pymycobot.common] _write: FE FE 03 2B D3 10 
2026-03-23 16:33:36.539 DEBU [pymycobot.common] _read : FE FE 04 2B 01 CD A2
2026-03-23 16:33:36.565 DEBU [pymycobot.common] _write: FE FE 03 2B D3 10 
2026-03-23 16:33:36.570 DEBU [pymycobot.common] _read : FE FE 04 2B 01 CD A2
2026-03-23 16:33:36.595 DEBU [pymycobot.common] _write: FE FE 03 2B D3 10 
2026-03-23 16:33:36.600 DEBU [pymycobot.common] _read : FE FE 04 2B 01 CD A2
2026-03-23 16:33:36.625 DEBU [pymycobot.common] _write: FE FE 03 2B D3 10 
2026-03-23 16:33:36.631 DEBU [pymycobot.common] _read : FE FE 04 2B 01 CD A2
2026-03-23 16:33:36.655 DEBU [pymycobot.common] _write: FE FE 03 2B D3 10 
2026-03-23 16:33:36.662 DEBU [pymycobot.common] _read : FE FE 04 2B 01 CD A2
2026-03-23 16:33:36.686 DEBU [pymycobot.common] _write: FE FE 03 2B D3 10 
2026-03-23 16:33:36.691 DEBU [pymycobot.common] _read : FE FE 04 2B 01 CD A2
2026-03-23 16:33:36.716 DEBU [pymycobot.common] _write: FE FE 03 2B D3 10 
2026-03-23 16:33:36.722 DEBU [pymycobot.common] _read : FE FE 04 2B 01 CD A2
2026-03-23 16:33:36.746 DEBU [pymycobot.common] _write: FE FE 03 2B D3 10 
2026-03-23 16:33:36.751 DEBU [pymycobot.common] _read : FE FE 04 2B 01 CD A2
2026-03-23 16:33:36.776 DEBU [pymycobot.common] _write: FE FE 03 2B D3 10 
2026-03-23 16:33:36.783 DEBU [pymycobot.common] _read : FE FE 04 2B 01 CD A2
2026-03-23 16:33:36.806 DEBU [pymycobot.common] _write: FE FE 03 2B D3 10 
2026-03-23 16:33:36.814 DEBU [pymycobot.common] _read : FE FE 04 2B 01 CD A2
2026-03-23 16:33:36.836 DEBU [pymycobot.common] _write: FE FE 03 2B D3 10 
2026-03-23 16:33:36.844 DEBU [pymycobot.common] _read : FE FE 04 2B 01 CD A2
2026-03-23 16:33:36.866 DEBU [pymycobot.common] _write: FE FE 03 2B D3 10 
2026-03-23 16:33:36.874 DEBU [pymycobot.common] _read : FE FE 04 2B 01 CD A2
2026-03-23 16:33:36.896 DEBU [pymycobot.common] _write: FE FE 03 2B D3 10 
2026-03-23 16:33:36.903 DEBU [pymycobot.common] _read : FE FE 04 2B 01 CD A2
2026-03-23 16:33:36.927 DEBU [pymycobot.common] _write: FE FE 03 2B D3 10 
2026-03-23 16:33:36.933 DEBU [pymycobot.common] _read : FE FE 04 2B 01 CD A2
2026-03-23 16:33:36.957 DEBU [pymycobot.common] _write: FE FE 03 2B D3 10 
2026-03-23 16:33:36.965 DEBU [pymycobot.common] _read : FE FE 04 2B 01 CD A2
2026-03-23 16:33:36.987 DEBU [pymycobot.common] _write: FE FE 03 2B D3 10 
2026-03-23 16:33:36.994 DEBU [pymycobot.common] _read : FE FE 04 2B 01 CD A2
2026-03-23 16:33:37.017 DEBU [pymycobot.common] _write: FE FE 03 2B D3 10 
2026-03-23 16:33:37.024 DEBU [pymycobot.common] _read : FE FE 04 2B 01 CD A2
2026-03-23 16:33:37.047 DEBU [pymycobot.common] _write: FE FE 03 2B D3 10 
2026-03-23 16:33:37.054 DEBU [pymycobot.common] _read : FE FE 04 2B 01 CD A2
2026-03-23 16:33:37.077 DEBU [pymycobot.common] _write: FE FE 03 2B D3 10 
2026-03-23 16:33:37.084 DEBU [pymycobot.common] _read : FE FE 04 2B 01 CD A2
2026-03-23 16:33:37.107 DEBU [pymycobot.common] _write: FE FE 03 2B D3 10 
2026-03-23 16:33:37.115 DEBU [pymycobot.common] _read : FE FE 04 2B 01 CD A2
2026-03-23 16:33:37.137 DEBU [pymycobot.common] _write: FE FE 03 2B D3 10 
2026-03-23 16:33:37.144 DEBU [pymycobot.common] _read : FE FE 04 2B 01 CD A2
2026-03-23 16:33:37.168 DEBU [pymycobot.common] _write: FE FE 03 2B D3 10 
2026-03-23 16:33:37.176 DEBU [pymycobot.common] _read : FE FE 04 2B 01 CD A2
2026-03-23 16:33:37.198 DEBU [pymycobot.common] _write: FE FE 03 2B D3 10 
2026-03-23 16:33:37.205 DEBU [pymycobot.common] _read : FE FE 04 2B 01 CD A2
2026-03-23 16:33:37.228 DEBU [pymycobot.common] _write: FE FE 03 2B D3 10 
2026-03-23 16:33:37.236 DEBU [pymycobot.common] _read : FE FE 04 2B 01 CD A2
2026-03-23 16:33:37.258 DEBU [pymycobot.common] _write: FE FE 03 2B D3 10 
2026-03-23 16:33:37.266 DEBU [pymycobot.common] _read : FE FE 04 2B 01 CD A2
2026-03-23 16:33:37.288 DEBU [pymycobot.common] _write: FE FE 03 2B D3 10 
2026-03-23 16:33:37.296 DEBU [pymycobot.common] _read : FE FE 04 2B 01 CD A2
2026-03-23 16:33:37.318 DEBU [pymycobot.common] _write: FE FE 03 2B D3 10 
2026-03-23 16:33:37.325 DEBU [pymycobot.common] _read : FE FE 04 2B 01 CD A2
2026-03-23 16:33:37.348 DEBU [pymycobot.common] _write: FE FE 03 2B D3 10 
2026-03-23 16:33:37.356 DEBU [pymycobot.common] _read : FE FE 04 2B 01 CD A2
2026-03-23 16:33:37.378 DEBU [pymycobot.common] _write: FE FE 03 2B D3 10 
2026-03-23 16:33:37.385 DEBU [pymycobot.common] _read : FE FE 04 2B 01 CD A2
2026-03-23 16:33:37.408 DEBU [pymycobot.common] _write: FE FE 03 2B D3 10 
2026-03-23 16:33:37.414 DEBU [pymycobot.common] _read : FE FE 04 2B 01 CD A2
2026-03-23 16:33:37.438 DEBU [pymycobot.common] _write: FE FE 03 2B D3 10 
2026-03-23 16:33:37.445 DEBU [pymycobot.common] _read : FE FE 04 2B 01 CD A2
2026-03-23 16:33:37.468 DEBU [pymycobot.common] _write: FE FE 03 2B D3 10 
2026-03-23 16:33:37.475 DEBU [pymycobot.common] _read : FE FE 04 2B 01 CD A2
2026-03-23 16:33:37.498 DEBU [pymycobot.common] _write: FE FE 03 2B D3 10 
2026-03-23 16:33:37.506 DEBU [pymycobot.common] _read : FE FE 04 2B 01 CD A2
2026-03-23 16:33:37.529 DEBU [pymycobot.common] _write: FE FE 03 2B D3 10 
2026-03-23 16:33:37.536 DEBU [pymycobot.common] _read : FE FE 04 2B 01 CD A2
2026-03-23 16:33:37.559 DEBU [pymycobot.common] _write: FE FE 03 2B D3 10 
2026-03-23 16:33:37.567 DEBU [pymycobot.common] _read : FE FE 04 2B 01 CD A2
2026-03-23 16:33:37.590 DEBU [pymycobot.common] _write: FE FE 03 2B D3 10 
2026-03-23 16:33:37.599 DEBU [pymycobot.common] _read : FE FE 04 2B 01 CD A2
2026-03-23 16:33:37.620 DEBU [pymycobot.common] _write: FE FE 03 2B D3 10 
2026-03-23 16:33:37.628 DEBU [pymycobot.common] _read : FE FE 04 2B 01 CD A2
2026-03-23 16:33:37.650 DEBU [pymycobot.common] _write: FE FE 03 2B D3 10 
2026-03-23 16:33:37.657 DEBU [pymycobot.common] _read : FE FE 04 2B 01 CD A2
2026-03-23 16:33:37.680 DEBU [pymycobot.common] _write: FE FE 03 2B D3 10 
2026-03-23 16:33:37.687 DEBU [pymycobot.common] _read : FE FE 04 2B 01 CD A2
2026-03-23 16:33:37.711 DEBU [pymycobot.common] _write: FE FE 03 2B D3 10 
2026-03-23 16:33:37.719 DEBU [pymycobot.common] _read : FE FE 04 2B 01 CD A2
2026-03-23 16:33:37.740 DEBU [pymycobot.common] _write: FE FE 03 2B D3 10 
2026-03-23 16:33:37.747 DEBU [pymycobot.common] _read : FE FE 04 2B 01 CD A2
2026-03-23 16:33:37.770 DEBU [pymycobot.common] _write: FE FE 03 2B D3 10 
2026-03-23 16:33:37.777 DEBU [pymycobot.common] _read : FE FE 04 2B 01 CD A2
2026-03-23 16:33:37.800 DEBU [pymycobot.common] _write: FE FE 03 2B D3 10 
2026-03-23 16:33:37.807 DEBU [pymycobot.common] _read : FE FE 04 2B 01 CD A2
2026-03-23 16:33:37.830 DEBU [pymycobot.common] _write: FE FE 03 2B D3 10 
2026-03-23 16:33:37.843 DEBU [pymycobot.common] _read : FE FE 04 2B 01 CD A2
2026-03-23 16:33:37.860 DEBU [pymycobot.common] _write: FE FE 03 2B D3 10 
2026-03-23 16:33:37.867 DEBU [pymycobot.common] _read : FE FE 04 2B 01 CD A2
2026-03-23 16:33:37.890 DEBU [pymycobot.common] _write: FE FE 03 2B D3 10 
2026-03-23 16:33:37.898 DEBU [pymycobot.common] _read : FE FE 04 2B 01 CD A2
2026-03-23 16:33:37.921 DEBU [pymycobot.common] _write: FE FE 03 2B D3 10 
2026-03-23 16:33:37.929 DEBU [pymycobot.common] _read : FE FE 04 2B 01 CD A2
2026-03-23 16:33:37.951 DEBU [pymycobot.common] _write: FE FE 03 2B D3 10 
2026-03-23 16:33:37.958 DEBU [pymycobot.common] _read : FE FE 04 2B 01 CD A2
2026-03-23 16:33:37.981 DEBU [pymycobot.common] _write: FE FE 03 2B D3 10 
2026-03-23 16:33:37.988 DEBU [pymycobot.common] _read : FE FE 04 2B 01 CD A2
2026-03-23 16:33:38.012 DEBU [pymycobot.common] _write: FE FE 03 2B D3 10 
2026-03-23 16:33:38.020 DEBU [pymycobot.common] _read : FE FE 04 2B 01 CD A2
2026-03-23 16:33:38.043 DEBU [pymycobot.common] _write: FE FE 03 2B D3 10 
2026-03-23 16:33:38.050 DEBU [pymycobot.common] _read : FE FE 04 2B 01 CD A2
2026-03-23 16:33:38.073 DEBU [pymycobot.common] _write: FE FE 03 2B D3 10 
2026-03-23 16:33:38.080 DEBU [pymycobot.common] _read : FE FE 04 2B 01 CD A2
2026-03-23 16:33:38.103 DEBU [pymycobot.common] _write: FE FE 03 2B D3 10 
2026-03-23 16:33:38.110 DEBU [pymycobot.common] _read : FE FE 04 2B 01 CD A2
2026-03-23 16:33:38.133 DEBU [pymycobot.common] _write: FE FE 03 2B D3 10 
2026-03-23 16:33:38.140 DEBU [pymycobot.common] _read : FE FE 04 2B 01 CD A2
2026-03-23 16:33:38.163 DEBU [pymycobot.common] _write: FE FE 03 2B D3 10 
2026-03-23 16:33:38.171 DEBU [pymycobot.common] _read : FE FE 04 2B 01 CD A2
2026-03-23 16:33:38.193 DEBU [pymycobot.common] _write: FE FE 03 2B D3 10 
2026-03-23 16:33:38.201 DEBU [pymycobot.common] _read : FE FE 04 2B 01 CD A2
2026-03-23 16:33:38.223 DEBU [pymycobot.common] _write: FE FE 03 2B D3 10 
2026-03-23 16:33:38.231 DEBU [pymycobot.common] _read : FE FE 04 2B 01 CD A2
2026-03-23 16:33:38.253 DEBU [pymycobot.common] _write: FE FE 03 2B D3 10 
2026-03-23 16:33:38.262 DEBU [pymycobot.common] _read : FE FE 04 2B 01 CD A2
2026-03-23 16:33:38.283 DEBU [pymycobot.common] _write: FE FE 03 2B D3 10 
2026-03-23 16:33:38.292 DEBU [pymycobot.common] _read : FE FE 04 2B 01 CD A2
2026-03-23 16:33:38.313 DEBU [pymycobot.common] _write: FE FE 03 2B D3 10 
2026-03-23 16:33:38.320 DEBU [pymycobot.common] _read : FE FE 04 2B 01 CD A2
2026-03-23 16:33:38.343 DEBU [pymycobot.common] _write: FE FE 03 2B D3 10 
2026-03-23 16:33:38.351 DEBU [pymycobot.common] _read : FE FE 04 2B 01 CD A2
2026-03-23 16:33:38.373 DEBU [pymycobot.common] _write: FE FE 03 2B D3 10 
2026-03-23 16:33:38.381 DEBU [pymycobot.common] _read : FE FE 04 2B 01 CD A2
2026-03-23 16:33:38.403 DEBU [pymycobot.common] _write: FE FE 03 2B D3 10 
2026-03-23 16:33:38.410 DEBU [pymycobot.common] _read : FE FE 04 2B 01 CD A2
2026-03-23 16:33:38.433 DEBU [pymycobot.common] _write: FE FE 03 2B D3 10 
2026-03-23 16:33:38.441 DEBU [pymycobot.common] _read : FE FE 04 2B 01 CD A2
2026-03-23 16:33:38.463 DEBU [pymycobot.common] _write: FE FE 03 2B D3 10 
2026-03-23 16:33:38.471 DEBU [pymycobot.common] _read : FE FE 04 2B 01 CD A2
2026-03-23 16:33:38.494 DEBU [pymycobot.common] _write: FE FE 03 2B D3 10 
2026-03-23 16:33:38.501 DEBU [pymycobot.common] _read : FE FE 04 2B 01 CD A2
2026-03-23 16:33:38.524 DEBU [pymycobot.common] _write: FE FE 03 2B D3 10 
2026-03-23 16:33:38.530 DEBU [pymycobot.common] _read : FE FE 04 2B 01 CD A2
2026-03-23 16:33:38.554 DEBU [pymycobot.common] _write: FE FE 03 2B D3 10 
2026-03-23 16:33:38.562 DEBU [pymycobot.common] _read : FE FE 04 2B 01 CD A2
2026-03-23 16:33:38.586 DEBU [pymycobot.common] _write: FE FE 03 2B D3 10 
2026-03-23 16:33:38.593 DEBU [pymycobot.common] _read : FE FE 04 2B 01 CD A2
2026-03-23 16:33:38.616 DEBU [pymycobot.common] _write: FE FE 03 2B D3 10 
2026-03-23 16:33:38.623 DEBU [pymycobot.common] _read : FE FE 04 2B 01 CD A2
2026-03-23 16:33:38.646 DEBU [pymycobot.common] _write: FE FE 03 2B D3 10 
2026-03-23 16:33:38.653 DEBU [pymycobot.common] _read : FE FE 04 2B 01 CD A2
2026-03-23 16:33:38.676 DEBU [pymycobot.common] _write: FE FE 03 2B D3 10 
2026-03-23 16:33:38.684 DEBU [pymycobot.common] _read : FE FE 04 2B 01 CD A2
2026-03-23 16:33:38.706 DEBU [pymycobot.common] _write: FE FE 03 2B D3 10 
2026-03-23 16:33:38.714 DEBU [pymycobot.common] _read : FE FE 04 2B 01 CD A2
2026-03-23 16:33:38.736 DEBU [pymycobot.common] _write: FE FE 03 2B D3 10 
2026-03-23 16:33:38.743 DEBU [pymycobot.common] _read : FE FE 04 2B 01 CD A2
2026-03-23 16:33:38.766 DEBU [pymycobot.common] _write: FE FE 03 2B D3 10 
2026-03-23 16:33:38.773 DEBU [pymycobot.common] _read : FE FE 04 2B 01 CD A2
2026-03-23 16:33:38.796 DEBU [pymycobot.common] _write: FE FE 03 2B D3 10 
2026-03-23 16:33:38.803 DEBU [pymycobot.common] _read : FE FE 04 2B 01 CD A2
2026-03-23 16:33:38.826 DEBU [pymycobot.common] _write: FE FE 03 2B D3 10 
2026-03-23 16:33:38.834 DEBU [pymycobot.common] _read : FE FE 04 2B 01 CD A2
2026-03-23 16:33:38.856 DEBU [pymycobot.common] _write: FE FE 03 2B D3 10 
2026-03-23 16:33:38.865 DEBU [pymycobot.common] _read : FE FE 04 2B 01 CD A2
2026-03-23 16:33:38.886 DEBU [pymycobot.common] _write: FE FE 03 2B D3 10 
2026-03-23 16:33:38.893 DEBU [pymycobot.common] _read : FE FE 04 2B 01 CD A2
2026-03-23 16:33:38.916 DEBU [pymycobot.common] _write: FE FE 03 2B D3 10 
2026-03-23 16:33:38.923 DEBU [pymycobot.common] _read : FE FE 04 2B 01 CD A2
2026-03-23 16:33:38.947 DEBU [pymycobot.common] _write: FE FE 03 2B D3 10 
2026-03-23 16:33:38.954 DEBU [pymycobot.common] _read : FE FE 04 2B 01 CD A2
2026-03-23 16:33:38.977 DEBU [pymycobot.common] _write: FE FE 03 2B D3 10 
2026-03-23 16:33:38.985 DEBU [pymycobot.common] _read : FE FE 04 2B 01 CD A2
2026-03-23 16:33:39.007 DEBU [pymycobot.common] _write: FE FE 03 2B D3 10 
2026-03-23 16:33:39.015 DEBU [pymycobot.common] _read : FE FE 04 2B 01 CD A2
2026-03-23 16:33:39.037 DEBU [pymycobot.common] _write: FE FE 03 2B D3 10 
2026-03-23 16:33:39.044 DEBU [pymycobot.common] _read : FE FE 04 2B 01 CD A2
2026-03-23 16:33:39.067 DEBU [pymycobot.common] _write: FE FE 03 2B D3 10 
2026-03-23 16:33:39.074 DEBU [pymycobot.common] _read : FE FE 04 2B 01 CD A2
2026-03-23 16:33:39.097 DEBU [pymycobot.common] _write: FE FE 03 2B D3 10 
2026-03-23 16:33:39.103 DEBU [pymycobot.common] _read : FE FE 04 2B 01 CD A2
2026-03-23 16:33:39.127 DEBU [pymycobot.common] _write: FE FE 03 2B D3 10 
2026-03-23 16:33:39.134 DEBU [pymycobot.common] _read : FE FE 04 2B 01 CD A2
2026-03-23 16:33:39.157 DEBU [pymycobot.common] _write: FE FE 03 2B D3 10 
2026-03-23 16:33:39.163 DEBU [pymycobot.common] _read : FE FE 04 2B 01 CD A2
2026-03-23 16:33:39.187 DEBU [pymycobot.common] _write: FE FE 03 2B D3 10 
2026-03-23 16:33:39.194 DEBU [pymycobot.common] _read : FE FE 04 2B 01 CD A2
2026-03-23 16:33:39.217 DEBU [pymycobot.common] _write: FE FE 03 2B D3 10 
2026-03-23 16:33:39.225 DEBU [pymycobot.common] _read : FE FE 04 2B 01 CD A2
2026-03-23 16:33:39.247 DEBU [pymycobot.common] _write: FE FE 03 2B D3 10 
2026-03-23 16:33:39.254 DEBU [pymycobot.common] _read : FE FE 04 2B 01 CD A2
2026-03-23 16:33:39.277 DEBU [pymycobot.common] _write: FE FE 03 2B D3 10 
2026-03-23 16:33:39.284 DEBU [pymycobot.common] _read : FE FE 04 2B 01 CD A2
2026-03-23 16:33:39.307 DEBU [pymycobot.common] _write: FE FE 03 2B D3 10 
2026-03-23 16:33:39.314 DEBU [pymycobot.common] _read : FE FE 04 2B 01 CD A2
2026-03-23 16:33:39.337 DEBU [pymycobot.common] _write: FE FE 03 2B D3 10 
2026-03-23 16:33:39.344 DEBU [pymycobot.common] _read : FE FE 04 2B 01 CD A2
2026-03-23 16:33:39.367 DEBU [pymycobot.common] _write: FE FE 03 2B D3 10 
2026-03-23 16:33:39.374 DEBU [pymycobot.common] _read : FE FE 04 2B 01 CD A2
2026-03-23 16:33:39.397 DEBU [pymycobot.common] _write: FE FE 03 2B D3 10 
2026-03-23 16:33:39.405 DEBU [pymycobot.common] _read : FE FE 04 2B 01 CD A2
2026-03-23 16:33:39.427 DEBU [pymycobot.common] _write: FE FE 03 2B D3 10 
2026-03-23 16:33:39.436 DEBU [pymycobot.common] _read : FE FE 04 2B 01 CD A2
2026-03-23 16:33:39.457 DEBU [pymycobot.common] _write: FE FE 03 2B D3 10 
2026-03-23 16:33:39.465 DEBU [pymycobot.common] _read : FE FE 04 2B 01 CD A2
2026-03-23 16:33:39.487 DEBU [pymycobot.common] _write: FE FE 03 2B D3 10 
2026-03-23 16:33:39.494 DEBU [pymycobot.common] _read : FE FE 04 2B 01 CD A2
2026-03-23 16:33:39.518 DEBU [pymycobot.common] _write: FE FE 03 2B D3 10 
2026-03-23 16:33:39.525 DEBU [pymycobot.common] _read : FE FE 04 2B 01 CD A2
2026-03-23 16:33:39.548 DEBU [pymycobot.common] _write: FE FE 03 2B D3 10 
2026-03-23 16:33:39.555 DEBU [pymycobot.common] _read : FE FE 04 2B 01 CD A2
2026-03-23 16:33:39.578 DEBU [pymycobot.common] _write: FE FE 03 2B D3 10 
2026-03-23 16:33:39.586 DEBU [pymycobot.common] _read : FE FE 04 2B 01 CD A2
2026-03-23 16:33:39.609 DEBU [pymycobot.common] _write: FE FE 03 2B D3 10 
2026-03-23 16:33:39.617 DEBU [pymycobot.common] _read : FE FE 04 2B 01 CD A2
2026-03-23 16:33:39.639 DEBU [pymycobot.common] _write: FE FE 03 2B D3 10 
2026-03-23 16:33:39.646 DEBU [pymycobot.common] _read : FE FE 04 2B 01 CD A2
2026-03-23 16:33:39.669 DEBU [pymycobot.common] _write: FE FE 03 2B D3 10 
2026-03-23 16:33:39.675 DEBU [pymycobot.common] _read : FE FE 04 2B 01 CD A2
2026-03-23 16:33:39.699 DEBU [pymycobot.common] _write: FE FE 03 2B D3 10 
2026-03-23 16:33:39.706 DEBU [pymycobot.common] _read : FE FE 04 2B 01 CD A2
2026-03-23 16:33:39.729 DEBU [pymycobot.common] _write: FE FE 03 2B D3 10 
2026-03-23 16:33:39.736 DEBU [pymycobot.common] _read : FE FE 04 2B 01 CD A2
2026-03-23 16:33:39.759 DEBU [pymycobot.common] _write: FE FE 03 2B D3 10 
2026-03-23 16:33:39.767 DEBU [pymycobot.common] _read : FE FE 04 2B 01 CD A2
2026-03-23 16:33:39.789 DEBU [pymycobot.common] _write: FE FE 03 2B D3 10 
2026-03-23 16:33:39.797 DEBU [pymycobot.common] _read : FE FE 04 2B 01 CD A2
2026-03-23 16:33:39.820 DEBU [pymycobot.common] _write: FE FE 03 2B D3 10 
2026-03-23 16:33:39.828 DEBU [pymycobot.common] _read : FE FE 04 2B 01 CD A2
2026-03-23 16:33:39.850 DEBU [pymycobot.common] _write: FE FE 03 2B D3 10 
2026-03-23 16:33:39.857 DEBU [pymycobot.common] _read : FE FE 04 2B 01 CD A2
2026-03-23 16:33:39.880 DEBU [pymycobot.common] _write: FE FE 03 2B D3 10 
2026-03-23 16:33:39.887 DEBU [pymycobot.common] _read : FE FE 04 2B 01 CD A2
2026-03-23 16:33:39.910 DEBU [pymycobot.common] _write: FE FE 03 2B D3 10 
2026-03-23 16:33:39.917 DEBU [pymycobot.common] _read : FE FE 04 2B 01 CD A2
2026-03-23 16:33:39.940 DEBU [pymycobot.common] _write: FE FE 03 2B D3 10 
2026-03-23 16:33:39.947 DEBU [pymycobot.common] _read : FE FE 04 2B 01 CD A2
2026-03-23 16:33:39.970 DEBU [pymycobot.common] _write: FE FE 03 2B D3 10 
2026-03-23 16:33:39.977 DEBU [pymycobot.common] _read : FE FE 04 2B 01 CD A2
2026-03-23 16:33:40.000 DEBU [pymycobot.common] _write: FE FE 03 2B D3 10 
2026-03-23 16:33:40.007 DEBU [pymycobot.common] _read : FE FE 04 2B 01 CD A2
2026-03-23 16:33:40.030 DEBU [pymycobot.common] _write: FE FE 03 2B D3 10 
2026-03-23 16:33:40.037 DEBU [pymycobot.common] _read : FE FE 04 2B 01 CD A2
2026-03-23 16:33:40.060 DEBU [pymycobot.common] _write: FE FE 03 2B D3 10 
2026-03-23 16:33:40.068 DEBU [pymycobot.common] _read : FE FE 04 2B 01 CD A2
2026-03-23 16:33:40.090 DEBU [pymycobot.common] _write: FE FE 03 2B D3 10 
2026-03-23 16:33:40.096 DEBU [pymycobot.common] _read : FE FE 04 2B 01 CD A2
2026-03-23 16:33:40.120 DEBU [pymycobot.common] _write: FE FE 03 2B D3 10 
2026-03-23 16:33:40.127 DEBU [pymycobot.common] _read : FE FE 04 2B 01 CD A2
2026-03-23 16:33:40.150 DEBU [pymycobot.common] _write: FE FE 03 2B D3 10 
2026-03-23 16:33:40.157 DEBU [pymycobot.common] _read : FE FE 04 2B 01 CD A2
2026-03-23 16:33:40.181 DEBU [pymycobot.common] _write: FE FE 03 2B D3 10 
2026-03-23 16:33:40.188 DEBU [pymycobot.common] _read : FE FE 04 2B 01 CD A2
2026-03-23 16:33:40.211 DEBU [pymycobot.common] _write: FE FE 03 2B D3 10 
2026-03-23 16:33:40.219 DEBU [pymycobot.common] _read : FE FE 04 2B 01 CD A2
2026-03-23 16:33:40.241 DEBU [pymycobot.common] _write: FE FE 03 2B D3 10 
2026-03-23 16:33:40.248 DEBU [pymycobot.common] _read : FE FE 04 2B 01 CD A2
2026-03-23 16:33:40.271 DEBU [pymycobot.common] _write: FE FE 03 2B D3 10 
2026-03-23 16:33:40.278 DEBU [pymycobot.common] _read : FE FE 04 2B 01 CD A2
2026-03-23 16:33:40.301 DEBU [pymycobot.common] _write: FE FE 03 2B D3 10 
2026-03-23 16:33:40.308 DEBU [pymycobot.common] _read : FE FE 04 2B 01 CD A2
2026-03-23 16:33:40.331 DEBU [pymycobot.common] _write: FE FE 03 2B D3 10 
2026-03-23 16:33:40.338 DEBU [pymycobot.common] _read : FE FE 04 2B 01 CD A2
2026-03-23 16:33:40.361 DEBU [pymycobot.common] _write: FE FE 03 2B D3 10 
2026-03-23 16:33:40.368 DEBU [pymycobot.common] _read : FE FE 04 2B 01 CD A2
2026-03-23 16:33:40.391 DEBU [pymycobot.common] _write: FE FE 03 2B D3 10 
2026-03-23 16:33:40.399 DEBU [pymycobot.common] _read : FE FE 04 2B 01 CD A2
2026-03-23 16:33:40.421 DEBU [pymycobot.common] _write: FE FE 03 2B D3 10 
2026-03-23 16:33:40.428 DEBU [pymycobot.common] _read : FE FE 04 2B 01 CD A2
2026-03-23 16:33:40.451 DEBU [pymycobot.common] _write: FE FE 03 2B D3 10 
2026-03-23 16:33:40.457 DEBU [pymycobot.common] _read : FE FE 04 2B 01 CD A2
2026-03-23 16:33:40.481 DEBU [pymycobot.common] _write: FE FE 03 2B D3 10 
2026-03-23 16:33:40.488 DEBU [pymycobot.common] _read : FE FE 04 2B 01 CD A2
2026-03-23 16:33:40.511 DEBU [pymycobot.common] _write: FE FE 03 2B D3 10 
2026-03-23 16:33:40.518 DEBU [pymycobot.common] _read : FE FE 04 2B 01 CD A2
2026-03-23 16:33:40.541 DEBU [pymycobot.common] _write: FE FE 03 2B D3 10 
2026-03-23 16:33:40.548 DEBU [pymycobot.common] _read : FE FE 04 2B 01 CD A2
2026-03-23 16:33:40.572 DEBU [pymycobot.common] _write: FE FE 03 2B D3 10 
2026-03-23 16:33:40.579 DEBU [pymycobot.common] _read : FE FE 04 2B 01 CD A2
2026-03-23 16:33:40.602 DEBU [pymycobot.common] _write: FE FE 03 2B D3 10 
2026-03-23 16:33:40.610 DEBU [pymycobot.common] _read : FE FE 04 2B 01 CD A2
2026-03-23 16:33:40.633 DEBU [pymycobot.common] _write: FE FE 03 2B D3 10 
2026-03-23 16:33:40.640 DEBU [pymycobot.common] _read : FE FE 04 2B 01 CD A2
2026-03-23 16:33:40.663 DEBU [pymycobot.common] _write: FE FE 03 2B D3 10 
2026-03-23 16:33:40.670 DEBU [pymycobot.common] _read : FE FE 04 2B 01 CD A2
2026-03-23 16:33:40.693 DEBU [pymycobot.common] _write: FE FE 03 2B D3 10 
2026-03-23 16:33:40.700 DEBU [pymycobot.common] _read : FE FE 04 2B 01 CD A2
2026-03-23 16:33:40.723 DEBU [pymycobot.common] _write: FE FE 03 2B D3 10 
2026-03-23 16:33:40.731 DEBU [pymycobot.common] _read : FE FE 04 2B 01 CD A2
2026-03-23 16:33:40.753 DEBU [pymycobot.common] _write: FE FE 03 2B D3 10 
2026-03-23 16:33:40.759 DEBU [pymycobot.common] _read : FE FE 04 2B 01 CD A2
2026-03-23 16:33:40.783 DEBU [pymycobot.common] _write: FE FE 03 2B D3 10 
2026-03-23 16:33:40.789 DEBU [pymycobot.common] _read : FE FE 04 2B 01 CD A2
2026-03-23 16:33:40.813 DEBU [pymycobot.common] _write: FE FE 03 2B D3 10 
2026-03-23 16:33:40.820 DEBU [pymycobot.common] _read : FE FE 04 2B 01 CD A2
2026-03-23 16:33:40.843 DEBU [pymycobot.common] _write: FE FE 03 2B D3 10 
2026-03-23 16:33:40.852 DEBU [pymycobot.common] _read : FE FE 04 2B 01 CD A2
2026-03-23 16:33:40.873 DEBU [pymycobot.common] _write: FE FE 03 2B D3 10 
2026-03-23 16:33:40.880 DEBU [pymycobot.common] _read : FE FE 04 2B 01 CD A2
2026-03-23 16:33:40.903 DEBU [pymycobot.common] _write: FE FE 03 2B D3 10 
2026-03-23 16:33:40.911 DEBU [pymycobot.common] _read : FE FE 04 2B 01 CD A2
2026-03-23 16:33:40.933 DEBU [pymycobot.common] _write: FE FE 03 2B D3 10 
2026-03-23 16:33:40.939 DEBU [pymycobot.common] _read : FE FE 04 2B 01 CD A2
2026-03-23 16:33:40.963 DEBU [pymycobot.common] _write: FE FE 03 2B D3 10 
2026-03-23 16:33:40.970 DEBU [pymycobot.common] _read : FE FE 04 2B 01 CD A2
2026-03-23 16:33:40.993 DEBU [pymycobot.common] _write: FE FE 03 2B D3 10 
2026-03-23 16:33:41.002 DEBU [pymycobot.common] _read : FE FE 04 2B 01 CD A2
2026-03-23 16:33:41.023 DEBU [pymycobot.common] _write: FE FE 03 2B D3 10 
2026-03-23 16:33:41.030 DEBU [pymycobot.common] _read : FE FE 04 2B 01 CD A2
2026-03-23 16:33:41.053 DEBU [pymycobot.common] _write: FE FE 03 2B D3 10 
2026-03-23 16:33:41.061 DEBU [pymycobot.common] _read : FE FE 04 2B 01 CD A2
2026-03-23 16:33:41.083 DEBU [pymycobot.common] _write: FE FE 03 2B D3 10 
2026-03-23 16:33:41.091 DEBU [pymycobot.common] _read : FE FE 04 2B 01 CD A2
2026-03-23 16:33:41.113 DEBU [pymycobot.common] _write: FE FE 03 2B D3 10 
2026-03-23 16:33:41.120 DEBU [pymycobot.common] _read : FE FE 04 2B 01 CD A2
2026-03-23 16:33:41.143 DEBU [pymycobot.common] _write: FE FE 03 2B D3 10 
2026-03-23 16:33:41.151 DEBU [pymycobot.common] _read : FE FE 04 2B 01 CD A2
2026-03-23 16:33:41.174 DEBU [pymycobot.common] _write: FE FE 03 2B D3 10 
2026-03-23 16:33:41.181 DEBU [pymycobot.common] _read : FE FE 04 2B 01 CD A2
2026-03-23 16:33:41.204 DEBU [pymycobot.common] _write: FE FE 03 2B D3 10 
2026-03-23 16:33:41.211 DEBU [pymycobot.common] _read : FE FE 04 2B 01 CD A2
2026-03-23 16:33:41.234 DEBU [pymycobot.common] _write: FE FE 03 2B D3 10 
2026-03-23 16:33:41.241 DEBU [pymycobot.common] _read : FE FE 04 2B 01 CD A2
2026-03-23 16:33:41.264 DEBU [pymycobot.common] _write: FE FE 03 2B D3 10 
2026-03-23 16:33:41.272 DEBU [pymycobot.common] _read : FE FE 04 2B 01 CD A2
2026-03-23 16:33:41.294 DEBU [pymycobot.common] _write: FE FE 03 2B D3 10 
2026-03-23 16:33:41.302 DEBU [pymycobot.common] _read : FE FE 04 2B 01 CD A2
2026-03-23 16:33:41.324 DEBU [pymycobot.common] _write: FE FE 03 2B D3 10 
2026-03-23 16:33:41.332 DEBU [pymycobot.common] _read : FE FE 04 2B 01 CD A2
2026-03-23 16:33:41.354 DEBU [pymycobot.common] _write: FE FE 03 2B D3 10 
2026-03-23 16:33:41.362 DEBU [pymycobot.common] _read : FE FE 04 2B 01 CD A2
2026-03-23 16:33:41.384 DEBU [pymycobot.common] _write: FE FE 03 2B D3 10 
2026-03-23 16:33:41.400 DEBU [pymycobot.common] _read : FE FE 04 2B 01 CD A2
2026-03-23 16:33:41.414 DEBU [pymycobot.common] _write: FE FE 03 2B D3 10 
2026-03-23 16:33:41.422 DEBU [pymycobot.common] _read : FE FE 04 2B 01 CD A2
2026-03-23 16:33:41.445 DEBU [pymycobot.common] _write: FE FE 03 2B D3 10 
2026-03-23 16:33:41.453 DEBU [pymycobot.common] _read : FE FE 04 2B 01 CD A2
2026-03-23 16:33:41.475 DEBU [pymycobot.common] _write: FE FE 03 2B D3 10 
2026-03-23 16:33:41.483 DEBU [pymycobot.common] _read : FE FE 04 2B 01 CD A2
2026-03-23 16:33:41.505 DEBU [pymycobot.common] _write: FE FE 03 2B D3 10 
2026-03-23 16:33:41.512 DEBU [pymycobot.common] _read : FE FE 04 2B 01 CD A2
2026-03-23 16:33:41.535 DEBU [pymycobot.common] _write: FE FE 03 2B D3 10 
2026-03-23 16:33:41.542 DEBU [pymycobot.common] _read : FE FE 04 2B 01 CD A2
2026-03-23 16:33:41.566 DEBU [pymycobot.common] _write: FE FE 03 2B D3 10 
2026-03-23 16:33:41.573 DEBU [pymycobot.common] _read : FE FE 04 2B 01 CD A2
2026-03-23 16:33:41.596 DEBU [pymycobot.common] _write: FE FE 03 2B D3 10 
2026-03-23 16:33:41.603 DEBU [pymycobot.common] _read : FE FE 04 2B 01 CD A2
2026-03-23 16:33:41.628 DEBU [pymycobot.common] _write: FE FE 03 2B D3 10 
2026-03-23 16:33:41.635 DEBU [pymycobot.common] _read : FE FE 04 2B 01 CD A2
2026-03-23 16:33:41.658 DEBU [pymycobot.common] _write: FE FE 03 2B D3 10 
2026-03-23 16:33:41.665 DEBU [pymycobot.common] _read : FE FE 04 2B 01 CD A2
2026-03-23 16:33:41.688 DEBU [pymycobot.common] _write: FE FE 03 2B D3 10 
2026-03-23 16:33:41.695 DEBU [pymycobot.common] _read : FE FE 04 2B 01 CD A2
2026-03-23 16:33:41.718 DEBU [pymycobot.common] _write: FE FE 03 2B D3 10 
2026-03-23 16:33:41.725 DEBU [pymycobot.common] _read : FE FE 04 2B 01 CD A2
2026-03-23 16:33:41.748 DEBU [pymycobot.common] _write: FE FE 03 2B D3 10 
2026-03-23 16:33:41.754 DEBU [pymycobot.common] _read : FE FE 04 2B 01 CD A2
2026-03-23 16:33:41.778 DEBU [pymycobot.common] _write: FE FE 03 2B D3 10 
2026-03-23 16:33:41.784 DEBU [pymycobot.common] _read : FE FE 04 2B 01 CD A2
2026-03-23 16:33:41.808 DEBU [pymycobot.common] _write: FE FE 03 2B D3 10 
2026-03-23 16:33:41.814 DEBU [pymycobot.common] _read : FE FE 04 2B 01 CD A2
2026-03-23 16:33:41.837 DEBU [pymycobot.common] _write: FE FE 03 2B D3 10 
2026-03-23 16:33:41.842 DEBU [pymycobot.common] _read : FE FE 04 2B 01 CD A2
2026-03-23 16:33:41.867 DEBU [pymycobot.common] _write: FE FE 03 2B D3 10 
2026-03-23 16:33:41.874 DEBU [pymycobot.common] _read : FE FE 04 2B 01 CD A2
2026-03-23 16:33:41.898 DEBU [pymycobot.common] _write: FE FE 03 2B D3 10 
2026-03-23 16:33:41.904 DEBU [pymycobot.common] _read : FE FE 04 2B 01 CD A2
2026-03-23 16:33:41.928 DEBU [pymycobot.common] _write: FE FE 03 2B D3 10 
2026-03-23 16:33:41.935 DEBU [pymycobot.common] _read : FE FE 04 2B 01 CD A2
2026-03-23 16:33:41.959 DEBU [pymycobot.common] _write: FE FE 03 2B D3 10 
2026-03-23 16:33:41.965 DEBU [pymycobot.common] _read : FE FE 04 2B 01 CD A2
2026-03-23 16:33:41.989 DEBU [pymycobot.common] _write: FE FE 03 2B D3 10 
2026-03-23 16:33:41.995 DEBU [pymycobot.common] _read : FE FE 04 2B 01 CD A2
2026-03-23 16:33:42.019 DEBU [pymycobot.common] _write: FE FE 03 2B D3 10 
2026-03-23 16:33:42.026 DEBU [pymycobot.common] _read : FE FE 04 2B 01 CD A2
2026-03-23 16:33:42.049 DEBU [pymycobot.common] _write: FE FE 03 2B D3 10 
2026-03-23 16:33:42.056 DEBU [pymycobot.common] _read : FE FE 04 2B 01 CD A2
2026-03-23 16:33:42.079 DEBU [pymycobot.common] _write: FE FE 03 2B D3 10 
2026-03-23 16:33:42.087 DEBU [pymycobot.common] _read : FE FE 04 2B 01 CD A2
2026-03-23 16:33:42.109 DEBU [pymycobot.common] _write: FE FE 03 2B D3 10 
2026-03-23 16:33:42.116 DEBU [pymycobot.common] _read : FE FE 04 2B 01 CD A2
2026-03-23 16:33:42.139 DEBU [pymycobot.common] _write: FE FE 03 2B D3 10 
2026-03-23 16:33:42.146 DEBU [pymycobot.common] _read : FE FE 04 2B 01 CD A2
2026-03-23 16:33:42.169 DEBU [pymycobot.common] _write: FE FE 03 2B D3 10 
2026-03-23 16:33:42.175 DEBU [pymycobot.common] _read : FE FE 04 2B 01 CD A2
2026-03-23 16:33:42.199 DEBU [pymycobot.common] _write: FE FE 03 2B D3 10 
2026-03-23 16:33:42.204 DEBU [pymycobot.common] _read : FE FE 04 2B 01 CD A2
2026-03-23 16:33:42.229 DEBU [pymycobot.common] _write: FE FE 03 2B D3 10 
2026-03-23 16:33:42.235 DEBU [pymycobot.common] _read : FE FE 04 2B 01 CD A2
2026-03-23 16:33:42.259 DEBU [pymycobot.common] _write: FE FE 03 2B D3 10 
2026-03-23 16:33:42.268 DEBU [pymycobot.common] _read : FE FE 04 2B 01 CD A2
2026-03-23 16:33:42.289 DEBU [pymycobot.common] _write: FE FE 03 2B D3 10 
2026-03-23 16:33:42.296 DEBU [pymycobot.common] _read : FE FE 04 2B 01 CD A2
2026-03-23 16:33:42.319 DEBU [pymycobot.common] _write: FE FE 03 2B D3 10 
2026-03-23 16:33:42.326 DEBU [pymycobot.common] _read : FE FE 04 2B 01 CD A2
2026-03-23 16:33:42.349 DEBU [pymycobot.common] _write: FE FE 03 2B D3 10 
2026-03-23 16:33:42.355 DEBU [pymycobot.common] _read : FE FE 04 2B 01 CD A2
2026-03-23 16:33:42.379 DEBU [pymycobot.common] _write: FE FE 03 2B D3 10 
2026-03-23 16:33:42.385 DEBU [pymycobot.common] _read : FE FE 04 2B 01 CD A2
2026-03-23 16:33:42.409 DEBU [pymycobot.common] _write: FE FE 03 2B D3 10 
2026-03-23 16:33:42.415 DEBU [pymycobot.common] _read : FE FE 04 2B 01 CD A2
2026-03-23 16:33:42.439 DEBU [pymycobot.common] _write: FE FE 03 2B D3 10 
2026-03-23 16:33:42.446 DEBU [pymycobot.common] _read : FE FE 04 2B 01 CD A2
2026-03-23 16:33:42.469 DEBU [pymycobot.common] _write: FE FE 03 2B D3 10 
2026-03-23 16:33:42.476 DEBU [pymycobot.common] _read : FE FE 04 2B 01 CD A2
2026-03-23 16:33:42.499 DEBU [pymycobot.common] _write: FE FE 03 2B D3 10 
2026-03-23 16:33:42.504 DEBU [pymycobot.common] _read : FE FE 04 2B 01 CD A2
2026-03-23 16:33:42.529 DEBU [pymycobot.common] _write: FE FE 03 2B D3 10 
2026-03-23 16:33:42.536 DEBU [pymycobot.common] _read : FE FE 04 2B 01 CD A2
2026-03-23 16:33:42.560 DEBU [pymycobot.common] _write: FE FE 03 2B D3 10 
2026-03-23 16:33:42.566 DEBU [pymycobot.common] _read : FE FE 04 2B 01 CD A2
2026-03-23 16:33:42.590 DEBU [pymycobot.common] _write: FE FE 03 2B D3 10 
2026-03-23 16:33:42.597 DEBU [pymycobot.common] _read : FE FE 04 2B 01 CD A2
2026-03-23 16:33:42.621 DEBU [pymycobot.common] _write: FE FE 03 2B D3 10 
2026-03-23 16:33:42.628 DEBU [pymycobot.common] _read : FE FE 04 2B 01 CD A2
2026-03-23 16:33:42.652 DEBU [pymycobot.common] _write: FE FE 03 2B D3 10 
2026-03-23 16:33:42.659 DEBU [pymycobot.common] _read : FE FE 04 2B 01 CD A2
2026-03-23 16:33:42.682 DEBU [pymycobot.common] _write: FE FE 03 2B D3 10 
2026-03-23 16:33:42.688 DEBU [pymycobot.common] _read : FE FE 04 2B 01 CD A2
2026-03-23 16:33:42.712 DEBU [pymycobot.common] _write: FE FE 03 2B D3 10 
2026-03-23 16:33:42.719 DEBU [pymycobot.common] _read : FE FE 04 2B 01 CD A2
2026-03-23 16:33:42.742 DEBU [pymycobot.common] _write: FE FE 03 2B D3 10 
2026-03-23 16:33:42.748 DEBU [pymycobot.common] _read : FE FE 04 2B 01 CD A2
2026-03-23 16:33:42.772 DEBU [pymycobot.common] _write: FE FE 03 2B D3 10 
2026-03-23 16:33:42.778 DEBU [pymycobot.common] _read : FE FE 04 2B 01 CD A2
2026-03-23 16:33:42.802 DEBU [pymycobot.common] _write: FE FE 03 2B D3 10 
2026-03-23 16:33:42.807 DEBU [pymycobot.common] _read : FE FE 04 2B 01 CD A2
2026-03-23 16:33:42.832 DEBU [pymycobot.common] _write: FE FE 03 2B D3 10 
2026-03-23 16:33:42.838 DEBU [pymycobot.common] _read : FE FE 04 2B 01 CD A2
2026-03-23 16:33:42.862 DEBU [pymycobot.common] _write: FE FE 03 2B D3 10 
2026-03-23 16:33:42.867 DEBU [pymycobot.common] _read : FE FE 04 2B 01 CD A2
2026-03-23 16:33:42.892 DEBU [pymycobot.common] _write: FE FE 03 2B D3 10 
2026-03-23 16:33:42.898 DEBU [pymycobot.common] _read : FE FE 04 2B 01 CD A2
2026-03-23 16:33:42.922 DEBU [pymycobot.common] _write: FE FE 03 2B D3 10 
2026-03-23 16:33:42.929 DEBU [pymycobot.common] _read : FE FE 04 2B 01 CD A2
2026-03-23 16:33:42.953 DEBU [pymycobot.common] _write: FE FE 03 2B D3 10 
2026-03-23 16:33:42.960 DEBU [pymycobot.common] _read : FE FE 04 2B 01 CD A2
2026-03-23 16:33:42.983 DEBU [pymycobot.common] _write: FE FE 03 2B D3 10 
2026-03-23 16:33:42.989 DEBU [pymycobot.common] _read : FE FE 04 2B 01 CD A2
2026-03-23 16:33:43.013 DEBU [pymycobot.common] _write: FE FE 03 2B D3 10 
2026-03-23 16:33:43.019 DEBU [pymycobot.common] _read : FE FE 04 2B 01 CD A2
2026-03-23 16:33:43.043 DEBU [pymycobot.common] _write: FE FE 03 2B D3 10 
2026-03-23 16:33:43.051 DEBU [pymycobot.common] _read : FE FE 04 2B 01 CD A2
2026-03-23 16:33:43.073 DEBU [pymycobot.common] _write: FE FE 03 2B D3 10 
2026-03-23 16:33:43.078 DEBU [pymycobot.common] _read : FE FE 04 2B 01 CD A2
2026-03-23 16:33:43.103 DEBU [pymycobot.common] _write: FE FE 03 2B D3 10 
2026-03-23 16:33:43.110 DEBU [pymycobot.common] _read : FE FE 04 2B 01 CD A2
2026-03-23 16:33:43.133 DEBU [pymycobot.common] _write: FE FE 03 2B D3 10 
2026-03-23 16:33:43.139 DEBU [pymycobot.common] _read : FE FE 04 2B 01 CD A2
2026-03-23 16:33:43.163 DEBU [pymycobot.common] _write: FE FE 03 2B D3 10 
2026-03-23 16:33:43.169 DEBU [pymycobot.common] _read : FE FE 04 2B 01 CD A2
2026-03-23 16:33:43.193 DEBU [pymycobot.common] _write: FE FE 03 2B D3 10 
2026-03-23 16:33:43.199 DEBU [pymycobot.common] _read : FE FE 04 2B 01 CD A2
2026-03-23 16:33:43.223 DEBU [pymycobot.common] _write: FE FE 03 2B D3 10 
2026-03-23 16:33:43.229 DEBU [pymycobot.common] _read : FE FE 04 2B 01 CD A2
2026-03-23 16:33:43.253 DEBU [pymycobot.common] _write: FE FE 03 2B D3 10 
2026-03-23 16:33:43.260 DEBU [pymycobot.common] _read : FE FE 04 2B 01 CD A2
2026-03-23 16:33:43.283 DEBU [pymycobot.common] _write: FE FE 03 2B D3 10 
2026-03-23 16:33:43.288 DEBU [pymycobot.common] _read : FE FE 04 2B 01 CD A2
2026-03-23 16:33:43.313 DEBU [pymycobot.common] _write: FE FE 03 2B D3 10 
2026-03-23 16:33:43.320 DEBU [pymycobot.common] _read : FE FE 04 2B 01 CD A2
2026-03-23 16:33:43.343 DEBU [pymycobot.common] _write: FE FE 03 2B D3 10 
2026-03-23 16:33:43.350 DEBU [pymycobot.common] _read : FE FE 04 2B 01 CD A2
2026-03-23 16:33:43.373 DEBU [pymycobot.common] _write: FE FE 03 2B D3 10 
2026-03-23 16:33:43.379 DEBU [pymycobot.common] _read : FE FE 04 2B 01 CD A2
2026-03-23 16:33:43.403 DEBU [pymycobot.common] _write: FE FE 03 2B D3 10 
2026-03-23 16:33:43.408 DEBU [pymycobot.common] _read : FE FE 04 2B 01 CD A2
2026-03-23 16:33:43.433 DEBU [pymycobot.common] _write: FE FE 03 2B D3 10 
2026-03-23 16:33:43.439 DEBU [pymycobot.common] _read : FE FE 04 2B 01 CD A2
2026-03-23 16:33:43.463 DEBU [pymycobot.common] _write: FE FE 03 2B D3 10 
2026-03-23 16:33:43.470 DEBU [pymycobot.common] _read : FE FE 04 2B 01 CD A2
2026-03-23 16:33:43.493 DEBU [pymycobot.common] _write: FE FE 03 2B D3 10 
2026-03-23 16:33:43.498 DEBU [pymycobot.common] _read : FE FE 04 2B 01 CD A2
2026-03-23 16:33:43.523 DEBU [pymycobot.common] _write: FE FE 03 2B D3 10 
2026-03-23 16:33:43.529 DEBU [pymycobot.common] _read : FE FE 04 2B 01 CD A2
2026-03-23 16:33:43.554 DEBU [pymycobot.common] _write: FE FE 03 2B D3 10 
2026-03-23 16:33:43.559 DEBU [pymycobot.common] _read : FE FE 04 2B 01 CD A2
2026-03-23 16:33:43.584 DEBU [pymycobot.common] _write: FE FE 03 2B D3 10 
2026-03-23 16:33:43.590 DEBU [pymycobot.common] _read : FE FE 04 2B 01 CD A2
2026-03-23 16:33:43.615 DEBU [pymycobot.common] _write: FE FE 03 2B D3 10 
2026-03-23 16:33:43.621 DEBU [pymycobot.common] _read : FE FE 04 2B 01 CD A2
2026-03-23 16:33:43.646 DEBU [pymycobot.common] _write: FE FE 03 2B D3 10 
2026-03-23 16:33:43.652 DEBU [pymycobot.common] _read : FE FE 04 2B 01 CD A2
2026-03-23 16:33:43.676 DEBU [pymycobot.common] _write: FE FE 03 2B D3 10 
2026-03-23 16:33:43.683 DEBU [pymycobot.common] _read : FE FE 04 2B 01 CD A2
2026-03-23 16:33:43.706 DEBU [pymycobot.common] _write: FE FE 03 2B D3 10 
2026-03-23 16:33:43.712 DEBU [pymycobot.common] _read : FE FE 04 2B 01 CD A2
2026-03-23 16:33:43.736 DEBU [pymycobot.common] _write: FE FE 03 2B D3 10 
2026-03-23 16:33:43.742 DEBU [pymycobot.common] _read : FE FE 04 2B 01 CD A2
2026-03-23 16:33:43.766 DEBU [pymycobot.common] _write: FE FE 03 2B D3 10 
2026-03-23 16:33:43.772 DEBU [pymycobot.common] _read : FE FE 04 2B 01 CD A2
2026-03-23 16:33:43.796 DEBU [pymycobot.common] _write: FE FE 03 2B D3 10 
2026-03-23 16:33:43.802 DEBU [pymycobot.common] _read : FE FE 04 2B 01 CD A2
2026-03-23 16:33:43.826 DEBU [pymycobot.common] _write: FE FE 03 2B D3 10 
2026-03-23 16:33:43.833 DEBU [pymycobot.common] _read : FE FE 04 2B 01 CD A2
2026-03-23 16:33:43.856 DEBU [pymycobot.common] _write: FE FE 03 2B D3 10 
2026-03-23 16:33:43.862 DEBU [pymycobot.common] _read : FE FE 04 2B 01 CD A2
2026-03-23 16:33:43.886 DEBU [pymycobot.common] _write: FE FE 03 2B D3 10 
2026-03-23 16:33:43.891 DEBU [pymycobot.common] _read : FE FE 04 2B 01 CD A2
2026-03-23 16:33:43.916 DEBU [pymycobot.common] _write: FE FE 03 2B D3 10 
2026-03-23 16:33:43.923 DEBU [pymycobot.common] _read : FE FE 04 2B 01 CD A2
2026-03-23 16:33:43.946 DEBU [pymycobot.common] _write: FE FE 03 2B D3 10 
2026-03-23 16:33:43.954 DEBU [pymycobot.common] _read : FE FE 04 2B 01 CD A2
2026-03-23 16:33:43.976 DEBU [pymycobot.common] _write: FE FE 03 2B D3 10 
2026-03-23 16:33:43.984 DEBU [pymycobot.common] _read : FE FE 04 2B 01 CD A2
2026-03-23 16:33:44.006 DEBU [pymycobot.common] _write: FE FE 03 2B D3 10 
2026-03-23 16:33:44.014 DEBU [pymycobot.common] _read : FE FE 04 2B 01 CD A2
2026-03-23 16:33:44.036 DEBU [pymycobot.common] _write: FE FE 03 2B D3 10 
2026-03-23 16:33:44.043 DEBU [pymycobot.common] _read : FE FE 04 2B 01 CD A2
2026-03-23 16:33:44.066 DEBU [pymycobot.common] _write: FE FE 03 2B D3 10 
2026-03-23 16:33:44.073 DEBU [pymycobot.common] _read : FE FE 04 2B 01 CD A2
2026-03-23 16:33:44.096 DEBU [pymycobot.common] _write: FE FE 03 2B D3 10 
2026-03-23 16:33:44.103 DEBU [pymycobot.common] _read : FE FE 04 2B 01 CD A2
2026-03-23 16:33:44.126 DEBU [pymycobot.common] _write: FE FE 03 2B D3 10 
2026-03-23 16:33:44.134 DEBU [pymycobot.common] _read : FE FE 04 2B 01 CD A2
2026-03-23 16:33:44.156 DEBU [pymycobot.common] _write: FE FE 03 2B D3 10 
2026-03-23 16:33:44.163 DEBU [pymycobot.common] _read : FE FE 04 2B 01 CD A2
2026-03-23 16:33:44.186 DEBU [pymycobot.common] _write: FE FE 03 2B D3 10 
2026-03-23 16:33:44.193 DEBU [pymycobot.common] _read : FE FE 04 2B 01 CD A2
2026-03-23 16:33:44.217 DEBU [pymycobot.common] _write: FE FE 03 2B D3 10 
2026-03-23 16:33:44.223 DEBU [pymycobot.common] _read : FE FE 04 2B 01 CD A2
2026-03-23 16:33:44.247 DEBU [pymycobot.common] _write: FE FE 03 2B D3 10 
2026-03-23 16:33:44.256 DEBU [pymycobot.common] _read : FE FE 04 2B 01 CD A2
2026-03-23 16:33:44.277 DEBU [pymycobot.common] _write: FE FE 03 2B D3 10 
2026-03-23 16:33:44.287 DEBU [pymycobot.common] _read : FE FE 04 2B 01 CD A2
2026-03-23 16:33:44.307 DEBU [pymycobot.common] _write: FE FE 03 2B D3 10 
2026-03-23 16:33:44.313 DEBU [pymycobot.common] _read : FE FE 04 2B 01 CD A2
2026-03-23 16:33:44.337 DEBU [pymycobot.common] _write: FE FE 03 2B D3 10 
2026-03-23 16:33:44.343 DEBU [pymycobot.common] _read : FE FE 04 2B 01 CD A2
2026-03-23 16:33:44.367 DEBU [pymycobot.common] _write: FE FE 03 2B D3 10 
2026-03-23 16:33:44.373 DEBU [pymycobot.common] _read : FE FE 04 2B 01 CD A2
2026-03-23 16:33:44.397 DEBU [pymycobot.common] _write: FE FE 03 2B D3 10 
2026-03-23 16:33:44.403 DEBU [pymycobot.common] _read : FE FE 04 2B 01 CD A2
2026-03-23 16:33:44.427 DEBU [pymycobot.common] _write: FE FE 03 2B D3 10 
2026-03-23 16:33:44.433 DEBU [pymycobot.common] _read : FE FE 04 2B 01 CD A2
2026-03-23 16:33:44.457 DEBU [pymycobot.common] _write: FE FE 03 2B D3 10 
2026-03-23 16:33:44.464 DEBU [pymycobot.common] _read : FE FE 04 2B 01 CD A2
2026-03-23 16:33:44.487 DEBU [pymycobot.common] _write: FE FE 03 2B D3 10 
2026-03-23 16:33:44.495 DEBU [pymycobot.common] _read : FE FE 04 2B 01 CD A2
2026-03-23 16:33:44.517 DEBU [pymycobot.common] _write: FE FE 03 2B D3 10 
2026-03-23 16:33:44.524 DEBU [pymycobot.common] _read : FE FE 04 2B 01 CD A2
2026-03-23 16:33:44.547 DEBU [pymycobot.common] _write: FE FE 03 2B D3 10 
2026-03-23 16:33:44.552 DEBU [pymycobot.common] _read : FE FE 04 2B 01 CD A2
2026-03-23 16:33:44.577 DEBU [pymycobot.common] _write: FE FE 03 2B D3 10 
2026-03-23 16:33:44.582 DEBU [pymycobot.common] _read : FE FE 04 2B 01 CD A2
2026-03-23 16:33:44.607 DEBU [pymycobot.common] _write: FE FE 03 2B D3 10 
2026-03-23 16:33:44.613 DEBU [pymycobot.common] _read : FE FE 04 2B 01 CD A2
2026-03-23 16:33:44.638 DEBU [pymycobot.common] _write: FE FE 03 2B D3 10 
2026-03-23 16:33:44.644 DEBU [pymycobot.common] _read : FE FE 04 2B 01 CD A2
2026-03-23 16:33:44.669 DEBU [pymycobot.common] _write: FE FE 03 2B D3 10 
2026-03-23 16:33:44.676 DEBU [pymycobot.common] _read : FE FE 04 2B 01 CD A2
2026-03-23 16:33:44.699 DEBU [pymycobot.common] _write: FE FE 03 2B D3 10 
2026-03-23 16:33:44.706 DEBU [pymycobot.common] _read : FE FE 04 2B 01 CD A2
2026-03-23 16:33:44.729 DEBU [pymycobot.common] _write: FE FE 03 2B D3 10 
2026-03-23 16:33:44.735 DEBU [pymycobot.common] _read : FE FE 04 2B 01 CD A2
2026-03-23 16:33:44.759 DEBU [pymycobot.common] _write: FE FE 03 2B D3 10 
2026-03-23 16:33:44.766 DEBU [pymycobot.common] _read : FE FE 04 2B 01 CD A2
2026-03-23 16:33:44.789 DEBU [pymycobot.common] _write: FE FE 03 2B D3 10 
2026-03-23 16:33:44.796 DEBU [pymycobot.common] _read : FE FE 04 2B 01 CD A2
2026-03-23 16:33:44.819 DEBU [pymycobot.common] _write: FE FE 03 2B D3 10 
2026-03-23 16:33:44.826 DEBU [pymycobot.common] _read : FE FE 04 2B 01 CD A2
2026-03-23 16:33:44.849 DEBU [pymycobot.common] _write: FE FE 03 2B D3 10 
2026-03-23 16:33:44.856 DEBU [pymycobot.common] _read : FE FE 04 2B 01 CD A2
2026-03-23 16:33:44.879 DEBU [pymycobot.common] _write: FE FE 03 2B D3 10 
2026-03-23 16:33:44.885 DEBU [pymycobot.common] _read : FE FE 04 2B 01 CD A2
2026-03-23 16:33:44.909 DEBU [pymycobot.common] _write: FE FE 03 2B D3 10 
2026-03-23 16:33:44.916 DEBU [pymycobot.common] _read : FE FE 04 2B 01 CD A2
2026-03-23 16:33:44.939 DEBU [pymycobot.common] _write: FE FE 03 2B D3 10 
2026-03-23 16:33:44.946 DEBU [pymycobot.common] _read : FE FE 04 2B 01 CD A2
2026-03-23 16:33:44.969 DEBU [pymycobot.common] _write: FE FE 03 2B D3 10 
2026-03-23 16:33:44.974 DEBU [pymycobot.common] _read : FE FE 04 2B 01 CD A2
2026-03-23 16:33:44.999 DEBU [pymycobot.common] _write: FE FE 03 2B D3 10 
2026-03-23 16:33:45.005 DEBU [pymycobot.common] _read : FE FE 04 2B 01 CD A2
2026-03-23 16:33:45.029 DEBU [pymycobot.common] _write: FE FE 03 2B D3 10 
2026-03-23 16:33:45.036 DEBU [pymycobot.common] _read : FE FE 04 2B 01 CD A2
2026-03-23 16:33:45.059 DEBU [pymycobot.common] _write: FE FE 03 2B D3 10 
2026-03-23 16:33:45.069 DEBU [pymycobot.common] _read : FE FE 04 2B 01 CD A2
2026-03-23 16:33:45.089 DEBU [pymycobot.common] _write: FE FE 03 2B D3 10 
2026-03-23 16:33:45.095 DEBU [pymycobot.common] _read : FE FE 04 2B 01 CD A2
2026-03-23 16:33:45.120 DEBU [pymycobot.common] _write: FE FE 03 2B D3 10 
2026-03-23 16:33:45.126 DEBU [pymycobot.common] _read : FE FE 04 2B 01 CD A2
2026-03-23 16:33:45.150 DEBU [pymycobot.common] _write: FE FE 03 2B D3 10 
2026-03-23 16:33:45.156 DEBU [pymycobot.common] _read : FE FE 04 2B 01 CD A2
2026-03-23 16:33:45.180 DEBU [pymycobot.common] _write: FE FE 03 2B D3 10 
2026-03-23 16:33:45.186 DEBU [pymycobot.common] _read : FE FE 04 2B 01 CD A2
2026-03-23 16:33:45.211 DEBU [pymycobot.common] _write: FE FE 03 2B D3 10 
2026-03-23 16:33:45.217 DEBU [pymycobot.common] _read : FE FE 04 2B 01 CD A2
2026-03-23 16:33:45.242 DEBU [pymycobot.common] _write: FE FE 03 2B D3 10 
2026-03-23 16:33:45.248 DEBU [pymycobot.common] _read : FE FE 04 2B 01 CD A2
2026-03-23 16:33:45.272 DEBU [pymycobot.common] _write: FE FE 03 2B D3 10 
2026-03-23 16:33:45.278 DEBU [pymycobot.common] _read : FE FE 04 2B 01 CD A2
2026-03-23 16:33:45.302 DEBU [pymycobot.common] _write: FE FE 03 2B D3 10 
2026-03-23 16:33:45.310 DEBU [pymycobot.common] _read : FE FE 04 2B 01 CD A2
2026-03-23 16:33:45.332 DEBU [pymycobot.common] _write: FE FE 03 2B D3 10 
2026-03-23 16:33:45.338 DEBU [pymycobot.common] _read : FE FE 04 2B 01 CD A2
2026-03-23 16:33:45.362 DEBU [pymycobot.common] _write: FE FE 03 2B D3 10 
2026-03-23 16:33:45.367 DEBU [pymycobot.common] _read : FE FE 04 2B 01 CD A2
2026-03-23 16:33:45.392 DEBU [pymycobot.common] _write: FE FE 03 2B D3 10 
2026-03-23 16:33:45.398 DEBU [pymycobot.common] _read : FE FE 04 2B 01 CD A2
2026-03-23 16:33:45.422 DEBU [pymycobot.common] _write: FE FE 03 2B D3 10 
2026-03-23 16:33:45.427 DEBU [pymycobot.common] _read : FE FE 04 2B 01 CD A2
2026-03-23 16:33:45.452 DEBU [pymycobot.common] _write: FE FE 03 2B D3 10 
2026-03-23 16:33:45.459 DEBU [pymycobot.common] _read : FE FE 04 2B 01 CD A2
2026-03-23 16:33:45.482 DEBU [pymycobot.common] _write: FE FE 03 2B D3 10 
2026-03-23 16:33:45.489 DEBU [pymycobot.common] _read : FE FE 04 2B 01 CD A2
2026-03-23 16:33:45.512 DEBU [pymycobot.common] _write: FE FE 03 2B D3 10 
2026-03-23 16:33:45.519 DEBU [pymycobot.common] _read : FE FE 04 2B 01 CD A2
2026-03-23 16:33:45.542 DEBU [pymycobot.common] _write: FE FE 03 2B D3 10 
2026-03-23 16:33:45.549 DEBU [pymycobot.common] _read : FE FE 04 2B 01 CD A2
2026-03-23 16:33:45.573 DEBU [pymycobot.common] _write: FE FE 03 2B D3 10 
2026-03-23 16:33:45.580 DEBU [pymycobot.common] _read : FE FE 04 2B 01 CD A2
2026-03-23 16:33:45.603 DEBU [pymycobot.common] _write: FE FE 03 2B D3 10 
2026-03-23 16:33:45.611 DEBU [pymycobot.common] _read : FE FE 04 2B 01 CD A2
2026-03-23 16:33:45.634 DEBU [pymycobot.common] _write: FE FE 03 2B D3 10 
2026-03-23 16:33:45.641 DEBU [pymycobot.common] _read : FE FE 04 2B 01 CD A2
2026-03-23 16:33:45.665 DEBU [pymycobot.common] _write: FE FE 03 2B D3 10 
2026-03-23 16:33:45.672 DEBU [pymycobot.common] _read : FE FE 04 2B 01 CD A2
2026-03-23 16:33:45.695 DEBU [pymycobot.common] _write: FE FE 03 2B D3 10 
2026-03-23 16:33:45.703 DEBU [pymycobot.common] _read : FE FE 04 2B 01 CD A2
2026-03-23 16:33:45.725 DEBU [pymycobot.common] _write: FE FE 03 2B D3 10 
2026-03-23 16:33:45.733 DEBU [pymycobot.common] _read : FE FE 04 2B 01 CD A2
2026-03-23 16:33:45.755 DEBU [pymycobot.common] _write: FE FE 03 2B D3 10 
2026-03-23 16:33:45.762 DEBU [pymycobot.common] _read : FE FE 04 2B 01 CD A2
2026-03-23 16:33:45.785 DEBU [pymycobot.common] _write: FE FE 03 2B D3 10 
2026-03-23 16:33:45.792 DEBU [pymycobot.common] _read : FE FE 04 2B 01 CD A2
2026-03-23 16:33:45.815 DEBU [pymycobot.common] _write: FE FE 03 2B D3 10 
2026-03-23 16:33:45.822 DEBU [pymycobot.common] _read : FE FE 04 2B 01 CD A2
2026-03-23 16:33:45.845 DEBU [pymycobot.common] _write: FE FE 03 2B D3 10 
2026-03-23 16:33:45.852 DEBU [pymycobot.common] _read : FE FE 04 2B 01 CD A2
2026-03-23 16:33:45.875 DEBU [pymycobot.common] _write: FE FE 03 2B D3 10 
2026-03-23 16:33:45.883 DEBU [pymycobot.common] _read : FE FE 04 2B 01 CD A2
2026-03-23 16:33:45.905 DEBU [pymycobot.common] _write: FE FE 03 2B D3 10 
2026-03-23 16:33:45.912 DEBU [pymycobot.common] _read : FE FE 04 2B 01 CD A2
2026-03-23 16:33:45.935 DEBU [pymycobot.common] _write: FE FE 03 2B D3 10 
2026-03-23 16:33:45.942 DEBU [pymycobot.common] _read : FE FE 04 2B 01 CD A2
2026-03-23 16:33:45.965 DEBU [pymycobot.common] _write: FE FE 03 2B D3 10 
2026-03-23 16:33:45.972 DEBU [pymycobot.common] _read : FE FE 04 2B 01 CD A2
2026-03-23 16:33:45.995 DEBU [pymycobot.common] _write: FE FE 03 2B D3 10 
2026-03-23 16:33:46.002 DEBU [pymycobot.common] _read : FE FE 04 2B 01 CD A2
2026-03-23 16:33:46.025 DEBU [pymycobot.common] _write: FE FE 03 2B D3 10 
2026-03-23 16:33:46.031 DEBU [pymycobot.common] _read : FE FE 04 2B 01 CD A2
2026-03-23 16:33:46.055 DEBU [pymycobot.common] _write: FE FE 03 2B D3 10 
2026-03-23 16:33:46.063 DEBU [pymycobot.common] _read : FE FE 04 2B 01 CD A2
2026-03-23 16:33:46.085 DEBU [pymycobot.common] _write: FE FE 03 2B D3 10 
2026-03-23 16:33:46.093 DEBU [pymycobot.common] _read : FE FE 04 2B 01 CD A2
2026-03-23 16:33:46.115 DEBU [pymycobot.common] _write: FE FE 03 2B D3 10 
2026-03-23 16:33:46.122 DEBU [pymycobot.common] _read : FE FE 04 2B 01 CD A2
2026-03-23 16:33:46.145 DEBU [pymycobot.common] _write: FE FE 03 2B D3 10 
2026-03-23 16:33:46.152 DEBU [pymycobot.common] _read : FE FE 04 2B 01 CD A2
2026-03-23 16:33:46.175 DEBU [pymycobot.common] _write: FE FE 03 2B D3 10 
2026-03-23 16:33:46.183 DEBU [pymycobot.common] _read : FE FE 04 2B 01 CD A2
2026-03-23 16:33:46.205 DEBU [pymycobot.common] _write: FE FE 03 2B D3 10 
2026-03-23 16:33:46.213 DEBU [pymycobot.common] _read : FE FE 04 2B 01 CD A2
2026-03-23 16:33:46.236 DEBU [pymycobot.common] _write: FE FE 03 2B D3 10 
2026-03-23 16:33:46.243 DEBU [pymycobot.common] _read : FE FE 04 2B 01 CD A2
2026-03-23 16:33:46.266 DEBU [pymycobot.common] _write: FE FE 03 2B D3 10 
2026-03-23 16:33:46.273 DEBU [pymycobot.common] _read : FE FE 04 2B 01 CD A2
2026-03-23 16:33:46.296 DEBU [pymycobot.common] _write: FE FE 03 2B D3 10 
2026-03-23 16:33:46.303 DEBU [pymycobot.common] _read : FE FE 04 2B 01 CD A2
2026-03-23 16:33:46.326 DEBU [pymycobot.common] _write: FE FE 03 2B D3 10 
2026-03-23 16:33:46.334 DEBU [pymycobot.common] _read : FE FE 04 2B 01 CD A2
2026-03-23 16:33:46.356 DEBU [pymycobot.common] _write: FE FE 03 2B D3 10 
2026-03-23 16:33:46.363 DEBU [pymycobot.common] _read : FE FE 04 2B 01 CD A2
2026-03-23 16:33:46.386 DEBU [pymycobot.common] _write: FE FE 03 2B D3 10 
2026-03-23 16:33:46.393 DEBU [pymycobot.common] _read : FE FE 04 2B 01 CD A2
2026-03-23 16:33:46.416 DEBU [pymycobot.common] _write: FE FE 03 2B D3 10 
2026-03-23 16:33:46.423 DEBU [pymycobot.common] _read : FE FE 04 2B 01 CD A2
2026-03-23 16:33:46.446 DEBU [pymycobot.common] _write: FE FE 03 2B D3 10 
2026-03-23 16:33:46.453 DEBU [pymycobot.common] _read : FE FE 04 2B 01 CD A2
2026-03-23 16:33:46.476 DEBU [pymycobot.common] _write: FE FE 03 2B D3 10 
2026-03-23 16:33:46.484 DEBU [pymycobot.common] _read : FE FE 04 2B 01 CD A2
2026-03-23 16:33:46.506 DEBU [pymycobot.common] _write: FE FE 03 2B D3 10 
2026-03-23 16:33:46.513 DEBU [pymycobot.common] _read : FE FE 04 2B 01 CD A2
2026-03-23 16:33:46.536 DEBU [pymycobot.common] _write: FE FE 03 2B D3 10 
2026-03-23 16:33:46.544 DEBU [pymycobot.common] _read : FE FE 04 2B 01 CD A2
2026-03-23 16:33:46.567 DEBU [pymycobot.common] _write: FE FE 03 2B D3 10 
2026-03-23 16:33:46.574 DEBU [pymycobot.common] _read : FE FE 04 2B 01 CD A2
2026-03-23 16:33:46.597 DEBU [pymycobot.common] _write: FE FE 03 2B D3 10 
2026-03-23 16:33:46.603 DEBU [pymycobot.common] _read : FE FE 04 2B 01 CD A2
2026-03-23 16:33:46.627 DEBU [pymycobot.common] _write: FE FE 03 2B D3 10 
2026-03-23 16:33:46.635 DEBU [pymycobot.common] _read : FE FE 04 2B 01 CD A2
2026-03-23 16:33:46.658 DEBU [pymycobot.common] _write: FE FE 03 2B D3 10 
2026-03-23 16:33:46.665 DEBU [pymycobot.common] _read : FE FE 04 2B 01 CD A2
2026-03-23 16:33:46.689 DEBU [pymycobot.common] _write: FE FE 03 2B D3 10 
2026-03-23 16:33:46.696 DEBU [pymycobot.common] _read : FE FE 04 2B 01 CD A2
2026-03-23 16:33:46.719 DEBU [pymycobot.common] _write: FE FE 03 2B D3 10 
2026-03-23 16:33:46.727 DEBU [pymycobot.common] _read : FE FE 04 2B 01 CD A2
2026-03-23 16:33:46.749 DEBU [pymycobot.common] _write: FE FE 03 2B D3 10 
2026-03-23 16:33:46.755 DEBU [pymycobot.common] _read : FE FE 04 2B 01 CD A2
2026-03-23 16:33:46.779 DEBU [pymycobot.common] _write: FE FE 03 2B D3 10 
2026-03-23 16:33:46.788 DEBU [pymycobot.common] _read : FE FE 04 2B 01 CD A2
2026-03-23 16:33:46.809 DEBU [pymycobot.common] _write: FE FE 03 2B D3 10 
2026-03-23 16:33:46.816 DEBU [pymycobot.common] _read : FE FE 04 2B 01 CD A2
2026-03-23 16:33:46.839 DEBU [pymycobot.common] _write: FE FE 03 2B D3 10 
2026-03-23 16:33:46.846 DEBU [pymycobot.common] _read : FE FE 04 2B 01 CD A2
2026-03-23 16:33:46.869 DEBU [pymycobot.common] _write: FE FE 03 2B D3 10 
2026-03-23 16:33:46.876 DEBU [pymycobot.common] _read : FE FE 04 2B 01 CD A2
2026-03-23 16:33:46.899 DEBU [pymycobot.common] _write: FE FE 03 2B D3 10 
2026-03-23 16:33:46.907 DEBU [pymycobot.common] _read : FE FE 04 2B 01 CD A2
2026-03-23 16:33:46.929 DEBU [pymycobot.common] _write: FE FE 03 2B D3 10 
2026-03-23 16:33:46.936 DEBU [pymycobot.common] _read : FE FE 04 2B 01 CD A2
2026-03-23 16:33:46.959 DEBU [pymycobot.common] _write: FE FE 03 2B D3 10 
2026-03-23 16:33:46.966 DEBU [pymycobot.common] _read : FE FE 04 2B 01 CD A2
2026-03-23 16:33:46.989 DEBU [pymycobot.common] _write: FE FE 03 2B D3 10 
2026-03-23 16:33:46.995 DEBU [pymycobot.common] _read : FE FE 04 2B 01 CD A2
2026-03-23 16:33:47.019 DEBU [pymycobot.common] _write: FE FE 03 2B D3 10 
2026-03-23 16:33:47.027 DEBU [pymycobot.common] _read : FE FE 04 2B 01 CD A2
2026-03-23 16:33:47.049 DEBU [pymycobot.common] _write: FE FE 03 2B D3 10 
2026-03-23 16:33:47.057 DEBU [pymycobot.common] _read : FE FE 04 2B 01 CD A2
2026-03-23 16:33:47.079 DEBU [pymycobot.common] _write: FE FE 03 2B D3 10 
2026-03-23 16:33:47.087 DEBU [pymycobot.common] _read : FE FE 04 2B 01 CD A2
2026-03-23 16:33:47.109 DEBU [pymycobot.common] _write: FE FE 03 2B D3 10 
2026-03-23 16:33:47.117 DEBU [pymycobot.common] _read : FE FE 04 2B 01 CD A2
2026-03-23 16:33:47.139 DEBU [pymycobot.common] _write: FE FE 03 2B D3 10 
2026-03-23 16:33:47.146 DEBU [pymycobot.common] _read : FE FE 04 2B 01 CD A2
2026-03-23 16:33:47.169 DEBU [pymycobot.common] _write: FE FE 03 2B D3 10 
2026-03-23 16:33:47.176 DEBU [pymycobot.common] _read : FE FE 04 2B 01 CD A2
2026-03-23 16:33:47.199 DEBU [pymycobot.common] _write: FE FE 03 2B D3 10 
2026-03-23 16:33:47.207 DEBU [pymycobot.common] _read : FE FE 04 2B 01 CD A2
2026-03-23 16:33:47.230 DEBU [pymycobot.common] _write: FE FE 03 2B D3 10 
2026-03-23 16:33:47.238 DEBU [pymycobot.common] _read : FE FE 04 2B 01 CD A2
2026-03-23 16:33:47.260 DEBU [pymycobot.common] _write: FE FE 03 2B D3 10 
2026-03-23 16:33:47.267 DEBU [pymycobot.common] _read : FE FE 04 2B 01 CD A2
2026-03-23 16:33:47.290 DEBU [pymycobot.common] _write: FE FE 03 2B D3 10 
2026-03-23 16:33:47.300 DEBU [pymycobot.common] _read : FE FE 04 2B 01 CD A2
2026-03-23 16:33:47.320 DEBU [pymycobot.common] _write: FE FE 03 2B D3 10 
2026-03-23 16:33:47.328 DEBU [pymycobot.common] _read : FE FE 04 2B 01 CD A2
2026-03-23 16:33:47.350 DEBU [pymycobot.common] _write: FE FE 03 2B D3 10 
2026-03-23 16:33:47.357 DEBU [pymycobot.common] _read : FE FE 04 2B 01 CD A2
2026-03-23 16:33:47.380 DEBU [pymycobot.common] _write: FE FE 03 2B D3 10 
2026-03-23 16:33:47.387 DEBU [pymycobot.common] _read : FE FE 04 2B 01 CD A2
2026-03-23 16:33:47.410 DEBU [pymycobot.common] _write: FE FE 03 2B D3 10 
2026-03-23 16:33:47.417 DEBU [pymycobot.common] _read : FE FE 04 2B 01 CD A2
2026-03-23 16:33:47.440 DEBU [pymycobot.common] _write: FE FE 03 2B D3 10 
2026-03-23 16:33:47.448 DEBU [pymycobot.common] _read : FE FE 04 2B 01 CD A2
2026-03-23 16:33:47.470 DEBU [pymycobot.common] _write: FE FE 03 2B D3 10 
2026-03-23 16:33:47.477 DEBU [pymycobot.common] _read : FE FE 04 2B 01 CD A2
2026-03-23 16:33:47.500 DEBU [pymycobot.common] _write: FE FE 03 2B D3 10 
2026-03-23 16:33:47.508 DEBU [pymycobot.common] _read : FE FE 04 2B 01 CD A2
2026-03-23 16:33:47.530 DEBU [pymycobot.common] _write: FE FE 03 2B D3 10 
2026-03-23 16:33:47.537 DEBU [pymycobot.common] _read : FE FE 04 2B 01 CD A2
2026-03-23 16:33:47.560 DEBU [pymycobot.common] _write: FE FE 03 2B D3 10 
2026-03-23 16:33:47.569 DEBU [pymycobot.common] _read : FE FE 04 2B 01 CD A2
2026-03-23 16:33:47.590 DEBU [pymycobot.common] _write: FE FE 03 2B D3 10 
2026-03-23 16:33:47.597 DEBU [pymycobot.common] _read : FE FE 04 2B 01 CD A2
2026-03-23 16:33:47.621 DEBU [pymycobot.common] _write: FE FE 03 2B D3 10 
2026-03-23 16:33:47.628 DEBU [pymycobot.common] _read : FE FE 04 2B 01 CD A2
2026-03-23 16:33:47.651 DEBU [pymycobot.common] _write: FE FE 03 2B D3 10 
2026-03-23 16:33:47.659 DEBU [pymycobot.common] _read : FE FE 04 2B 01 CD A2
2026-03-23 16:33:47.682 DEBU [pymycobot.common] _write: FE FE 03 2B D3 10 
2026-03-23 16:33:47.689 DEBU [pymycobot.common] _read : FE FE 04 2B 01 CD A2
2026-03-23 16:33:47.712 DEBU [pymycobot.common] _write: FE FE 03 2B D3 10 
2026-03-23 16:33:47.720 DEBU [pymycobot.common] _read : FE FE 04 2B 01 CD A2
2026-03-23 16:33:47.743 DEBU [pymycobot.common] _write: FE FE 03 2B D3 10 
2026-03-23 16:33:47.750 DEBU [pymycobot.common] _read : FE FE 04 2B 01 CD A2
2026-03-23 16:33:47.773 DEBU [pymycobot.common] _write: FE FE 03 2B D3 10 
2026-03-23 16:33:47.780 DEBU [pymycobot.common] _read : FE FE 04 2B 01 CD A2
2026-03-23 16:33:47.803 DEBU [pymycobot.common] _write: FE FE 03 2B D3 10 
2026-03-23 16:33:47.810 DEBU [pymycobot.common] _read : FE FE 04 2B 01 CD A2
2026-03-23 16:33:47.833 DEBU [pymycobot.common] _write: FE FE 03 2B D3 10 
2026-03-23 16:33:47.840 DEBU [pymycobot.common] _read : FE FE 04 2B 01 CD A2
2026-03-23 16:33:47.863 DEBU [pymycobot.common] _write: FE FE 03 2B D3 10 
2026-03-23 16:33:47.870 DEBU [pymycobot.common] _read : FE FE 04 2B 01 CD A2
2026-03-23 16:33:47.893 DEBU [pymycobot.common] _write: FE FE 03 2B D3 10 
2026-03-23 16:33:47.900 DEBU [pymycobot.common] _read : FE FE 04 2B 01 CD A2
2026-03-23 16:33:47.923 DEBU [pymycobot.common] _write: FE FE 03 2B D3 10 
2026-03-23 16:33:47.931 DEBU [pymycobot.common] _read : FE FE 04 2B 01 CD A2
2026-03-23 16:33:47.953 DEBU [pymycobot.common] _write: FE FE 03 2B D3 10 
2026-03-23 16:33:47.960 DEBU [pymycobot.common] _read : FE FE 04 2B 01 CD A2
2026-03-23 16:33:47.983 DEBU [pymycobot.common] _write: FE FE 03 2B D3 10 
2026-03-23 16:33:47.991 DEBU [pymycobot.common] _read : FE FE 04 2B 01 CD A2
2026-03-23 16:33:48.013 DEBU [pymycobot.common] _write: FE FE 03 2B D3 10 
2026-03-23 16:33:48.020 DEBU [pymycobot.common] _read : FE FE 04 2B 01 CD A2
2026-03-23 16:33:48.043 DEBU [pymycobot.common] _write: FE FE 03 2B D3 10 
2026-03-23 16:33:48.050 DEBU [pymycobot.common] _read : FE FE 04 2B 01 CD A2
2026-03-23 16:33:48.073 DEBU [pymycobot.common] _write: FE FE 03 2B D3 10 
2026-03-23 16:33:48.080 DEBU [pymycobot.common] _read : FE FE 04 2B 01 CD A2
2026-03-23 16:33:48.103 DEBU [pymycobot.common] _write: FE FE 03 2B D3 10 
2026-03-23 16:33:48.111 DEBU [pymycobot.common] _read : FE FE 04 2B 01 CD A2
2026-03-23 16:33:48.133 DEBU [pymycobot.common] _write: FE FE 03 2B D3 10 
2026-03-23 16:33:48.140 DEBU [pymycobot.common] _read : FE FE 04 2B 01 CD A2
2026-03-23 16:33:48.163 DEBU [pymycobot.common] _write: FE FE 03 2B D3 10 
2026-03-23 16:33:48.171 DEBU [pymycobot.common] _read : FE FE 04 2B 01 CD A2
2026-03-23 16:33:48.194 DEBU [pymycobot.common] _write: FE FE 03 2B D3 10 
2026-03-23 16:33:48.201 DEBU [pymycobot.common] _read : FE FE 04 2B 01 CD A2
2026-03-23 16:33:48.224 DEBU [pymycobot.common] _write: FE FE 03 2B D3 10 
2026-03-23 16:33:48.232 DEBU [pymycobot.common] _read : FE FE 04 2B 01 CD A2
2026-03-23 16:33:48.254 DEBU [pymycobot.common] _write: FE FE 03 2B D3 10 
2026-03-23 16:33:48.261 DEBU [pymycobot.common] _read : FE FE 04 2B 01 CD A2
2026-03-23 16:33:48.284 DEBU [pymycobot.common] _write: FE FE 03 2B D3 10 
2026-03-23 16:33:48.291 DEBU [pymycobot.common] _read : FE FE 04 2B 01 CD A2
2026-03-23 16:33:48.314 DEBU [pymycobot.common] _write: FE FE 03 2B D3 10 
2026-03-23 16:33:48.320 DEBU [pymycobot.common] _read : FE FE 04 2B 01 CD A2
2026-03-23 16:33:48.344 DEBU [pymycobot.common] _write: FE FE 03 2B D3 10 
2026-03-23 16:33:48.352 DEBU [pymycobot.common] _read : FE FE 04 2B 01 CD A2
2026-03-23 16:33:48.374 DEBU [pymycobot.common] _write: FE FE 03 2B D3 10 
2026-03-23 16:33:48.380 DEBU [pymycobot.common] _read : FE FE 04 2B 01 CD A2
2026-03-23 16:33:48.404 DEBU [pymycobot.common] _write: FE FE 03 2B D3 10 
2026-03-23 16:33:48.412 DEBU [pymycobot.common] _read : FE FE 04 2B 01 CD A2
2026-03-23 16:33:48.434 DEBU [pymycobot.common] _write: FE FE 03 2B D3 10 
2026-03-23 16:33:48.441 DEBU [pymycobot.common] _read : FE FE 04 2B 01 CD A2
2026-03-23 16:33:48.464 DEBU [pymycobot.common] _write: FE FE 03 2B D3 10 
2026-03-23 16:33:48.472 DEBU [pymycobot.common] _read : FE FE 04 2B 01 CD A2
2026-03-23 16:33:48.494 DEBU [pymycobot.common] _write: FE FE 03 2B D3 10 
2026-03-23 16:33:48.500 DEBU [pymycobot.common] _read : FE FE 04 2B 01 CD A2
2026-03-23 16:33:48.524 DEBU [pymycobot.common] _write: FE FE 03 2B D3 10 
2026-03-23 16:33:48.532 DEBU [pymycobot.common] _read : FE FE 04 2B 01 CD A2
2026-03-23 16:33:48.554 DEBU [pymycobot.common] _write: FE FE 03 2B D3 10 
2026-03-23 16:33:48.563 DEBU [pymycobot.common] _read : FE FE 04 2B 01 CD A2
2026-03-23 16:33:48.585 DEBU [pymycobot.common] _write: FE FE 03 2B D3 10 
2026-03-23 16:33:48.593 DEBU [pymycobot.common] _read : FE FE 04 2B 01 CD A2
2026-03-23 16:33:48.615 DEBU [pymycobot.common] _write: FE FE 03 2B D3 10 
2026-03-23 16:33:48.624 DEBU [pymycobot.common] _read : FE FE 04 2B 01 CD A2
2026-03-23 16:33:48.645 DEBU [pymycobot.common] _write: FE FE 03 2B D3 10 
2026-03-23 16:33:48.653 DEBU [pymycobot.common] _read : FE FE 04 2B 01 CD A2
2026-03-23 16:33:48.676 DEBU [pymycobot.common] _write: FE FE 03 2B D3 10 
2026-03-23 16:33:48.684 DEBU [pymycobot.common] _read : FE FE 04 2B 01 CD A2
2026-03-23 16:33:48.707 DEBU [pymycobot.common] _write: FE FE 03 2B D3 10 
2026-03-23 16:33:48.714 DEBU [pymycobot.common] _read : FE FE 04 2B 01 CD A2
2026-03-23 16:33:48.737 DEBU [pymycobot.common] _write: FE FE 03 2B D3 10 
2026-03-23 16:33:48.744 DEBU [pymycobot.common] _read : FE FE 04 2B 01 CD A2
2026-03-23 16:33:48.767 DEBU [pymycobot.common] _write: FE FE 03 2B D3 10 
2026-03-23 16:33:48.774 DEBU [pymycobot.common] _read : FE FE 04 2B 01 CD A2
2026-03-23 16:33:48.797 DEBU [pymycobot.common] _write: FE FE 03 2B D3 10 
2026-03-23 16:33:48.804 DEBU [pymycobot.common] _read : FE FE 04 2B 01 CD A2
2026-03-23 16:33:48.827 DEBU [pymycobot.common] _write: FE FE 03 2B D3 10 
2026-03-23 16:33:48.835 DEBU [pymycobot.common] _read : FE FE 04 2B 01 CD A2
2026-03-23 16:33:48.857 DEBU [pymycobot.common] _write: FE FE 03 2B D3 10 
2026-03-23 16:33:48.864 DEBU [pymycobot.common] _read : FE FE 04 2B 01 CD A2
2026-03-23 16:33:48.887 DEBU [pymycobot.common] _write: FE FE 03 2B D3 10 
2026-03-23 16:33:48.895 DEBU [pymycobot.common] _read : FE FE 04 2B 01 CD A2
2026-03-23 16:33:48.917 DEBU [pymycobot.common] _write: FE FE 03 2B D3 10 
2026-03-23 16:33:48.925 DEBU [pymycobot.common] _read : FE FE 04 2B 01 CD A2
2026-03-23 16:33:48.948 DEBU [pymycobot.common] _write: FE FE 03 2B D3 10 
2026-03-23 16:33:48.956 DEBU [pymycobot.common] _read : FE FE 04 2B 01 CD A2
2026-03-23 16:33:48.978 DEBU [pymycobot.common] _write: FE FE 03 2B D3 10 
2026-03-23 16:33:48.985 DEBU [pymycobot.common] _read : FE FE 04 2B 01 CD A2
2026-03-23 16:33:49.008 DEBU [pymycobot.common] _write: FE FE 03 2B D3 10 
2026-03-23 16:33:49.016 DEBU [pymycobot.common] _read : FE FE 04 2B 01 CD A2
2026-03-23 16:33:49.039 DEBU [pymycobot.common] _write: FE FE 03 2B D3 10 
2026-03-23 16:33:49.046 DEBU [pymycobot.common] _read : FE FE 04 2B 01 CD A2
2026-03-23 16:33:49.069 DEBU [pymycobot.common] _write: FE FE 03 2B D3 10 
2026-03-23 16:33:49.076 DEBU [pymycobot.common] _read : FE FE 04 2B 01 CD A2
2026-03-23 16:33:49.099 DEBU [pymycobot.common] _write: FE FE 03 2B D3 10 
2026-03-23 16:33:49.106 DEBU [pymycobot.common] _read : FE FE 04 2B 01 CD A2
2026-03-23 16:33:49.129 DEBU [pymycobot.common] _write: FE FE 03 2B D3 10 
2026-03-23 16:33:49.136 DEBU [pymycobot.common] _read : FE FE 04 2B 01 CD A2
2026-03-23 16:33:49.159 DEBU [pymycobot.common] _write: FE FE 03 2B D3 10 
2026-03-23 16:33:49.167 DEBU [pymycobot.common] _read : FE FE 04 2B 01 CD A2
2026-03-23 16:33:49.189 DEBU [pymycobot.common] _write: FE FE 03 2B D3 10 
2026-03-23 16:33:49.197 DEBU [pymycobot.common] _read : FE FE 04 2B 01 CD A2
2026-03-23 16:33:49.219 DEBU [pymycobot.common] _write: FE FE 03 2B D3 10 
2026-03-23 16:33:49.227 DEBU [pymycobot.common] _read : FE FE 04 2B 01 CD A2
2026-03-23 16:33:49.249 DEBU [pymycobot.common] _write: FE FE 03 2B D3 10 
2026-03-23 16:33:49.256 DEBU [pymycobot.common] _read : FE FE 04 2B 01 CD A2
2026-03-23 16:33:49.279 DEBU [pymycobot.common] _write: FE FE 03 2B D3 10 
2026-03-23 16:33:49.286 DEBU [pymycobot.common] _read : FE FE 04 2B 01 CD A2
2026-03-23 16:33:49.309 DEBU [pymycobot.common] _write: FE FE 03 2B D3 10 
2026-03-23 16:33:49.317 DEBU [pymycobot.common] _read : FE FE 04 2B 01 CD A2
2026-03-23 16:33:49.339 DEBU [pymycobot.common] _write: FE FE 03 2B D3 10 
2026-03-23 16:33:49.346 DEBU [pymycobot.common] _read : FE FE 04 2B 01 CD A2
2026-03-23 16:33:49.369 DEBU [pymycobot.common] _write: FE FE 03 2B D3 10 
2026-03-23 16:33:49.376 DEBU [pymycobot.common] _read : FE FE 04 2B 01 CD A2
2026-03-23 16:33:49.400 DEBU [pymycobot.common] _write: FE FE 03 2B D3 10 
2026-03-23 16:33:49.406 DEBU [pymycobot.common] _read : FE FE 04 2B 01 CD A2
2026-03-23 16:33:49.431 DEBU [pymycobot.common] _write: FE FE 03 2B D3 10 
2026-03-23 16:33:49.438 DEBU [pymycobot.common] _read : FE FE 04 2B 01 CD A2
2026-03-23 16:33:49.462 DEBU [pymycobot.common] _write: FE FE 03 2B D3 10 
2026-03-23 16:33:49.469 DEBU [pymycobot.common] _read : FE FE 04 2B 01 CD A2
2026-03-23 16:33:49.492 DEBU [pymycobot.common] _write: FE FE 03 2B D3 10 
2026-03-23 16:33:49.500 DEBU [pymycobot.common] _read : FE FE 04 2B 01 CD A2
2026-03-23 16:33:49.522 DEBU [pymycobot.common] _write: FE FE 03 2B D3 10 
2026-03-23 16:33:49.530 DEBU [pymycobot.common] _read : FE FE 04 2B 01 CD A2
2026-03-23 16:33:49.552 DEBU [pymycobot.common] _write: FE FE 03 2B D3 10 
2026-03-23 16:33:49.559 DEBU [pymycobot.common] _read : FE FE 04 2B 01 CD A2
2026-03-23 16:33:49.582 DEBU [pymycobot.common] _write: FE FE 03 2B D3 10 
2026-03-23 16:33:49.589 DEBU [pymycobot.common] _read : FE FE 04 2B 01 CD A2
2026-03-23 16:33:49.612 DEBU [pymycobot.common] _write: FE FE 03 2B D3 10 
2026-03-23 16:33:49.619 DEBU [pymycobot.common] _read : FE FE 04 2B 01 CD A2
2026-03-23 16:33:49.643 DEBU [pymycobot.common] _write: FE FE 03 2B D3 10 
2026-03-23 16:33:49.651 DEBU [pymycobot.common] _read : FE FE 04 2B 01 CD A2
2026-03-23 16:33:49.673 DEBU [pymycobot.common] _write: FE FE 03 2B D3 10 
2026-03-23 16:33:49.680 DEBU [pymycobot.common] _read : FE FE 04 2B 01 CD A2
2026-03-23 16:33:49.704 DEBU [pymycobot.common] _write: FE FE 03 2B D3 10 
2026-03-23 16:33:49.711 DEBU [pymycobot.common] _read : FE FE 04 2B 01 CD A2
2026-03-23 16:33:49.734 DEBU [pymycobot.common] _write: FE FE 03 2B D3 10 
2026-03-23 16:33:49.741 DEBU [pymycobot.common] _read : FE FE 04 2B 01 CD A2
2026-03-23 16:33:49.764 DEBU [pymycobot.common] _write: FE FE 03 2B D3 10 
2026-03-23 16:33:49.771 DEBU [pymycobot.common] _read : FE FE 04 2B 01 CD A2
2026-03-23 16:33:49.794 DEBU [pymycobot.common] _write: FE FE 03 2B D3 10 
2026-03-23 16:33:49.802 DEBU [pymycobot.common] _read : FE FE 04 2B 01 CD A2
2026-03-23 16:33:49.824 DEBU [pymycobot.common] _write: FE FE 03 2B D3 10 
2026-03-23 16:33:49.831 DEBU [pymycobot.common] _read : FE FE 04 2B 01 CD A2
2026-03-23 16:33:49.854 DEBU [pymycobot.common] _write: FE FE 03 2B D3 10 
2026-03-23 16:33:49.862 DEBU [pymycobot.common] _read : FE FE 04 2B 01 CD A2
2026-03-23 16:33:49.884 DEBU [pymycobot.common] _write: FE FE 03 2B D3 10 
2026-03-23 16:33:49.891 DEBU [pymycobot.common] _read : FE FE 04 2B 01 CD A2
2026-03-23 16:33:49.914 DEBU [pymycobot.common] _write: FE FE 03 2B D3 10 
2026-03-23 16:33:49.922 DEBU [pymycobot.common] _read : FE FE 04 2B 01 CD A2
2026-03-23 16:33:49.944 DEBU [pymycobot.common] _write: FE FE 03 2B D3 10 
2026-03-23 16:33:49.951 DEBU [pymycobot.common] _read : FE FE 04 2B 01 CD A2
2026-03-23 16:33:49.974 DEBU [pymycobot.common] _write: FE FE 03 2B D3 10 
2026-03-23 16:33:49.981 DEBU [pymycobot.common] _read : FE FE 04 2B 01 CD A2
2026-03-23 16:33:50.004 DEBU [pymycobot.common] _write: FE FE 03 2B D3 10 
2026-03-23 16:33:50.011 DEBU [pymycobot.common] _read : FE FE 04 2B 01 CD A2
2026-03-23 16:33:50.035 DEBU [pymycobot.common] _write: FE FE 03 2B D3 10 
2026-03-23 16:33:50.044 DEBU [pymycobot.common] _read : FE FE 04 2B 01 CD A2
2026-03-23 16:33:50.065 DEBU [pymycobot.common] _write: FE FE 03 2B D3 10 
2026-03-23 16:33:50.072 DEBU [pymycobot.common] _read : FE FE 04 2B 01 CD A2
2026-03-23 16:33:50.095 DEBU [pymycobot.common] _write: FE FE 03 2B D3 10 
2026-03-23 16:33:50.103 DEBU [pymycobot.common] _read : FE FE 04 2B 01 CD A2
2026-03-23 16:33:50.125 DEBU [pymycobot.common] _write: FE FE 03 2B D3 10 
2026-03-23 16:33:50.132 DEBU [pymycobot.common] _read : FE FE 04 2B 01 CD A2
2026-03-23 16:33:50.155 DEBU [pymycobot.common] _write: FE FE 03 2B D3 10 
2026-03-23 16:33:50.162 DEBU [pymycobot.common] _read : FE FE 04 2B 01 CD A2
2026-03-23 16:33:50.185 DEBU [pymycobot.common] _write: FE FE 03 2B D3 10 
2026-03-23 16:33:50.192 DEBU [pymycobot.common] _read : FE FE 04 2B 01 CD A2
2026-03-23 16:33:50.215 DEBU [pymycobot.common] _write: FE FE 03 2B D3 10 
2026-03-23 16:33:50.221 DEBU [pymycobot.common] _read : FE FE 04 2B 01 CD A2
2026-03-23 16:33:50.245 DEBU [pymycobot.common] _write: FE FE 03 2B D3 10 
2026-03-23 16:33:50.252 DEBU [pymycobot.common] _read : FE FE 04 2B 01 CD A2
2026-03-23 16:33:50.275 DEBU [pymycobot.common] _write: FE FE 03 2B D3 10 
2026-03-23 16:33:50.283 DEBU [pymycobot.common] _read : FE FE 04 2B 01 CD A2
2026-03-23 16:33:50.305 DEBU [pymycobot.common] _write: FE FE 03 2B D3 10 
2026-03-23 16:33:50.313 DEBU [pymycobot.common] _read : FE FE 04 2B 01 CD A2
2026-03-23 16:33:50.336 DEBU [pymycobot.common] _write: FE FE 03 2B D3 10 
2026-03-23 16:33:50.342 DEBU [pymycobot.common] _read : FE FE 04 2B 01 CD A2
2026-03-23 16:33:50.366 DEBU [pymycobot.common] _write: FE FE 03 2B D3 10 
2026-03-23 16:33:50.374 DEBU [pymycobot.common] _read : FE FE 04 2B 01 CD A2
2026-03-23 16:33:50.395 DEBU [pymycobot.common] _write: FE FE 03 2B D3 10 
2026-03-23 16:33:50.403 DEBU [pymycobot.common] _read : FE FE 04 2B 01 CD A2
2026-03-23 16:33:50.426 DEBU [pymycobot.common] _write: FE FE 03 2B D3 10 
2026-03-23 16:33:50.432 DEBU [pymycobot.common] _read : FE FE 04 2B 01 CD A2
2026-03-23 16:33:50.455 DEBU [pymycobot.common] _write: FE FE 03 2B D3 10 
2026-03-23 16:33:50.462 DEBU [pymycobot.common] _read : FE FE 04 2B 01 CD A2
2026-03-23 16:33:50.486 DEBU [pymycobot.common] _write: FE FE 03 2B D3 10 
2026-03-23 16:33:50.492 DEBU [pymycobot.common] _read : FE FE 04 2B 01 CD A2
2026-03-23 16:33:50.516 DEBU [pymycobot.common] _write: FE FE 03 2B D3 10 
2026-03-23 16:33:50.522 DEBU [pymycobot.common] _read : FE FE 04 2B 01 CD A2
2026-03-23 16:33:50.546 DEBU [pymycobot.common] _write: FE FE 03 2B D3 10 
2026-03-23 16:33:50.552 DEBU [pymycobot.common] _read : FE FE 04 2B 01 CD A2
2026-03-23 16:33:50.576 DEBU [pymycobot.common] _write: FE FE 03 2B D3 10 
2026-03-23 16:33:50.582 DEBU [pymycobot.common] _read : FE FE 04 2B 01 CD A2
2026-03-23 16:33:50.606 DEBU [pymycobot.common] _write: FE FE 03 2B D3 10 
2026-03-23 16:33:50.612 DEBU [pymycobot.common] _read : FE FE 04 2B 01 CD A2
2026-03-23 16:33:50.636 DEBU [pymycobot.common] _write: FE FE 03 2B D3 10 
2026-03-23 16:33:50.643 DEBU [pymycobot.common] _read : FE FE 04 2B 01 CD A2
2026-03-23 16:33:50.667 DEBU [pymycobot.common] _write: FE FE 03 2B D3 10 
2026-03-23 16:33:50.673 DEBU [pymycobot.common] _read : FE FE 04 2B 01 CD A2
2026-03-23 16:33:50.698 DEBU [pymycobot.common] _write: FE FE 03 2B D3 10 
2026-03-23 16:33:50.704 DEBU [pymycobot.common] _read : FE FE 04 2B 01 CD A2
2026-03-23 16:33:50.728 DEBU [pymycobot.common] _write: FE FE 03 2B D3 10 
2026-03-23 16:33:50.734 DEBU [pymycobot.common] _read : FE FE 04 2B 01 CD A2
2026-03-23 16:33:50.758 DEBU [pymycobot.common] _write: FE FE 03 2B D3 10 
2026-03-23 16:33:50.764 DEBU [pymycobot.common] _read : FE FE 04 2B 01 CD A2
2026-03-23 16:33:50.788 DEBU [pymycobot.common] _write: FE FE 03 2B D3 10 
2026-03-23 16:33:50.794 DEBU [pymycobot.common] _read : FE FE 04 2B 01 CD A2
2026-03-23 16:33:50.818 DEBU [pymycobot.common] _write: FE FE 03 2B D3 10 
2026-03-23 16:33:50.823 DEBU [pymycobot.common] _read : FE FE 04 2B 01 CD A2
2026-03-23 16:33:50.848 DEBU [pymycobot.common] _write: FE FE 03 2B D3 10 
2026-03-23 16:33:50.855 DEBU [pymycobot.common] _read : FE FE 04 2B 01 CD A2
2026-03-23 16:33:50.878 DEBU [pymycobot.common] _write: FE FE 03 2B D3 10 
2026-03-23 16:33:50.884 DEBU [pymycobot.common] _read : FE FE 04 2B 01 CD A2
2026-03-23 16:33:50.908 DEBU [pymycobot.common] _write: FE FE 03 2B D3 10 
2026-03-23 16:33:50.915 DEBU [pymycobot.common] _read : FE FE 04 2B 01 CD A2
2026-03-23 16:33:50.938 DEBU [pymycobot.common] _write: FE FE 03 2B D3 10 
2026-03-23 16:33:50.943 DEBU [pymycobot.common] _read : FE FE 04 2B 01 CD A2
2026-03-23 16:33:50.968 DEBU [pymycobot.common] _write: FE FE 03 2B D3 10 
2026-03-23 16:33:50.974 DEBU [pymycobot.common] _read : FE FE 04 2B 01 CD A2
2026-03-23 16:33:50.998 DEBU [pymycobot.common] _write: FE FE 03 2B D3 10 
2026-03-23 16:33:51.005 DEBU [pymycobot.common] _read : FE FE 04 2B 01 CD A2
2026-03-23 16:33:51.028 DEBU [pymycobot.common] _write: FE FE 03 2B D3 10 
2026-03-23 16:33:51.035 DEBU [pymycobot.common] _read : FE FE 04 2B 01 CD A2
2026-03-23 16:33:51.058 DEBU [pymycobot.common] _write: FE FE 03 2B D3 10 
2026-03-23 16:33:51.065 DEBU [pymycobot.common] _read : FE FE 04 2B 01 CD A2
2026-03-23 16:33:51.088 DEBU [pymycobot.common] _write: FE FE 03 2B D3 10 
2026-03-23 16:33:51.094 DEBU [pymycobot.common] _read : FE FE 04 2B 01 CD A2
2026-03-23 16:33:51.118 DEBU [pymycobot.common] _write: FE FE 03 2B D3 10 
2026-03-23 16:33:51.123 DEBU [pymycobot.common] _read : FE FE 04 2B 01 CD A2
2026-03-23 16:33:51.148 DEBU [pymycobot.common] _write: FE FE 03 2B D3 10 
2026-03-23 16:33:51.153 DEBU [pymycobot.common] _read : FE FE 04 2B 01 CD A2
2026-03-23 16:33:51.178 DEBU [pymycobot.common] _write: FE FE 03 2B D3 10 
2026-03-23 16:33:51.184 DEBU [pymycobot.common] _read : FE FE 04 2B 01 CD A2
2026-03-23 16:33:51.208 DEBU [pymycobot.common] _write: FE FE 03 2B D3 10 
2026-03-23 16:33:51.214 DEBU [pymycobot.common] _read : FE FE 04 2B 01 CD A2
2026-03-23 16:33:51.238 DEBU [pymycobot.common] _write: FE FE 03 2B D3 10 
2026-03-23 16:33:51.244 DEBU [pymycobot.common] _read : FE FE 04 2B 01 CD A2
2026-03-23 16:33:51.269 DEBU [pymycobot.common] _write: FE FE 03 2B D3 10 
2026-03-23 16:33:51.275 DEBU [pymycobot.common] _read : FE FE 04 2B 01 CD A2
2026-03-23 16:33:51.299 DEBU [pymycobot.common] _write: FE FE 03 2B D3 10 
2026-03-23 16:33:51.304 DEBU [pymycobot.common] _read : FE FE 04 2B 01 CD A2
2026-03-23 16:33:51.329 DEBU [pymycobot.common] _write: FE FE 03 2B D3 10 
2026-03-23 16:33:51.336 DEBU [pymycobot.common] _read : FE FE 04 2B 01 CD A2
2026-03-23 16:33:51.359 DEBU [pymycobot.common] _write: FE FE 03 2B D3 10 
2026-03-23 16:33:51.365 DEBU [pymycobot.common] _read : FE FE 04 2B 01 CD A2
2026-03-23 16:33:51.389 DEBU [pymycobot.common] _write: FE FE 03 2B D3 10 
2026-03-23 16:33:51.396 DEBU [pymycobot.common] _read : FE FE 04 2B 01 CD A2
2026-03-23 16:33:51.419 DEBU [pymycobot.common] _write: FE FE 03 2B D3 10 
2026-03-23 16:33:51.425 DEBU [pymycobot.common] _read : FE FE 04 2B 01 CD A2
2026-03-23 16:33:51.449 DEBU [pymycobot.common] _write: FE FE 03 2B D3 10 
2026-03-23 16:33:51.455 DEBU [pymycobot.common] _read : FE FE 04 2B 01 CD A2
2026-03-23 16:33:51.479 DEBU [pymycobot.common] _write: FE FE 03 2B D3 10 
2026-03-23 16:33:51.485 DEBU [pymycobot.common] _read : FE FE 04 2B 01 CD A2
2026-03-23 16:33:51.509 DEBU [pymycobot.common] _write: FE FE 03 2B D3 10 
2026-03-23 16:33:51.516 DEBU [pymycobot.common] _read : FE FE 04 2B 01 CD A2
2026-03-23 16:33:51.539 DEBU [pymycobot.common] _write: FE FE 03 2B D3 10 
2026-03-23 16:33:51.545 DEBU [pymycobot.common] _read : FE FE 04 2B 01 CD A2
2026-03-23 16:33:51.569 DEBU [pymycobot.common] _write: FE FE 03 2B D3 10 
2026-03-23 16:33:51.575 DEBU [pymycobot.common] _read : FE FE 04 2B 01 CD A2
2026-03-23 16:33:51.599 DEBU [pymycobot.common] _write: FE FE 03 2B D3 10 
2026-03-23 16:33:51.605 DEBU [pymycobot.common] _read : FE FE 04 2B 01 CD A2
2026-03-23 16:33:51.629 DEBU [pymycobot.common] _write: FE FE 03 2B D3 10 
2026-03-23 16:33:51.636 DEBU [pymycobot.common] _read : FE FE 04 2B 01 CD A2
2026-03-23 16:33:51.660 DEBU [pymycobot.common] _write: FE FE 03 2B D3 10 
2026-03-23 16:33:51.666 DEBU [pymycobot.common] _read : FE FE 04 2B 01 CD A2
2026-03-23 16:33:51.690 DEBU [pymycobot.common] _write: FE FE 03 2B D3 10 
2026-03-23 16:33:51.697 DEBU [pymycobot.common] _read : FE FE 04 2B 01 CD A2
2026-03-23 16:33:51.721 DEBU [pymycobot.common] _write: FE FE 03 2B D3 10 
2026-03-23 16:33:51.728 DEBU [pymycobot.common] _read : FE FE 04 2B 01 CD A2
2026-03-23 16:33:51.751 DEBU [pymycobot.common] _write: FE FE 03 2B D3 10 
2026-03-23 16:33:51.757 DEBU [pymycobot.common] _read : FE FE 04 2B 01 CD A2
2026-03-23 16:33:51.781 DEBU [pymycobot.common] _write: FE FE 03 2B D3 10 
2026-03-23 16:33:51.787 DEBU [pymycobot.common] _read : FE FE 04 2B 01 CD A2
2026-03-23 16:33:51.811 DEBU [pymycobot.common] _write: FE FE 03 2B D3 10 
2026-03-23 16:33:51.817 DEBU [pymycobot.common] _read : FE FE 04 2B 01 CD A2
2026-03-23 16:33:51.841 DEBU [pymycobot.common] _write: FE FE 03 2B D3 10 
2026-03-23 16:33:51.846 DEBU [pymycobot.common] _read : FE FE 04 2B 01 CD A2
2026-03-23 16:33:51.871 DEBU [pymycobot.common] _write: FE FE 03 2B D3 10 
2026-03-23 16:33:51.879 DEBU [pymycobot.common] _read : FE FE 04 2B 01 CD A2
2026-03-23 16:33:51.901 DEBU [pymycobot.common] _write: FE FE 03 2B D3 10 
2026-03-23 16:33:51.906 DEBU [pymycobot.common] _read : FE FE 04 2B 01 CD A2
2026-03-23 16:33:51.931 DEBU [pymycobot.common] _write: FE FE 03 2B D3 10 
2026-03-23 16:33:51.937 DEBU [pymycobot.common] _read : FE FE 04 2B 01 CD A2
2026-03-23 16:33:51.961 DEBU [pymycobot.common] _write: FE FE 03 2B D3 10 
2026-03-23 16:33:51.968 DEBU [pymycobot.common] _read : FE FE 04 2B 01 CD A2
2026-03-23 16:33:51.991 DEBU [pymycobot.common] _write: FE FE 03 2B D3 10 
2026-03-23 16:33:51.997 DEBU [pymycobot.common] _read : FE FE 04 2B 01 CD A2
2026-03-23 16:33:52.022 DEBU [pymycobot.common] _write: FE FE 03 2B D3 10 
2026-03-23 16:33:52.028 DEBU [pymycobot.common] _read : FE FE 04 2B 01 CD A2
2026-03-23 16:33:52.053 DEBU [pymycobot.common] _write: FE FE 03 2B D3 10 
2026-03-23 16:33:52.061 DEBU [pymycobot.common] _read : FE FE 04 2B 01 CD A2
2026-03-23 16:33:52.082 DEBU [pymycobot.common] _write: FE FE 03 2B D3 10 
2026-03-23 16:33:52.089 DEBU [pymycobot.common] _read : FE FE 04 2B 01 CD A2
2026-03-23 16:33:52.112 DEBU [pymycobot.common] _write: FE FE 03 2B D3 10 
2026-03-23 16:33:52.119 DEBU [pymycobot.common] _read : FE FE 04 2B 01 CD A2
2026-03-23 16:33:52.142 DEBU [pymycobot.common] _write: FE FE 03 2B D3 10 
2026-03-23 16:33:52.148 DEBU [pymycobot.common] _read : FE FE 04 2B 01 CD A2
2026-03-23 16:33:52.172 DEBU [pymycobot.common] _write: FE FE 03 2B D3 10 
2026-03-23 16:33:52.177 DEBU [pymycobot.common] _read : FE FE 04 2B 01 CD A2
2026-03-23 16:33:52.202 DEBU [pymycobot.common] _write: FE FE 03 2B D3 10 
2026-03-23 16:33:52.209 DEBU [pymycobot.common] _read : FE FE 04 2B 01 CD A2
2026-03-23 16:33:52.232 DEBU [pymycobot.common] _write: FE FE 03 2B D3 10 
2026-03-23 16:33:52.238 DEBU [pymycobot.common] _read : FE FE 04 2B 01 CD A2
2026-03-23 16:33:52.262 DEBU [pymycobot.common] _write: FE FE 03 2B D3 10 
2026-03-23 16:33:52.270 DEBU [pymycobot.common] _read : FE FE 04 2B 01 CD A2
2026-03-23 16:33:52.293 DEBU [pymycobot.common] _write: FE FE 03 2B D3 10 
2026-03-23 16:33:52.302 DEBU [pymycobot.common] _read : FE FE 04 2B 01 CD A2
2026-03-23 16:33:52.323 DEBU [pymycobot.common] _write: FE FE 03 2B D3 10 
2026-03-23 16:33:52.328 DEBU [pymycobot.common] _read : FE FE 04 2B 01 CD A2
2026-03-23 16:33:52.353 DEBU [pymycobot.common] _write: FE FE 03 2B D3 10 
2026-03-23 16:33:52.359 DEBU [pymycobot.common] _read : FE FE 04 2B 01 CD A2
2026-03-23 16:33:52.383 DEBU [pymycobot.common] _write: FE FE 03 2B D3 10 
2026-03-23 16:33:52.390 DEBU [pymycobot.common] _read : FE FE 04 2B 01 CD A2
2026-03-23 16:33:52.413 DEBU [pymycobot.common] _write: FE FE 03 2B D3 10 
2026-03-23 16:33:52.420 DEBU [pymycobot.common] _read : FE FE 04 2B 01 CD A2
2026-03-23 16:33:52.443 DEBU [pymycobot.common] _write: FE FE 03 2B D3 10 
2026-03-23 16:33:52.449 DEBU [pymycobot.common] _read : FE FE 04 2B 01 CD A2
2026-03-23 16:33:52.473 DEBU [pymycobot.common] _write: FE FE 03 2B D3 10 
2026-03-23 16:33:52.481 DEBU [pymycobot.common] _read : FE FE 04 2B 01 CD A2
2026-03-23 16:33:52.504 DEBU [pymycobot.common] _write: FE FE 03 2B D3 10 
2026-03-23 16:33:52.510 DEBU [pymycobot.common] _read : FE FE 04 2B 01 CD A2
2026-03-23 16:33:52.534 DEBU [pymycobot.common] _write: FE FE 03 2B D3 10 
2026-03-23 16:33:52.540 DEBU [pymycobot.common] _read : FE FE 04 2B 01 CD A2
2026-03-23 16:33:52.564 DEBU [pymycobot.common] _write: FE FE 03 2B D3 10 
2026-03-23 16:33:52.569 DEBU [pymycobot.common] _read : FE FE 04 2B 01 CD A2
2026-03-23 16:33:52.594 DEBU [pymycobot.common] _write: FE FE 03 2B D3 10 
2026-03-23 16:33:52.601 DEBU [pymycobot.common] _read : FE FE 04 2B 01 CD A2
2026-03-23 16:33:52.624 DEBU [pymycobot.common] _write: FE FE 03 2B D3 10 
2026-03-23 16:33:52.631 DEBU [pymycobot.common] _read : FE FE 04 2B 01 CD A2
2026-03-23 16:33:52.654 DEBU [pymycobot.common] _write: FE FE 03 2B D3 10 
2026-03-23 16:33:52.662 DEBU [pymycobot.common] _read : FE FE 04 2B 01 CD A2
2026-03-23 16:33:52.685 DEBU [pymycobot.common] _write: FE FE 03 2B D3 10 
2026-03-23 16:33:52.694 DEBU [pymycobot.common] _read : FE FE 04 2B 01 CD A2
2026-03-23 16:33:52.716 DEBU [pymycobot.common] _write: FE FE 03 2B D3 10 
2026-03-23 16:33:52.722 DEBU [pymycobot.common] _read : FE FE 04 2B 01 CD A2
2026-03-23 16:33:52.746 DEBU [pymycobot.common] _write: FE FE 03 2B D3 10 
2026-03-23 16:33:52.754 DEBU [pymycobot.common] _read : FE FE 04 2B 01 CD A2
2026-03-23 16:33:52.776 DEBU [pymycobot.common] _write: FE FE 03 2B D3 10 
2026-03-23 16:33:52.782 DEBU [pymycobot.common] _read : FE FE 04 2B 01 CD A2
2026-03-23 16:33:52.806 DEBU [pymycobot.common] _write: FE FE 03 2B D3 10 
2026-03-23 16:33:52.812 DEBU [pymycobot.common] _read : FE FE 04 2B 01 CD A2
2026-03-23 16:33:52.836 DEBU [pymycobot.common] _write: FE FE 03 2B D3 10 
2026-03-23 16:33:52.843 DEBU [pymycobot.common] _read : FE FE 04 2B 01 CD A2
2026-03-23 16:33:52.866 DEBU [pymycobot.common] _write: FE FE 03 2B D3 10 
2026-03-23 16:33:52.872 DEBU [pymycobot.common] _read : FE FE 04 2B 01 CD A2
2026-03-23 16:33:52.896 DEBU [pymycobot.common] _write: FE FE 03 2B D3 10 
2026-03-23 16:33:52.903 DEBU [pymycobot.common] _read : FE FE 04 2B 01 CD A2
2026-03-23 16:33:52.926 DEBU [pymycobot.common] _write: FE FE 03 2B D3 10 
2026-03-23 16:33:52.932 DEBU [pymycobot.common] _read : FE FE 04 2B 01 CD A2
2026-03-23 16:33:52.956 DEBU [pymycobot.common] _write: FE FE 03 2B D3 10 
2026-03-23 16:33:52.961 DEBU [pymycobot.common] _read : FE FE 04 2B 01 CD A2
2026-03-23 16:33:52.986 DEBU [pymycobot.common] _write: FE FE 03 2B D3 10 
2026-03-23 16:33:52.993 DEBU [pymycobot.common] _read : FE FE 04 2B 01 CD A2
2026-03-23 16:33:53.016 DEBU [pymycobot.common] _write: FE FE 03 2B D3 10 
2026-03-23 16:33:53.022 DEBU [pymycobot.common] _read : FE FE 04 2B 01 CD A2
2026-03-23 16:33:53.046 DEBU [pymycobot.common] _write: FE FE 03 2B D3 10 
2026-03-23 16:33:53.052 DEBU [pymycobot.common] _read : FE FE 04 2B 01 CD A2
2026-03-23 16:33:53.077 DEBU [pymycobot.common] _write: FE FE 03 2B D3 10 
2026-03-23 16:33:53.083 DEBU [pymycobot.common] _read : FE FE 04 2B 01 CD A2
2026-03-23 16:33:53.107 DEBU [pymycobot.common] _write: FE FE 03 2B D3 10 
2026-03-23 16:33:53.114 DEBU [pymycobot.common] _read : FE FE 04 2B 01 CD A2
2026-03-23 16:33:53.137 DEBU [pymycobot.common] _write: FE FE 03 2B D3 10 
2026-03-23 16:33:53.143 DEBU [pymycobot.common] _read : FE FE 04 2B 01 CD A2
2026-03-23 16:33:53.167 DEBU [pymycobot.common] _write: FE FE 03 2B D3 10 
2026-03-23 16:33:53.173 DEBU [pymycobot.common] _read : FE FE 04 2B 01 CD A2
2026-03-23 16:33:53.197 DEBU [pymycobot.common] _write: FE FE 03 2B D3 10 
2026-03-23 16:33:53.202 DEBU [pymycobot.common] _read : FE FE 04 2B 01 CD A2
2026-03-23 16:33:53.227 DEBU [pymycobot.common] _write: FE FE 03 2B D3 10 
2026-03-23 16:33:53.234 DEBU [pymycobot.common] _read : FE FE 04 2B 01 CD A2
2026-03-23 16:33:53.257 DEBU [pymycobot.common] _write: FE FE 03 2B D3 10 
2026-03-23 16:33:53.263 DEBU [pymycobot.common] _read : FE FE 04 2B 01 CD A2
2026-03-23 16:33:53.287 DEBU [pymycobot.common] _write: FE FE 03 2B D3 10 
2026-03-23 16:33:53.294 DEBU [pymycobot.common] _read : FE FE 04 2B 01 CD A2
2026-03-23 16:33:53.317 DEBU [pymycobot.common] _write: FE FE 03 2B D3 10 
2026-03-23 16:33:53.325 DEBU [pymycobot.common] _read : FE FE 04 2B 01 CD A2
2026-03-23 16:33:53.348 DEBU [pymycobot.common] _write: FE FE 03 2B D3 10 
2026-03-23 16:33:53.354 DEBU [pymycobot.common] _read : FE FE 04 2B 01 CD A2
2026-03-23 16:33:53.378 DEBU [pymycobot.common] _write: FE FE 03 2B D3 10 
2026-03-23 16:33:53.384 DEBU [pymycobot.common] _read : FE FE 04 2B 01 CD A2
2026-03-23 16:33:53.408 DEBU [pymycobot.common] _write: FE FE 03 2B D3 10 
2026-03-23 16:33:53.414 DEBU [pymycobot.common] _read : FE FE 04 2B 01 CD A2
2026-03-23 16:33:53.438 DEBU [pymycobot.common] _write: FE FE 03 2B D3 10 
2026-03-23 16:33:53.445 DEBU [pymycobot.common] _read : FE FE 04 2B 01 CD A2
2026-03-23 16:33:53.468 DEBU [pymycobot.common] _write: FE FE 03 2B D3 10 
2026-03-23 16:33:53.475 DEBU [pymycobot.common] _read : FE FE 04 2B 01 CD A2
2026-03-23 16:33:53.498 DEBU [pymycobot.common] _write: FE FE 03 2B D3 10 
2026-03-23 16:33:53.505 DEBU [pymycobot.common] _read : FE FE 04 2B 01 CD A2
2026-03-23 16:33:53.528 DEBU [pymycobot.common] _write: FE FE 03 2B D3 10 
2026-03-23 16:33:53.536 DEBU [pymycobot.common] _read : FE FE 04 2B 01 CD A2
2026-03-23 16:33:53.558 DEBU [pymycobot.common] _write: FE FE 03 2B D3 10 
2026-03-23 16:33:53.565 DEBU [pymycobot.common] _read : FE FE 04 2B 01 CD A2
2026-03-23 16:33:53.588 DEBU [pymycobot.common] _write: FE FE 03 2B D3 10 
2026-03-23 16:33:53.595 DEBU [pymycobot.common] _read : FE FE 04 2B 01 CD A2
2026-03-23 16:33:53.618 DEBU [pymycobot.common] _write: FE FE 03 2B D3 10 
2026-03-23 16:33:53.625 DEBU [pymycobot.common] _read : FE FE 04 2B 01 CD A2
2026-03-23 16:33:53.649 DEBU [pymycobot.common] _write: FE FE 03 2B D3 10 
2026-03-23 16:33:53.655 DEBU [pymycobot.common] _read : FE FE 04 2B 01 CD A2
2026-03-23 16:33:53.679 DEBU [pymycobot.common] _write: FE FE 03 2B D3 10 
2026-03-23 16:33:53.689 DEBU [pymycobot.common] _read : FE FE 04 2B 01 CD A2
2026-03-23 16:33:53.711 DEBU [pymycobot.common] _write: FE FE 03 2B D3 10 
2026-03-23 16:33:53.716 DEBU [pymycobot.common] _read : FE FE 04 2B 01 CD A2
2026-03-23 16:33:53.741 DEBU [pymycobot.common] _write: FE FE 03 2B D3 10 
2026-03-23 16:33:53.747 DEBU [pymycobot.common] _read : FE FE 04 2B 01 CD A2
2026-03-23 16:33:53.771 DEBU [pymycobot.common] _write: FE FE 03 2B D3 10 
2026-03-23 16:33:53.776 DEBU [pymycobot.common] _read : FE FE 04 2B 01 CD A2
2026-03-23 16:33:53.801 DEBU [pymycobot.common] _write: FE FE 03 2B D3 10 
2026-03-23 16:33:53.807 DEBU [pymycobot.common] _read : FE FE 04 2B 01 CD A2
2026-03-23 16:33:53.831 DEBU [pymycobot.common] _write: FE FE 03 2B D3 10 
2026-03-23 16:33:53.837 DEBU [pymycobot.common] _read : FE FE 04 2B 01 CD A2
2026-03-23 16:33:53.861 DEBU [pymycobot.common] _write: FE FE 03 2B D3 10 
2026-03-23 16:33:53.868 DEBU [pymycobot.common] _read : FE FE 04 2B 01 CD A2
2026-03-23 16:33:53.891 DEBU [pymycobot.common] _write: FE FE 03 2B D3 10 
2026-03-23 16:33:53.898 DEBU [pymycobot.common] _read : FE FE 04 2B 01 CD A2
2026-03-23 16:33:53.921 DEBU [pymycobot.common] _write: FE FE 03 2B D3 10 
2026-03-23 16:33:53.929 DEBU [pymycobot.common] _read : FE FE 04 2B 01 CD A2
2026-03-23 16:33:53.951 DEBU [pymycobot.common] _write: FE FE 03 2B D3 10 
2026-03-23 16:33:53.960 DEBU [pymycobot.common] _read : FE FE 04 2B 01 CD A2
2026-03-23 16:33:53.981 DEBU [pymycobot.common] _write: FE FE 03 2B D3 10 
2026-03-23 16:33:53.988 DEBU [pymycobot.common] _read : FE FE 04 2B 01 CD A2
2026-03-23 16:33:54.011 DEBU [pymycobot.common] _write: FE FE 03 2B D3 10 
2026-03-23 16:33:54.017 DEBU [pymycobot.common] _read : FE FE 04 2B 01 CD A2
2026-03-23 16:33:54.041 DEBU [pymycobot.common] _write: FE FE 03 2B D3 10 
2026-03-23 16:33:54.048 DEBU [pymycobot.common] _read : FE FE 04 2B 01 CD A2
2026-03-23 16:33:54.072 DEBU [pymycobot.common] _write: FE FE 03 2B D3 10 
2026-03-23 16:33:54.080 DEBU [pymycobot.common] _read : FE FE 04 2B 01 CD A2
2026-03-23 16:33:54.102 DEBU [pymycobot.common] _write: FE FE 03 2B D3 10 
2026-03-23 16:33:54.111 DEBU [pymycobot.common] _read : FE FE 04 2B 01 CD A2
2026-03-23 16:33:54.132 DEBU [pymycobot.common] _write: FE FE 03 2B D3 10 
2026-03-23 16:33:54.139 DEBU [pymycobot.common] _read : FE FE 04 2B 01 CD A2
2026-03-23 16:33:54.162 DEBU [pymycobot.common] _write: FE FE 03 2B D3 10 
2026-03-23 16:33:54.169 DEBU [pymycobot.common] _read : FE FE 04 2B 01 CD A2
2026-03-23 16:33:54.192 DEBU [pymycobot.common] _write: FE FE 03 2B D3 10 
2026-03-23 16:33:54.199 DEBU [pymycobot.common] _read : FE FE 04 2B 01 CD A2
2026-03-23 16:33:54.222 DEBU [pymycobot.common] _write: FE FE 03 2B D3 10 
2026-03-23 16:33:54.230 DEBU [pymycobot.common] _read : FE FE 04 2B 01 CD A2
2026-03-23 16:33:54.252 DEBU [pymycobot.common] _write: FE FE 03 2B D3 10 
2026-03-23 16:33:54.260 DEBU [pymycobot.common] _read : FE FE 04 2B 01 CD A2
2026-03-23 16:33:54.282 DEBU [pymycobot.common] _write: FE FE 03 2B D3 10 
2026-03-23 16:33:54.288 DEBU [pymycobot.common] _read : FE FE 04 2B 01 CD A2
2026-03-23 16:33:54.312 DEBU [pymycobot.common] _write: FE FE 03 2B D3 10 
2026-03-23 16:33:54.319 DEBU [pymycobot.common] _read : FE FE 04 2B 01 CD A2
2026-03-23 16:33:54.342 DEBU [pymycobot.common] _write: FE FE 03 2B D3 10 
2026-03-23 16:33:54.350 DEBU [pymycobot.common] _read : FE FE 04 2B 01 CD A2
2026-03-23 16:33:54.373 DEBU [pymycobot.common] _write: FE FE 03 2B D3 10 
2026-03-23 16:33:54.381 DEBU [pymycobot.common] _read : FE FE 04 2B 01 CD A2
2026-03-23 16:33:54.404 DEBU [pymycobot.common] _write: FE FE 03 2B D3 10 
2026-03-23 16:33:54.410 DEBU [pymycobot.common] _read : FE FE 04 2B 01 CD A2
2026-03-23 16:33:54.434 DEBU [pymycobot.common] _write: FE FE 03 2B D3 10 
2026-03-23 16:33:54.441 DEBU [pymycobot.common] _read : FE FE 04 2B 01 CD A2
2026-03-23 16:33:54.464 DEBU [pymycobot.common] _write: FE FE 03 2B D3 10 
2026-03-23 16:33:54.471 DEBU [pymycobot.common] _read : FE FE 04 2B 01 CD A2
2026-03-23 16:33:54.494 DEBU [pymycobot.common] _write: FE FE 03 2B D3 10 
2026-03-23 16:33:54.500 DEBU [pymycobot.common] _read : FE FE 04 2B 01 CD A2
2026-03-23 16:33:54.524 DEBU [pymycobot.common] _write: FE FE 03 2B D3 10 
2026-03-23 16:33:54.532 DEBU [pymycobot.common] _read : FE FE 04 2B 01 CD A2
2026-03-23 16:33:54.554 DEBU [pymycobot.common] _write: FE FE 03 2B D3 10 
2026-03-23 16:33:54.561 DEBU [pymycobot.common] _read : FE FE 04 2B 01 CD A2
2026-03-23 16:33:54.584 DEBU [pymycobot.common] _write: FE FE 03 2B D3 10 
2026-03-23 16:33:54.592 DEBU [pymycobot.common] _read : FE FE 04 2B 01 CD A2
2026-03-23 16:33:54.614 DEBU [pymycobot.common] _write: FE FE 03 2B D3 10 
2026-03-23 16:33:54.621 DEBU [pymycobot.common] _read : FE FE 04 2B 01 CD A2
2026-03-23 16:33:54.644 DEBU [pymycobot.common] _write: FE FE 03 2B D3 10 
2026-03-23 16:33:54.651 DEBU [pymycobot.common] _read : FE FE 04 2B 01 CD A2
2026-03-23 16:33:54.674 DEBU [pymycobot.common] _write: FE FE 03 2B D3 10 
2026-03-23 16:33:54.682 DEBU [pymycobot.common] _read : FE FE 04 2B 01 CD A2
2026-03-23 16:33:54.705 DEBU [pymycobot.common] _write: FE FE 03 2B D3 10 
2026-03-23 16:33:54.713 DEBU [pymycobot.common] _read : FE FE 04 2B 01 CD A2
2026-03-23 16:33:54.736 DEBU [pymycobot.common] _write: FE FE 03 2B D3 10 
2026-03-23 16:33:54.743 DEBU [pymycobot.common] _read : FE FE 04 2B 01 CD A2
2026-03-23 16:33:54.766 DEBU [pymycobot.common] _write: FE FE 03 2B D3 10 
2026-03-23 16:33:54.773 DEBU [pymycobot.common] _read : FE FE 04 2B 01 CD A2
2026-03-23 16:33:54.796 DEBU [pymycobot.common] _write: FE FE 03 2B D3 10 
2026-03-23 16:33:54.803 DEBU [pymycobot.common] _read : FE FE 04 2B 01 CD A2
2026-03-23 16:33:54.826 DEBU [pymycobot.common] _write: FE FE 03 2B D3 10 
2026-03-23 16:33:54.833 DEBU [pymycobot.common] _read : FE FE 04 2B 01 CD A2
2026-03-23 16:33:54.856 DEBU [pymycobot.common] _write: FE FE 03 2B D3 10 
2026-03-23 16:33:54.863 DEBU [pymycobot.common] _read : FE FE 04 2B 01 CD A2
2026-03-23 16:33:54.886 DEBU [pymycobot.common] _write: FE FE 03 2B D3 10 
2026-03-23 16:33:54.894 DEBU [pymycobot.common] _read : FE FE 04 2B 01 CD A2
2026-03-23 16:33:54.916 DEBU [pymycobot.common] _write: FE FE 03 2B D3 10 
2026-03-23 16:33:54.923 DEBU [pymycobot.common] _read : FE FE 04 2B 01 CD A2
2026-03-23 16:33:54.946 DEBU [pymycobot.common] _write: FE FE 03 2B D3 10 
2026-03-23 16:33:54.953 DEBU [pymycobot.common] _read : FE FE 04 2B 01 CD A2
2026-03-23 16:33:54.976 DEBU [pymycobot.common] _write: FE FE 03 2B D3 10 
2026-03-23 16:33:54.983 DEBU [pymycobot.common] _read : FE FE 04 2B 01 CD A2
2026-03-23 16:33:55.006 DEBU [pymycobot.common] _write: FE FE 03 2B D3 10 
2026-03-23 16:33:55.013 DEBU [pymycobot.common] _read : FE FE 04 2B 01 CD A2
2026-03-23 16:33:55.036 DEBU [pymycobot.common] _write: FE FE 03 2B D3 10 
2026-03-23 16:33:55.045 DEBU [pymycobot.common] _read : FE FE 04 2B 01 CD A2
2026-03-23 16:33:55.066 DEBU [pymycobot.common] _write: FE FE 03 2B D3 10 
2026-03-23 16:33:55.074 DEBU [pymycobot.common] _read : FE FE 04 2B 01 CD A2
2026-03-23 16:33:55.097 DEBU [pymycobot.common] _write: FE FE 03 2B D3 10 
2026-03-23 16:33:55.104 DEBU [pymycobot.common] _read : FE FE 04 2B 01 CD A2
2026-03-23 16:33:55.127 DEBU [pymycobot.common] _write: FE FE 03 2B D3 10 
2026-03-23 16:33:55.134 DEBU [pymycobot.common] _read : FE FE 04 2B 01 CD A2
2026-03-23 16:33:55.157 DEBU [pymycobot.common] _write: FE FE 03 2B D3 10 
2026-03-23 16:33:55.164 DEBU [pymycobot.common] _read : FE FE 04 2B 01 CD A2
2026-03-23 16:33:55.187 DEBU [pymycobot.common] _write: FE FE 03 2B D3 10 
2026-03-23 16:33:55.194 DEBU [pymycobot.common] _read : FE FE 04 2B 01 CD A2
2026-03-23 16:33:55.217 DEBU [pymycobot.common] _write: FE FE 03 2B D3 10 
2026-03-23 16:33:55.226 DEBU [pymycobot.common] _read : FE FE 04 2B 01 CD A2
2026-03-23 16:33:55.247 DEBU [pymycobot.common] _write: FE FE 03 2B D3 10 
2026-03-23 16:33:55.253 DEBU [pymycobot.common] _read : FE FE 04 2B 01 CD A2
2026-03-23 16:33:55.277 DEBU [pymycobot.common] _write: FE FE 03 2B D3 10 
2026-03-23 16:33:55.285 DEBU [pymycobot.common] _read : FE FE 04 2B 01 CD A2
2026-03-23 16:33:55.307 DEBU [pymycobot.common] _write: FE FE 03 2B D3 10 
2026-03-23 16:33:55.314 DEBU [pymycobot.common] _read : FE FE 04 2B 01 CD A2
2026-03-23 16:33:55.337 DEBU [pymycobot.common] _write: FE FE 03 2B D3 10 
2026-03-23 16:33:55.344 DEBU [pymycobot.common] _read : FE FE 04 2B 01 CD A2
2026-03-23 16:33:55.368 DEBU [pymycobot.common] _write: FE FE 03 2B D3 10 
2026-03-23 16:33:55.376 DEBU [pymycobot.common] _read : FE FE 04 2B 01 CD A2
2026-03-23 16:33:55.398 DEBU [pymycobot.common] _write: FE FE 03 2B D3 10 
2026-03-23 16:33:55.406 DEBU [pymycobot.common] _read : FE FE 04 2B 01 CD A2
2026-03-23 16:33:55.428 DEBU [pymycobot.common] _write: FE FE 03 2B D3 10 
2026-03-23 16:33:55.435 DEBU [pymycobot.common] _read : FE FE 04 2B 01 CD A2
2026-03-23 16:33:55.458 DEBU [pymycobot.common] _write: FE FE 03 2B D3 10 
2026-03-23 16:33:55.465 DEBU [pymycobot.common] _read : FE FE 04 2B 01 CD A2
2026-03-23 16:33:55.488 DEBU [pymycobot.common] _write: FE FE 03 2B D3 10 
2026-03-23 16:33:55.495 DEBU [pymycobot.common] _read : FE FE 04 2B 01 CD A2
2026-03-23 16:33:55.518 DEBU [pymycobot.common] _write: FE FE 03 2B D3 10 
2026-03-23 16:33:55.526 DEBU [pymycobot.common] _read : FE FE 04 2B 01 CD A2
2026-03-23 16:33:55.548 DEBU [pymycobot.common] _write: FE FE 03 2B D3 10 
2026-03-23 16:33:55.556 DEBU [pymycobot.common] _read : FE FE 04 2B 01 CD A2
2026-03-23 16:33:55.578 DEBU [pymycobot.common] _write: FE FE 03 2B D3 10 
2026-03-23 16:33:55.586 DEBU [pymycobot.common] _read : FE FE 04 2B 01 CD A2
2026-03-23 16:33:55.608 DEBU [pymycobot.common] _write: FE FE 03 2B D3 10 
2026-03-23 16:33:55.615 DEBU [pymycobot.common] _read : FE FE 04 2B 01 CD A2
2026-03-23 16:33:55.638 DEBU [pymycobot.common] _write: FE FE 03 2B D3 10 
2026-03-23 16:33:55.645 DEBU [pymycobot.common] _read : FE FE 04 2B 01 CD A2
2026-03-23 16:33:55.668 DEBU [pymycobot.common] _write: FE FE 03 2B D3 10 
2026-03-23 16:33:55.676 DEBU [pymycobot.common] _read : FE FE 04 2B 01 CD A2
2026-03-23 16:33:55.699 DEBU [pymycobot.common] _write: FE FE 03 2B D3 10 
2026-03-23 16:33:55.706 DEBU [pymycobot.common] _read : FE FE 04 2B 01 CD A2
2026-03-23 16:33:55.731 DEBU [pymycobot.common] _write: FE FE 03 2B D3 10 
2026-03-23 16:33:55.739 DEBU [pymycobot.common] _read : FE FE 04 2B 01 CD A2
2026-03-23 16:33:55.760 DEBU [pymycobot.common] _write: FE FE 03 2B D3 10 
2026-03-23 16:33:55.768 DEBU [pymycobot.common] _read : FE FE 04 2B 01 CD A2
2026-03-23 16:33:55.790 DEBU [pymycobot.common] _write: FE FE 03 2B D3 10 
2026-03-23 16:33:55.797 DEBU [pymycobot.common] _read : FE FE 04 2B 01 CD A2
2026-03-23 16:33:55.820 DEBU [pymycobot.common] _write: FE FE 03 2B D3 10 
2026-03-23 16:33:55.828 DEBU [pymycobot.common] _read : FE FE 04 2B 01 CD A2
2026-03-23 16:33:55.850 DEBU [pymycobot.common] _write: FE FE 03 2B D3 10 
2026-03-23 16:33:55.857 DEBU [pymycobot.common] _read : FE FE 04 2B 01 CD A2
2026-03-23 16:33:55.880 DEBU [pymycobot.common] _write: FE FE 03 2B D3 10 
2026-03-23 16:33:55.887 DEBU [pymycobot.common] _read : FE FE 04 2B 01 CD A2
2026-03-23 16:33:55.910 DEBU [pymycobot.common] _write: FE FE 03 2B D3 10 
2026-03-23 16:33:55.917 DEBU [pymycobot.common] _read : FE FE 04 2B 01 CD A2
2026-03-23 16:33:55.940 DEBU [pymycobot.common] _write: FE FE 03 2B D3 10 
2026-03-23 16:33:55.946 DEBU [pymycobot.common] _read : FE FE 04 2B 01 CD A2
2026-03-23 16:33:55.971 DEBU [pymycobot.common] _write: FE FE 03 2B D3 10 
2026-03-23 16:33:55.978 DEBU [pymycobot.common] _read : FE FE 04 2B 01 CD A2
2026-03-23 16:33:56.001 DEBU [pymycobot.common] _write: FE FE 03 2B D3 10 
2026-03-23 16:33:56.008 DEBU [pymycobot.common] _read : FE FE 04 2B 01 CD A2
2026-03-23 16:33:56.031 DEBU [pymycobot.common] _write: FE FE 03 2B D3 10 
2026-03-23 16:33:56.038 DEBU [pymycobot.common] _read : FE FE 04 2B 01 CD A2
2026-03-23 16:33:56.061 DEBU [pymycobot.common] _write: FE FE 03 2B D3 10 
2026-03-23 16:33:56.068 DEBU [pymycobot.common] _read : FE FE 04 2B 01 CD A2
2026-03-23 16:33:56.091 DEBU [pymycobot.common] _write: FE FE 03 2B D3 10 
2026-03-23 16:33:56.099 DEBU [pymycobot.common] _read : FE FE 04 2B 01 CD A2
2026-03-23 16:33:56.121 DEBU [pymycobot.common] _write: FE FE 03 2B D3 10 
2026-03-23 16:33:56.129 DEBU [pymycobot.common] _read : FE FE 04 2B 01 CD A2
2026-03-23 16:33:56.151 DEBU [pymycobot.common] _write: FE FE 03 2B D3 10 
2026-03-23 16:33:56.158 DEBU [pymycobot.common] _read : FE FE 04 2B 01 CD A2
2026-03-23 16:33:56.181 DEBU [pymycobot.common] _write: FE FE 03 2B D3 10 
2026-03-23 16:33:56.189 DEBU [pymycobot.common] _read : FE FE 04 2B 01 CD A2
2026-03-23 16:33:56.211 DEBU [pymycobot.common] _write: FE FE 03 2B D3 10 
2026-03-23 16:33:56.218 DEBU [pymycobot.common] _read : FE FE 04 2B 01 CD A2
2026-03-23 16:33:56.241 DEBU [pymycobot.common] _write: FE FE 03 2B D3 10 
2026-03-23 16:33:56.248 DEBU [pymycobot.common] _read : FE FE 04 2B 01 CD A2
2026-03-23 16:33:56.271 DEBU [pymycobot.common] _write: FE FE 03 2B D3 10 
2026-03-23 16:33:56.278 DEBU [pymycobot.common] _read : FE FE 04 2B 01 CD A2
2026-03-23 16:33:56.302 DEBU [pymycobot.common] _write: FE FE 03 2B D3 10 
2026-03-23 16:33:56.309 DEBU [pymycobot.common] _read : FE FE 04 2B 01 CD A2
2026-03-23 16:33:56.332 DEBU [pymycobot.common] _write: FE FE 03 2B D3 10 
2026-03-23 16:33:56.340 DEBU [pymycobot.common] _read : FE FE 04 2B 01 CD A2
2026-03-23 16:33:56.362 DEBU [pymycobot.common] _write: FE FE 03 2B D3 10 
2026-03-23 16:33:56.370 DEBU [pymycobot.common] _read : FE FE 04 2B 01 CD A2
2026-03-23 16:33:56.392 DEBU [pymycobot.common] _write: FE FE 03 2B D3 10 
2026-03-23 16:33:56.399 DEBU [pymycobot.common] _read : FE FE 04 2B 01 CD A2
2026-03-23 16:33:56.422 DEBU [pymycobot.common] _write: FE FE 03 2B D3 10 
2026-03-23 16:33:56.429 DEBU [pymycobot.common] _read : FE FE 04 2B 01 CD A2
2026-03-23 16:33:56.452 DEBU [pymycobot.common] _write: FE FE 03 2B D3 10 
2026-03-23 16:33:56.459 DEBU [pymycobot.common] _read : FE FE 04 2B 01 CD A2
2026-03-23 16:33:56.482 DEBU [pymycobot.common] _write: FE FE 03 2B D3 10 
2026-03-23 16:33:56.490 DEBU [pymycobot.common] _read : FE FE 04 2B 01 CD A2
2026-03-23 16:33:56.512 DEBU [pymycobot.common] _write: FE FE 03 2B D3 10 
2026-03-23 16:33:56.519 DEBU [pymycobot.common] _read : FE FE 04 2B 01 CD A2
2026-03-23 16:33:56.542 DEBU [pymycobot.common] _write: FE FE 03 2B D3 10 
2026-03-23 16:33:56.550 DEBU [pymycobot.common] _read : FE FE 04 2B 01 CD A2
2026-03-23 16:33:56.572 DEBU [pymycobot.common] _write: FE FE 03 2B D3 10 
2026-03-23 16:33:56.579 DEBU [pymycobot.common] _read : FE FE 04 2B 01 CD A2
2026-03-23 16:33:56.602 DEBU [pymycobot.common] _write: FE FE 03 2B D3 10 
2026-03-23 16:33:56.610 DEBU [pymycobot.common] _read : FE FE 04 2B 01 CD A2
2026-03-23 16:33:56.632 DEBU [pymycobot.common] _write: FE FE 03 2B D3 10 
2026-03-23 16:33:56.639 DEBU [pymycobot.common] _read : FE FE 04 2B 01 CD A2
2026-03-23 16:33:56.662 DEBU [pymycobot.common] _write: FE FE 03 2B D3 10 
2026-03-23 16:33:56.669 DEBU [pymycobot.common] _read : FE FE 04 2B 01 CD A2
2026-03-23 16:33:56.692 DEBU [pymycobot.common] _write: FE FE 03 2B D3 10 
2026-03-23 16:33:56.700 DEBU [pymycobot.common] _read : FE FE 04 2B 01 CD A2
2026-03-23 16:33:56.723 DEBU [pymycobot.common] _write: FE FE 03 2B D3 10 
2026-03-23 16:33:56.730 DEBU [pymycobot.common] _read : FE FE 04 2B 01 CD A2
2026-03-23 16:33:56.754 DEBU [pymycobot.common] _write: FE FE 03 2B D3 10 
2026-03-23 16:33:56.761 DEBU [pymycobot.common] _read : FE FE 04 2B 01 CD A2
2026-03-23 16:33:56.784 DEBU [pymycobot.common] _write: FE FE 03 2B D3 10 
2026-03-23 16:33:56.791 DEBU [pymycobot.common] _read : FE FE 04 2B 01 CD A2
2026-03-23 16:33:56.814 DEBU [pymycobot.common] _write: FE FE 03 2B D3 10 
2026-03-23 16:33:56.821 DEBU [pymycobot.common] _read : FE FE 04 2B 01 CD A2
2026-03-23 16:33:56.844 DEBU [pymycobot.common] _write: FE FE 03 2B D3 10 
2026-03-23 16:33:56.851 DEBU [pymycobot.common] _read : FE FE 04 2B 01 CD A2
2026-03-23 16:33:56.874 DEBU [pymycobot.common] _write: FE FE 03 2B D3 10 
2026-03-23 16:33:56.881 DEBU [pymycobot.common] _read : FE FE 04 2B 01 CD A2
2026-03-23 16:33:56.904 DEBU [pymycobot.common] _write: FE FE 03 2B D3 10 
2026-03-23 16:33:56.911 DEBU [pymycobot.common] _read : FE FE 04 2B 01 CD A2
2026-03-23 16:33:56.934 DEBU [pymycobot.common] _write: FE FE 03 2B D3 10 
2026-03-23 16:33:56.942 DEBU [pymycobot.common] _read : FE FE 04 2B 01 CD A2
2026-03-23 16:33:56.964 DEBU [pymycobot.common] _write: FE FE 03 2B D3 10 
2026-03-23 16:33:56.972 DEBU [pymycobot.common] _read : FE FE 04 2B 01 CD A2
2026-03-23 16:33:56.994 DEBU [pymycobot.common] _write: FE FE 03 2B D3 10 
2026-03-23 16:33:57.001 DEBU [pymycobot.common] _read : FE FE 04 2B 01 CD A2
2026-03-23 16:33:57.024 DEBU [pymycobot.common] _write: FE FE 03 2B D3 10 
2026-03-23 16:33:57.032 DEBU [pymycobot.common] _read : FE FE 04 2B 01 CD A2
2026-03-23 16:33:57.054 DEBU [pymycobot.common] _write: FE FE 03 2B D3 10 
2026-03-23 16:33:57.061 DEBU [pymycobot.common] _read : FE FE 04 2B 01 CD A2
2026-03-23 16:33:57.085 DEBU [pymycobot.common] _write: FE FE 03 2B D3 10 
2026-03-23 16:33:57.093 DEBU [pymycobot.common] _read : FE FE 04 2B 01 CD A2
2026-03-23 16:33:57.115 DEBU [pymycobot.common] _write: FE FE 03 2B D3 10 
2026-03-23 16:33:57.123 DEBU [pymycobot.common] _read : FE FE 04 2B 01 CD A2
2026-03-23 16:33:57.145 DEBU [pymycobot.common] _write: FE FE 03 2B D3 10 
2026-03-23 16:33:57.153 DEBU [pymycobot.common] _read : FE FE 04 2B 01 CD A2
2026-03-23 16:33:57.175 DEBU [pymycobot.common] _write: FE FE 03 2B D3 10 
2026-03-23 16:33:57.183 DEBU [pymycobot.common] _read : FE FE 04 2B 01 CD A2
2026-03-23 16:33:57.205 DEBU [pymycobot.common] _write: FE FE 03 2B D3 10 
2026-03-23 16:33:57.211 DEBU [pymycobot.common] _read : FE FE 04 2B 01 CD A2
2026-03-23 16:33:57.235 DEBU [pymycobot.common] _write: FE FE 03 2B D3 10 
2026-03-23 16:33:57.243 DEBU [pymycobot.common] _read : FE FE 04 2B 01 CD A2
2026-03-23 16:33:57.265 DEBU [pymycobot.common] _write: FE FE 03 2B D3 10 
2026-03-23 16:33:57.274 DEBU [pymycobot.common] _read : FE FE 04 2B 01 CD A2
2026-03-23 16:33:57.295 DEBU [pymycobot.common] _write: FE FE 03 2B D3 10 
2026-03-23 16:33:57.303 DEBU [pymycobot.common] _read : FE FE 04 2B 01 CD A2
2026-03-23 16:33:57.326 DEBU [pymycobot.common] _write: FE FE 03 2B D3 10 
2026-03-23 16:33:57.334 DEBU [pymycobot.common] _read : FE FE 04 2B 01 CD A2
2026-03-23 16:33:57.356 DEBU [pymycobot.common] _write: FE FE 03 2B D3 10 
2026-03-23 16:33:57.364 DEBU [pymycobot.common] _read : FE FE 04 2B 01 CD A2
2026-03-23 16:33:57.386 DEBU [pymycobot.common] _write: FE FE 03 2B D3 10 
2026-03-23 16:33:57.394 DEBU [pymycobot.common] _read : FE FE 04 2B 01 CD A2
2026-03-23 16:33:57.416 DEBU [pymycobot.common] _write: FE FE 03 2B D3 10 
2026-03-23 16:33:57.423 DEBU [pymycobot.common] _read : FE FE 04 2B 01 CD A2
2026-03-23 16:33:57.446 DEBU [pymycobot.common] _write: FE FE 03 2B D3 10 
2026-03-23 16:33:57.454 DEBU [pymycobot.common] _read : FE FE 04 2B 01 CD A2
2026-03-23 16:33:57.476 DEBU [pymycobot.common] _write: FE FE 03 2B D3 10 
2026-03-23 16:33:57.483 DEBU [pymycobot.common] _read : FE FE 04 2B 01 CD A2
2026-03-23 16:33:57.506 DEBU [pymycobot.common] _write: FE FE 03 2B D3 10 
2026-03-23 16:33:57.512 DEBU [pymycobot.common] _read : FE FE 04 2B 01 CD A2
2026-03-23 16:33:57.536 DEBU [pymycobot.common] _write: FE FE 03 2B D3 10 
2026-03-23 16:33:57.544 DEBU [pymycobot.common] _read : FE FE 04 2B 01 CD A2
2026-03-23 16:33:57.566 DEBU [pymycobot.common] _write: FE FE 03 2B D3 10 
2026-03-23 16:33:57.573 DEBU [pymycobot.common] _read : FE FE 04 2B 01 CD A2
2026-03-23 16:33:57.596 DEBU [pymycobot.common] _write: FE FE 03 2B D3 10 
2026-03-23 16:33:57.603 DEBU [pymycobot.common] _read : FE FE 04 2B 01 CD A2
2026-03-23 16:33:57.626 DEBU [pymycobot.common] _write: FE FE 03 2B D3 10 
2026-03-23 16:33:57.633 DEBU [pymycobot.common] _read : FE FE 04 2B 01 CD A2
2026-03-23 16:33:57.656 DEBU [pymycobot.common] _write: FE FE 03 2B D3 10 
2026-03-23 16:33:57.663 DEBU [pymycobot.common] _read : FE FE 04 2B 01 CD A2
2026-03-23 16:33:57.686 DEBU [pymycobot.common] _write: FE FE 03 2B D3 10 
2026-03-23 16:33:57.693 DEBU [pymycobot.common] _read : FE FE 04 2B 01 CD A2
2026-03-23 16:33:57.717 DEBU [pymycobot.common] _write: FE FE 03 2B D3 10 
2026-03-23 16:33:57.726 DEBU [pymycobot.common] _read : FE FE 04 2B 01 CD A2
2026-03-23 16:33:57.747 DEBU [pymycobot.common] _write: FE FE 03 2B D3 10 
2026-03-23 16:33:57.755 DEBU [pymycobot.common] _read : FE FE 04 2B 01 CD A2
2026-03-23 16:33:57.778 DEBU [pymycobot.common] _write: FE FE 03 2B D3 10 
2026-03-23 16:33:57.785 DEBU [pymycobot.common] _read : FE FE 04 2B 01 CD A2
2026-03-23 16:33:57.808 DEBU [pymycobot.common] _write: FE FE 03 2B D3 10 
2026-03-23 16:33:57.815 DEBU [pymycobot.common] _read : FE FE 04 2B 01 CD A2
2026-03-23 16:33:57.838 DEBU [pymycobot.common] _write: FE FE 03 2B D3 10 
2026-03-23 16:33:57.846 DEBU [pymycobot.common] _read : FE FE 04 2B 01 CD A2
2026-03-23 16:33:57.868 DEBU [pymycobot.common] _write: FE FE 03 2B D3 10 
2026-03-23 16:33:57.875 DEBU [pymycobot.common] _read : FE FE 04 2B 01 CD A2
2026-03-23 16:33:57.898 DEBU [pymycobot.common] _write: FE FE 03 2B D3 10 
2026-03-23 16:33:57.905 DEBU [pymycobot.common] _read : FE FE 04 2B 01 CD A2
2026-03-23 16:33:57.928 DEBU [pymycobot.common] _write: FE FE 03 2B D3 10 
2026-03-23 16:33:57.937 DEBU [pymycobot.common] _read : FE FE 04 2B 01 CD A2
2026-03-23 16:33:57.958 DEBU [pymycobot.common] _write: FE FE 03 2B D3 10 
2026-03-23 16:33:57.966 DEBU [pymycobot.common] _read : FE FE 04 2B 01 CD A2
2026-03-23 16:33:57.988 DEBU [pymycobot.common] _write: FE FE 03 2B D3 10 
2026-03-23 16:33:57.995 DEBU [pymycobot.common] _read : FE FE 04 2B 01 CD A2
2026-03-23 16:33:58.018 DEBU [pymycobot.common] _write: FE FE 03 2B D3 10 
2026-03-23 16:33:58.025 DEBU [pymycobot.common] _read : FE FE 04 2B 01 CD A2
2026-03-23 16:33:58.048 DEBU [pymycobot.common] _write: FE FE 03 2B D3 10 
2026-03-23 16:33:58.054 DEBU [pymycobot.common] _read : FE FE 04 2B 01 CD A2
2026-03-23 16:33:58.078 DEBU [pymycobot.common] _write: FE FE 03 2B D3 10 
2026-03-23 16:33:58.085 DEBU [pymycobot.common] _read : FE FE 04 2B 01 CD A2
2026-03-23 16:33:58.109 DEBU [pymycobot.common] _write: FE FE 03 2B D3 10 
2026-03-23 16:33:58.116 DEBU [pymycobot.common] _read : FE FE 04 2B 01 CD A2
2026-03-23 16:33:58.139 DEBU [pymycobot.common] _write: FE FE 03 2B D3 10 
2026-03-23 16:33:58.147 DEBU [pymycobot.common] _read : FE FE 04 2B 01 CD A2
2026-03-23 16:33:58.169 DEBU [pymycobot.common] _write: FE FE 03 2B D3 10 
2026-03-23 16:33:58.176 DEBU [pymycobot.common] _read : FE FE 04 2B 01 CD A2
2026-03-23 16:33:58.199 DEBU [pymycobot.common] _write: FE FE 03 2B D3 10 
2026-03-23 16:33:58.206 DEBU [pymycobot.common] _read : FE FE 04 2B 01 CD A2
2026-03-23 16:33:58.229 DEBU [pymycobot.common] _write: FE FE 03 2B D3 10 
2026-03-23 16:33:58.237 DEBU [pymycobot.common] _read : FE FE 04 2B 01 CD A2
2026-03-23 16:33:58.259 DEBU [pymycobot.common] _write: FE FE 03 2B D3 10 
2026-03-23 16:33:58.268 DEBU [pymycobot.common] _read : FE FE 04 2B 01 CD A2
2026-03-23 16:33:58.289 DEBU [pymycobot.common] _write: FE FE 03 2B D3 10 
2026-03-23 16:33:58.298 DEBU [pymycobot.common] _read : FE FE 04 2B 01 CD A2
2026-03-23 16:33:58.319 DEBU [pymycobot.common] _write: FE FE 03 2B D3 10 
2026-03-23 16:33:58.326 DEBU [pymycobot.common] _read : FE FE 04 2B 01 CD A2
2026-03-23 16:33:58.349 DEBU [pymycobot.common] _write: FE FE 03 2B D3 10 
2026-03-23 16:33:58.356 DEBU [pymycobot.common] _read : FE FE 04 2B 01 CD A2
2026-03-23 16:33:58.379 DEBU [pymycobot.common] _write: FE FE 03 2B D3 10 
2026-03-23 16:33:58.386 DEBU [pymycobot.common] _read : FE FE 04 2B 01 CD A2
2026-03-23 16:33:58.409 DEBU [pymycobot.common] _write: FE FE 03 2B D3 10 
2026-03-23 16:33:58.417 DEBU [pymycobot.common] _read : FE FE 04 2B 01 CD A2
2026-03-23 16:33:58.439 DEBU [pymycobot.common] _write: FE FE 03 2B D3 10 
2026-03-23 16:33:58.446 DEBU [pymycobot.common] _read : FE FE 04 2B 01 CD A2
2026-03-23 16:33:58.469 DEBU [pymycobot.common] _write: FE FE 03 2B D3 10 
2026-03-23 16:33:58.475 DEBU [pymycobot.common] _read : FE FE 04 2B 01 CD A2
2026-03-23 16:33:58.499 DEBU [pymycobot.common] _write: FE FE 03 2B D3 10 
2026-03-23 16:33:58.506 DEBU [pymycobot.common] _read : FE FE 04 2B 01 CD A2
2026-03-23 16:33:58.529 DEBU [pymycobot.common] _write: FE FE 03 2B D3 10 
2026-03-23 16:33:58.537 DEBU [pymycobot.common] _read : FE FE 04 2B 01 CD A2
2026-03-23 16:33:58.559 DEBU [pymycobot.common] _write: FE FE 03 2B D3 10 
2026-03-23 16:33:58.566 DEBU [pymycobot.common] _read : FE FE 04 2B 01 CD A2
2026-03-23 16:33:58.589 DEBU [pymycobot.common] _write: FE FE 03 2B D3 10 
2026-03-23 16:33:58.596 DEBU [pymycobot.common] _read : FE FE 04 2B 01 CD A2
2026-03-23 16:33:58.619 DEBU [pymycobot.common] _write: FE FE 03 2B D3 10 
2026-03-23 16:33:58.626 DEBU [pymycobot.common] _read : FE FE 04 2B 01 CD A2
2026-03-23 16:33:58.649 DEBU [pymycobot.common] _write: FE FE 03 2B D3 10 
2026-03-23 16:33:58.657 DEBU [pymycobot.common] _read : FE FE 04 2B 01 CD A2
2026-03-23 16:33:58.680 DEBU [pymycobot.common] _write: FE FE 03 2B D3 10 
2026-03-23 16:33:58.688 DEBU [pymycobot.common] _read : FE FE 04 2B 01 CD A2
2026-03-23 16:33:58.710 DEBU [pymycobot.common] _write: FE FE 03 2B D3 10 
2026-03-23 16:33:58.719 DEBU [pymycobot.common] _read : FE FE 04 2B 01 CD A2
2026-03-23 16:33:58.740 DEBU [pymycobot.common] _write: FE FE 03 2B D3 10 
2026-03-23 16:33:58.748 DEBU [pymycobot.common] _read : FE FE 04 2B 01 CD A2
2026-03-23 16:33:58.772 DEBU [pymycobot.common] _write: FE FE 03 2B D3 10 
2026-03-23 16:33:58.780 DEBU [pymycobot.common] _read : FE FE 04 2B 01 CD A2
2026-03-23 16:33:58.802 DEBU [pymycobot.common] _write: FE FE 03 2B D3 10 
2026-03-23 16:33:58.811 DEBU [pymycobot.common] _read : FE FE 04 2B 01 CD A2
2026-03-23 16:33:58.833 DEBU [pymycobot.common] _write: FE FE 03 2B D3 10 
2026-03-23 16:33:58.839 DEBU [pymycobot.common] _read : FE FE 04 2B 01 CD A2
2026-03-23 16:33:58.862 DEBU [pymycobot.common] _write: FE FE 03 2B D3 10 
2026-03-23 16:33:58.869 DEBU [pymycobot.common] _read : FE FE 04 2B 01 CD A2
2026-03-23 16:33:58.892 DEBU [pymycobot.common] _write: FE FE 03 2B D3 10 
2026-03-23 16:33:58.898 DEBU [pymycobot.common] _read : FE FE 04 2B 01 CD A2
2026-03-23 16:33:58.922 DEBU [pymycobot.common] _write: FE FE 03 2B D3 10 
2026-03-23 16:33:58.928 DEBU [pymycobot.common] _read : FE FE 04 2B 01 CD A2
2026-03-23 16:33:58.952 DEBU [pymycobot.common] _write: FE FE 03 2B D3 10 
2026-03-23 16:33:58.959 DEBU [pymycobot.common] _read : FE FE 04 2B 01 CD A2
2026-03-23 16:33:58.982 DEBU [pymycobot.common] _write: FE FE 03 2B D3 10 
2026-03-23 16:33:58.989 DEBU [pymycobot.common] _read : FE FE 04 2B 01 CD A2
2026-03-23 16:33:59.012 DEBU [pymycobot.common] _write: FE FE 03 2B D3 10 
2026-03-23 16:33:59.018 DEBU [pymycobot.common] _read : FE FE 04 2B 01 CD A2
2026-03-23 16:33:59.042 DEBU [pymycobot.common] _write: FE FE 03 2B D3 10 
2026-03-23 16:33:59.049 DEBU [pymycobot.common] _read : FE FE 04 2B 01 CD A2
2026-03-23 16:33:59.072 DEBU [pymycobot.common] _write: FE FE 03 2B D3 10 
2026-03-23 16:33:59.079 DEBU [pymycobot.common] _read : FE FE 04 2B 01 CD A2
2026-03-23 16:33:59.102 DEBU [pymycobot.common] _write: FE FE 03 2B D3 10 
2026-03-23 16:33:59.109 DEBU [pymycobot.common] _read : FE FE 04 2B 01 CD A2
2026-03-23 16:33:59.132 DEBU [pymycobot.common] _write: FE FE 03 2B D3 10 
2026-03-23 16:33:59.140 DEBU [pymycobot.common] _read : FE FE 04 2B 01 CD A2
2026-03-23 16:33:59.162 DEBU [pymycobot.common] _write: FE FE 03 2B D3 10 
2026-03-23 16:33:59.169 DEBU [pymycobot.common] _read : FE FE 04 2B 01 CD A2
2026-03-23 16:33:59.196 DEBU [pymycobot.common] _write: FE FE 03 2B D3 10 
2026-03-23 16:33:59.203 DEBU [pymycobot.common] _read : FE FE 04 2B 01 CD A2
2026-03-23 16:33:59.222 DEBU [pymycobot.common] _write: FE FE 03 2B D3 10 
2026-03-23 16:33:59.230 DEBU [pymycobot.common] _read : FE FE 04 2B 01 CD A2
2026-03-23 16:33:59.252 DEBU [pymycobot.common] _write: FE FE 03 2B D3 10 
2026-03-23 16:33:59.258 DEBU [pymycobot.common] _read : FE FE 04 2B 01 CD A2
2026-03-23 16:33:59.282 DEBU [pymycobot.common] _write: FE FE 03 2B D3 10 
2026-03-23 16:33:59.288 DEBU [pymycobot.common] _read : FE FE 04 2B 01 CD A2
2026-03-23 16:33:59.312 DEBU [pymycobot.common] _write: FE FE 03 2B D3 10 
2026-03-23 16:33:59.319 DEBU [pymycobot.common] _read : FE FE 04 2B 01 CD A2
2026-03-23 16:33:59.344 DEBU [pymycobot.common] _write: FE FE 03 2B D3 10 
2026-03-23 16:33:59.351 DEBU [pymycobot.common] _read : FE FE 04 2B 01 CD A2
2026-03-23 16:33:59.375 DEBU [pymycobot.common] _write: FE FE 03 2B D3 10 
2026-03-23 16:33:59.380 DEBU [pymycobot.common] _read : FE FE 04 2B 01 CD A2
2026-03-23 16:33:59.405 DEBU [pymycobot.common] _write: FE FE 03 2B D3 10 
2026-03-23 16:33:59.411 DEBU [pymycobot.common] _read : FE FE 04 2B 01 CD A2
2026-03-23 16:33:59.435 DEBU [pymycobot.common] _write: FE FE 03 2B D3 10 
2026-03-23 16:33:59.440 DEBU [pymycobot.common] _read : FE FE 04 2B 01 CD A2
2026-03-23 16:33:59.465 DEBU [pymycobot.common] _write: FE FE 03 2B D3 10 
2026-03-23 16:33:59.471 DEBU [pymycobot.common] _read : FE FE 04 2B 01 CD A2
2026-03-23 16:33:59.495 DEBU [pymycobot.common] _write: FE FE 03 2B D3 10 
2026-03-23 16:33:59.503 DEBU [pymycobot.common] _read : FE FE 04 2B 01 CD A2
2026-03-23 16:33:59.525 DEBU [pymycobot.common] _write: FE FE 03 2B D3 10 
2026-03-23 16:33:59.531 DEBU [pymycobot.common] _read : FE FE 04 2B 01 CD A2
2026-03-23 16:33:59.555 DEBU [pymycobot.common] _write: FE FE 03 2B D3 10 
2026-03-23 16:33:59.561 DEBU [pymycobot.common] _read : FE FE 04 2B 01 CD A2
2026-03-23 16:33:59.585 DEBU [pymycobot.common] _write: FE FE 03 2B D3 10 
2026-03-23 16:33:59.591 DEBU [pymycobot.common] _read : FE FE 04 2B 01 CD A2
2026-03-23 16:33:59.615 DEBU [pymycobot.common] _write: FE FE 03 2B D3 10 
2026-03-23 16:33:59.621 DEBU [pymycobot.common] _read : FE FE 04 2B 01 CD A2
2026-03-23 16:33:59.645 DEBU [pymycobot.common] _write: FE FE 03 2B D3 10 
2026-03-23 16:33:59.651 DEBU [pymycobot.common] _read : FE FE 04 2B 01 CD A2
2026-03-23 16:33:59.675 DEBU [pymycobot.common] _write: FE FE 03 2B D3 10 
2026-03-23 16:33:59.682 DEBU [pymycobot.common] _read : FE FE 04 2B 01 CD A2
2026-03-23 16:33:59.706 DEBU [pymycobot.common] _write: FE FE 03 2B D3 10 
2026-03-23 16:33:59.712 DEBU [pymycobot.common] _read : FE FE 04 2B 01 CD A2
2026-03-23 16:33:59.736 DEBU [pymycobot.common] _write: FE FE 03 2B D3 10 
2026-03-23 16:33:59.742 DEBU [pymycobot.common] _read : FE FE 04 2B 01 CD A2
2026-03-23 16:33:59.767 DEBU [pymycobot.common] _write: FE FE 03 2B D3 10 
2026-03-23 16:33:59.773 DEBU [pymycobot.common] _read : FE FE 04 2B 01 CD A2
2026-03-23 16:33:59.798 DEBU [pymycobot.common] _write: FE FE 03 2B D3 10 
2026-03-23 16:33:59.805 DEBU [pymycobot.common] _read : FE FE 04 2B 01 CD A2
2026-03-23 16:33:59.828 DEBU [pymycobot.common] _write: FE FE 03 2B D3 10 
2026-03-23 16:33:59.835 DEBU [pymycobot.common] _read : FE FE 04 2B 01 CD A2
2026-03-23 16:33:59.858 DEBU [pymycobot.common] _write: FE FE 03 2B D3 10 
2026-03-23 16:33:59.865 DEBU [pymycobot.common] _read : FE FE 04 2B 01 CD A2
2026-03-23 16:33:59.888 DEBU [pymycobot.common] _write: FE FE 03 2B D3 10 
2026-03-23 16:33:59.895 DEBU [pymycobot.common] _read : FE FE 04 2B 01 CD A2
2026-03-23 16:33:59.918 DEBU [pymycobot.common] _write: FE FE 03 2B D3 10 
2026-03-23 16:33:59.924 DEBU [pymycobot.common] _read : FE FE 04 2B 01 CD A2
2026-03-23 16:33:59.948 DEBU [pymycobot.common] _write: FE FE 03 2B D3 10 
2026-03-23 16:33:59.955 DEBU [pymycobot.common] _read : FE FE 04 2B 01 CD A2
2026-03-23 16:33:59.978 DEBU [pymycobot.common] _write: FE FE 03 2B D3 10 
2026-03-23 16:33:59.983 DEBU [pymycobot.common] _read : FE FE 04 2B 01 CD A2
2026-03-23 16:34:00.008 DEBU [pymycobot.common] _write: FE FE 03 2B D3 10 
2026-03-23 16:34:00.013 DEBU [pymycobot.common] _read : FE FE 04 2B 01 CD A2
2026-03-23 16:34:00.037 DEBU [pymycobot.common] _write: FE FE 03 2B D3 10 
2026-03-23 16:34:00.043 DEBU [pymycobot.common] _read : FE FE 04 2B 01 CD A2
2026-03-23 16:34:00.069 DEBU [pymycobot.common] _write: FE FE 03 2B D3 10 
2026-03-23 16:34:00.076 DEBU [pymycobot.common] _read : FE FE 04 2B 01 CD A2
2026-03-23 16:34:00.100 DEBU [pymycobot.common] _write: FE FE 03 2B D3 10 
2026-03-23 16:34:00.105 DEBU [pymycobot.common] _read : FE FE 04 2B 01 CD A2
2026-03-23 16:34:00.131 DEBU [pymycobot.common] _write: FE FE 03 2B D3 10 
2026-03-23 16:34:00.138 DEBU [pymycobot.common] _read : FE FE 04 2B 01 CD A2
2026-03-23 16:34:00.161 DEBU [pymycobot.common] _write: FE FE 03 2B D3 10 
2026-03-23 16:34:00.166 DEBU [pymycobot.common] _read : FE FE 04 2B 01 CD A2
2026-03-23 16:34:00.191 DEBU [pymycobot.common] _write: FE FE 03 2B D3 10 
2026-03-23 16:34:00.197 DEBU [pymycobot.common] _read : FE FE 04 2B 01 CD A2
2026-03-23 16:34:00.221 DEBU [pymycobot.common] _write: FE FE 03 2B D3 10 
2026-03-23 16:34:00.227 DEBU [pymycobot.common] _read : FE FE 04 2B 01 CD A2
2026-03-23 16:34:00.251 DEBU [pymycobot.common] _write: FE FE 03 2B D3 10 
2026-03-23 16:34:00.258 DEBU [pymycobot.common] _read : FE FE 04 2B 01 CD A2
2026-03-23 16:34:00.281 DEBU [pymycobot.common] _write: FE FE 03 2B D3 10 
2026-03-23 16:34:00.287 DEBU [pymycobot.common] _read : FE FE 04 2B 01 CD A2
2026-03-23 16:34:00.311 DEBU [pymycobot.common] _write: FE FE 03 2B D3 10 
2026-03-23 16:34:00.317 DEBU [pymycobot.common] _read : FE FE 04 2B 01 CD A2
2026-03-23 16:34:00.341 DEBU [pymycobot.common] _write: FE FE 03 2B D3 10 
2026-03-23 16:34:00.346 DEBU [pymycobot.common] _read : FE FE 04 2B 01 CD A2
2026-03-23 16:34:00.371 DEBU [pymycobot.common] _write: FE FE 03 2B D3 10 
2026-03-23 16:34:00.378 DEBU [pymycobot.common] _read : FE FE 04 2B 01 CD A2
2026-03-23 16:34:00.401 DEBU [pymycobot.common] _write: FE FE 03 2B D3 10 
2026-03-23 16:34:00.407 DEBU [pymycobot.common] _read : FE FE 04 2B 01 CD A2
2026-03-23 16:34:00.431 DEBU [pymycobot.common] _write: FE FE 03 2B D3 10 
2026-03-23 16:34:00.437 DEBU [pymycobot.common] _read : FE FE 04 2B 01 CD A2
2026-03-23 16:34:00.461 DEBU [pymycobot.common] _write: FE FE 03 2B D3 10 
2026-03-23 16:34:00.468 DEBU [pymycobot.common] _read : FE FE 04 2B 01 CD A2
2026-03-23 16:34:00.491 DEBU [pymycobot.common] _write: FE FE 03 2B D3 10 
2026-03-23 16:34:00.498 DEBU [pymycobot.common] _read : FE FE 04 2B 01 CD A2
2026-03-23 16:34:00.521 DEBU [pymycobot.common] _write: FE FE 03 2B D3 10 
2026-03-23 16:34:00.527 DEBU [pymycobot.common] _read : FE FE 04 2B 01 CD A2
2026-03-23 16:34:00.552 DEBU [pymycobot.common] _write: FE FE 03 2B D3 10 
2026-03-23 16:34:00.558 DEBU [pymycobot.common] _read : FE FE 04 2B 01 CD A2
2026-03-23 16:34:00.582 DEBU [pymycobot.common] _write: FE FE 03 2B D3 10 
2026-03-23 16:34:00.587 DEBU [pymycobot.common] _read : FE FE 04 2B 01 CD A2
2026-03-23 16:34:00.613 DEBU [pymycobot.common] _write: FE FE 03 2B D3 10 
2026-03-23 16:34:00.618 DEBU [pymycobot.common] _read : FE FE 04 2B 01 CD A2
2026-03-23 16:34:00.643 DEBU [pymycobot.common] _write: FE FE 03 2B D3 10 
2026-03-23 16:34:00.650 DEBU [pymycobot.common] _read : FE FE 04 2B 01 CD A2
2026-03-23 16:34:00.673 DEBU [pymycobot.common] _write: FE FE 03 2B D3 10 
2026-03-23 16:34:00.681 DEBU [pymycobot.common] _read : FE FE 04 2B 01 CD A2
2026-03-23 16:34:00.703 DEBU [pymycobot.common] _write: FE FE 03 2B D3 10 
2026-03-23 16:34:00.709 DEBU [pymycobot.common] _read : FE FE 04 2B 01 CD A2
2026-03-23 16:34:00.733 DEBU [pymycobot.common] _write: FE FE 03 2B D3 10 
2026-03-23 16:34:00.739 DEBU [pymycobot.common] _read : FE FE 04 2B 01 CD A2
2026-03-23 16:34:00.764 DEBU [pymycobot.common] _write: FE FE 03 2B D3 10 
2026-03-23 16:34:00.770 DEBU [pymycobot.common] _read : FE FE 04 2B 01 CD A2
2026-03-23 16:34:00.795 DEBU [pymycobot.common] _write: FE FE 03 2B D3 10 
2026-03-23 16:34:00.801 DEBU [pymycobot.common] _read : FE FE 04 2B 01 CD A2
2026-03-23 16:34:00.825 DEBU [pymycobot.common] _write: FE FE 03 2B D3 10 
2026-03-23 16:34:00.832 DEBU [pymycobot.common] _read : FE FE 04 2B 01 CD A2
2026-03-23 16:34:00.855 DEBU [pymycobot.common] _write: FE FE 03 2B D3 10 
2026-03-23 16:34:00.861 DEBU [pymycobot.common] _read : FE FE 04 2B 01 CD A2
2026-03-23 16:34:00.885 DEBU [pymycobot.common] _write: FE FE 03 2B D3 10 
2026-03-23 16:34:00.891 DEBU [pymycobot.common] _read : FE FE 04 2B 01 CD A2
2026-03-23 16:34:00.915 DEBU [pymycobot.common] _write: FE FE 03 2B D3 10 
2026-03-23 16:34:00.920 DEBU [pymycobot.common] _read : FE FE 04 2B 01 CD A2
2026-03-23 16:34:00.945 DEBU [pymycobot.common] _write: FE FE 03 2B D3 10 
2026-03-23 16:34:00.952 DEBU [pymycobot.common] _read : FE FE 04 2B 01 CD A2
2026-03-23 16:34:00.976 DEBU [pymycobot.common] _write: FE FE 03 2B D3 10 
2026-03-23 16:34:00.983 DEBU [pymycobot.common] _read : FE FE 04 2B 01 CD A2
2026-03-23 16:34:01.006 DEBU [pymycobot.common] _write: FE FE 03 2B D3 10 
2026-03-23 16:34:01.012 DEBU [pymycobot.common] _read : FE FE 04 2B 01 CD A2
2026-03-23 16:34:01.036 DEBU [pymycobot.common] _write: FE FE 03 2B D3 10 
2026-03-23 16:34:01.044 DEBU [pymycobot.common] _read : FE FE 04 2B 01 CD A2
2026-03-23 16:34:01.066 DEBU [pymycobot.common] _write: FE FE 03 2B D3 10 
2026-03-23 16:34:01.074 DEBU [pymycobot.common] _read : FE FE 04 2B 01 CD A2
2026-03-23 16:34:01.096 DEBU [pymycobot.common] _write: FE FE 03 2B D3 10 
2026-03-23 16:34:01.105 DEBU [pymycobot.common] _read : FE FE 04 2B 01 CD A2
2026-03-23 16:34:01.126 DEBU [pymycobot.common] _write: FE FE 03 2B D3 10 
2026-03-23 16:34:01.134 DEBU [pymycobot.common] _read : FE FE 04 2B 01 CD A2
2026-03-23 16:34:01.156 DEBU [pymycobot.common] _write: FE FE 03 2B D3 10 
2026-03-23 16:34:01.164 DEBU [pymycobot.common] _read : FE FE 04 2B 01 CD A2
2026-03-23 16:34:01.186 DEBU [pymycobot.common] _write: FE FE 03 2B D3 10 
2026-03-23 16:34:01.191 DEBU [pymycobot.common] _read : FE FE 04 2B 01 CD A2
2026-03-23 16:34:01.216 DEBU [pymycobot.common] _write: FE FE 03 2B D3 10 
2026-03-23 16:34:01.221 DEBU [pymycobot.common] _read : FE FE 04 2B 01 CD A2
2026-03-23 16:34:01.246 DEBU [pymycobot.common] _write: FE FE 03 2B D3 10 
2026-03-23 16:34:01.252 DEBU [pymycobot.common] _read : FE FE 04 2B 01 CD A2
2026-03-23 16:34:01.276 DEBU [pymycobot.common] _write: FE FE 03 2B D3 10 
2026-03-23 16:34:01.282 DEBU [pymycobot.common] _read : FE FE 04 2B 01 CD A2
2026-03-23 16:34:01.306 DEBU [pymycobot.common] _write: FE FE 03 2B D3 10 
2026-03-23 16:34:01.312 DEBU [pymycobot.common] _read : FE FE 04 2B 01 CD A2
2026-03-23 16:34:01.336 DEBU [pymycobot.common] _write: FE FE 03 2B D3 10 
2026-03-23 16:34:01.342 DEBU [pymycobot.common] _read : FE FE 04 2B 01 CD A2
2026-03-23 16:34:01.367 DEBU [pymycobot.common] _write: FE FE 03 2B D3 10 
2026-03-23 16:34:01.373 DEBU [pymycobot.common] _read : FE FE 04 2B 01 CD A2
2026-03-23 16:34:01.397 DEBU [pymycobot.common] _write: FE FE 03 2B D3 10 
2026-03-23 16:34:01.404 DEBU [pymycobot.common] _read : FE FE 04 2B 01 CD A2
2026-03-23 16:34:01.427 DEBU [pymycobot.common] _write: FE FE 03 2B D3 10 
2026-03-23 16:34:01.432 DEBU [pymycobot.common] _read : FE FE 04 2B 01 CD A2
2026-03-23 16:34:01.457 DEBU [pymycobot.common] _write: FE FE 03 2B D3 10 
2026-03-23 16:34:01.463 DEBU [pymycobot.common] _read : FE FE 04 2B 01 CD A2
2026-03-23 16:34:01.487 DEBU [pymycobot.common] _write: FE FE 03 2B D3 10 
2026-03-23 16:34:01.495 DEBU [pymycobot.common] _read : FE FE 04 2B 01 CD A2
2026-03-23 16:34:01.517 DEBU [pymycobot.common] _write: FE FE 03 2B D3 10 
2026-03-23 16:34:01.522 DEBU [pymycobot.common] _read : FE FE 04 2B 01 CD A2
2026-03-23 16:34:01.547 DEBU [pymycobot.common] _write: FE FE 03 2B D3 10 
2026-03-23 16:34:01.553 DEBU [pymycobot.common] _read : FE FE 04 2B 01 CD A2
2026-03-23 16:34:01.577 DEBU [pymycobot.common] _write: FE FE 03 2B D3 10 
2026-03-23 16:34:01.584 DEBU [pymycobot.common] _read : FE FE 04 2B 01 CD A2
2026-03-23 16:34:01.607 DEBU [pymycobot.common] _write: FE FE 03 2B D3 10 
2026-03-23 16:34:01.612 DEBU [pymycobot.common] _read : FE FE 04 2B 01 CD A2
2026-03-23 16:34:01.637 DEBU [pymycobot.common] _write: FE FE 03 2B D3 10 
2026-03-23 16:34:01.642 DEBU [pymycobot.common] _read : FE FE 04 2B 01 CD A2
2026-03-23 16:34:01.667 DEBU [pymycobot.common] _write: FE FE 03 2B D3 10 
2026-03-23 16:34:01.672 DEBU [pymycobot.common] _read : FE FE 04 2B 01 CD A2
2026-03-23 16:34:01.697 DEBU [pymycobot.common] _write: FE FE 03 2B D3 10 
2026-03-23 16:34:01.704 DEBU [pymycobot.common] _read : FE FE 04 2B 01 CD A2
2026-03-23 16:34:01.727 DEBU [pymycobot.common] _write: FE FE 03 2B D3 10 
2026-03-23 16:34:01.733 DEBU [pymycobot.common] _read : FE FE 04 2B 01 CD A2
2026-03-23 16:34:01.758 DEBU [pymycobot.common] _write: FE FE 03 2B D3 10 
2026-03-23 16:34:01.765 DEBU [pymycobot.common] _read : FE FE 04 2B 01 CD A2
2026-03-23 16:34:01.788 DEBU [pymycobot.common] _write: FE FE 03 2B D3 10 
2026-03-23 16:34:01.795 DEBU [pymycobot.common] _read : FE FE 04 2B 01 CD A2
2026-03-23 16:34:01.819 DEBU [pymycobot.common] _write: FE FE 03 2B D3 10 
2026-03-23 16:34:01.826 DEBU [pymycobot.common] _read : FE FE 04 2B 01 CD A2
2026-03-23 16:34:01.849 DEBU [pymycobot.common] _write: FE FE 03 2B D3 10 
2026-03-23 16:34:01.854 DEBU [pymycobot.common] _read : FE FE 04 2B 01 CD A2
2026-03-23 16:34:01.879 DEBU [pymycobot.common] _write: FE FE 03 2B D3 10 
2026-03-23 16:34:01.887 DEBU [pymycobot.common] _read : FE FE 04 2B 01 CD A2
2026-03-23 16:34:01.909 DEBU [pymycobot.common] _write: FE FE 03 2B D3 10 
2026-03-23 16:34:01.915 DEBU [pymycobot.common] _read : FE FE 04 2B 01 CD A2
2026-03-23 16:34:01.939 DEBU [pymycobot.common] _write: FE FE 03 2B D3 10 
2026-03-23 16:34:01.945 DEBU [pymycobot.common] _read : FE FE 04 2B 01 CD A2
2026-03-23 16:34:01.969 DEBU [pymycobot.common] _write: FE FE 03 2B D3 10 
2026-03-23 16:34:01.976 DEBU [pymycobot.common] _read : FE FE 04 2B 01 CD A2
2026-03-23 16:34:01.999 DEBU [pymycobot.common] _write: FE FE 03 2B D3 10 
2026-03-23 16:34:02.005 DEBU [pymycobot.common] _read : FE FE 04 2B 01 CD A2
2026-03-23 16:34:02.029 DEBU [pymycobot.common] _write: FE FE 03 2B D3 10 
2026-03-23 16:34:02.035 DEBU [pymycobot.common] _read : FE FE 04 2B 01 CD A2
2026-03-23 16:34:02.059 DEBU [pymycobot.common] _write: FE FE 03 2B D3 10 
2026-03-23 16:34:02.066 DEBU [pymycobot.common] _read : FE FE 04 2B 01 CD A2
2026-03-23 16:34:02.090 DEBU [pymycobot.common] _write: FE FE 03 2B D3 10 
2026-03-23 16:34:02.096 DEBU [pymycobot.common] _read : FE FE 04 2B 01 CD A2
2026-03-23 16:34:02.120 DEBU [pymycobot.common] _write: FE FE 03 2B D3 10 
2026-03-23 16:34:02.127 DEBU [pymycobot.common] _read : FE FE 04 2B 01 CD A2
2026-03-23 16:34:02.150 DEBU [pymycobot.common] _write: FE FE 03 2B D3 10 
2026-03-23 16:34:02.157 DEBU [pymycobot.common] _read : FE FE 04 2B 01 CD A2
2026-03-23 16:34:02.180 DEBU [pymycobot.common] _write: FE FE 03 2B D3 10 
2026-03-23 16:34:02.188 DEBU [pymycobot.common] _read : FE FE 04 2B 01 CD A2
2026-03-23 16:34:02.210 DEBU [pymycobot.common] _write: FE FE 03 2B D3 10 
2026-03-23 16:34:02.215 DEBU [pymycobot.common] _read : FE FE 04 2B 01 CD A2
2026-03-23 16:34:02.240 DEBU [pymycobot.common] _write: FE FE 03 2B D3 10 
2026-03-23 16:34:02.246 DEBU [pymycobot.common] _read : FE FE 04 2B 01 CD A2
2026-03-23 16:34:02.270 DEBU [pymycobot.common] _write: FE FE 03 2B D3 10 
2026-03-23 16:34:02.275 DEBU [pymycobot.common] _read : FE FE 04 2B 01 CD A2
2026-03-23 16:34:02.300 DEBU [pymycobot.common] _write: FE FE 03 2B D3 10 
2026-03-23 16:34:02.306 DEBU [pymycobot.common] _read : FE FE 04 2B 01 CD A2
2026-03-23 16:34:02.330 DEBU [pymycobot.common] _write: FE FE 03 2B D3 10 
2026-03-23 16:34:02.337 DEBU [pymycobot.common] _read : FE FE 04 2B 01 CD A2
2026-03-23 16:34:02.360 DEBU [pymycobot.common] _write: FE FE 03 2B D3 10 
2026-03-23 16:34:02.368 DEBU [pymycobot.common] _read : FE FE 04 2B 01 CD A2
2026-03-23 16:34:02.391 DEBU [pymycobot.common] _write: FE FE 03 2B D3 10 
2026-03-23 16:34:02.398 DEBU [pymycobot.common] _read : FE FE 04 2B 01 CD A2
2026-03-23 16:34:02.421 DEBU [pymycobot.common] _write: FE FE 03 2B D3 10 
2026-03-23 16:34:02.427 DEBU [pymycobot.common] _read : FE FE 04 2B 01 CD A2
2026-03-23 16:34:02.451 DEBU [pymycobot.common] _write: FE FE 03 2B D3 10 
2026-03-23 16:34:02.458 DEBU [pymycobot.common] _read : FE FE 04 2B 01 CD A2
2026-03-23 16:34:02.481 DEBU [pymycobot.common] _write: FE FE 03 2B D3 10 
2026-03-23 16:34:02.487 DEBU [pymycobot.common] _read : FE FE 04 2B 01 CD A2
2026-03-23 16:34:02.511 DEBU [pymycobot.common] _write: FE FE 03 2B D3 10 
2026-03-23 16:34:02.519 DEBU [pymycobot.common] _read : FE FE 04 2B 01 CD A2
2026-03-23 16:34:02.541 DEBU [pymycobot.common] _write: FE FE 03 2B D3 10 
2026-03-23 16:34:02.549 DEBU [pymycobot.common] _read : FE FE 04 2B 01 CD A2
2026-03-23 16:34:02.571 DEBU [pymycobot.common] _write: FE FE 03 2B D3 10 
2026-03-23 16:34:02.579 DEBU [pymycobot.common] _read : FE FE 04 2B 01 CD A2
2026-03-23 16:34:02.601 DEBU [pymycobot.common] _write: FE FE 03 2B D3 10 
2026-03-23 16:34:02.608 DEBU [pymycobot.common] _read : FE FE 04 2B 01 CD A2
2026-03-23 16:34:02.631 DEBU [pymycobot.common] _write: FE FE 03 2B D3 10 
2026-03-23 16:34:02.638 DEBU [pymycobot.common] _read : FE FE 04 2B 01 CD A2
2026-03-23 16:34:02.661 DEBU [pymycobot.common] _write: FE FE 03 2B D3 10 
2026-03-23 16:34:02.668 DEBU [pymycobot.common] _read : FE FE 04 2B 01 CD A2
2026-03-23 16:34:02.691 DEBU [pymycobot.common] _write: FE FE 03 2B D3 10 
2026-03-23 16:34:02.699 DEBU [pymycobot.common] _read : FE FE 04 2B 01 CD A2
2026-03-23 16:34:02.721 DEBU [pymycobot.common] _write: FE FE 03 2B D3 10 
2026-03-23 16:34:02.729 DEBU [pymycobot.common] _read : FE FE 04 2B 01 CD A2
2026-03-23 16:34:02.752 DEBU [pymycobot.common] _write: FE FE 03 2B D3 10 
2026-03-23 16:34:02.760 DEBU [pymycobot.common] _read : FE FE 04 2B 01 CD A2
2026-03-23 16:34:02.785 DEBU [pymycobot.common] _write: FE FE 03 2B D3 10 
2026-03-23 16:34:02.798 DEBU [pymycobot.common] _read : FE FE 04 2B 01 CD A2
2026-03-23 16:34:02.813 DEBU [pymycobot.common] _write: FE FE 03 2B D3 10 
2026-03-23 16:34:02.820 DEBU [pymycobot.common] _read : FE FE 04 2B 01 CD A2
2026-03-23 16:34:02.842 DEBU [pymycobot.common] _write: FE FE 03 2B D3 10 
2026-03-23 16:34:02.850 DEBU [pymycobot.common] _read : FE FE 04 2B 01 CD A2
2026-03-23 16:34:02.872 DEBU [pymycobot.common] _write: FE FE 03 2B D3 10 
2026-03-23 16:34:02.880 DEBU [pymycobot.common] _read : FE FE 04 2B 01 CD A2
2026-03-23 16:34:02.902 DEBU [pymycobot.common] _write: FE FE 03 2B D3 10 
2026-03-23 16:34:02.909 DEBU [pymycobot.common] _read : FE FE 04 2B 01 CD A2
2026-03-23 16:34:02.932 DEBU [pymycobot.common] _write: FE FE 03 2B D3 10 
2026-03-23 16:34:02.940 DEBU [pymycobot.common] _read : FE FE 04 2B 01 CD A2
2026-03-23 16:34:02.963 DEBU [pymycobot.common] _write: FE FE 03 2B D3 10 
2026-03-23 16:34:02.971 DEBU [pymycobot.common] _read : FE FE 04 2B 01 CD A2
2026-03-23 16:34:02.993 DEBU [pymycobot.common] _write: FE FE 03 2B D3 10 
2026-03-23 16:34:03.001 DEBU [pymycobot.common] _read : FE FE 04 2B 01 CD A2
2026-03-23 16:34:03.023 DEBU [pymycobot.common] _write: FE FE 03 2B D3 10 
2026-03-23 16:34:03.031 DEBU [pymycobot.common] _read : FE FE 04 2B 01 CD A2
2026-03-23 16:34:03.054 DEBU [pymycobot.common] _write: FE FE 03 2B D3 10 
2026-03-23 16:34:03.061 DEBU [pymycobot.common] _read : FE FE 04 2B 01 CD A2
2026-03-23 16:34:03.084 DEBU [pymycobot.common] _write: FE FE 03 2B D3 10 
2026-03-23 16:34:03.092 DEBU [pymycobot.common] _read : FE FE 04 2B 01 CD A2
2026-03-23 16:34:03.114 DEBU [pymycobot.common] _write: FE FE 03 2B D3 10 
2026-03-23 16:34:03.121 DEBU [pymycobot.common] _read : FE FE 04 2B 01 CD A2
2026-03-23 16:34:03.144 DEBU [pymycobot.common] _write: FE FE 03 2B D3 10 
2026-03-23 16:34:03.152 DEBU [pymycobot.common] _read : FE FE 04 2B 01 CD A2
2026-03-23 16:34:03.175 DEBU [pymycobot.common] _write: FE FE 03 2B D3 10 
2026-03-23 16:34:03.182 DEBU [pymycobot.common] _read : FE FE 04 2B 01 CD A2
2026-03-23 16:34:03.205 DEBU [pymycobot.common] _write: FE FE 03 2B D3 10 
2026-03-23 16:34:03.212 DEBU [pymycobot.common] _read : FE FE 04 2B 01 CD A2
2026-03-23 16:34:03.235 DEBU [pymycobot.common] _write: FE FE 03 2B D3 10 
2026-03-23 16:34:03.242 DEBU [pymycobot.common] _read : FE FE 04 2B 01 CD A2
2026-03-23 16:34:03.265 DEBU [pymycobot.common] _write: FE FE 03 2B D3 10 
2026-03-23 16:34:03.272 DEBU [pymycobot.common] _read : FE FE 04 2B 01 CD A2
2026-03-23 16:34:03.295 DEBU [pymycobot.common] _write: FE FE 03 2B D3 10 
2026-03-23 16:34:03.302 DEBU [pymycobot.common] _read : FE FE 04 2B 01 CD A2
2026-03-23 16:34:03.325 DEBU [pymycobot.common] _write: FE FE 03 2B D3 10 
2026-03-23 16:34:03.332 DEBU [pymycobot.common] _read : FE FE 04 2B 01 CD A2
2026-03-23 16:34:03.355 DEBU [pymycobot.common] _write: FE FE 03 2B D3 10 
2026-03-23 16:34:03.363 DEBU [pymycobot.common] _read : FE FE 04 2B 01 CD A2
2026-03-23 16:34:03.385 DEBU [pymycobot.common] _write: FE FE 03 2B D3 10 
2026-03-23 16:34:03.392 DEBU [pymycobot.common] _read : FE FE 04 2B 01 CD A2
2026-03-23 16:34:03.415 DEBU [pymycobot.common] _write: FE FE 03 2B D3 10 
2026-03-23 16:34:03.422 DEBU [pymycobot.common] _read : FE FE 04 2B 01 CD A2
2026-03-23 16:34:03.445 DEBU [pymycobot.common] _write: FE FE 03 2B D3 10 
2026-03-23 16:34:03.452 DEBU [pymycobot.common] _read : FE FE 04 2B 01 CD A2
2026-03-23 16:34:03.475 DEBU [pymycobot.common] _write: FE FE 03 2B D3 10 
2026-03-23 16:34:03.483 DEBU [pymycobot.common] _read : FE FE 04 2B 01 CD A2
2026-03-23 16:34:03.505 DEBU [pymycobot.common] _write: FE FE 03 2B D3 10 
2026-03-23 16:34:03.513 DEBU [pymycobot.common] _read : FE FE 04 2B 01 CD A2
2026-03-23 16:34:03.535 DEBU [pymycobot.common] _write: FE FE 03 2B D3 10 
2026-03-23 16:34:03.542 DEBU [pymycobot.common] _read : FE FE 04 2B 01 CD A2
2026-03-23 16:34:03.565 DEBU [pymycobot.common] _write: FE FE 03 2B D3 10 
2026-03-23 16:34:03.572 DEBU [pymycobot.common] _read : FE FE 04 2B 01 CD A2
2026-03-23 16:34:03.595 DEBU [pymycobot.common] _write: FE FE 03 2B D3 10 
2026-03-23 16:34:03.602 DEBU [pymycobot.common] _read : FE FE 04 2B 01 CD A2
2026-03-23 16:34:03.625 DEBU [pymycobot.common] _write: FE FE 03 2B D3 10 
2026-03-23 16:34:03.632 DEBU [pymycobot.common] _read : FE FE 04 2B 01 CD A2
2026-03-23 16:34:03.655 DEBU [pymycobot.common] _write: FE FE 03 2B D3 10 
2026-03-23 16:34:03.662 DEBU [pymycobot.common] _read : FE FE 04 2B 01 CD A2
2026-03-23 16:34:03.685 DEBU [pymycobot.common] _write: FE FE 03 2B D3 10 
2026-03-23 16:34:03.692 DEBU [pymycobot.common] _read : FE FE 04 2B 01 CD A2
2026-03-23 16:34:03.715 DEBU [pymycobot.common] _write: FE FE 03 2B D3 10 
2026-03-23 16:34:03.722 DEBU [pymycobot.common] _read : FE FE 04 2B 01 CD A2
2026-03-23 16:34:03.746 DEBU [pymycobot.common] _write: FE FE 03 2B D3 10 
2026-03-23 16:34:03.753 DEBU [pymycobot.common] _read : FE FE 04 2B 01 CD A2
2026-03-23 16:34:03.776 DEBU [pymycobot.common] _write: FE FE 03 2B D3 10 
2026-03-23 16:34:03.783 DEBU [pymycobot.common] _read : FE FE 04 2B 01 CD A2
2026-03-23 16:34:03.807 DEBU [pymycobot.common] _write: FE FE 03 2B D3 10 
2026-03-23 16:34:03.815 DEBU [pymycobot.common] _read : FE FE 04 2B 01 CD A2
2026-03-23 16:34:03.837 DEBU [pymycobot.common] _write: FE FE 03 2B D3 10 
2026-03-23 16:34:03.845 DEBU [pymycobot.common] _read : FE FE 04 2B 01 CD A2
2026-03-23 16:34:03.867 DEBU [pymycobot.common] _write: FE FE 03 2B D3 10 
2026-03-23 16:34:03.874 DEBU [pymycobot.common] _read : FE FE 04 2B 01 CD A2
2026-03-23 16:34:03.897 DEBU [pymycobot.common] _write: FE FE 03 2B D3 10 
2026-03-23 16:34:03.904 DEBU [pymycobot.common] _read : FE FE 04 2B 01 CD A2
2026-03-23 16:34:03.927 DEBU [pymycobot.common] _write: FE FE 03 2B D3 10 
2026-03-23 16:34:03.936 DEBU [pymycobot.common] _read : FE FE 04 2B 01 CD A2
2026-03-23 16:34:03.957 DEBU [pymycobot.common] _write: FE FE 03 2B D3 10 
2026-03-23 16:34:03.965 DEBU [pymycobot.common] _read : FE FE 04 2B 01 CD A2
2026-03-23 16:34:03.987 DEBU [pymycobot.common] _write: FE FE 03 2B D3 10 
2026-03-23 16:34:03.994 DEBU [pymycobot.common] _read : FE FE 04 2B 01 CD A2
2026-03-23 16:34:04.017 DEBU [pymycobot.common] _write: FE FE 03 2B D3 10 
2026-03-23 16:34:04.024 DEBU [pymycobot.common] _read : FE FE 04 2B 01 CD A2
2026-03-23 16:34:04.047 DEBU [pymycobot.common] _write: FE FE 03 2B D3 10 
2026-03-23 16:34:04.054 DEBU [pymycobot.common] _read : FE FE 04 2B 01 CD A2
2026-03-23 16:34:04.077 DEBU [pymycobot.common] _write: FE FE 03 2B D3 10 
2026-03-23 16:34:04.085 DEBU [pymycobot.common] _read : FE FE 04 2B 01 CD A2
2026-03-23 16:34:04.107 DEBU [pymycobot.common] _write: FE FE 03 2B D3 10 
2026-03-23 16:34:04.115 DEBU [pymycobot.common] _read : FE FE 04 2B 01 CD A2
2026-03-23 16:34:04.137 DEBU [pymycobot.common] _write: FE FE 03 2B D3 10 
2026-03-23 16:34:04.144 DEBU [pymycobot.common] _read : FE FE 04 2B 01 CD A2
2026-03-23 16:34:04.167 DEBU [pymycobot.common] _write: FE FE 03 2B D3 10 
2026-03-23 16:34:04.173 DEBU [pymycobot.common] _read : FE FE 04 2B 01 CD A2
2026-03-23 16:34:04.197 DEBU [pymycobot.common] _write: FE FE 03 2B D3 10 
2026-03-23 16:34:04.204 DEBU [pymycobot.common] _read : FE FE 04 2B 01 CD A2
2026-03-23 16:34:04.227 DEBU [pymycobot.common] _write: FE FE 03 2B D3 10 
2026-03-23 16:34:04.235 DEBU [pymycobot.common] _read : FE FE 04 2B 01 CD A2
2026-03-23 16:34:04.257 DEBU [pymycobot.common] _write: FE FE 03 2B D3 10 
2026-03-23 16:34:04.264 DEBU [pymycobot.common] _read : FE FE 04 2B 01 CD A2
2026-03-23 16:34:04.287 DEBU [pymycobot.common] _write: FE FE 03 2B D3 10 
2026-03-23 16:34:04.295 DEBU [pymycobot.common] _read : FE FE 04 2B 01 CD A2
2026-03-23 16:34:04.317 DEBU [pymycobot.common] _write: FE FE 03 2B D3 10 
2026-03-23 16:34:04.324 DEBU [pymycobot.common] _read : FE FE 04 2B 01 CD A2
2026-03-23 16:34:04.347 DEBU [pymycobot.common] _write: FE FE 03 2B D3 10 
2026-03-23 16:34:04.354 DEBU [pymycobot.common] _read : FE FE 04 2B 01 CD A2
2026-03-23 16:34:04.377 DEBU [pymycobot.common] _write: FE FE 03 2B D3 10 
2026-03-23 16:34:04.385 DEBU [pymycobot.common] _read : FE FE 04 2B 01 CD A2
2026-03-23 16:34:04.408 DEBU [pymycobot.common] _write: FE FE 03 2B D3 10 
2026-03-23 16:34:04.414 DEBU [pymycobot.common] _read : FE FE 04 2B 01 CD A2
2026-03-23 16:34:04.438 DEBU [pymycobot.common] _write: FE FE 03 2B D3 10 
2026-03-23 16:34:04.445 DEBU [pymycobot.common] _read : FE FE 04 2B 01 CD A2
2026-03-23 16:34:04.469 DEBU [pymycobot.common] _write: FE FE 03 2B D3 10 
2026-03-23 16:34:04.477 DEBU [pymycobot.common] _read : FE FE 04 2B 01 CD A2
2026-03-23 16:34:04.499 DEBU [pymycobot.common] _write: FE FE 03 2B D3 10 
2026-03-23 16:34:04.506 DEBU [pymycobot.common] _read : FE FE 04 2B 01 CD A2
2026-03-23 16:34:04.529 DEBU [pymycobot.common] _write: FE FE 03 2B D3 10 
2026-03-23 16:34:04.538 DEBU [pymycobot.common] _read : FE FE 04 2B 01 CD A2
2026-03-23 16:34:04.559 DEBU [pymycobot.common] _write: FE FE 03 2B D3 10 
2026-03-23 16:34:04.567 DEBU [pymycobot.common] _read : FE FE 04 2B 01 CD A2
2026-03-23 16:34:04.589 DEBU [pymycobot.common] _write: FE FE 03 2B D3 10 
2026-03-23 16:34:04.595 DEBU [pymycobot.common] _read : FE FE 04 2B 01 CD A2
2026-03-23 16:34:04.619 DEBU [pymycobot.common] _write: FE FE 03 2B D3 10 
2026-03-23 16:34:04.627 DEBU [pymycobot.common] _read : FE FE 04 2B 01 CD A2
2026-03-23 16:34:04.649 DEBU [pymycobot.common] _write: FE FE 03 2B D3 10 
2026-03-23 16:34:04.656 DEBU [pymycobot.common] _read : FE FE 04 2B 01 CD A2
2026-03-23 16:34:04.679 DEBU [pymycobot.common] _write: FE FE 03 2B D3 10 
2026-03-23 16:34:04.687 DEBU [pymycobot.common] _read : FE FE 04 2B 01 CD A2
2026-03-23 16:34:04.709 DEBU [pymycobot.common] _write: FE FE 03 2B D3 10 
2026-03-23 16:34:04.717 DEBU [pymycobot.common] _read : FE FE 04 2B 01 CD A2
2026-03-23 16:34:04.739 DEBU [pymycobot.common] _write: FE FE 03 2B D3 10 
2026-03-23 16:34:04.747 DEBU [pymycobot.common] _read : FE FE 04 2B 01 CD A2
2026-03-23 16:34:04.769 DEBU [pymycobot.common] _write: FE FE 03 2B D3 10 
2026-03-23 16:34:04.776 DEBU [pymycobot.common] _read : FE FE 04 2B 01 CD A2
2026-03-23 16:34:04.800 DEBU [pymycobot.common] _write: FE FE 03 2B D3 10 
2026-03-23 16:34:04.808 DEBU [pymycobot.common] _read : FE FE 04 2B 01 CD A2
2026-03-23 16:34:04.831 DEBU [pymycobot.common] _write: FE FE 03 2B D3 10 
2026-03-23 16:34:04.839 DEBU [pymycobot.common] _read : FE FE 04 2B 01 CD A2
2026-03-23 16:34:04.862 DEBU [pymycobot.common] _write: FE FE 03 2B D3 10 
2026-03-23 16:34:04.870 DEBU [pymycobot.common] _read : FE FE 04 2B 01 CD A2
2026-03-23 16:34:04.892 DEBU [pymycobot.common] _write: FE FE 03 2B D3 10 
2026-03-23 16:34:04.899 DEBU [pymycobot.common] _read : FE FE 04 2B 01 CD A2
2026-03-23 16:34:04.922 DEBU [pymycobot.common] _write: FE FE 03 2B D3 10 
2026-03-23 16:34:04.930 DEBU [pymycobot.common] _read : FE FE 04 2B 01 CD A2
2026-03-23 16:34:04.952 DEBU [pymycobot.common] _write: FE FE 03 2B D3 10 
2026-03-23 16:34:04.958 DEBU [pymycobot.common] _read : FE FE 04 2B 01 CD A2
2026-03-23 16:34:04.982 DEBU [pymycobot.common] _write: FE FE 03 2B D3 10 
2026-03-23 16:34:04.989 DEBU [pymycobot.common] _read : FE FE 04 2B 01 CD A2
2026-03-23 16:34:05.012 DEBU [pymycobot.common] _write: FE FE 03 2B D3 10 
2026-03-23 16:34:05.018 DEBU [pymycobot.common] _read : FE FE 04 2B 01 CD A2
2026-03-23 16:34:05.042 DEBU [pymycobot.common] _write: FE FE 03 2B D3 10 
2026-03-23 16:34:05.049 DEBU [pymycobot.common] _read : FE FE 04 2B 01 CD A2
2026-03-23 16:34:05.072 DEBU [pymycobot.common] _write: FE FE 03 2B D3 10 
2026-03-23 16:34:05.078 DEBU [pymycobot.common] _read : FE FE 04 2B 01 CD A2
2026-03-23 16:34:05.102 DEBU [pymycobot.common] _write: FE FE 03 2B D3 10 
2026-03-23 16:34:05.109 DEBU [pymycobot.common] _read : FE FE 04 2B 01 CD A2
2026-03-23 16:34:05.132 DEBU [pymycobot.common] _write: FE FE 03 2B D3 10 
2026-03-23 16:34:05.140 DEBU [pymycobot.common] _read : FE FE 04 2B 01 CD A2
2026-03-23 16:34:05.162 DEBU [pymycobot.common] _write: FE FE 03 2B D3 10 
2026-03-23 16:34:05.171 DEBU [pymycobot.common] _read : FE FE 04 2B 01 CD A2
2026-03-23 16:34:05.193 DEBU [pymycobot.common] _write: FE FE 03 2B D3 10 
2026-03-23 16:34:05.200 DEBU [pymycobot.common] _read : FE FE 04 2B 01 CD A2
2026-03-23 16:34:05.223 DEBU [pymycobot.common] _write: FE FE 03 2B D3 10 
2026-03-23 16:34:05.230 DEBU [pymycobot.common] _read : FE FE 04 2B 01 CD A2
2026-03-23 16:34:05.253 DEBU [pymycobot.common] _write: FE FE 03 2B D3 10 
2026-03-23 16:34:05.260 DEBU [pymycobot.common] _read : FE FE 04 2B 01 CD A2
2026-03-23 16:34:05.283 DEBU [pymycobot.common] _write: FE FE 03 2B D3 10 
2026-03-23 16:34:05.290 DEBU [pymycobot.common] _read : FE FE 04 2B 01 CD A2
2026-03-23 16:34:05.313 DEBU [pymycobot.common] _write: FE FE 03 2B D3 10 
2026-03-23 16:34:05.320 DEBU [pymycobot.common] _read : FE FE 04 2B 01 CD A2
2026-03-23 16:34:05.343 DEBU [pymycobot.common] _write: FE FE 03 2B D3 10 
2026-03-23 16:34:05.350 DEBU [pymycobot.common] _read : FE FE 04 2B 01 CD A2
2026-03-23 16:34:05.373 DEBU [pymycobot.common] _write: FE FE 03 2B D3 10 
2026-03-23 16:34:05.380 DEBU [pymycobot.common] _read : FE FE 04 2B 01 CD A2
2026-03-23 16:34:05.403 DEBU [pymycobot.common] _write: FE FE 03 2B D3 10 
2026-03-23 16:34:05.410 DEBU [pymycobot.common] _read : FE FE 04 2B 01 CD A2
2026-03-23 16:34:05.433 DEBU [pymycobot.common] _write: FE FE 03 2B D3 10 
2026-03-23 16:34:05.440 DEBU [pymycobot.common] _read : FE FE 04 2B 01 CD A2
2026-03-23 16:34:05.463 DEBU [pymycobot.common] _write: FE FE 03 2B D3 10 
2026-03-23 16:34:05.469 DEBU [pymycobot.common] _read : FE FE 04 2B 01 CD A2
2026-03-23 16:34:05.493 DEBU [pymycobot.common] _write: FE FE 03 2B D3 10 
2026-03-23 16:34:05.501 DEBU [pymycobot.common] _read : FE FE 04 2B 01 CD A2
2026-03-23 16:34:05.523 DEBU [pymycobot.common] _write: FE FE 03 2B D3 10 
2026-03-23 16:34:05.530 DEBU [pymycobot.common] _read : FE FE 04 2B 01 CD A2
2026-03-23 16:34:05.553 DEBU [pymycobot.common] _write: FE FE 03 2B D3 10 
2026-03-23 16:34:05.560 DEBU [pymycobot.common] _read : FE FE 04 2B 01 CD A2
2026-03-23 16:34:05.583 DEBU [pymycobot.common] _write: FE FE 03 2B D3 10 
2026-03-23 16:34:05.590 DEBU [pymycobot.common] _read : FE FE 04 2B 01 CD A2
2026-03-23 16:34:05.613 DEBU [pymycobot.common] _write: FE FE 03 2B D3 10 
2026-03-23 16:34:05.621 DEBU [pymycobot.common] _read : FE FE 04 2B 01 CD A2
2026-03-23 16:34:05.643 DEBU [pymycobot.common] _write: FE FE 03 2B D3 10 
2026-03-23 16:34:05.650 DEBU [pymycobot.common] _read : FE FE 04 2B 01 CD A2
2026-03-23 16:34:05.673 DEBU [pymycobot.common] _write: FE FE 03 2B D3 10 
2026-03-23 16:34:05.679 DEBU [pymycobot.common] _read : FE FE 04 2B 01 CD A2
2026-03-23 16:34:05.703 DEBU [pymycobot.common] _write: FE FE 03 2B D3 10 
2026-03-23 16:34:05.710 DEBU [pymycobot.common] _read : FE FE 04 2B 01 CD A2
2026-03-23 16:34:05.733 DEBU [pymycobot.common] _write: FE FE 03 2B D3 10 
2026-03-23 16:34:05.740 DEBU [pymycobot.common] _read : FE FE 04 2B 01 CD A2
2026-03-23 16:34:05.764 DEBU [pymycobot.common] _write: FE FE 03 2B D3 10 
2026-03-23 16:34:05.770 DEBU [pymycobot.common] _read : FE FE 04 2B 01 CD A2
2026-03-23 16:34:05.794 DEBU [pymycobot.common] _write: FE FE 03 2B D3 10 
2026-03-23 16:34:05.800 DEBU [pymycobot.common] _read : FE FE 04 2B 01 CD A2
2026-03-23 16:34:05.825 DEBU [pymycobot.common] _write: FE FE 03 2B D3 10 
2026-03-23 16:34:05.832 DEBU [pymycobot.common] _read : FE FE 04 2B 01 CD A2
2026-03-23 16:34:05.856 DEBU [pymycobot.common] _write: FE FE 03 2B D3 10 
2026-03-23 16:34:05.863 DEBU [pymycobot.common] _read : FE FE 04 2B 01 CD A2
2026-03-23 16:34:05.886 DEBU [pymycobot.common] _write: FE FE 03 2B D3 10 
2026-03-23 16:34:05.893 DEBU [pymycobot.common] _read : FE FE 04 2B 01 CD A2
2026-03-23 16:34:05.916 DEBU [pymycobot.common] _write: FE FE 03 2B D3 10 
2026-03-23 16:34:05.923 DEBU [pymycobot.common] _read : FE FE 04 2B 01 CD A2
2026-03-23 16:34:05.946 DEBU [pymycobot.common] _write: FE FE 03 2B D3 10 
2026-03-23 16:34:05.953 DEBU [pymycobot.common] _read : FE FE 04 2B 01 CD A2
2026-03-23 16:34:05.976 DEBU [pymycobot.common] _write: FE FE 03 2B D3 10 
2026-03-23 16:34:05.983 DEBU [pymycobot.common] _read : FE FE 04 2B 01 CD A2
2026-03-23 16:34:06.006 DEBU [pymycobot.common] _write: FE FE 03 2B D3 10 
2026-03-23 16:34:06.013 DEBU [pymycobot.common] _read : FE FE 04 2B 01 CD A2
2026-03-23 16:34:06.036 DEBU [pymycobot.common] _write: FE FE 03 2B D3 10 
2026-03-23 16:34:06.043 DEBU [pymycobot.common] _read : FE FE 04 2B 01 CD A2
2026-03-23 16:34:06.066 DEBU [pymycobot.common] _write: FE FE 03 2B D3 10 
2026-03-23 16:34:06.073 DEBU [pymycobot.common] _read : FE FE 04 2B 01 CD A2
2026-03-23 16:34:06.096 DEBU [pymycobot.common] _write: FE FE 03 2B D3 10 
2026-03-23 16:34:06.102 DEBU [pymycobot.common] _read : FE FE 04 2B 01 CD A2
2026-03-23 16:34:06.126 DEBU [pymycobot.common] _write: FE FE 03 2B D3 10 
2026-03-23 16:34:06.134 DEBU [pymycobot.common] _read : FE FE 04 2B 01 CD A2
2026-03-23 16:34:06.156 DEBU [pymycobot.common] _write: FE FE 03 2B D3 10 
2026-03-23 16:34:06.163 DEBU [pymycobot.common] _read : FE FE 04 2B 01 CD A2
2026-03-23 16:34:06.186 DEBU [pymycobot.common] _write: FE FE 03 2B D3 10 
2026-03-23 16:34:06.193 DEBU [pymycobot.common] _read : FE FE 04 2B 01 CD A2
2026-03-23 16:34:06.216 DEBU [pymycobot.common] _write: FE FE 03 2B D3 10 
2026-03-23 16:34:06.222 DEBU [pymycobot.common] _read : FE FE 04 2B 01 CD A2
2026-03-23 16:34:06.246 DEBU [pymycobot.common] _write: FE FE 03 2B D3 10 
2026-03-23 16:34:06.252 DEBU [pymycobot.common] _read : FE FE 04 2B 01 CD A2
2026-03-23 16:34:06.276 DEBU [pymycobot.common] _write: FE FE 03 2B D3 10 
2026-03-23 16:34:06.283 DEBU [pymycobot.common] _read : FE FE 04 2B 01 CD A2
2026-03-23 16:34:06.306 DEBU [pymycobot.common] _write: FE FE 03 2B D3 10 
2026-03-23 16:34:06.313 DEBU [pymycobot.common] _read : FE FE 04 2B 01 CD A2
2026-03-23 16:34:06.336 DEBU [pymycobot.common] _write: FE FE 03 2B D3 10 
2026-03-23 16:34:06.344 DEBU [pymycobot.common] _read : FE FE 04 2B 01 CD A2
2026-03-23 16:34:06.366 DEBU [pymycobot.common] _write: FE FE 03 2B D3 10 
2026-03-23 16:34:06.374 DEBU [pymycobot.common] _read : FE FE 04 2B 01 CD A2
2026-03-23 16:34:06.396 DEBU [pymycobot.common] _write: FE FE 03 2B D3 10 
2026-03-23 16:34:06.404 DEBU [pymycobot.common] _read : FE FE 04 2B 01 CD A2
2026-03-23 16:34:06.426 DEBU [pymycobot.common] _write: FE FE 03 2B D3 10 
2026-03-23 16:34:06.433 DEBU [pymycobot.common] _read : FE FE 04 2B 01 CD A2
2026-03-23 16:34:06.456 DEBU [pymycobot.common] _write: FE FE 03 2B D3 10 
2026-03-23 16:34:06.463 DEBU [pymycobot.common] _read : FE FE 04 2B 01 CD A2
2026-03-23 16:34:06.486 DEBU [pymycobot.common] _write: FE FE 03 2B D3 10 
2026-03-23 16:34:06.493 DEBU [pymycobot.common] _read : FE FE 04 2B 01 CD A2
2026-03-23 16:34:06.517 DEBU [pymycobot.common] _write: FE FE 03 2B D3 10 
2026-03-23 16:34:06.525 DEBU [pymycobot.common] _read : FE FE 04 2B 01 CD A2
2026-03-23 16:34:06.547 DEBU [pymycobot.common] _write: FE FE 03 2B D3 10 
2026-03-23 16:34:06.554 DEBU [pymycobot.common] _read : FE FE 04 2B 01 CD A2
2026-03-23 16:34:06.577 DEBU [pymycobot.common] _write: FE FE 03 2B D3 10 
2026-03-23 16:34:06.584 DEBU [pymycobot.common] _read : FE FE 04 2B 01 CD A2
2026-03-23 16:34:06.608 DEBU [pymycobot.common] _write: FE FE 03 2B D3 10 
2026-03-23 16:34:06.615 DEBU [pymycobot.common] _read : FE FE 04 2B 01 CD A2
2026-03-23 16:34:06.638 DEBU [pymycobot.common] _write: FE FE 03 2B D3 10 
2026-03-23 16:34:06.645 DEBU [pymycobot.common] _read : FE FE 04 2B 01 CD A2
2026-03-23 16:34:06.669 DEBU [pymycobot.common] _write: FE FE 03 2B D3 10 
2026-03-23 16:34:06.676 DEBU [pymycobot.common] _read : FE FE 04 2B 01 CD A2
2026-03-23 16:34:06.699 DEBU [pymycobot.common] _write: FE FE 03 2B D3 10 
2026-03-23 16:34:06.707 DEBU [pymycobot.common] _read : FE FE 04 2B 01 CD A2
2026-03-23 16:34:06.730 DEBU [pymycobot.common] _write: FE FE 03 2B D3 10 
2026-03-23 16:34:06.737 DEBU [pymycobot.common] _read : FE FE 04 2B 01 CD A2
2026-03-23 16:34:06.760 DEBU [pymycobot.common] _write: FE FE 03 2B D3 10 
2026-03-23 16:34:06.767 DEBU [pymycobot.common] _read : FE FE 04 2B 01 CD A2
2026-03-23 16:34:06.790 DEBU [pymycobot.common] _write: FE FE 03 2B D3 10 
2026-03-23 16:34:06.798 DEBU [pymycobot.common] _read : FE FE 04 2B 01 CD A2
2026-03-23 16:34:06.821 DEBU [pymycobot.common] _write: FE FE 03 2B D3 10 
2026-03-23 16:34:06.828 DEBU [pymycobot.common] _read : FE FE 04 2B 01 CD A2
2026-03-23 16:34:06.852 DEBU [pymycobot.common] _write: FE FE 03 2B D3 10 
2026-03-23 16:34:06.859 DEBU [pymycobot.common] _read : FE FE 04 2B 01 CD A2
2026-03-23 16:34:06.882 DEBU [pymycobot.common] _write: FE FE 03 2B D3 10 
2026-03-23 16:34:06.889 DEBU [pymycobot.common] _read : FE FE 04 2B 01 CD A2
2026-03-23 16:34:06.912 DEBU [pymycobot.common] _write: FE FE 03 2B D3 10 
2026-03-23 16:34:06.919 DEBU [pymycobot.common] _read : FE FE 04 2B 01 CD A2
2026-03-23 16:34:06.942 DEBU [pymycobot.common] _write: FE FE 03 2B D3 10 
2026-03-23 16:34:06.950 DEBU [pymycobot.common] _read : FE FE 04 2B 01 CD A2
2026-03-23 16:34:06.972 DEBU [pymycobot.common] _write: FE FE 03 2B D3 10 
2026-03-23 16:34:06.979 DEBU [pymycobot.common] _read : FE FE 04 2B 01 CD A2
2026-03-23 16:34:07.002 DEBU [pymycobot.common] _write: FE FE 03 2B D3 10 
2026-03-23 16:34:07.008 DEBU [pymycobot.common] _read : FE FE 04 2B 01 CD A2
2026-03-23 16:34:07.032 DEBU [pymycobot.common] _write: FE FE 03 2B D3 10 
2026-03-23 16:34:07.039 DEBU [pymycobot.common] _read : FE FE 04 2B 01 CD A2
2026-03-23 16:34:07.062 DEBU [pymycobot.common] _write: FE FE 03 2B D3 10 
2026-03-23 16:34:07.069 DEBU [pymycobot.common] _read : FE FE 04 2B 01 CD A2
2026-03-23 16:34:07.092 DEBU [pymycobot.common] _write: FE FE 03 2B D3 10 
2026-03-23 16:34:07.100 DEBU [pymycobot.common] _read : FE FE 04 2B 01 CD A2
2026-03-23 16:34:07.122 DEBU [pymycobot.common] _write: FE FE 03 2B D3 10 
2026-03-23 16:34:07.129 DEBU [pymycobot.common] _read : FE FE 04 2B 01 CD A2
2026-03-23 16:34:07.152 DEBU [pymycobot.common] _write: FE FE 03 2B D3 10 
2026-03-23 16:34:07.159 DEBU [pymycobot.common] _read : FE FE 04 2B 01 CD A2
2026-03-23 16:34:07.183 DEBU [pymycobot.common] _write: FE FE 03 2B D3 10 
2026-03-23 16:34:07.189 DEBU [pymycobot.common] _read : FE FE 04 2B 01 CD A2
2026-03-23 16:34:07.213 DEBU [pymycobot.common] _write: FE FE 03 2B D3 10 
2026-03-23 16:34:07.223 DEBU [pymycobot.common] _read : FE FE 04 2B 01 CD A2
2026-03-23 16:34:07.243 DEBU [pymycobot.common] _write: FE FE 03 2B D3 10 
2026-03-23 16:34:07.250 DEBU [pymycobot.common] _read : FE FE 04 2B 01 CD A2
2026-03-23 16:34:07.273 DEBU [pymycobot.common] _write: FE FE 03 2B D3 10 
2026-03-23 16:34:07.279 DEBU [pymycobot.common] _read : FE FE 04 2B 01 CD A2
2026-03-23 16:34:07.303 DEBU [pymycobot.common] _write: FE FE 03 2B D3 10 
2026-03-23 16:34:07.311 DEBU [pymycobot.common] _read : FE FE 04 2B 01 CD A2
2026-03-23 16:34:07.333 DEBU [pymycobot.common] _write: FE FE 03 2B D3 10 
2026-03-23 16:34:07.339 DEBU [pymycobot.common] _read : FE FE 04 2B 01 CD A2
2026-03-23 16:34:07.363 DEBU [pymycobot.common] _write: FE FE 03 2B D3 10 
2026-03-23 16:34:07.369 DEBU [pymycobot.common] _read : FE FE 04 2B 01 CD A2
2026-03-23 16:34:07.393 DEBU [pymycobot.common] _write: FE FE 03 2B D3 10 
2026-03-23 16:34:07.399 DEBU [pymycobot.common] _read : FE FE 04 2B 01 CD A2
2026-03-23 16:34:07.424 DEBU [pymycobot.common] _write: FE FE 03 2B D3 10 
2026-03-23 16:34:07.431 DEBU [pymycobot.common] _read : FE FE 04 2B 01 CD A2
2026-03-23 16:34:07.454 DEBU [pymycobot.common] _write: FE FE 03 2B D3 10 
2026-03-23 16:34:07.460 DEBU [pymycobot.common] _read : FE FE 04 2B 01 CD A2
2026-03-23 16:34:07.484 DEBU [pymycobot.common] _write: FE FE 03 2B D3 10 
2026-03-23 16:34:07.492 DEBU [pymycobot.common] _read : FE FE 04 2B 01 CD A2
2026-03-23 16:34:07.514 DEBU [pymycobot.common] _write: FE FE 03 2B D3 10 
2026-03-23 16:34:07.520 DEBU [pymycobot.common] _read : FE FE 04 2B 01 CD A2
2026-03-23 16:34:07.544 DEBU [pymycobot.common] _write: FE FE 03 2B D3 10 
2026-03-23 16:34:07.549 DEBU [pymycobot.common] _read : FE FE 04 2B 01 CD A2
2026-03-23 16:34:07.574 DEBU [pymycobot.common] _write: FE FE 03 2B D3 10 
2026-03-23 16:34:07.580 DEBU [pymycobot.common] _read : FE FE 04 2B 01 CD A2
2026-03-23 16:34:07.604 DEBU [pymycobot.common] _write: FE FE 03 2B D3 10 
2026-03-23 16:34:07.609 DEBU [pymycobot.common] _read : FE FE 04 2B 01 CD A2
2026-03-23 16:34:07.634 DEBU [pymycobot.common] _write: FE FE 03 2B D3 10 
2026-03-23 16:34:07.639 DEBU [pymycobot.common] _read : FE FE 04 2B 01 CD A2
2026-03-23 16:34:07.664 DEBU [pymycobot.common] _write: FE FE 03 2B D3 10 
2026-03-23 16:34:07.671 DEBU [pymycobot.common] _read : FE FE 04 2B 01 CD A2
2026-03-23 16:34:07.694 DEBU [pymycobot.common] _write: FE FE 03 2B D3 10 
2026-03-23 16:34:07.701 DEBU [pymycobot.common] _read : FE FE 04 2B 01 CD A2
2026-03-23 16:34:07.724 DEBU [pymycobot.common] _write: FE FE 03 2B D3 10 
2026-03-23 16:34:07.730 DEBU [pymycobot.common] _read : FE FE 04 2B 01 CD A2
2026-03-23 16:34:07.754 DEBU [pymycobot.common] _write: FE FE 03 2B D3 10 
2026-03-23 16:34:07.762 DEBU [pymycobot.common] _read : FE FE 04 2B 01 CD A2
2026-03-23 16:34:07.784 DEBU [pymycobot.common] _write: FE FE 03 2B D3 10 
2026-03-23 16:34:07.791 DEBU [pymycobot.common] _read : FE FE 04 2B 01 CD A2
2026-03-23 16:34:07.815 DEBU [pymycobot.common] _write: FE FE 03 2B D3 10 
2026-03-23 16:34:07.822 DEBU [pymycobot.common] _read : FE FE 04 2B 01 CD A2
2026-03-23 16:34:07.845 DEBU [pymycobot.common] _write: FE FE 03 2B D3 10 
2026-03-23 16:34:07.852 DEBU [pymycobot.common] _read : FE FE 04 2B 01 CD A2
2026-03-23 16:34:07.876 DEBU [pymycobot.common] _write: FE FE 03 2B D3 10 
2026-03-23 16:34:07.882 DEBU [pymycobot.common] _read : FE FE 04 2B 01 CD A2
2026-03-23 16:34:07.906 DEBU [pymycobot.common] _write: FE FE 03 2B D3 10 
2026-03-23 16:34:07.912 DEBU [pymycobot.common] _read : FE FE 04 2B 01 CD A2
2026-03-23 16:34:07.936 DEBU [pymycobot.common] _write: FE FE 03 2B D3 10 
2026-03-23 16:34:07.943 DEBU [pymycobot.common] _read : FE FE 04 2B 01 CD A2
2026-03-23 16:34:07.966 DEBU [pymycobot.common] _write: FE FE 03 2B D3 10 
2026-03-23 16:34:07.973 DEBU [pymycobot.common] _read : FE FE 04 2B 01 CD A2
2026-03-23 16:34:07.996 DEBU [pymycobot.common] _write: FE FE 03 2B D3 10 
2026-03-23 16:34:08.002 DEBU [pymycobot.common] _read : FE FE 04 2B 01 CD A2
2026-03-23 16:34:08.026 DEBU [pymycobot.common] _write: FE FE 03 2B D3 10 
2026-03-23 16:34:08.032 DEBU [pymycobot.common] _read : FE FE 04 2B 01 CD A2
2026-03-23 16:34:08.056 DEBU [pymycobot.common] _write: FE FE 03 2B D3 10 
2026-03-23 16:34:08.062 DEBU [pymycobot.common] _read : FE FE 04 2B 01 CD A2
2026-03-23 16:34:08.086 DEBU [pymycobot.common] _write: FE FE 03 2B D3 10 
2026-03-23 16:34:08.092 DEBU [pymycobot.common] _read : FE FE 04 2B 01 CD A2
2026-03-23 16:34:08.116 DEBU [pymycobot.common] _write: FE FE 03 2B D3 10 
2026-03-23 16:34:08.123 DEBU [pymycobot.common] _read : FE FE 04 2B 01 CD A2
2026-03-23 16:34:08.146 DEBU [pymycobot.common] _write: FE FE 03 2B D3 10 
2026-03-23 16:34:08.152 DEBU [pymycobot.common] _read : FE FE 04 2B 01 CD A2
2026-03-23 16:34:08.177 DEBU [pymycobot.common] _write: FE FE 03 2B D3 10 
2026-03-23 16:34:08.183 DEBU [pymycobot.common] _read : FE FE 04 2B 01 CD A2
2026-03-23 16:34:08.207 DEBU [pymycobot.common] _write: FE FE 03 2B D3 10 
2026-03-23 16:34:08.212 DEBU [pymycobot.common] _read : FE FE 04 2B 01 CD A2
2026-03-23 16:34:08.237 DEBU [pymycobot.common] _write: FE FE 03 2B D3 10 
2026-03-23 16:34:08.242 DEBU [pymycobot.common] _read : FE FE 04 2B 01 CD A2
2026-03-23 16:34:08.267 DEBU [pymycobot.common] _write: FE FE 03 2B D3 10 
2026-03-23 16:34:08.273 DEBU [pymycobot.common] _read : FE FE 04 2B 01 CD A2
2026-03-23 16:34:08.297 DEBU [pymycobot.common] _write: FE FE 03 2B D3 10 
2026-03-23 16:34:08.304 DEBU [pymycobot.common] _read : FE FE 04 2B 01 CD A2
2026-03-23 16:34:08.327 DEBU [pymycobot.common] _write: FE FE 03 2B D3 10 
2026-03-23 16:34:08.333 DEBU [pymycobot.common] _read : FE FE 04 2B 01 CD A2
2026-03-23 16:34:08.357 DEBU [pymycobot.common] _write: FE FE 03 2B D3 10 
2026-03-23 16:34:08.364 DEBU [pymycobot.common] _read : FE FE 04 2B 01 CD A2
2026-03-23 16:34:08.388 DEBU [pymycobot.common] _write: FE FE 03 2B D3 10 
2026-03-23 16:34:08.394 DEBU [pymycobot.common] _read : FE FE 04 2B 01 CD A2
2026-03-23 16:34:08.418 DEBU [pymycobot.common] _write: FE FE 03 2B D3 10 
2026-03-23 16:34:08.423 DEBU [pymycobot.common] _read : FE FE 04 2B 01 CD A2
2026-03-23 16:34:08.448 DEBU [pymycobot.common] _write: FE FE 03 2B D3 10 
2026-03-23 16:34:08.454 DEBU [pymycobot.common] _read : FE FE 04 2B 01 CD A2
2026-03-23 16:34:08.478 DEBU [pymycobot.common] _write: FE FE 03 2B D3 10 
2026-03-23 16:34:08.485 DEBU [pymycobot.common] _read : FE FE 04 2B 01 CD A2
2026-03-23 16:34:08.508 DEBU [pymycobot.common] _write: FE FE 03 2B D3 10 
2026-03-23 16:34:08.515 DEBU [pymycobot.common] _read : FE FE 04 2B 01 CD A2
2026-03-23 16:34:08.538 DEBU [pymycobot.common] _write: FE FE 03 2B D3 10 
2026-03-23 16:34:08.545 DEBU [pymycobot.common] _read : FE FE 04 2B 01 CD A2
2026-03-23 16:34:08.568 DEBU [pymycobot.common] _write: FE FE 03 2B D3 10 
2026-03-23 16:34:08.575 DEBU [pymycobot.common] _read : FE FE 04 2B 01 CD A2
2026-03-23 16:34:08.598 DEBU [pymycobot.common] _write: FE FE 03 2B D3 10 
2026-03-23 16:34:08.604 DEBU [pymycobot.common] _read : FE FE 04 2B 01 CD A2
2026-03-23 16:34:08.628 DEBU [pymycobot.common] _write: FE FE 03 2B D3 10 
2026-03-23 16:34:08.633 DEBU [pymycobot.common] _read : FE FE 04 2B 01 CD A2
2026-03-23 16:34:08.658 DEBU [pymycobot.common] _write: FE FE 03 2B D3 10 
2026-03-23 16:34:08.665 DEBU [pymycobot.common] _read : FE FE 04 2B 01 CD A2
2026-03-23 16:34:08.689 DEBU [pymycobot.common] _write: FE FE 03 2B D3 10 
2026-03-23 16:34:08.696 DEBU [pymycobot.common] _read : FE FE 04 2B 01 CD A2
2026-03-23 16:34:08.718 DEBU [pymycobot.common] _write: FE FE 03 2B D3 10 
2026-03-23 16:34:08.724 DEBU [pymycobot.common] _read : FE FE 04 2B 01 CD A2
2026-03-23 16:34:08.748 DEBU [pymycobot.common] _write: FE FE 03 2B D3 10 
2026-03-23 16:34:08.754 DEBU [pymycobot.common] _read : FE FE 04 2B 01 CD A2
2026-03-23 16:34:08.778 DEBU [pymycobot.common] _write: FE FE 03 2B D3 10 
2026-03-23 16:34:08.785 DEBU [pymycobot.common] _read : FE FE 04 2B 01 CD A2
2026-03-23 16:34:08.809 DEBU [pymycobot.common] _write: FE FE 03 2B D3 10 
2026-03-23 16:34:08.814 DEBU [pymycobot.common] _read : FE FE 04 2B 01 CD A2
2026-03-23 16:34:08.840 DEBU [pymycobot.common] _write: FE FE 03 2B D3 10 
2026-03-23 16:34:08.845 DEBU [pymycobot.common] _read : FE FE 04 2B 01 CD A2
2026-03-23 16:34:08.870 DEBU [pymycobot.common] _write: FE FE 03 2B D3 10 
2026-03-23 16:34:08.876 DEBU [pymycobot.common] _read : FE FE 04 2B 01 CD A2
2026-03-23 16:34:08.901 DEBU [pymycobot.common] _write: FE FE 03 2B D3 10 
2026-03-23 16:34:08.907 DEBU [pymycobot.common] _read : FE FE 04 2B 01 CD A2
2026-03-23 16:34:08.931 DEBU [pymycobot.common] _write: FE FE 03 2B D3 10 
2026-03-23 16:34:08.936 DEBU [pymycobot.common] _read : FE FE 04 2B 01 CD A2
2026-03-23 16:34:08.961 DEBU [pymycobot.common] _write: FE FE 03 2B D3 10 
2026-03-23 16:34:08.967 DEBU [pymycobot.common] _read : FE FE 04 2B 01 CD A2
2026-03-23 16:34:08.991 DEBU [pymycobot.common] _write: FE FE 03 2B D3 10 
2026-03-23 16:34:08.997 DEBU [pymycobot.common] _read : FE FE 04 2B 01 CD A2
2026-03-23 16:34:09.021 DEBU [pymycobot.common] _write: FE FE 03 2B D3 10 
2026-03-23 16:34:09.028 DEBU [pymycobot.common] _read : FE FE 04 2B 01 CD A2
2026-03-23 16:34:09.051 DEBU [pymycobot.common] _write: FE FE 03 2B D3 10 
2026-03-23 16:34:09.057 DEBU [pymycobot.common] _read : FE FE 04 2B 01 CD A2
2026-03-23 16:34:09.081 DEBU [pymycobot.common] _write: FE FE 03 2B D3 10 
2026-03-23 16:34:09.087 DEBU [pymycobot.common] _read : FE FE 04 2B 01 CD A2
2026-03-23 16:34:09.111 DEBU [pymycobot.common] _write: FE FE 03 2B D3 10 
2026-03-23 16:34:09.117 DEBU [pymycobot.common] _read : FE FE 04 2B 01 CD A2
2026-03-23 16:34:09.141 DEBU [pymycobot.common] _write: FE FE 03 2B D3 10 
2026-03-23 16:34:09.146 DEBU [pymycobot.common] _read : FE FE 04 2B 01 CD A2
2026-03-23 16:34:09.171 DEBU [pymycobot.common] _write: FE FE 03 2B D3 10 
2026-03-23 16:34:09.177 DEBU [pymycobot.common] _read : FE FE 04 2B 01 CD A2
2026-03-23 16:34:09.201 DEBU [pymycobot.common] _write: FE FE 03 2B D3 10 
2026-03-23 16:34:09.207 DEBU [pymycobot.common] _read : FE FE 04 2B 01 CD A2
2026-03-23 16:34:09.231 DEBU [pymycobot.common] _write: FE FE 03 2B D3 10 
2026-03-23 16:34:09.236 DEBU [pymycobot.common] _read : FE FE 04 2B 01 CD A2
2026-03-23 16:34:09.261 DEBU [pymycobot.common] _write: FE FE 03 2B D3 10 
2026-03-23 16:34:09.268 DEBU [pymycobot.common] _read : FE FE 04 2B 01 CD A2
2026-03-23 16:34:09.291 DEBU [pymycobot.common] _write: FE FE 03 2B D3 10 
2026-03-23 16:34:09.297 DEBU [pymycobot.common] _read : FE FE 04 2B 01 CD A2
2026-03-23 16:34:09.321 DEBU [pymycobot.common] _write: FE FE 03 2B D3 10 
2026-03-23 16:34:09.328 DEBU [pymycobot.common] _read : FE FE 04 2B 01 CD A2
2026-03-23 16:34:09.351 DEBU [pymycobot.common] _write: FE FE 03 2B D3 10 
2026-03-23 16:34:09.356 DEBU [pymycobot.common] _read : FE FE 04 2B 01 CD A2
2026-03-23 16:34:09.381 DEBU [pymycobot.common] _write: FE FE 03 2B D3 10 
2026-03-23 16:34:09.387 DEBU [pymycobot.common] _read : FE FE 04 2B 01 CD A2
2026-03-23 16:34:09.411 DEBU [pymycobot.common] _write: FE FE 03 2B D3 10 
2026-03-23 16:34:09.418 DEBU [pymycobot.common] _read : FE FE 04 2B 01 CD A2
2026-03-23 16:34:09.443 DEBU [pymycobot.common] _write: FE FE 03 2B D3 10 
2026-03-23 16:34:09.449 DEBU [pymycobot.common] _read : FE FE 04 2B 01 CD A2
2026-03-23 16:34:09.472 DEBU [pymycobot.common] _write: FE FE 03 2B D3 10 
2026-03-23 16:34:09.478 DEBU [pymycobot.common] _read : FE FE 04 2B 01 CD A2
2026-03-23 16:34:09.502 DEBU [pymycobot.common] _write: FE FE 03 2B D3 10 
2026-03-23 16:34:09.509 DEBU [pymycobot.common] _read : FE FE 04 2B 01 CD A2
2026-03-23 16:34:09.532 DEBU [pymycobot.common] _write: FE FE 03 2B D3 10 
2026-03-23 16:34:09.538 DEBU [pymycobot.common] _read : FE FE 04 2B 01 CD A2
2026-03-23 16:34:09.562 DEBU [pymycobot.common] _write: FE FE 03 2B D3 10 
2026-03-23 16:34:09.570 DEBU [pymycobot.common] _read : FE FE 04 2B 01 CD A2
2026-03-23 16:34:09.592 DEBU [pymycobot.common] _write: FE FE 03 2B D3 10 
2026-03-23 16:34:09.600 DEBU [pymycobot.common] _read : FE FE 04 2B 01 CD A2
2026-03-23 16:34:09.622 DEBU [pymycobot.common] _write: FE FE 03 2B D3 10 
2026-03-23 16:34:09.628 DEBU [pymycobot.common] _read : FE FE 04 2B 01 CD A2
2026-03-23 16:34:09.652 DEBU [pymycobot.common] _write: FE FE 03 2B D3 10 
2026-03-23 16:34:09.658 DEBU [pymycobot.common] _read : FE FE 04 2B 01 CD A2
2026-03-23 16:34:09.682 DEBU [pymycobot.common] _write: FE FE 03 2B D3 10 
2026-03-23 16:34:09.688 DEBU [pymycobot.common] _read : FE FE 04 2B 01 CD A2
2026-03-23 16:34:09.712 DEBU [pymycobot.common] _write: FE FE 03 2B D3 10 
2026-03-23 16:34:09.717 DEBU [pymycobot.common] _read : FE FE 04 2B 01 CD A2
2026-03-23 16:34:09.742 DEBU [pymycobot.common] _write: FE FE 03 2B D3 10 
2026-03-23 16:34:09.748 DEBU [pymycobot.common] _read : FE FE 04 2B 01 CD A2
2026-03-23 16:34:09.772 DEBU [pymycobot.common] _write: FE FE 03 2B D3 10 
2026-03-23 16:34:09.779 DEBU [pymycobot.common] _read : FE FE 04 2B 01 CD A2
2026-03-23 16:34:09.805 DEBU [pymycobot.common] _write: FE FE 03 2B D3 10 
2026-03-23 16:34:09.813 DEBU [pymycobot.common] _read : FE FE 04 2B 01 CD A2
2026-03-23 16:34:09.832 DEBU [pymycobot.common] _write: FE FE 03 2B D3 10 
2026-03-23 16:34:09.838 DEBU [pymycobot.common] _read : FE FE 04 2B 01 CD A2
2026-03-23 16:34:09.863 DEBU [pymycobot.common] _write: FE FE 03 2B D3 10 
2026-03-23 16:34:09.869 DEBU [pymycobot.common] _read : FE FE 04 2B 01 CD A2
2026-03-23 16:34:09.893 DEBU [pymycobot.common] _write: FE FE 03 2B D3 10 
2026-03-23 16:34:09.899 DEBU [pymycobot.common] _read : FE FE 04 2B 01 CD A2
2026-03-23 16:34:09.924 DEBU [pymycobot.common] _write: FE FE 03 2B D3 10 
2026-03-23 16:34:09.930 DEBU [pymycobot.common] _read : FE FE 04 2B 01 CD A2
2026-03-23 16:34:09.954 DEBU [pymycobot.common] _write: FE FE 03 2B D3 10 
2026-03-23 16:34:09.959 DEBU [pymycobot.common] _read : FE FE 04 2B 01 CD A2
2026-03-23 16:34:09.984 DEBU [pymycobot.common] _write: FE FE 03 2B D3 10 
2026-03-23 16:34:09.990 DEBU [pymycobot.common] _read : FE FE 04 2B 01 CD A2
2026-03-23 16:34:10.014 DEBU [pymycobot.common] _write: FE FE 03 2B D3 10 
2026-03-23 16:34:10.019 DEBU [pymycobot.common] _read : FE FE 04 2B 01 CD A2
2026-03-23 16:34:10.044 DEBU [pymycobot.common] _write: FE FE 03 2B D3 10 
2026-03-23 16:34:10.050 DEBU [pymycobot.common] _read : FE FE 04 2B 01 CD A2
2026-03-23 16:34:10.074 DEBU [pymycobot.common] _write: FE FE 03 2B D3 10 
2026-03-23 16:34:10.081 DEBU [pymycobot.common] _read : FE FE 04 2B 01 CD A2
2026-03-23 16:34:10.104 DEBU [pymycobot.common] _write: FE FE 03 2B D3 10 
2026-03-23 16:34:10.110 DEBU [pymycobot.common] _read : FE FE 04 2B 01 CD A2
2026-03-23 16:34:10.134 DEBU [pymycobot.common] _write: FE FE 03 2B D3 10 
2026-03-23 16:34:10.140 DEBU [pymycobot.common] _read : FE FE 04 2B 01 CD A2
2026-03-23 16:34:10.164 DEBU [pymycobot.common] _write: FE FE 03 2B D3 10 
2026-03-23 16:34:10.170 DEBU [pymycobot.common] _read : FE FE 04 2B 01 CD A2
2026-03-23 16:34:10.194 DEBU [pymycobot.common] _write: FE FE 03 2B D3 10 
2026-03-23 16:34:10.201 DEBU [pymycobot.common] _read : FE FE 04 2B 01 CD A2
2026-03-23 16:34:10.225 DEBU [pymycobot.common] _write: FE FE 03 2B D3 10 
2026-03-23 16:34:10.231 DEBU [pymycobot.common] _read : FE FE 04 2B 01 CD A2
2026-03-23 16:34:10.255 DEBU [pymycobot.common] _write: FE FE 03 2B D3 10 
2026-03-23 16:34:10.261 DEBU [pymycobot.common] _read : FE FE 04 2B 01 CD A2
2026-03-23 16:34:10.285 DEBU [pymycobot.common] _write: FE FE 03 2B D3 10 
2026-03-23 16:34:10.290 DEBU [pymycobot.common] _read : FE FE 04 2B 01 CD A2
2026-03-23 16:34:10.315 DEBU [pymycobot.common] _write: FE FE 03 2B D3 10 
2026-03-23 16:34:10.320 DEBU [pymycobot.common] _read : FE FE 04 2B 01 CD A2
2026-03-23 16:34:10.345 DEBU [pymycobot.common] _write: FE FE 03 2B D3 10 
2026-03-23 16:34:10.351 DEBU [pymycobot.common] _read : FE FE 04 2B 01 CD A2
2026-03-23 16:34:10.375 DEBU [pymycobot.common] _write: FE FE 03 2B D3 10 
2026-03-23 16:34:10.382 DEBU [pymycobot.common] _read : FE FE 04 2B 01 CD A2
2026-03-23 16:34:10.405 DEBU [pymycobot.common] _write: FE FE 03 2B D3 10 
2026-03-23 16:34:10.412 DEBU [pymycobot.common] _read : FE FE 04 2B 01 CD A2
2026-03-23 16:34:10.435 DEBU [pymycobot.common] _write: FE FE 03 2B D3 10 
2026-03-23 16:34:10.441 DEBU [pymycobot.common] _read : FE FE 04 2B 01 CD A2
2026-03-23 16:34:10.466 DEBU [pymycobot.common] _write: FE FE 03 2B D3 10 
2026-03-23 16:34:10.471 DEBU [pymycobot.common] _read : FE FE 04 2B 01 CD A2
2026-03-23 16:34:10.496 DEBU [pymycobot.common] _write: FE FE 03 2B D3 10 
2026-03-23 16:34:10.502 DEBU [pymycobot.common] _read : FE FE 04 2B 01 CD A2
2026-03-23 16:34:10.526 DEBU [pymycobot.common] _write: FE FE 03 2B D3 10 
2026-03-23 16:34:10.532 DEBU [pymycobot.common] _read : FE FE 04 2B 01 CD A2
2026-03-23 16:34:10.556 DEBU [pymycobot.common] _write: FE FE 03 2B D3 10 
2026-03-23 16:34:10.563 DEBU [pymycobot.common] _read : FE FE 04 2B 01 CD A2
2026-03-23 16:34:10.586 DEBU [pymycobot.common] _write: FE FE 03 2B D3 10 
2026-03-23 16:34:10.591 DEBU [pymycobot.common] _read : FE FE 04 2B 01 CD A2
2026-03-23 16:34:10.616 DEBU [pymycobot.common] _write: FE FE 03 2B D3 10 
2026-03-23 16:34:10.623 DEBU [pymycobot.common] _read : FE FE 04 2B 01 CD A2
2026-03-23 16:34:10.646 DEBU [pymycobot.common] _write: FE FE 03 2B D3 10 
2026-03-23 16:34:10.652 DEBU [pymycobot.common] _read : FE FE 04 2B 01 CD A2
2026-03-23 16:34:10.676 DEBU [pymycobot.common] _write: FE FE 03 2B D3 10 
2026-03-23 16:34:10.683 DEBU [pymycobot.common] _read : FE FE 04 2B 01 CD A2
2026-03-23 16:34:10.706 DEBU [pymycobot.common] _write: FE FE 03 2B D3 10 
2026-03-23 16:34:10.712 DEBU [pymycobot.common] _read : FE FE 04 2B 01 CD A2
2026-03-23 16:34:10.736 DEBU [pymycobot.common] _write: FE FE 03 2B D3 10 
2026-03-23 16:34:10.742 DEBU [pymycobot.common] _read : FE FE 04 2B 01 CD A2
2026-03-23 16:34:10.766 DEBU [pymycobot.common] _write: FE FE 03 2B D3 10 
2026-03-23 16:34:10.773 DEBU [pymycobot.common] _read : FE FE 04 2B 01 CD A2
2026-03-23 16:34:10.796 DEBU [pymycobot.common] _write: FE FE 03 2B D3 10 
2026-03-23 16:34:10.802 DEBU [pymycobot.common] _read : FE FE 04 2B 01 CD A2
2026-03-23 16:34:10.827 DEBU [pymycobot.common] _write: FE FE 03 2B D3 10 
2026-03-23 16:34:10.833 DEBU [pymycobot.common] _read : FE FE 04 2B 01 CD A2
2026-03-23 16:34:10.857 DEBU [pymycobot.common] _write: FE FE 03 2B D3 10 
2026-03-23 16:34:10.863 DEBU [pymycobot.common] _read : FE FE 04 2B 01 CD A2
2026-03-23 16:34:10.888 DEBU [pymycobot.common] _write: FE FE 03 2B D3 10 
2026-03-23 16:34:10.895 DEBU [pymycobot.common] _read : FE FE 04 2B 01 CD A2
2026-03-23 16:34:10.918 DEBU [pymycobot.common] _write: FE FE 03 2B D3 10 
2026-03-23 16:34:10.924 DEBU [pymycobot.common] _read : FE FE 04 2B 01 CD A2
2026-03-23 16:34:10.948 DEBU [pymycobot.common] _write: FE FE 03 2B D3 10 
2026-03-23 16:34:10.955 DEBU [pymycobot.common] _read : FE FE 04 2B 01 CD A2
2026-03-23 16:34:10.978 DEBU [pymycobot.common] _write: FE FE 03 2B D3 10 
2026-03-23 16:34:10.985 DEBU [pymycobot.common] _read : FE FE 04 2B 01 CD A2
2026-03-23 16:34:11.008 DEBU [pymycobot.common] _write: FE FE 03 2B D3 10 
2026-03-23 16:34:11.016 DEBU [pymycobot.common] _read : FE FE 04 2B 01 CD A2
2026-03-23 16:34:11.038 DEBU [pymycobot.common] _write: FE FE 03 2B D3 10 
2026-03-23 16:34:11.045 DEBU [pymycobot.common] _read : FE FE 04 2B 01 CD A2
2026-03-23 16:34:11.068 DEBU [pymycobot.common] _write: FE FE 03 2B D3 10 
2026-03-23 16:34:11.076 DEBU [pymycobot.common] _read : FE FE 04 2B 01 CD A2
2026-03-23 16:34:11.098 DEBU [pymycobot.common] _write: FE FE 03 2B D3 10 
2026-03-23 16:34:11.105 DEBU [pymycobot.common] _read : FE FE 04 2B 01 CD A2
2026-03-23 16:34:11.128 DEBU [pymycobot.common] _write: FE FE 03 2B D3 10 
2026-03-23 16:34:11.135 DEBU [pymycobot.common] _read : FE FE 04 2B 01 CD A2
2026-03-23 16:34:11.159 DEBU [pymycobot.common] _write: FE FE 03 2B D3 10 
2026-03-23 16:34:11.166 DEBU [pymycobot.common] _read : FE FE 04 2B 01 CD A2
2026-03-23 16:34:11.188 DEBU [pymycobot.common] _write: FE FE 03 2B D3 10 
2026-03-23 16:34:11.195 DEBU [pymycobot.common] _read : FE FE 04 2B 01 CD A2
2026-03-23 16:34:11.218 DEBU [pymycobot.common] _write: FE FE 03 2B D3 10 
2026-03-23 16:34:11.225 DEBU [pymycobot.common] _read : FE FE 04 2B 01 CD A2
2026-03-23 16:34:11.249 DEBU [pymycobot.common] _write: FE FE 03 2B D3 10 
2026-03-23 16:34:11.258 DEBU [pymycobot.common] _read : FE FE 04 2B 01 CD A2
2026-03-23 16:34:11.279 DEBU [pymycobot.common] _write: FE FE 03 2B D3 10 
2026-03-23 16:34:11.286 DEBU [pymycobot.common] _read : FE FE 04 2B 01 CD A2
2026-03-23 16:34:11.309 DEBU [pymycobot.common] _write: FE FE 03 2B D3 10 
2026-03-23 16:34:11.317 DEBU [pymycobot.common] _read : FE FE 04 2B 01 CD A2
2026-03-23 16:34:11.339 DEBU [pymycobot.common] _write: FE FE 03 2B D3 10 
2026-03-23 16:34:11.345 DEBU [pymycobot.common] _read : FE FE 04 2B 01 CD A2
2026-03-23 16:34:11.369 DEBU [pymycobot.common] _write: FE FE 03 2B D3 10 
2026-03-23 16:34:11.376 DEBU [pymycobot.common] _read : FE FE 04 2B 01 CD A2
2026-03-23 16:34:11.400 DEBU [pymycobot.common] _write: FE FE 03 2B D3 10 
2026-03-23 16:34:11.406 DEBU [pymycobot.common] _read : FE FE 04 2B 01 CD A2
2026-03-23 16:34:11.430 DEBU [pymycobot.common] _write: FE FE 03 2B D3 10 
2026-03-23 16:34:11.438 DEBU [pymycobot.common] _read : FE FE 04 2B 01 CD A2
2026-03-23 16:34:11.461 DEBU [pymycobot.common] _write: FE FE 03 2B D3 10 
2026-03-23 16:34:11.468 DEBU [pymycobot.common] _read : FE FE 04 2B 01 CD A2
2026-03-23 16:34:11.491 DEBU [pymycobot.common] _write: FE FE 03 2B D3 10 
2026-03-23 16:34:11.499 DEBU [pymycobot.common] _read : FE FE 04 2B 01 CD A2
2026-03-23 16:34:11.521 DEBU [pymycobot.common] _write: FE FE 03 2B D3 10 
2026-03-23 16:34:11.528 DEBU [pymycobot.common] _read : FE FE 04 2B 01 CD A2
2026-03-23 16:34:11.551 DEBU [pymycobot.common] _write: FE FE 03 2B D3 10 
2026-03-23 16:34:11.558 DEBU [pymycobot.common] _read : FE FE 04 2B 01 CD A2
2026-03-23 16:34:11.581 DEBU [pymycobot.common] _write: FE FE 03 2B D3 10 
2026-03-23 16:34:11.588 DEBU [pymycobot.common] _read : FE FE 04 2B 01 CD A2
2026-03-23 16:34:11.611 DEBU [pymycobot.common] _write: FE FE 03 2B D3 10 
2026-03-23 16:34:11.617 DEBU [pymycobot.common] _read : FE FE 04 2B 01 CD A2
2026-03-23 16:34:11.641 DEBU [pymycobot.common] _write: FE FE 03 2B D3 10 
2026-03-23 16:34:11.649 DEBU [pymycobot.common] _read : FE FE 04 2B 01 CD A2
2026-03-23 16:34:11.671 DEBU [pymycobot.common] _write: FE FE 03 2B D3 10 
2026-03-23 16:34:11.678 DEBU [pymycobot.common] _read : FE FE 04 2B 01 CD A2
2026-03-23 16:34:11.701 DEBU [pymycobot.common] _write: FE FE 03 2B D3 10 
2026-03-23 16:34:11.708 DEBU [pymycobot.common] _read : FE FE 04 2B 01 CD A2
2026-03-23 16:34:11.731 DEBU [pymycobot.common] _write: FE FE 03 2B D3 10 
2026-03-23 16:34:11.738 DEBU [pymycobot.common] _read : FE FE 04 2B 01 CD A2
2026-03-23 16:34:11.761 DEBU [pymycobot.common] _write: FE FE 03 2B D3 10 
2026-03-23 16:34:11.769 DEBU [pymycobot.common] _read : FE FE 04 2B 01 CD A2
2026-03-23 16:34:11.791 DEBU [pymycobot.common] _write: FE FE 03 2B D3 10 
2026-03-23 16:34:11.798 DEBU [pymycobot.common] _read : FE FE 04 2B 01 CD A2
2026-03-23 16:34:11.821 DEBU [pymycobot.common] _write: FE FE 03 2B D3 10 
2026-03-23 16:34:11.828 DEBU [pymycobot.common] _read : FE FE 04 2B 01 CD A2
2026-03-23 16:34:11.852 DEBU [pymycobot.common] _write: FE FE 03 2B D3 10 
2026-03-23 16:34:11.858 DEBU [pymycobot.common] _read : FE FE 04 2B 01 CD A2
2026-03-23 16:34:11.882 DEBU [pymycobot.common] _write: FE FE 03 2B D3 10 
2026-03-23 16:34:11.889 DEBU [pymycobot.common] _read : FE FE 04 2B 01 CD A2
2026-03-23 16:34:11.913 DEBU [pymycobot.common] _write: FE FE 03 2B D3 10 
2026-03-23 16:34:11.919 DEBU [pymycobot.common] _read : FE FE 04 2B 01 CD A2
2026-03-23 16:34:11.943 DEBU [pymycobot.common] _write: FE FE 03 2B D3 10 
2026-03-23 16:34:11.949 DEBU [pymycobot.common] _read : FE FE 04 2B 01 CD A2
2026-03-23 16:34:11.973 DEBU [pymycobot.common] _write: FE FE 03 2B D3 10 
2026-03-23 16:34:11.980 DEBU [pymycobot.common] _read : FE FE 04 2B 01 CD A2
2026-03-23 16:34:12.003 DEBU [pymycobot.common] _write: FE FE 03 2B D3 10 
2026-03-23 16:34:12.010 DEBU [pymycobot.common] _read : FE FE 04 2B 01 CD A2
2026-03-23 16:34:12.033 DEBU [pymycobot.common] _write: FE FE 03 2B D3 10 
2026-03-23 16:34:12.041 DEBU [pymycobot.common] _read : FE FE 04 2B 01 CD A2
2026-03-23 16:34:12.063 DEBU [pymycobot.common] _write: FE FE 03 2B D3 10 
2026-03-23 16:34:12.069 DEBU [pymycobot.common] _read : FE FE 04 2B 01 CD A2
2026-03-23 16:34:12.093 DEBU [pymycobot.common] _write: FE FE 03 2B D3 10 
2026-03-23 16:34:12.100 DEBU [pymycobot.common] _read : FE FE 04 2B 01 CD A2
2026-03-23 16:34:12.123 DEBU [pymycobot.common] _write: FE FE 03 2B D3 10 
2026-03-23 16:34:12.131 DEBU [pymycobot.common] _read : FE FE 04 2B 01 CD A2
2026-03-23 16:34:12.153 DEBU [pymycobot.common] _write: FE FE 03 2B D3 10 
2026-03-23 16:34:12.160 DEBU [pymycobot.common] _read : FE FE 04 2B 01 CD A2
2026-03-23 16:34:12.183 DEBU [pymycobot.common] _write: FE FE 03 2B D3 10 
2026-03-23 16:34:12.191 DEBU [pymycobot.common] _read : FE FE 04 2B 01 CD A2
2026-03-23 16:34:12.213 DEBU [pymycobot.common] _write: FE FE 03 2B D3 10 
2026-03-23 16:34:12.220 DEBU [pymycobot.common] _read : FE FE 04 2B 01 CD A2
2026-03-23 16:34:12.244 DEBU [pymycobot.common] _write: FE FE 03 2B D3 10 
2026-03-23 16:34:12.252 DEBU [pymycobot.common] _read : FE FE 04 2B 01 CD A2
2026-03-23 16:34:12.274 DEBU [pymycobot.common] _write: FE FE 03 2B D3 10 
2026-03-23 16:34:12.281 DEBU [pymycobot.common] _read : FE FE 04 2B 01 CD A2
2026-03-23 16:34:12.304 DEBU [pymycobot.common] _write: FE FE 03 2B D3 10 
2026-03-23 16:34:12.311 DEBU [pymycobot.common] _read : FE FE 04 2B 01 CD A2
2026-03-23 16:34:12.334 DEBU [pymycobot.common] _write: FE FE 03 2B D3 10 
2026-03-23 16:34:12.341 DEBU [pymycobot.common] _read : FE FE 04 2B 01 CD A2
2026-03-23 16:34:12.364 DEBU [pymycobot.common] _write: FE FE 03 2B D3 10 
2026-03-23 16:34:12.371 DEBU [pymycobot.common] _read : FE FE 04 2B 01 CD A2
2026-03-23 16:34:12.394 DEBU [pymycobot.common] _write: FE FE 03 2B D3 10 
2026-03-23 16:34:12.401 DEBU [pymycobot.common] _read : FE FE 04 2B 01 CD A2
2026-03-23 16:34:12.424 DEBU [pymycobot.common] _write: FE FE 03 2B D3 10 
2026-03-23 16:34:12.431 DEBU [pymycobot.common] _read : FE FE 04 2B 01 CD A2
2026-03-23 16:34:12.454 DEBU [pymycobot.common] _write: FE FE 03 2B D3 10 
2026-03-23 16:34:12.460 DEBU [pymycobot.common] _read : FE FE 04 2B 01 CD A2
2026-03-23 16:34:12.485 DEBU [pymycobot.common] _write: FE FE 03 2B D3 10 
2026-03-23 16:34:12.493 DEBU [pymycobot.common] _read : FE FE 04 2B 01 CD A2
2026-03-23 16:34:12.516 DEBU [pymycobot.common] _write: FE FE 03 2B D3 10 
2026-03-23 16:34:12.523 DEBU [pymycobot.common] _read : FE FE 04 2B 01 CD A2
2026-03-23 16:34:12.546 DEBU [pymycobot.common] _write: FE FE 03 2B D3 10 
2026-03-23 16:34:12.554 DEBU [pymycobot.common] _read : FE FE 04 2B 01 CD A2
2026-03-23 16:34:12.576 DEBU [pymycobot.common] _write: FE FE 03 2B D3 10 
2026-03-23 16:34:12.584 DEBU [pymycobot.common] _read : FE FE 04 2B 01 CD A2
2026-03-23 16:34:12.606 DEBU [pymycobot.common] _write: FE FE 03 2B D3 10 
2026-03-23 16:34:12.612 DEBU [pymycobot.common] _read : FE FE 04 2B 01 CD A2
2026-03-23 16:34:12.636 DEBU [pymycobot.common] _write: FE FE 03 2B D3 10 
2026-03-23 16:34:12.643 DEBU [pymycobot.common] _read : FE FE 04 2B 01 CD A2
2026-03-23 16:34:12.666 DEBU [pymycobot.common] _write: FE FE 03 2B D3 10 
2026-03-23 16:34:12.674 DEBU [pymycobot.common] _read : FE FE 04 2B 01 CD A2
2026-03-23 16:34:12.696 DEBU [pymycobot.common] _write: FE FE 03 2B D3 10 
2026-03-23 16:34:12.704 DEBU [pymycobot.common] _read : FE FE 04 2B 01 CD A2
2026-03-23 16:34:12.726 DEBU [pymycobot.common] _write: FE FE 03 2B D3 10 
2026-03-23 16:34:12.733 DEBU [pymycobot.common] _read : FE FE 04 2B 01 CD A2
2026-03-23 16:34:12.756 DEBU [pymycobot.common] _write: FE FE 03 2B D3 10 
2026-03-23 16:34:12.762 DEBU [pymycobot.common] _read : FE FE 04 2B 01 CD A2
2026-03-23 16:34:12.786 DEBU [pymycobot.common] _write: FE FE 03 2B D3 10 
2026-03-23 16:34:12.793 DEBU [pymycobot.common] _read : FE FE 04 2B 01 CD A2
2026-03-23 16:34:12.816 DEBU [pymycobot.common] _write: FE FE 03 2B D3 10 
2026-03-23 16:34:12.824 DEBU [pymycobot.common] _read : FE FE 04 2B 01 CD A2
2026-03-23 16:34:12.847 DEBU [pymycobot.common] _write: FE FE 03 2B D3 10 
2026-03-23 16:34:12.853 DEBU [pymycobot.common] _read : FE FE 04 2B 01 CD A2
2026-03-23 16:34:12.877 DEBU [pymycobot.common] _write: FE FE 03 2B D3 10 
2026-03-23 16:34:12.884 DEBU [pymycobot.common] _read : FE FE 04 2B 01 CD A2
2026-03-23 16:34:12.908 DEBU [pymycobot.common] _write: FE FE 03 2B D3 10 
2026-03-23 16:34:12.916 DEBU [pymycobot.common] _read : FE FE 04 2B 01 CD A2
2026-03-23 16:34:12.939 DEBU [pymycobot.common] _write: FE FE 03 2B D3 10 
2026-03-23 16:34:12.946 DEBU [pymycobot.common] _read : FE FE 04 2B 01 CD A2
2026-03-23 16:34:12.969 DEBU [pymycobot.common] _write: FE FE 03 2B D3 10 
2026-03-23 16:34:12.976 DEBU [pymycobot.common] _read : FE FE 04 2B 01 CD A2
2026-03-23 16:34:12.999 DEBU [pymycobot.common] _write: FE FE 03 2B D3 10 
2026-03-23 16:34:13.006 DEBU [pymycobot.common] _read : FE FE 04 2B 01 CD A2
2026-03-23 16:34:13.029 DEBU [pymycobot.common] _write: FE FE 03 2B D3 10 
2026-03-23 16:34:13.037 DEBU [pymycobot.common] _read : FE FE 04 2B 01 CD A2
2026-03-23 16:34:13.059 DEBU [pymycobot.common] _write: FE FE 03 2B D3 10 
2026-03-23 16:34:13.066 DEBU [pymycobot.common] _read : FE FE 04 2B 01 CD A2
2026-03-23 16:34:13.089 DEBU [pymycobot.common] _write: FE FE 03 2B D3 10 
2026-03-23 16:34:13.096 DEBU [pymycobot.common] _read : FE FE 04 2B 01 CD A2
2026-03-23 16:34:13.119 DEBU [pymycobot.common] _write: FE FE 03 2B D3 10 
2026-03-23 16:34:13.126 DEBU [pymycobot.common] _read : FE FE 04 2B 01 CD A2
2026-03-23 16:34:13.149 DEBU [pymycobot.common] _write: FE FE 03 2B D3 10 
2026-03-23 16:34:13.157 DEBU [pymycobot.common] _read : FE FE 04 2B 01 CD A2
2026-03-23 16:34:13.179 DEBU [pymycobot.common] _write: FE FE 03 2B D3 10 
2026-03-23 16:34:13.187 DEBU [pymycobot.common] _read : FE FE 04 2B 01 CD A2
2026-03-23 16:34:13.209 DEBU [pymycobot.common] _write: FE FE 03 2B D3 10 
2026-03-23 16:34:13.217 DEBU [pymycobot.common] _read : FE FE 04 2B 01 CD A2
2026-03-23 16:34:13.239 DEBU [pymycobot.common] _write: FE FE 03 2B D3 10 
2026-03-23 16:34:13.245 DEBU [pymycobot.common] _read : FE FE 04 2B 01 CD A2
2026-03-23 16:34:13.269 DEBU [pymycobot.common] _write: FE FE 03 2B D3 10 
2026-03-23 16:34:13.277 DEBU [pymycobot.common] _read : FE FE 04 2B 01 CD A2
2026-03-23 16:34:13.300 DEBU [pymycobot.common] _write: FE FE 03 2B D3 10 
2026-03-23 16:34:13.307 DEBU [pymycobot.common] _read : FE FE 04 2B 01 CD A2
2026-03-23 16:34:13.330 DEBU [pymycobot.common] _write: FE FE 03 2B D3 10 
2026-03-23 16:34:13.336 DEBU [pymycobot.common] _read : FE FE 04 2B 01 CD A2
2026-03-23 16:34:13.360 DEBU [pymycobot.common] _write: FE FE 03 2B D3 10 
2026-03-23 16:34:13.368 DEBU [pymycobot.common] _read : FE FE 04 2B 01 CD A2
2026-03-23 16:34:13.391 DEBU [pymycobot.common] _write: FE FE 03 2B D3 10 
2026-03-23 16:34:13.399 DEBU [pymycobot.common] _read : FE FE 04 2B 01 CD A2
2026-03-23 16:34:13.420 DEBU [pymycobot.common] _write: FE FE 03 2B D3 10 
2026-03-23 16:34:13.427 DEBU [pymycobot.common] _read : FE FE 04 2B 01 CD A2
2026-03-23 16:34:13.450 DEBU [pymycobot.common] _write: FE FE 03 2B D3 10 
2026-03-23 16:34:13.459 DEBU [pymycobot.common] _read : FE FE 04 2B 01 CD A2
2026-03-23 16:34:13.481 DEBU [pymycobot.common] _write: FE FE 03 2B D3 10 
2026-03-23 16:34:13.488 DEBU [pymycobot.common] _read : FE FE 04 2B 01 CD A2
2026-03-23 16:34:13.511 DEBU [pymycobot.common] _write: FE FE 03 2B D3 10 
2026-03-23 16:34:13.518 DEBU [pymycobot.common] _read : FE FE 04 2B 01 CD A2
2026-03-23 16:34:13.541 DEBU [pymycobot.common] _write: FE FE 03 2B D3 10 
2026-03-23 16:34:13.548 DEBU [pymycobot.common] _read : FE FE 04 2B 01 CD A2
2026-03-23 16:34:13.571 DEBU [pymycobot.common] _write: FE FE 03 2B D3 10 
2026-03-23 16:34:13.579 DEBU [pymycobot.common] _read : FE FE 04 2B 01 CD A2
2026-03-23 16:34:13.601 DEBU [pymycobot.common] _write: FE FE 03 2B D3 10 
2026-03-23 16:34:13.609 DEBU [pymycobot.common] _read : FE FE 04 2B 01 CD A2
2026-03-23 16:34:13.631 DEBU [pymycobot.common] _write: FE FE 03 2B D3 10 
2026-03-23 16:34:13.638 DEBU [pymycobot.common] _read : FE FE 04 2B 01 CD A2
2026-03-23 16:34:13.661 DEBU [pymycobot.common] _write: FE FE 03 2B D3 10 
2026-03-23 16:34:13.668 DEBU [pymycobot.common] _read : FE FE 04 2B 01 CD A2
2026-03-23 16:34:13.691 DEBU [pymycobot.common] _write: FE FE 03 2B D3 10 
2026-03-23 16:34:13.699 DEBU [pymycobot.common] _read : FE FE 04 2B 01 CD A2
2026-03-23 16:34:13.721 DEBU [pymycobot.common] _write: FE FE 03 2B D3 10 
2026-03-23 16:34:13.727 DEBU [pymycobot.common] _read : FE FE 04 2B 01 CD A2
2026-03-23 16:34:13.751 DEBU [pymycobot.common] _write: FE FE 03 2B D3 10 
2026-03-23 16:34:13.758 DEBU [pymycobot.common] _read : FE FE 04 2B 01 CD A2
2026-03-23 16:34:13.781 DEBU [pymycobot.common] _write: FE FE 03 2B D3 10 
2026-03-23 16:34:13.789 DEBU [pymycobot.common] _read : FE FE 04 2B 01 CD A2
2026-03-23 16:34:13.811 DEBU [pymycobot.common] _write: FE FE 03 2B D3 10 
2026-03-23 16:34:13.818 DEBU [pymycobot.common] _read : FE FE 04 2B 01 CD A2
2026-03-23 16:34:13.842 DEBU [pymycobot.common] _write: FE FE 03 2B D3 10 
2026-03-23 16:34:13.849 DEBU [pymycobot.common] _read : FE FE 04 2B 01 CD A2
2026-03-23 16:34:13.873 DEBU [pymycobot.common] _write: FE FE 03 2B D3 10 
2026-03-23 16:34:13.880 DEBU [pymycobot.common] _read : FE FE 04 2B 01 CD A2
2026-03-23 16:34:13.903 DEBU [pymycobot.common] _write: FE FE 03 2B D3 10 
2026-03-23 16:34:13.910 DEBU [pymycobot.common] _read : FE FE 04 2B 01 CD A2
2026-03-23 16:34:13.934 DEBU [pymycobot.common] _write: FE FE 03 2B D3 10 
2026-03-23 16:34:13.941 DEBU [pymycobot.common] _read : FE FE 04 2B 01 CD A2
2026-03-23 16:34:13.964 DEBU [pymycobot.common] _write: FE FE 03 2B D3 10 
2026-03-23 16:34:13.972 DEBU [pymycobot.common] _read : FE FE 04 2B 01 CD A2
2026-03-23 16:34:13.994 DEBU [pymycobot.common] _write: FE FE 03 2B D3 10 
2026-03-23 16:34:14.001 DEBU [pymycobot.common] _read : FE FE 04 2B 01 CD A2
2026-03-23 16:34:14.024 DEBU [pymycobot.common] _write: FE FE 03 2B D3 10 
2026-03-23 16:34:14.032 DEBU [pymycobot.common] _read : FE FE 04 2B 01 CD A2
2026-03-23 16:34:14.054 DEBU [pymycobot.common] _write: FE FE 03 2B D3 10 
2026-03-23 16:34:14.062 DEBU [pymycobot.common] _read : FE FE 04 2B 01 CD A2
2026-03-23 16:34:14.085 DEBU [pymycobot.common] _write: FE FE 03 2B D3 10 
2026-03-23 16:34:14.093 DEBU [pymycobot.common] _read : FE FE 04 2B 01 CD A2
2026-03-23 16:34:14.115 DEBU [pymycobot.common] _write: FE FE 03 2B D3 10 
2026-03-23 16:34:14.122 DEBU [pymycobot.common] _read : FE FE 04 2B 01 CD A2
2026-03-23 16:34:14.145 DEBU [pymycobot.common] _write: FE FE 03 2B D3 10 
2026-03-23 16:34:14.152 DEBU [pymycobot.common] _read : FE FE 04 2B 01 CD A2
2026-03-23 16:34:14.175 DEBU [pymycobot.common] _write: FE FE 03 2B D3 10 
2026-03-23 16:34:14.183 DEBU [pymycobot.common] _read : FE FE 04 2B 01 CD A2
2026-03-23 16:34:14.205 DEBU [pymycobot.common] _write: FE FE 03 2B D3 10 
2026-03-23 16:34:14.211 DEBU [pymycobot.common] _read : FE FE 04 2B 01 CD A2
2026-03-23 16:34:14.235 DEBU [pymycobot.common] _write: FE FE 03 2B D3 10 
2026-03-23 16:34:14.242 DEBU [pymycobot.common] _read : FE FE 04 2B 01 CD A2
2026-03-23 16:34:14.265 DEBU [pymycobot.common] _write: FE FE 03 2B D3 10 
2026-03-23 16:34:14.273 DEBU [pymycobot.common] _read : FE FE 04 2B 01 CD A2
2026-03-23 16:34:14.295 DEBU [pymycobot.common] _write: FE FE 03 2B D3 10 
2026-03-23 16:34:14.304 DEBU [pymycobot.common] _read : FE FE 04 2B 01 CD A2
2026-03-23 16:34:14.326 DEBU [pymycobot.common] _write: FE FE 03 2B D3 10 
2026-03-23 16:34:14.333 DEBU [pymycobot.common] _read : FE FE 04 2B 01 CD A2
2026-03-23 16:34:14.356 DEBU [pymycobot.common] _write: FE FE 03 2B D3 10 
2026-03-23 16:34:14.363 DEBU [pymycobot.common] _read : FE FE 04 2B 01 CD A2
2026-03-23 16:34:14.386 DEBU [pymycobot.common] _write: FE FE 03 2B D3 10 
2026-03-23 16:34:14.393 DEBU [pymycobot.common] _read : FE FE 04 2B 01 CD A2
2026-03-23 16:34:14.416 DEBU [pymycobot.common] _write: FE FE 03 2B D3 10 
2026-03-23 16:34:14.423 DEBU [pymycobot.common] _read : FE FE 04 2B 01 CD A2
2026-03-23 16:34:14.446 DEBU [pymycobot.common] _write: FE FE 03 2B D3 10 
2026-03-23 16:34:14.453 DEBU [pymycobot.common] _read : FE FE 04 2B 01 CD A2
2026-03-23 16:34:14.476 DEBU [pymycobot.common] _write: FE FE 03 2B D3 10 
2026-03-23 16:34:14.483 DEBU [pymycobot.common] _read : FE FE 04 2B 01 CD A2
2026-03-23 16:34:14.506 DEBU [pymycobot.common] _write: FE FE 03 2B D3 10 
2026-03-23 16:34:14.513 DEBU [pymycobot.common] _read : FE FE 04 2B 01 CD A2
2026-03-23 16:34:14.536 DEBU [pymycobot.common] _write: FE FE 03 2B D3 10 
2026-03-23 16:34:14.543 DEBU [pymycobot.common] _read : FE FE 04 2B 01 CD A2
2026-03-23 16:34:14.566 DEBU [pymycobot.common] _write: FE FE 03 2B D3 10 
2026-03-23 16:34:14.573 DEBU [pymycobot.common] _read : FE FE 04 2B 01 CD A2
2026-03-23 16:34:14.596 DEBU [pymycobot.common] _write: FE FE 03 2B D3 10 
2026-03-23 16:34:14.602 DEBU [pymycobot.common] _read : FE FE 04 2B 01 CD A2
2026-03-23 16:34:14.626 DEBU [pymycobot.common] _write: FE FE 03 2B D3 10 
2026-03-23 16:34:14.634 DEBU [pymycobot.common] _read : FE FE 04 2B 01 CD A2
2026-03-23 16:34:14.656 DEBU [pymycobot.common] _write: FE FE 03 2B D3 10 
2026-03-23 16:34:14.663 DEBU [pymycobot.common] _read : FE FE 04 2B 01 CD A2
2026-03-23 16:34:14.686 DEBU [pymycobot.common] _write: FE FE 03 2B D3 10 
2026-03-23 16:34:14.693 DEBU [pymycobot.common] _read : FE FE 04 2B 01 CD A2
2026-03-23 16:34:14.716 DEBU [pymycobot.common] _write: FE FE 03 2B D3 10 
2026-03-23 16:34:14.723 DEBU [pymycobot.common] _read : FE FE 04 2B 01 CD A2
2026-03-23 16:34:14.746 DEBU [pymycobot.common] _write: FE FE 03 2B D3 10 
2026-03-23 16:34:14.754 DEBU [pymycobot.common] _read : FE FE 04 2B 01 CD A2
2026-03-23 16:34:14.776 DEBU [pymycobot.common] _write: FE FE 03 2B D3 10 
2026-03-23 16:34:14.784 DEBU [pymycobot.common] _read : FE FE 04 2B 01 CD A2
2026-03-23 16:34:14.806 DEBU [pymycobot.common] _write: FE FE 03 2B D3 10 
2026-03-23 16:34:14.813 DEBU [pymycobot.common] _read : FE FE 04 2B 01 CD A2
2026-03-23 16:34:14.836 DEBU [pymycobot.common] _write: FE FE 03 2B D3 10 
2026-03-23 16:34:14.843 DEBU [pymycobot.common] _read : FE FE 04 2B 01 CD A2
2026-03-23 16:34:14.867 DEBU [pymycobot.common] _write: FE FE 03 2B D3 10 
2026-03-23 16:34:14.874 DEBU [pymycobot.common] _read : FE FE 04 2B 01 CD A2
2026-03-23 16:34:14.898 DEBU [pymycobot.common] _write: FE FE 03 2B D3 10 
2026-03-23 16:34:14.904 DEBU [pymycobot.common] _read : FE FE 04 2B 01 CD A2
2026-03-23 16:34:14.929 DEBU [pymycobot.common] _write: FE FE 03 2B D3 10 
2026-03-23 16:34:14.935 DEBU [pymycobot.common] _read : FE FE 04 2B 01 CD A2
2026-03-23 16:34:14.959 DEBU [pymycobot.common] _write: FE FE 03 2B D3 10 
2026-03-23 16:34:14.965 DEBU [pymycobot.common] _read : FE FE 04 2B 01 CD A2
2026-03-23 16:34:14.989 DEBU [pymycobot.common] _write: FE FE 03 2B D3 10 
2026-03-23 16:34:14.996 DEBU [pymycobot.common] _read : FE FE 04 2B 01 CD A2
2026-03-23 16:34:15.019 DEBU [pymycobot.common] _write: FE FE 03 2B D3 10 
2026-03-23 16:34:15.026 DEBU [pymycobot.common] _read : FE FE 04 2B 01 CD A2
2026-03-23 16:34:15.049 DEBU [pymycobot.common] _write: FE FE 03 2B D3 10 
2026-03-23 16:34:15.056 DEBU [pymycobot.common] _read : FE FE 04 2B 01 CD A2
2026-03-23 16:34:15.079 DEBU [pymycobot.common] _write: FE FE 03 2B D3 10 
2026-03-23 16:34:15.085 DEBU [pymycobot.common] _read : FE FE 04 2B 01 CD A2
2026-03-23 16:34:15.109 DEBU [pymycobot.common] _write: FE FE 03 2B D3 10 
2026-03-23 16:34:15.116 DEBU [pymycobot.common] _read : FE FE 04 2B 01 CD A2
2026-03-23 16:34:15.139 DEBU [pymycobot.common] _write: FE FE 03 2B D3 10 
2026-03-23 16:34:15.145 DEBU [pymycobot.common] _read : FE FE 04 2B 01 CD A2
2026-03-23 16:34:15.169 DEBU [pymycobot.common] _write: FE FE 03 2B D3 10 
2026-03-23 16:34:15.176 DEBU [pymycobot.common] _read : FE FE 04 2B 01 CD A2
2026-03-23 16:34:15.199 DEBU [pymycobot.common] _write: FE FE 03 2B D3 10 
2026-03-23 16:34:15.206 DEBU [pymycobot.common] _read : FE FE 04 2B 01 CD A2
2026-03-23 16:34:15.229 DEBU [pymycobot.common] _write: FE FE 03 2B D3 10 
2026-03-23 16:34:15.236 DEBU [pymycobot.common] _read : FE FE 04 2B 01 CD A2
2026-03-23 16:34:15.259 DEBU [pymycobot.common] _write: FE FE 03 2B D3 10 
2026-03-23 16:34:15.266 DEBU [pymycobot.common] _read : FE FE 04 2B 01 CD A2
2026-03-23 16:34:15.290 DEBU [pymycobot.common] _write: FE FE 03 2B D3 10 
2026-03-23 16:34:15.298 DEBU [pymycobot.common] _read : FE FE 04 2B 01 CD A2
2026-03-23 16:34:15.320 DEBU [pymycobot.common] _write: FE FE 03 2B D3 10 
2026-03-23 16:34:15.326 DEBU [pymycobot.common] _read : FE FE 04 2B 01 CD A2
2026-03-23 16:34:15.350 DEBU [pymycobot.common] _write: FE FE 03 2B D3 10 
2026-03-23 16:34:15.357 DEBU [pymycobot.common] _read : FE FE 04 2B 01 CD A2
2026-03-23 16:34:15.380 DEBU [pymycobot.common] _write: FE FE 03 2B D3 10 
2026-03-23 16:34:15.386 DEBU [pymycobot.common] _read : FE FE 04 2B 01 CD A2
2026-03-23 16:34:15.410 DEBU [pymycobot.common] _write: FE FE 03 2B D3 10 
2026-03-23 16:34:15.418 DEBU [pymycobot.common] _read : FE FE 04 2B 01 CD A2
2026-03-23 16:34:15.440 DEBU [pymycobot.common] _write: FE FE 03 2B D3 10 
2026-03-23 16:34:15.447 DEBU [pymycobot.common] _read : FE FE 04 2B 01 CD A2
2026-03-23 16:34:15.470 DEBU [pymycobot.common] _write: FE FE 03 2B D3 10 
2026-03-23 16:34:15.477 DEBU [pymycobot.common] _read : FE FE 04 2B 01 CD A2
2026-03-23 16:34:15.500 DEBU [pymycobot.common] _write: FE FE 03 2B D3 10 
2026-03-23 16:34:15.507 DEBU [pymycobot.common] _read : FE FE 04 2B 01 CD A2
2026-03-23 16:34:15.530 DEBU [pymycobot.common] _write: FE FE 03 2B D3 10 
2026-03-23 16:34:15.536 DEBU [pymycobot.common] _read : FE FE 04 2B 01 CD A2
2026-03-23 16:34:15.560 DEBU [pymycobot.common] _write: FE FE 03 2B D3 10 
2026-03-23 16:34:15.567 DEBU [pymycobot.common] _read : FE FE 04 2B 01 CD A2
2026-03-23 16:34:15.590 DEBU [pymycobot.common] _write: FE FE 03 2B D3 10 
2026-03-23 16:34:15.597 DEBU [pymycobot.common] _read : FE FE 04 2B 01 CD A2
2026-03-23 16:34:15.620 DEBU [pymycobot.common] _write: FE FE 03 2B D3 10 
2026-03-23 16:34:15.627 DEBU [pymycobot.common] _read : FE FE 04 2B 01 CD A2
2026-03-23 16:34:15.650 DEBU [pymycobot.common] _write: FE FE 03 2B D3 10 
2026-03-23 16:34:15.657 DEBU [pymycobot.common] _read : FE FE 04 2B 01 CD A2
2026-03-23 16:34:15.682 DEBU [pymycobot.common] _write: FE FE 03 2B D3 10 
2026-03-23 16:34:15.692 DEBU [pymycobot.common] _read : FE FE 04 2B 01 CD A2
2026-03-23 16:34:15.711 DEBU [pymycobot.common] _write: FE FE 03 2B D3 10 
2026-03-23 16:34:15.718 DEBU [pymycobot.common] _read : FE FE 04 2B 01 CD A2
2026-03-23 16:34:15.741 DEBU [pymycobot.common] _write: FE FE 03 2B D3 10 
2026-03-23 16:34:15.748 DEBU [pymycobot.common] _read : FE FE 04 2B 01 CD A2
2026-03-23 16:34:15.771 DEBU [pymycobot.common] _write: FE FE 03 2B D3 10 
2026-03-23 16:34:15.776 DEBU [pymycobot.common] _read : FE FE 04 2B 01 CD A2
2026-03-23 16:34:15.801 DEBU [pymycobot.common] _write: FE FE 03 2B D3 10 
2026-03-23 16:34:15.807 DEBU [pymycobot.common] _read : FE FE 04 2B 01 CD A2
2026-03-23 16:34:15.831 DEBU [pymycobot.common] _write: FE FE 03 2B D3 10 
2026-03-23 16:34:15.836 DEBU [pymycobot.common] _read : FE FE 04 2B 01 CD A2
2026-03-23 16:34:15.862 DEBU [pymycobot.common] _write: FE FE 03 2B D3 10 
2026-03-23 16:34:15.868 DEBU [pymycobot.common] _read : FE FE 04 2B 01 CD A2
2026-03-23 16:34:15.892 DEBU [pymycobot.common] _write: FE FE 03 2B D3 10 
2026-03-23 16:34:15.897 DEBU [pymycobot.common] _read : FE FE 04 2B 01 CD A2
2026-03-23 16:34:15.923 DEBU [pymycobot.common] _write: FE FE 03 2B D3 10 
2026-03-23 16:34:15.928 DEBU [pymycobot.common] _read : FE FE 04 2B 01 CD A2
2026-03-23 16:34:15.954 DEBU [pymycobot.common] _write: FE FE 03 2B D3 10 
2026-03-23 16:34:15.960 DEBU [pymycobot.common] _read : FE FE 04 2B 01 CD A2
2026-03-23 16:34:15.984 DEBU [pymycobot.common] _write: FE FE 03 2B D3 10 
2026-03-23 16:34:15.989 DEBU [pymycobot.common] _read : FE FE 04 2B 01 CD A2
2026-03-23 16:34:16.014 DEBU [pymycobot.common] _write: FE FE 03 2B D3 10 
2026-03-23 16:34:16.021 DEBU [pymycobot.common] _read : FE FE 04 2B 01 CD A2
2026-03-23 16:34:16.044 DEBU [pymycobot.common] _write: FE FE 03 2B D3 10 
2026-03-23 16:34:16.050 DEBU [pymycobot.common] _read : FE FE 04 2B 01 CD A2
2026-03-23 16:34:16.074 DEBU [pymycobot.common] _write: FE FE 03 2B D3 10 
2026-03-23 16:34:16.079 DEBU [pymycobot.common] _read : FE FE 04 2B 01 CD A2
2026-03-23 16:34:16.104 DEBU [pymycobot.common] _write: FE FE 03 2B D3 10 
2026-03-23 16:34:16.110 DEBU [pymycobot.common] _read : FE FE 04 2B 01 CD A2
2026-03-23 16:34:16.134 DEBU [pymycobot.common] _write: FE FE 03 2B D3 10 
2026-03-23 16:34:16.139 DEBU [pymycobot.common] _read : FE FE 04 2B 01 CD A2
2026-03-23 16:34:16.164 DEBU [pymycobot.common] _write: FE FE 03 2B D3 10 
2026-03-23 16:34:16.169 DEBU [pymycobot.common] _read : FE FE 04 2B 01 CD A2
2026-03-23 16:34:16.194 DEBU [pymycobot.common] _write: FE FE 03 2B D3 10 
2026-03-23 16:34:16.201 DEBU [pymycobot.common] _read : FE FE 04 2B 01 CD A2
2026-03-23 16:34:16.224 DEBU [pymycobot.common] _write: FE FE 03 2B D3 10 
2026-03-23 16:34:16.230 DEBU [pymycobot.common] _read : FE FE 04 2B 01 CD A2
2026-03-23 16:34:16.254 DEBU [pymycobot.common] _write: FE FE 03 2B D3 10 
2026-03-23 16:34:16.259 DEBU [pymycobot.common] _read : FE FE 04 2B 01 CD A2
2026-03-23 16:34:16.284 DEBU [pymycobot.common] _write: FE FE 03 2B D3 10 
2026-03-23 16:34:16.291 DEBU [pymycobot.common] _read : FE FE 04 2B 01 CD A2
2026-03-23 16:34:16.314 DEBU [pymycobot.common] _write: FE FE 03 2B D3 10 
2026-03-23 16:34:16.320 DEBU [pymycobot.common] _read : FE FE 04 2B 01 CD A2
2026-03-23 16:34:16.345 DEBU [pymycobot.common] _write: FE FE 03 2B D3 10 
2026-03-23 16:34:16.350 DEBU [pymycobot.common] _read : FE FE 04 2B 01 CD A2
2026-03-23 16:34:16.375 DEBU [pymycobot.common] _write: FE FE 03 2B D3 10 
2026-03-23 16:34:16.382 DEBU [pymycobot.common] _read : FE FE 04 2B 01 CD A2
2026-03-23 16:34:16.405 DEBU [pymycobot.common] _write: FE FE 03 2B D3 10 
2026-03-23 16:34:16.411 DEBU [pymycobot.common] _read : FE FE 04 2B 01 CD A2
2026-03-23 16:34:16.435 DEBU [pymycobot.common] _write: FE FE 03 2B D3 10 
2026-03-23 16:34:16.440 DEBU [pymycobot.common] _read : FE FE 04 2B 01 CD A2
2026-03-23 16:34:16.465 DEBU [pymycobot.common] _write: FE FE 03 2B D3 10 
2026-03-23 16:34:16.471 DEBU [pymycobot.common] _read : FE FE 04 2B 01 CD A2
2026-03-23 16:34:16.495 DEBU [pymycobot.common] _write: FE FE 03 2B D3 10 
2026-03-23 16:34:16.501 DEBU [pymycobot.common] _read : FE FE 04 2B 01 CD A2
2026-03-23 16:34:16.525 DEBU [pymycobot.common] _write: FE FE 03 2B D3 10 
2026-03-23 16:34:16.532 DEBU [pymycobot.common] _read : FE FE 04 2B 01 CD A2
2026-03-23 16:34:16.555 DEBU [pymycobot.common] _write: FE FE 03 2B D3 10 
2026-03-23 16:34:16.561 DEBU [pymycobot.common] _read : FE FE 04 2B 01 CD A2
2026-03-23 16:34:16.585 DEBU [pymycobot.common] _write: FE FE 03 2B D3 10 
2026-03-23 16:34:16.592 DEBU [pymycobot.common] _read : FE FE 04 2B 01 CD A2
2026-03-23 16:34:16.615 DEBU [pymycobot.common] _write: FE FE 03 2B D3 10 
2026-03-23 16:34:16.621 DEBU [pymycobot.common] _read : FE FE 04 2B 01 CD A2
2026-03-23 16:34:16.645 DEBU [pymycobot.common] _write: FE FE 03 2B D3 10 
2026-03-23 16:34:16.651 DEBU [pymycobot.common] _read : FE FE 04 2B 01 CD A2
2026-03-23 16:34:16.675 DEBU [pymycobot.common] _write: FE FE 03 2B D3 10 
2026-03-23 16:34:16.682 DEBU [pymycobot.common] _read : FE FE 04 2B 01 CD A2
2026-03-23 16:34:16.705 DEBU [pymycobot.common] _write: FE FE 03 2B D3 10 
2026-03-23 16:34:16.711 DEBU [pymycobot.common] _read : FE FE 04 2B 01 CD A2
2026-03-23 16:34:16.735 DEBU [pymycobot.common] _write: FE FE 03 2B D3 10 
2026-03-23 16:34:16.740 DEBU [pymycobot.common] _read : FE FE 04 2B 01 CD A2
2026-03-23 16:34:16.765 DEBU [pymycobot.common] _write: FE FE 03 2B D3 10 
2026-03-23 16:34:16.771 DEBU [pymycobot.common] _read : FE FE 04 2B 01 CD A2
2026-03-23 16:34:16.795 DEBU [pymycobot.common] _write: FE FE 03 2B D3 10 
2026-03-23 16:34:16.800 DEBU [pymycobot.common] _read : FE FE 04 2B 01 CD A2
2026-03-23 16:34:16.825 DEBU [pymycobot.common] _write: FE FE 03 2B D3 10 
2026-03-23 16:34:16.832 DEBU [pymycobot.common] _read : FE FE 04 2B 01 CD A2
2026-03-23 16:34:16.855 DEBU [pymycobot.common] _write: FE FE 03 2B D3 10 
2026-03-23 16:34:16.861 DEBU [pymycobot.common] _read : FE FE 04 2B 01 CD A2
2026-03-23 16:34:16.886 DEBU [pymycobot.common] _write: FE FE 03 2B D3 10 
2026-03-23 16:34:16.892 DEBU [pymycobot.common] _read : FE FE 04 2B 01 CD A2
2026-03-23 16:34:16.916 DEBU [pymycobot.common] _write: FE FE 03 2B D3 10 
2026-03-23 16:34:16.923 DEBU [pymycobot.common] _read : FE FE 04 2B 01 CD A2
2026-03-23 16:34:16.947 DEBU [pymycobot.common] _write: FE FE 03 2B D3 10 
2026-03-23 16:34:16.957 DEBU [pymycobot.common] _read : FE FE 04 2B 01 CD A2
2026-03-23 16:34:16.978 DEBU [pymycobot.common] _write: FE FE 03 2B D3 10 
2026-03-23 16:34:16.986 DEBU [pymycobot.common] _read : FE FE 04 2B 01 CD A2
2026-03-23 16:34:17.009 DEBU [pymycobot.common] _write: FE FE 03 2B D3 10 
2026-03-23 16:34:17.015 DEBU [pymycobot.common] _read : FE FE 04 2B 01 CD A2
2026-03-23 16:34:17.038 DEBU [pymycobot.common] _write: FE FE 03 2B D3 10 
2026-03-23 16:34:17.044 DEBU [pymycobot.common] _read : FE FE 04 2B 01 CD A2
2026-03-23 16:34:17.068 DEBU [pymycobot.common] _write: FE FE 03 2B D3 10 
2026-03-23 16:34:17.074 DEBU [pymycobot.common] _read : FE FE 04 2B 01 CD A2
2026-03-23 16:34:17.098 DEBU [pymycobot.common] _write: FE FE 03 2B D3 10 
2026-03-23 16:34:17.103 DEBU [pymycobot.common] _read : FE FE 04 2B 01 CD A2
2026-03-23 16:34:17.128 DEBU [pymycobot.common] _write: FE FE 03 2B D3 10 
2026-03-23 16:34:17.134 DEBU [pymycobot.common] _read : FE FE 04 2B 01 CD A2
2026-03-23 16:34:17.158 DEBU [pymycobot.common] _write: FE FE 03 2B D3 10 
2026-03-23 16:34:17.166 DEBU [pymycobot.common] _read : FE FE 04 2B 01 CD A2
2026-03-23 16:34:17.188 DEBU [pymycobot.common] _write: FE FE 03 2B D3 10 
2026-03-23 16:34:17.194 DEBU [pymycobot.common] _read : FE FE 04 2B 01 CD A2
2026-03-23 16:34:17.218 DEBU [pymycobot.common] _write: FE FE 03 2B D3 10 
2026-03-23 16:34:17.223 DEBU [pymycobot.common] _read : FE FE 04 2B 01 CD A2
2026-03-23 16:34:17.248 DEBU [pymycobot.common] _write: FE FE 03 2B D3 10 
2026-03-23 16:34:17.253 DEBU [pymycobot.common] _read : FE FE 04 2B 01 CD A2
2026-03-23 16:34:17.278 DEBU [pymycobot.common] _write: FE FE 03 2B D3 10 
2026-03-23 16:34:17.284 DEBU [pymycobot.common] _read : FE FE 04 2B 01 CD A2
2026-03-23 16:34:17.309 DEBU [pymycobot.common] _write: FE FE 03 2B D3 10 
2026-03-23 16:34:17.316 DEBU [pymycobot.common] _read : FE FE 04 2B 01 CD A2
2026-03-23 16:34:17.339 DEBU [pymycobot.common] _write: FE FE 03 2B D3 10 
2026-03-23 16:34:17.345 DEBU [pymycobot.common] _read : FE FE 04 2B 01 CD A2
2026-03-23 16:34:17.369 DEBU [pymycobot.common] _write: FE FE 03 2B D3 10 
2026-03-23 16:34:17.375 DEBU [pymycobot.common] _read : FE FE 04 2B 01 CD A2
2026-03-23 16:34:17.399 DEBU [pymycobot.common] _write: FE FE 03 2B D3 10 
2026-03-23 16:34:17.407 DEBU [pymycobot.common] _read : FE FE 04 2B 01 CD A2
2026-03-23 16:34:17.429 DEBU [pymycobot.common] _write: FE FE 03 2B D3 10 
2026-03-23 16:34:17.436 DEBU [pymycobot.common] _read : FE FE 04 2B 01 CD A2
2026-03-23 16:34:17.459 DEBU [pymycobot.common] _write: FE FE 03 2B D3 10 
2026-03-23 16:34:17.465 DEBU [pymycobot.common] _read : FE FE 04 2B 01 CD A2
2026-03-23 16:34:17.489 DEBU [pymycobot.common] _write: FE FE 03 2B D3 10 
2026-03-23 16:34:17.496 DEBU [pymycobot.common] _read : FE FE 04 2B 01 CD A2
2026-03-23 16:34:17.520 DEBU [pymycobot.common] _write: FE FE 03 2B D3 10 
2026-03-23 16:34:17.526 DEBU [pymycobot.common] _read : FE FE 04 2B 01 CD A2
2026-03-23 16:34:17.550 DEBU [pymycobot.common] _write: FE FE 03 2B D3 10 
2026-03-23 16:34:17.555 DEBU [pymycobot.common] _read : FE FE 04 2B 01 CD A2
2026-03-23 16:34:17.580 DEBU [pymycobot.common] _write: FE FE 03 2B D3 10 
2026-03-23 16:34:17.587 DEBU [pymycobot.common] _read : FE FE 04 2B 01 CD A2
2026-03-23 16:34:17.610 DEBU [pymycobot.common] _write: FE FE 03 2B D3 10 
2026-03-23 16:34:17.617 DEBU [pymycobot.common] _read : FE FE 04 2B 01 CD A2
2026-03-23 16:34:17.640 DEBU [pymycobot.common] _write: FE FE 03 2B D3 10 
2026-03-23 16:34:17.646 DEBU [pymycobot.common] _read : FE FE 04 2B 01 CD A2
2026-03-23 16:34:17.670 DEBU [pymycobot.common] _write: FE FE 03 2B D3 10 
2026-03-23 16:34:17.675 DEBU [pymycobot.common] _read : FE FE 04 2B 01 CD A2
2026-03-23 16:34:17.700 DEBU [pymycobot.common] _write: FE FE 03 2B D3 10 
2026-03-23 16:34:17.706 DEBU [pymycobot.common] _read : FE FE 04 2B 01 CD A2
2026-03-23 16:34:17.730 DEBU [pymycobot.common] _write: FE FE 03 2B D3 10 
2026-03-23 16:34:17.736 DEBU [pymycobot.common] _read : FE FE 04 2B 01 CD A2
2026-03-23 16:34:17.760 DEBU [pymycobot.common] _write: FE FE 03 2B D3 10 
2026-03-23 16:34:17.766 DEBU [pymycobot.common] _read : FE FE 04 2B 01 CD A2
2026-03-23 16:34:17.790 DEBU [pymycobot.common] _write: FE FE 03 2B D3 10 
2026-03-23 16:34:17.796 DEBU [pymycobot.common] _read : FE FE 04 2B 01 CD A2
2026-03-23 16:34:17.820 DEBU [pymycobot.common] _write: FE FE 03 2B D3 10 
2026-03-23 16:34:17.827 DEBU [pymycobot.common] _read : FE FE 04 2B 01 CD A2
2026-03-23 16:34:17.850 DEBU [pymycobot.common] _write: FE FE 03 2B D3 10 
2026-03-23 16:34:17.857 DEBU [pymycobot.common] _read : FE FE 04 2B 01 CD A2
2026-03-23 16:34:17.880 DEBU [pymycobot.common] _write: FE FE 03 2B D3 10 
2026-03-23 16:34:17.887 DEBU [pymycobot.common] _read : FE FE 04 2B 01 CD A2
2026-03-23 16:34:17.912 DEBU [pymycobot.common] _write: FE FE 03 2B D3 10 
2026-03-23 16:34:17.918 DEBU [pymycobot.common] _read : FE FE 04 2B 01 CD A2
2026-03-23 16:34:17.941 DEBU [pymycobot.common] _write: FE FE 03 2B D3 10 
2026-03-23 16:34:17.948 DEBU [pymycobot.common] _read : FE FE 04 2B 01 CD A2
2026-03-23 16:34:17.972 DEBU [pymycobot.common] _write: FE FE 03 2B D3 10 
2026-03-23 16:34:17.979 DEBU [pymycobot.common] _read : FE FE 04 2B 01 CD A2
2026-03-23 16:34:18.002 DEBU [pymycobot.common] _write: FE FE 03 2B D3 10 
2026-03-23 16:34:18.007 DEBU [pymycobot.common] _read : FE FE 04 2B 01 CD A2
2026-03-23 16:34:18.032 DEBU [pymycobot.common] _write: FE FE 03 2B D3 10 
2026-03-23 16:34:18.038 DEBU [pymycobot.common] _read : FE FE 04 2B 01 CD A2
2026-03-23 16:34:18.062 DEBU [pymycobot.common] _write: FE FE 03 2B D3 10 
2026-03-23 16:34:18.067 DEBU [pymycobot.common] _read : FE FE 04 2B 01 CD A2
2026-03-23 16:34:18.092 DEBU [pymycobot.common] _write: FE FE 03 2B D3 10 
2026-03-23 16:34:18.099 DEBU [pymycobot.common] _read : FE FE 04 2B 01 CD A2
2026-03-23 16:34:18.122 DEBU [pymycobot.common] _write: FE FE 03 2B D3 10 
2026-03-23 16:34:18.127 DEBU [pymycobot.common] _read : FE FE 04 2B 01 CD A2
2026-03-23 16:34:18.152 DEBU [pymycobot.common] _write: FE FE 03 2B D3 10 
2026-03-23 16:34:18.159 DEBU [pymycobot.common] _read : FE FE 04 2B 01 CD A2
2026-03-23 16:34:18.182 DEBU [pymycobot.common] _write: FE FE 03 2B D3 10 
2026-03-23 16:34:18.188 DEBU [pymycobot.common] _read : FE FE 04 2B 01 CD A2
2026-03-23 16:34:18.212 DEBU [pymycobot.common] _write: FE FE 03 2B D3 10 
2026-03-23 16:34:18.218 DEBU [pymycobot.common] _read : FE FE 04 2B 01 CD A2
2026-03-23 16:34:18.242 DEBU [pymycobot.common] _write: FE FE 03 2B D3 10 
2026-03-23 16:34:18.247 DEBU [pymycobot.common] _read : FE FE 04 2B 01 CD A2
2026-03-23 16:34:18.272 DEBU [pymycobot.common] _write: FE FE 03 2B D3 10 
2026-03-23 16:34:18.277 DEBU [pymycobot.common] _read : FE FE 04 2B 01 CD A2
2026-03-23 16:34:18.303 DEBU [pymycobot.common] _write: FE FE 03 2B D3 10 
2026-03-23 16:34:18.309 DEBU [pymycobot.common] _read : FE FE 04 2B 01 CD A2
2026-03-23 16:34:18.333 DEBU [pymycobot.common] _write: FE FE 03 2B D3 10 
2026-03-23 16:34:18.338 DEBU [pymycobot.common] _read : FE FE 04 2B 01 CD A2
2026-03-23 16:34:18.363 DEBU [pymycobot.common] _write: FE FE 03 2B D3 10 
2026-03-23 16:34:18.368 DEBU [pymycobot.common] _read : FE FE 04 2B 01 CD A2
2026-03-23 16:34:18.393 DEBU [pymycobot.common] _write: FE FE 03 2B D3 10 
2026-03-23 16:34:18.399 DEBU [pymycobot.common] _read : FE FE 04 2B 01 CD A2
2026-03-23 16:34:18.423 DEBU [pymycobot.common] _write: FE FE 03 2B D3 10 
2026-03-23 16:34:18.428 DEBU [pymycobot.common] _read : FE FE 04 2B 01 CD A2
2026-03-23 16:34:18.453 DEBU [pymycobot.common] _write: FE FE 03 2B D3 10 
2026-03-23 16:34:18.459 DEBU [pymycobot.common] _read : FE FE 04 2B 01 CD A2
2026-03-23 16:34:18.483 DEBU [pymycobot.common] _write: FE FE 03 2B D3 10 
2026-03-23 16:34:18.488 DEBU [pymycobot.common] _read : FE FE 04 2B 01 CD A2
2026-03-23 16:34:18.513 DEBU [pymycobot.common] _write: FE FE 03 2B D3 10 
2026-03-23 16:34:18.519 DEBU [pymycobot.common] _read : FE FE 04 2B 01 CD A2
2026-03-23 16:34:18.543 DEBU [pymycobot.common] _write: FE FE 03 2B D3 10 
2026-03-23 16:34:18.549 DEBU [pymycobot.common] _read : FE FE 04 2B 01 CD A2
2026-03-23 16:34:18.573 DEBU [pymycobot.common] _write: FE FE 03 2B D3 10 
2026-03-23 16:34:18.579 DEBU [pymycobot.common] _read : FE FE 04 2B 01 CD A2
2026-03-23 16:34:18.603 DEBU [pymycobot.common] _write: FE FE 03 2B D3 10 
2026-03-23 16:34:18.610 DEBU [pymycobot.common] _read : FE FE 04 2B 01 CD A2
2026-03-23 16:34:18.633 DEBU [pymycobot.common] _write: FE FE 03 2B D3 10 
2026-03-23 16:34:18.638 DEBU [pymycobot.common] _read : FE FE 04 2B 01 CD A2
2026-03-23 16:34:18.663 DEBU [pymycobot.common] _write: FE FE 03 2B D3 10 
2026-03-23 16:34:18.670 DEBU [pymycobot.common] _read : FE FE 04 2B 01 CD A2
2026-03-23 16:34:18.693 DEBU [pymycobot.common] _write: FE FE 03 2B D3 10 
2026-03-23 16:34:18.700 DEBU [pymycobot.common] _read : FE FE 04 2B 01 CD A2
2026-03-23 16:34:18.723 DEBU [pymycobot.common] _write: FE FE 03 2B D3 10 
2026-03-23 16:34:18.729 DEBU [pymycobot.common] _read : FE FE 04 2B 01 CD A2
2026-03-23 16:34:18.753 DEBU [pymycobot.common] _write: FE FE 03 2B D3 10 
2026-03-23 16:34:18.759 DEBU [pymycobot.common] _read : FE FE 04 2B 01 CD A2
2026-03-23 16:34:18.783 DEBU [pymycobot.common] _write: FE FE 03 2B D3 10 
2026-03-23 16:34:18.788 DEBU [pymycobot.common] _read : FE FE 04 2B 01 CD A2
2026-03-23 16:34:18.813 DEBU [pymycobot.common] _write: FE FE 03 2B D3 10 
2026-03-23 16:34:18.819 DEBU [pymycobot.common] _read : FE FE 04 2B 01 CD A2
2026-03-23 16:34:18.843 DEBU [pymycobot.common] _write: FE FE 03 2B D3 10 
2026-03-23 16:34:18.849 DEBU [pymycobot.common] _read : FE FE 04 2B 01 CD A2
2026-03-23 16:34:18.873 DEBU [pymycobot.common] _write: FE FE 03 2B D3 10 
2026-03-23 16:34:18.879 DEBU [pymycobot.common] _read : FE FE 04 2B 01 CD A2
2026-03-23 16:34:18.904 DEBU [pymycobot.common] _write: FE FE 03 2B D3 10 
2026-03-23 16:34:18.909 DEBU [pymycobot.common] _read : FE FE 04 2B 01 CD A2
2026-03-23 16:34:18.934 DEBU [pymycobot.common] _write: FE FE 03 2B D3 10 
2026-03-23 16:34:18.940 DEBU [pymycobot.common] _read : FE FE 04 2B 01 CD A2
2026-03-23 16:34:18.965 DEBU [pymycobot.common] _write: FE FE 03 2B D3 10 
2026-03-23 16:34:18.971 DEBU [pymycobot.common] _read : FE FE 04 2B 01 CD A2
2026-03-23 16:34:18.996 DEBU [pymycobot.common] _write: FE FE 03 2B D3 10 
2026-03-23 16:34:19.002 DEBU [pymycobot.common] _read : FE FE 04 2B 01 CD A2
2026-03-23 16:34:19.026 DEBU [pymycobot.common] _write: FE FE 03 2B D3 10 
2026-03-23 16:34:19.032 DEBU [pymycobot.common] _read : FE FE 04 2B 01 CD A2
2026-03-23 16:34:19.056 DEBU [pymycobot.common] _write: FE FE 03 2B D3 10 
2026-03-23 16:34:19.063 DEBU [pymycobot.common] _read : FE FE 04 2B 01 CD A2
2026-03-23 16:34:19.086 DEBU [pymycobot.common] _write: FE FE 03 2B D3 10 
2026-03-23 16:34:19.093 DEBU [pymycobot.common] _read : FE FE 04 2B 01 CD A2
2026-03-23 16:34:19.116 DEBU [pymycobot.common] _write: FE FE 03 2B D3 10 
2026-03-23 16:34:19.123 DEBU [pymycobot.common] _read : FE FE 04 2B 01 CD A2
2026-03-23 16:34:19.146 DEBU [pymycobot.common] _write: FE FE 03 2B D3 10 
2026-03-23 16:34:19.153 DEBU [pymycobot.common] _read : FE FE 04 2B 01 CD A2
2026-03-23 16:34:19.176 DEBU [pymycobot.common] _write: FE FE 03 2B D3 10 
2026-03-23 16:34:19.183 DEBU [pymycobot.common] _read : FE FE 04 2B 01 CD A2
2026-03-23 16:34:19.206 DEBU [pymycobot.common] _write: FE FE 03 2B D3 10 
2026-03-23 16:34:19.213 DEBU [pymycobot.common] _read : FE FE 04 2B 01 CD A2
2026-03-23 16:34:19.236 DEBU [pymycobot.common] _write: FE FE 03 2B D3 10 
2026-03-23 16:34:19.243 DEBU [pymycobot.common] _read : FE FE 04 2B 01 CD A2
2026-03-23 16:34:19.266 DEBU [pymycobot.common] _write: FE FE 03 2B D3 10 
2026-03-23 16:34:19.273 DEBU [pymycobot.common] _read : FE FE 04 2B 01 CD A2
2026-03-23 16:34:19.296 DEBU [pymycobot.common] _write: FE FE 03 2B D3 10 
2026-03-23 16:34:19.302 DEBU [pymycobot.common] _read : FE FE 04 2B 01 CD A2
2026-03-23 16:34:19.326 DEBU [pymycobot.common] _write: FE FE 03 2B D3 10 
2026-03-23 16:34:19.334 DEBU [pymycobot.common] _read : FE FE 04 2B 01 CD A2
2026-03-23 16:34:19.356 DEBU [pymycobot.common] _write: FE FE 03 2B D3 10 
2026-03-23 16:34:19.363 DEBU [pymycobot.common] _read : FE FE 04 2B 01 CD A2
2026-03-23 16:34:19.386 DEBU [pymycobot.common] _write: FE FE 03 2B D3 10 
2026-03-23 16:34:19.393 DEBU [pymycobot.common] _read : FE FE 04 2B 01 CD A2
2026-03-23 16:34:19.416 DEBU [pymycobot.common] _write: FE FE 03 2B D3 10 
2026-03-23 16:34:19.422 DEBU [pymycobot.common] _read : FE FE 04 2B 01 CD A2
2026-03-23 16:34:19.446 DEBU [pymycobot.common] _write: FE FE 03 2B D3 10 
2026-03-23 16:34:19.453 DEBU [pymycobot.common] _read : FE FE 04 2B 01 CD A2
2026-03-23 16:34:19.476 DEBU [pymycobot.common] _write: FE FE 03 2B D3 10 
2026-03-23 16:34:19.482 DEBU [pymycobot.common] _read : FE FE 04 2B 01 CD A2
2026-03-23 16:34:19.506 DEBU [pymycobot.common] _write: FE FE 03 2B D3 10 
2026-03-23 16:34:19.513 DEBU [pymycobot.common] _read : FE FE 04 2B 01 CD A2
2026-03-23 16:34:19.537 DEBU [pymycobot.common] _write: FE FE 03 2B D3 10 
2026-03-23 16:34:19.544 DEBU [pymycobot.common] _read : FE FE 04 2B 01 CD A2
2026-03-23 16:34:19.567 DEBU [pymycobot.common] _write: FE FE 03 2B D3 10 
2026-03-23 16:34:19.574 DEBU [pymycobot.common] _read : FE FE 04 2B 01 CD A2
2026-03-23 16:34:19.597 DEBU [pymycobot.common] _write: FE FE 03 2B D3 10 
2026-03-23 16:34:19.604 DEBU [pymycobot.common] _read : FE FE 04 2B 01 CD A2
2026-03-23 16:34:19.627 DEBU [pymycobot.common] _write: FE FE 03 2B D3 10 
2026-03-23 16:34:19.633 DEBU [pymycobot.common] _read : FE FE 04 2B 01 CD A2
2026-03-23 16:34:19.657 DEBU [pymycobot.common] _write: FE FE 03 2B D3 10 
2026-03-23 16:34:19.663 DEBU [pymycobot.common] _read : FE FE 04 2B 01 CD A2
2026-03-23 16:34:19.687 DEBU [pymycobot.common] _write: FE FE 03 2B D3 10 
2026-03-23 16:34:19.693 DEBU [pymycobot.common] _read : FE FE 04 2B 01 CD A2
2026-03-23 16:34:19.717 DEBU [pymycobot.common] _write: FE FE 03 2B D3 10 
2026-03-23 16:34:19.724 DEBU [pymycobot.common] _read : FE FE 04 2B 01 CD A2
2026-03-23 16:34:19.747 DEBU [pymycobot.common] _write: FE FE 03 2B D3 10 
2026-03-23 16:34:19.754 DEBU [pymycobot.common] _read : FE FE 04 2B 01 CD A2
2026-03-23 16:34:19.777 DEBU [pymycobot.common] _write: FE FE 03 2B D3 10 
2026-03-23 16:34:19.784 DEBU [pymycobot.common] _read : FE FE 04 2B 01 CD A2
2026-03-23 16:34:19.807 DEBU [pymycobot.common] _write: FE FE 03 2B D3 10 
2026-03-23 16:34:19.814 DEBU [pymycobot.common] _read : FE FE 04 2B 01 CD A2
2026-03-23 16:34:19.837 DEBU [pymycobot.common] _write: FE FE 03 2B D3 10 
2026-03-23 16:34:19.844 DEBU [pymycobot.common] _read : FE FE 04 2B 01 CD A2
2026-03-23 16:34:19.867 DEBU [pymycobot.common] _write: FE FE 03 2B D3 10 
2026-03-23 16:34:19.874 DEBU [pymycobot.common] _read : FE FE 04 2B 01 CD A2
2026-03-23 16:34:19.897 DEBU [pymycobot.common] _write: FE FE 03 2B D3 10 
2026-03-23 16:34:19.905 DEBU [pymycobot.common] _read : FE FE 04 2B 01 CD A2
2026-03-23 16:34:19.928 DEBU [pymycobot.common] _write: FE FE 03 2B D3 10 
2026-03-23 16:34:19.934 DEBU [pymycobot.common] _read : FE FE 04 2B 01 CD A2
2026-03-23 16:34:19.959 DEBU [pymycobot.common] _write: FE FE 03 2B D3 10 
2026-03-23 16:34:19.966 DEBU [pymycobot.common] _read : FE FE 04 2B 01 CD A2
2026-03-23 16:34:19.989 DEBU [pymycobot.common] _write: FE FE 03 2B D3 10 
2026-03-23 16:34:19.996 DEBU [pymycobot.common] _read : FE FE 04 2B 01 CD A2
2026-03-23 16:34:20.019 DEBU [pymycobot.common] _write: FE FE 03 2B D3 10 
2026-03-23 16:34:20.027 DEBU [pymycobot.common] _read : FE FE 04 2B 01 CD A2
2026-03-23 16:34:20.049 DEBU [pymycobot.common] _write: FE FE 03 2B D3 10 
2026-03-23 16:34:20.056 DEBU [pymycobot.common] _read : FE FE 04 2B 01 CD A2
2026-03-23 16:34:20.079 DEBU [pymycobot.common] _write: FE FE 03 2B D3 10 
2026-03-23 16:34:20.087 DEBU [pymycobot.common] _read : FE FE 04 2B 01 CD A2
2026-03-23 16:34:20.109 DEBU [pymycobot.common] _write: FE FE 03 2B D3 10 
2026-03-23 16:34:20.116 DEBU [pymycobot.common] _read : FE FE 04 2B 01 CD A2
2026-03-23 16:34:20.139 DEBU [pymycobot.common] _write: FE FE 03 2B D3 10 
2026-03-23 16:34:20.146 DEBU [pymycobot.common] _read : FE FE 04 2B 01 CD A2
2026-03-23 16:34:20.169 DEBU [pymycobot.common] _write: FE FE 03 2B D3 10 
2026-03-23 16:34:20.176 DEBU [pymycobot.common] _read : FE FE 04 2B 01 CD A2
2026-03-23 16:34:20.199 DEBU [pymycobot.common] _write: FE FE 03 2B D3 10 
2026-03-23 16:34:20.206 DEBU [pymycobot.common] _read : FE FE 04 2B 01 CD A2
2026-03-23 16:34:20.230 DEBU [pymycobot.common] _write: FE FE 03 2B D3 10 
2026-03-23 16:34:20.236 DEBU [pymycobot.common] _read : FE FE 04 2B 01 CD A2
2026-03-23 16:34:20.260 DEBU [pymycobot.common] _write: FE FE 03 2B D3 10 
2026-03-23 16:34:20.267 DEBU [pymycobot.common] _read : FE FE 04 2B 01 CD A2
2026-03-23 16:34:20.291 DEBU [pymycobot.common] _write: FE FE 03 2B D3 10 
2026-03-23 16:34:20.299 DEBU [pymycobot.common] _read : FE FE 04 2B 01 CD A2
2026-03-23 16:34:20.321 DEBU [pymycobot.common] _write: FE FE 03 2B D3 10 
2026-03-23 16:34:20.330 DEBU [pymycobot.common] _read : FE FE 04 2B 01 CD A2
2026-03-23 16:34:20.351 DEBU [pymycobot.common] _write: FE FE 03 2B D3 10 
2026-03-23 16:34:20.357 DEBU [pymycobot.common] _read : FE FE 04 2B 01 CD A2
2026-03-23 16:34:20.381 DEBU [pymycobot.common] _write: FE FE 03 2B D3 10 
2026-03-23 16:34:20.387 DEBU [pymycobot.common] _read : FE FE 04 2B 01 CD A2
2026-03-23 16:34:20.411 DEBU [pymycobot.common] _write: FE FE 03 2B D3 10 
2026-03-23 16:34:20.419 DEBU [pymycobot.common] _read : FE FE 04 2B 01 CD A2
2026-03-23 16:34:20.441 DEBU [pymycobot.common] _write: FE FE 03 2B D3 10 
2026-03-23 16:34:20.448 DEBU [pymycobot.common] _read : FE FE 04 2B 01 CD A2
2026-03-23 16:34:20.471 DEBU [pymycobot.common] _write: FE FE 03 2B D3 10 
2026-03-23 16:34:20.478 DEBU [pymycobot.common] _read : FE FE 04 2B 01 CD A2
2026-03-23 16:34:20.501 DEBU [pymycobot.common] _write: FE FE 03 2B D3 10 
2026-03-23 16:34:20.508 DEBU [pymycobot.common] _read : FE FE 04 2B 01 CD A2
2026-03-23 16:34:20.532 DEBU [pymycobot.common] _write: FE FE 03 2B D3 10 
2026-03-23 16:34:20.540 DEBU [pymycobot.common] _read : FE FE 04 2B 01 CD A2
2026-03-23 16:34:20.562 DEBU [pymycobot.common] _write: FE FE 03 2B D3 10 
2026-03-23 16:34:20.572 DEBU [pymycobot.common] _read : FE FE 04 2B 01 CD A2
2026-03-23 16:34:20.592 DEBU [pymycobot.common] _write: FE FE 03 2B D3 10 
2026-03-23 16:34:20.600 DEBU [pymycobot.common] _read : FE FE 04 2B 01 CD A2
2026-03-23 16:34:20.622 DEBU [pymycobot.common] _write: FE FE 03 2B D3 10 
2026-03-23 16:34:20.629 DEBU [pymycobot.common] _read : FE FE 04 2B 01 CD A2
2026-03-23 16:34:20.652 DEBU [pymycobot.common] _write: FE FE 03 2B D3 10 
2026-03-23 16:34:20.659 DEBU [pymycobot.common] _read : FE FE 04 2B 01 CD A2
2026-03-23 16:34:20.682 DEBU [pymycobot.common] _write: FE FE 03 2B D3 10 
2026-03-23 16:34:20.689 DEBU [pymycobot.common] _read : FE FE 04 2B 01 CD A2
2026-03-23 16:34:20.712 DEBU [pymycobot.common] _write: FE FE 03 2B D3 10 
2026-03-23 16:34:20.720 DEBU [pymycobot.common] _read : FE FE 04 2B 01 CD A2
2026-03-23 16:34:20.742 DEBU [pymycobot.common] _write: FE FE 03 2B D3 10 
2026-03-23 16:34:20.749 DEBU [pymycobot.common] _read : FE FE 04 2B 01 CD A2
2026-03-23 16:34:20.772 DEBU [pymycobot.common] _write: FE FE 03 2B D3 10 
2026-03-23 16:34:20.779 DEBU [pymycobot.common] _read : FE FE 04 2B 01 CD A2
2026-03-23 16:34:20.802 DEBU [pymycobot.common] _write: FE FE 03 2B D3 10 
2026-03-23 16:34:20.812 DEBU [pymycobot.common] _read : FE FE 04 2B 01 CD A2
2026-03-23 16:34:20.833 DEBU [pymycobot.common] _write: FE FE 03 2B D3 10 
2026-03-23 16:34:20.840 DEBU [pymycobot.common] _read : FE FE 04 2B 01 CD A2
2026-03-23 16:34:20.863 DEBU [pymycobot.common] _write: FE FE 03 2B D3 10 
2026-03-23 16:34:20.870 DEBU [pymycobot.common] _read : FE FE 04 2B 01 CD A2
2026-03-23 16:34:20.894 DEBU [pymycobot.common] _write: FE FE 03 2B D3 10 
2026-03-23 16:34:20.900 DEBU [pymycobot.common] _read : FE FE 04 2B 01 CD A2
2026-03-23 16:34:20.924 DEBU [pymycobot.common] _write: FE FE 03 2B D3 10 
2026-03-23 16:34:20.931 DEBU [pymycobot.common] _read : FE FE 04 2B 01 CD A2
2026-03-23 16:34:20.955 DEBU [pymycobot.common] _write: FE FE 03 2B D3 10 
2026-03-23 16:34:20.961 DEBU [pymycobot.common] _read : FE FE 04 2B 01 CD A2
2026-03-23 16:34:20.986 DEBU [pymycobot.common] _write: FE FE 03 2B D3 10 
2026-03-23 16:34:20.992 DEBU [pymycobot.common] _read : FE FE 04 2B 01 CD A2
2026-03-23 16:34:21.016 DEBU [pymycobot.common] _write: FE FE 03 2B D3 10 
2026-03-23 16:34:21.022 DEBU [pymycobot.common] _read : FE FE 04 2B 01 CD A2
2026-03-23 16:34:21.046 DEBU [pymycobot.common] _write: FE FE 03 2B D3 10 
2026-03-23 16:34:21.052 DEBU [pymycobot.common] _read : FE FE 04 2B 01 CD A2
2026-03-23 16:34:21.076 DEBU [pymycobot.common] _write: FE FE 03 2B D3 10 
2026-03-23 16:34:21.083 DEBU [pymycobot.common] _read : FE FE 04 2B 01 CD A2
2026-03-23 16:34:21.107 DEBU [pymycobot.common] _write: FE FE 03 2B D3 10 
2026-03-23 16:34:21.114 DEBU [pymycobot.common] _read : FE FE 04 2B 01 CD A2
2026-03-23 16:34:21.137 DEBU [pymycobot.common] _write: FE FE 03 2B D3 10 
2026-03-23 16:34:21.143 DEBU [pymycobot.common] _read : FE FE 04 2B 01 CD A2
2026-03-23 16:34:21.167 DEBU [pymycobot.common] _write: FE FE 03 2B D3 10 
2026-03-23 16:34:21.174 DEBU [pymycobot.common] _read : FE FE 04 2B 01 CD A2
2026-03-23 16:34:21.199 DEBU [pymycobot.common] _write: FE FE 03 2B D3 10 
2026-03-23 16:34:21.205 DEBU [pymycobot.common] _read : FE FE 04 2B 01 CD A2
2026-03-23 16:34:21.229 DEBU [pymycobot.common] _write: FE FE 03 2B D3 10 
2026-03-23 16:34:21.235 DEBU [pymycobot.common] _read : FE FE 04 2B 01 CD A2
2026-03-23 16:34:21.259 DEBU [pymycobot.common] _write: FE FE 03 2B D3 10 
2026-03-23 16:34:21.266 DEBU [pymycobot.common] _read : FE FE 04 2B 01 CD A2
2026-03-23 16:34:21.289 DEBU [pymycobot.common] _write: FE FE 03 2B D3 10 
2026-03-23 16:34:21.296 DEBU [pymycobot.common] _read : FE FE 04 2B 01 CD A2
2026-03-23 16:34:21.319 DEBU [pymycobot.common] _write: FE FE 03 2B D3 10 
2026-03-23 16:34:21.326 DEBU [pymycobot.common] _read : FE FE 04 2B 01 CD A2
2026-03-23 16:34:21.350 DEBU [pymycobot.common] _write: FE FE 03 2B D3 10 
2026-03-23 16:34:21.357 DEBU [pymycobot.common] _read : FE FE 04 2B 01 CD A2
2026-03-23 16:34:21.380 DEBU [pymycobot.common] _write: FE FE 03 2B D3 10 
2026-03-23 16:34:21.388 DEBU [pymycobot.common] _read : FE FE 04 2B 01 CD A2
2026-03-23 16:34:21.410 DEBU [pymycobot.common] _write: FE FE 03 2B D3 10 
2026-03-23 16:34:21.417 DEBU [pymycobot.common] _read : FE FE 04 2B 01 CD A2
2026-03-23 16:34:21.440 DEBU [pymycobot.common] _write: FE FE 03 2B D3 10 
2026-03-23 16:34:21.447 DEBU [pymycobot.common] _read : FE FE 04 2B 01 CD A2
2026-03-23 16:34:21.470 DEBU [pymycobot.common] _write: FE FE 03 2B D3 10 
2026-03-23 16:34:21.477 DEBU [pymycobot.common] _read : FE FE 04 2B 01 CD A2
2026-03-23 16:34:21.500 DEBU [pymycobot.common] _write: FE FE 03 2B D3 10 
2026-03-23 16:34:21.508 DEBU [pymycobot.common] _read : FE FE 04 2B 01 CD A2
2026-03-23 16:34:21.530 DEBU [pymycobot.common] _write: FE FE 03 2B D3 10 
2026-03-23 16:34:21.537 DEBU [pymycobot.common] _read : FE FE 04 2B 01 CD A2
2026-03-23 16:34:21.560 DEBU [pymycobot.common] _write: FE FE 03 2B D3 10 
2026-03-23 16:34:21.567 DEBU [pymycobot.common] _read : FE FE 04 2B 01 CD A2
2026-03-23 16:34:21.590 DEBU [pymycobot.common] _write: FE FE 03 2B D3 10 
2026-03-23 16:34:21.597 DEBU [pymycobot.common] _read : FE FE 04 2B 01 CD A2
2026-03-23 16:34:21.620 DEBU [pymycobot.common] _write: FE FE 03 2B D3 10 
2026-03-23 16:34:21.627 DEBU [pymycobot.common] _read : FE FE 04 2B 01 CD A2
2026-03-23 16:34:21.650 DEBU [pymycobot.common] _write: FE FE 03 2B D3 10 
2026-03-23 16:34:21.656 DEBU [pymycobot.common] _read : FE FE 04 2B 01 CD A2
2026-03-23 16:34:21.680 DEBU [pymycobot.common] _write: FE FE 03 2B D3 10 
2026-03-23 16:34:21.687 DEBU [pymycobot.common] _read : FE FE 04 2B 01 CD A2
2026-03-23 16:34:21.710 DEBU [pymycobot.common] _write: FE FE 03 2B D3 10 
2026-03-23 16:34:21.717 DEBU [pymycobot.common] _read : FE FE 04 2B 01 CD A2
2026-03-23 16:34:21.740 DEBU [pymycobot.common] _write: FE FE 03 2B D3 10 
2026-03-23 16:34:21.748 DEBU [pymycobot.common] _read : FE FE 04 2B 01 CD A2
2026-03-23 16:34:21.770 DEBU [pymycobot.common] _write: FE FE 03 2B D3 10 
2026-03-23 16:34:21.776 DEBU [pymycobot.common] _read : FE FE 04 2B 01 CD A2
2026-03-23 16:34:21.800 DEBU [pymycobot.common] _write: FE FE 03 2B D3 10 
2026-03-23 16:34:21.806 DEBU [pymycobot.common] _read : FE FE 04 2B 01 CD A2
2026-03-23 16:34:21.830 DEBU [pymycobot.common] _write: FE FE 03 2B D3 10 
2026-03-23 16:34:21.837 DEBU [pymycobot.common] _read : FE FE 04 2B 01 CD A2
2026-03-23 16:34:21.861 DEBU [pymycobot.common] _write: FE FE 03 2B D3 10 
2026-03-23 16:34:21.868 DEBU [pymycobot.common] _read : FE FE 04 2B 01 CD A2
2026-03-23 16:34:21.891 DEBU [pymycobot.common] _write: FE FE 03 2B D3 10 
2026-03-23 16:34:21.899 DEBU [pymycobot.common] _read : FE FE 04 2B 01 CD A2
2026-03-23 16:34:21.921 DEBU [pymycobot.common] _write: FE FE 03 2B D3 10 
2026-03-23 16:34:21.929 DEBU [pymycobot.common] _read : FE FE 04 2B 01 CD A2
2026-03-23 16:34:21.952 DEBU [pymycobot.common] _write: FE FE 03 2B D3 10 
2026-03-23 16:34:21.959 DEBU [pymycobot.common] _read : FE FE 04 2B 01 CD A2
2026-03-23 16:34:21.982 DEBU [pymycobot.common] _write: FE FE 03 2B D3 10 
2026-03-23 16:34:21.989 DEBU [pymycobot.common] _read : FE FE 04 2B 01 CD A2
2026-03-23 16:34:22.013 DEBU [pymycobot.common] _write: FE FE 03 2B D3 10 
2026-03-23 16:34:22.021 DEBU [pymycobot.common] _read : FE FE 04 2B 01 CD A2
2026-03-23 16:34:22.043 DEBU [pymycobot.common] _write: FE FE 03 2B D3 10 
2026-03-23 16:34:22.050 DEBU [pymycobot.common] _read : FE FE 04 2B 01 CD A2
2026-03-23 16:34:22.073 DEBU [pymycobot.common] _write: FE FE 03 2B D3 10 
2026-03-23 16:34:22.080 DEBU [pymycobot.common] _read : FE FE 04 2B 01 CD A2
2026-03-23 16:34:22.103 DEBU [pymycobot.common] _write: FE FE 03 2B D3 10 
2026-03-23 16:34:22.110 DEBU [pymycobot.common] _read : FE FE 04 2B 01 CD A2
2026-03-23 16:34:22.133 DEBU [pymycobot.common] _write: FE FE 03 2B D3 10 
2026-03-23 16:34:22.140 DEBU [pymycobot.common] _read : FE FE 04 2B 01 CD A2
2026-03-23 16:34:22.164 DEBU [pymycobot.common] _write: FE FE 03 2B D3 10 
2026-03-23 16:34:22.170 DEBU [pymycobot.common] _read : FE FE 04 2B 01 CD A2
2026-03-23 16:34:22.193 DEBU [pymycobot.common] _write: FE FE 03 2B D3 10 
2026-03-23 16:34:22.200 DEBU [pymycobot.common] _read : FE FE 04 2B 01 CD A2
2026-03-23 16:34:22.223 DEBU [pymycobot.common] _write: FE FE 03 2B D3 10 
2026-03-23 16:34:22.230 DEBU [pymycobot.common] _read : FE FE 04 2B 01 CD A2
2026-03-23 16:34:22.253 DEBU [pymycobot.common] _write: FE FE 03 2B D3 10 
2026-03-23 16:34:22.260 DEBU [pymycobot.common] _read : FE FE 04 2B 01 CD A2
2026-03-23 16:34:22.283 DEBU [pymycobot.common] _write: FE FE 03 2B D3 10 
2026-03-23 16:34:22.290 DEBU [pymycobot.common] _read : FE FE 04 2B 01 CD A2
2026-03-23 16:34:22.313 DEBU [pymycobot.common] _write: FE FE 03 2B D3 10 
2026-03-23 16:34:22.319 DEBU [pymycobot.common] _read : FE FE 04 2B 01 CD A2
2026-03-23 16:34:22.344 DEBU [pymycobot.common] _write: FE FE 03 2B D3 10 
2026-03-23 16:34:22.351 DEBU [pymycobot.common] _read : FE FE 04 2B 01 CD A2
2026-03-23 16:34:22.374 DEBU [pymycobot.common] _write: FE FE 03 2B D3 10 
2026-03-23 16:34:22.380 DEBU [pymycobot.common] _read : FE FE 04 2B 01 CD A2
2026-03-23 16:34:22.404 DEBU [pymycobot.common] _write: FE FE 03 2B D3 10 
2026-03-23 16:34:22.411 DEBU [pymycobot.common] _read : FE FE 04 2B 01 CD A2
2026-03-23 16:34:22.434 DEBU [pymycobot.common] _write: FE FE 03 2B D3 10 
2026-03-23 16:34:22.441 DEBU [pymycobot.common] _read : FE FE 04 2B 01 CD A2
2026-03-23 16:34:22.464 DEBU [pymycobot.common] _write: FE FE 03 2B D3 10 
2026-03-23 16:34:22.470 DEBU [pymycobot.common] _read : FE FE 04 2B 01 CD A2
2026-03-23 16:34:22.494 DEBU [pymycobot.common] _write: FE FE 03 2B D3 10 
2026-03-23 16:34:22.501 DEBU [pymycobot.common] _read : FE FE 04 2B 01 CD A2
2026-03-23 16:34:22.525 DEBU [pymycobot.common] _write: FE FE 03 2B D3 10 
2026-03-23 16:34:22.532 DEBU [pymycobot.common] _read : FE FE 04 2B 01 CD A2
2026-03-23 16:34:22.556 DEBU [pymycobot.common] _write: FE FE 03 2B D3 10 
2026-03-23 16:34:22.564 DEBU [pymycobot.common] _read : FE FE 04 2B 01 CD A2
2026-03-23 16:34:22.586 DEBU [pymycobot.common] _write: FE FE 03 2B D3 10 
2026-03-23 16:34:22.592 DEBU [pymycobot.common] _read : FE FE 04 2B 01 CD A2
2026-03-23 16:34:22.616 DEBU [pymycobot.common] _write: FE FE 03 2B D3 10 
2026-03-23 16:34:22.624 DEBU [pymycobot.common] _read : FE FE 04 2B 01 CD A2
2026-03-23 16:34:22.647 DEBU [pymycobot.common] _write: FE FE 03 2B D3 10 
2026-03-23 16:34:22.652 DEBU [pymycobot.common] _read : FE FE 04 2B 01 CD A2
2026-03-23 16:34:22.677 DEBU [pymycobot.common] _write: FE FE 03 2B D3 10 
2026-03-23 16:34:22.683 DEBU [pymycobot.common] _read : FE FE 04 2B 01 CD A2
2026-03-23 16:34:22.708 DEBU [pymycobot.common] _write: FE FE 03 2B D3 10 
2026-03-23 16:34:22.715 DEBU [pymycobot.common] _read : FE FE 04 2B 01 CD A2
2026-03-23 16:34:22.738 DEBU [pymycobot.common] _write: FE FE 03 2B D3 10 
2026-03-23 16:34:22.745 DEBU [pymycobot.common] _read : FE FE 04 2B 01 CD A2
2026-03-23 16:34:22.768 DEBU [pymycobot.common] _write: FE FE 03 2B D3 10 
2026-03-23 16:34:22.775 DEBU [pymycobot.common] _read : FE FE 04 2B 01 CD A2
2026-03-23 16:34:22.798 DEBU [pymycobot.common] _write: FE FE 03 2B D3 10 
2026-03-23 16:34:22.804 DEBU [pymycobot.common] _read : FE FE 04 2B 01 CD A2
2026-03-23 16:34:22.828 DEBU [pymycobot.common] _write: FE FE 03 2B D3 10 
2026-03-23 16:34:22.834 DEBU [pymycobot.common] _read : FE FE 04 2B 01 CD A2
2026-03-23 16:34:22.858 DEBU [pymycobot.common] _write: FE FE 03 2B D3 10 
2026-03-23 16:34:22.866 DEBU [pymycobot.common] _read : FE FE 04 2B 01 CD A2
2026-03-23 16:34:22.888 DEBU [pymycobot.common] _write: FE FE 03 2B D3 10 
2026-03-23 16:34:22.894 DEBU [pymycobot.common] _read : FE FE 04 2B 01 CD A2
2026-03-23 16:34:22.919 DEBU [pymycobot.common] _write: FE FE 03 2B D3 10 
2026-03-23 16:34:22.926 DEBU [pymycobot.common] _read : FE FE 04 2B 01 CD A2
2026-03-23 16:34:22.949 DEBU [pymycobot.common] _write: FE FE 03 2B D3 10 
2026-03-23 16:34:22.956 DEBU [pymycobot.common] _read : FE FE 04 2B 01 CD A2
2026-03-23 16:34:22.979 DEBU [pymycobot.common] _write: FE FE 03 2B D3 10 
2026-03-23 16:34:22.986 DEBU [pymycobot.common] _read : FE FE 04 2B 01 CD A2
2026-03-23 16:34:23.010 DEBU [pymycobot.common] _write: FE FE 03 2B D3 10 
2026-03-23 16:34:23.016 DEBU [pymycobot.common] _read : FE FE 04 2B 01 CD A2
2026-03-23 16:34:23.041 DEBU [pymycobot.common] _write: FE FE 03 2B D3 10 
2026-03-23 16:34:23.048 DEBU [pymycobot.common] _read : FE FE 04 2B 01 CD A2
2026-03-23 16:34:23.071 DEBU [pymycobot.common] _write: FE FE 03 2B D3 10 
2026-03-23 16:34:23.078 DEBU [pymycobot.common] _read : FE FE 04 2B 01 CD A2
2026-03-23 16:34:23.101 DEBU [pymycobot.common] _write: FE FE 03 2B D3 10 
2026-03-23 16:34:23.108 DEBU [pymycobot.common] _read : FE FE 04 2B 01 CD A2
2026-03-23 16:34:23.131 DEBU [pymycobot.common] _write: FE FE 03 2B D3 10 
2026-03-23 16:34:23.139 DEBU [pymycobot.common] _read : FE FE 04 2B 01 CD A2
2026-03-23 16:34:23.162 DEBU [pymycobot.common] _write: FE FE 03 2B D3 10 
2026-03-23 16:34:23.169 DEBU [pymycobot.common] _read : FE FE 04 2B 01 CD A2
2026-03-23 16:34:23.192 DEBU [pymycobot.common] _write: FE FE 03 2B D3 10 
2026-03-23 16:34:23.200 DEBU [pymycobot.common] _read : FE FE 04 2B 01 CD A2
2026-03-23 16:34:23.222 DEBU [pymycobot.common] _write: FE FE 03 2B D3 10 
2026-03-23 16:34:23.230 DEBU [pymycobot.common] _read : FE FE 04 2B 01 CD A2
2026-03-23 16:34:23.252 DEBU [pymycobot.common] _write: FE FE 03 2B D3 10 
2026-03-23 16:34:23.259 DEBU [pymycobot.common] _read : FE FE 04 2B 01 CD A2
2026-03-23 16:34:23.282 DEBU [pymycobot.common] _write: FE FE 03 2B D3 10 
2026-03-23 16:34:23.289 DEBU [pymycobot.common] _read : FE FE 04 2B 01 CD A2
2026-03-23 16:34:23.312 DEBU [pymycobot.common] _write: FE FE 03 2B D3 10 
2026-03-23 16:34:23.318 DEBU [pymycobot.common] _read : FE FE 04 2B 01 CD A2
2026-03-23 16:34:23.342 DEBU [pymycobot.common] _write: FE FE 03 2B D3 10 
2026-03-23 16:34:23.350 DEBU [pymycobot.common] _read : FE FE 04 2B 01 CD A2
2026-03-23 16:34:23.373 DEBU [pymycobot.common] _write: FE FE 03 2B D3 10 
2026-03-23 16:34:23.380 DEBU [pymycobot.common] _read : FE FE 04 2B 01 CD A2
2026-03-23 16:34:23.403 DEBU [pymycobot.common] _write: FE FE 03 2B D3 10 
2026-03-23 16:34:23.410 DEBU [pymycobot.common] _read : FE FE 04 2B 01 CD A2
2026-03-23 16:34:23.433 DEBU [pymycobot.common] _write: FE FE 03 2B D3 10 
2026-03-23 16:34:23.440 DEBU [pymycobot.common] _read : FE FE 04 2B 01 CD A2
2026-03-23 16:34:23.463 DEBU [pymycobot.common] _write: FE FE 03 2B D3 10 
2026-03-23 16:34:23.470 DEBU [pymycobot.common] _read : FE FE 04 2B 01 CD A2
2026-03-23 16:34:23.493 DEBU [pymycobot.common] _write: FE FE 03 2B D3 10 
2026-03-23 16:34:23.500 DEBU [pymycobot.common] _read : FE FE 04 2B 01 CD A2
2026-03-23 16:34:23.523 DEBU [pymycobot.common] _write: FE FE 03 2B D3 10 
2026-03-23 16:34:23.530 DEBU [pymycobot.common] _read : FE FE 04 2B 01 CD A2
2026-03-23 16:34:23.553 DEBU [pymycobot.common] _write: FE FE 03 2B D3 10 
2026-03-23 16:34:23.561 DEBU [pymycobot.common] _read : FE FE 04 2B 01 CD A2
2026-03-23 16:34:23.584 DEBU [pymycobot.common] _write: FE FE 03 2B D3 10 
2026-03-23 16:34:23.590 DEBU [pymycobot.common] _read : FE FE 04 2B 01 CD A2
2026-03-23 16:34:23.614 DEBU [pymycobot.common] _write: FE FE 03 2B D3 10 
2026-03-23 16:34:23.620 DEBU [pymycobot.common] _read : FE FE 04 2B 01 CD A2
2026-03-23 16:34:23.644 DEBU [pymycobot.common] _write: FE FE 03 2B D3 10 
2026-03-23 16:34:23.651 DEBU [pymycobot.common] _read : FE FE 04 2B 01 CD A2
2026-03-23 16:34:23.674 DEBU [pymycobot.common] _write: FE FE 03 2B D3 10 
2026-03-23 16:34:23.681 DEBU [pymycobot.common] _read : FE FE 04 2B 01 CD A2
2026-03-23 16:34:23.704 DEBU [pymycobot.common] _write: FE FE 03 2B D3 10 
2026-03-23 16:34:23.711 DEBU [pymycobot.common] _read : FE FE 04 2B 01 CD A2
2026-03-23 16:34:23.734 DEBU [pymycobot.common] _write: FE FE 03 2B D3 10 
2026-03-23 16:34:23.741 DEBU [pymycobot.common] _read : FE FE 04 2B 01 CD A2
2026-03-23 16:34:23.764 DEBU [pymycobot.common] _write: FE FE 03 2B D3 10 
2026-03-23 16:34:23.771 DEBU [pymycobot.common] _read : FE FE 04 2B 01 CD A2
2026-03-23 16:34:23.794 DEBU [pymycobot.common] _write: FE FE 03 2B D3 10 
2026-03-23 16:34:23.801 DEBU [pymycobot.common] _read : FE FE 04 2B 01 CD A2
2026-03-23 16:34:23.824 DEBU [pymycobot.common] _write: FE FE 03 2B D3 10 
2026-03-23 16:34:23.830 DEBU [pymycobot.common] _read : FE FE 04 2B 01 CD A2
2026-03-23 16:34:23.854 DEBU [pymycobot.common] _write: FE FE 03 2B D3 10 
2026-03-23 16:34:23.860 DEBU [pymycobot.common] _read : FE FE 04 2B 01 CD A2
2026-03-23 16:34:23.884 DEBU [pymycobot.common] _write: FE FE 03 2B D3 10 
2026-03-23 16:34:23.890 DEBU [pymycobot.common] _read : FE FE 04 2B 01 CD A2
2026-03-23 16:34:23.914 DEBU [pymycobot.common] _write: FE FE 03 2B D3 10 
2026-03-23 16:34:23.921 DEBU [pymycobot.common] _read : FE FE 04 2B 01 CD A2
2026-03-23 16:34:23.945 DEBU [pymycobot.common] _write: FE FE 03 2B D3 10 
2026-03-23 16:34:23.953 DEBU [pymycobot.common] _read : FE FE 04 2B 01 CD A2
2026-03-23 16:34:23.975 DEBU [pymycobot.common] _write: FE FE 03 2B D3 10 
2026-03-23 16:34:23.982 DEBU [pymycobot.common] _read : FE FE 04 2B 01 CD A2
2026-03-23 16:34:24.006 DEBU [pymycobot.common] _write: FE FE 03 2B D3 10 
2026-03-23 16:34:24.013 DEBU [pymycobot.common] _read : FE FE 04 2B 01 CD A2
2026-03-23 16:34:24.037 DEBU [pymycobot.common] _write: FE FE 03 2B D3 10 
2026-03-23 16:34:24.043 DEBU [pymycobot.common] _read : FE FE 04 2B 01 CD A2
2026-03-23 16:34:24.067 DEBU [pymycobot.common] _write: FE FE 03 2B D3 10 
2026-03-23 16:34:24.075 DEBU [pymycobot.common] _read : FE FE 04 2B 01 CD A2
2026-03-23 16:34:24.097 DEBU [pymycobot.common] _write: FE FE 03 2B D3 10 
2026-03-23 16:34:24.104 DEBU [pymycobot.common] _read : FE FE 04 2B 01 CD A2
2026-03-23 16:34:24.127 DEBU [pymycobot.common] _write: FE FE 03 2B D3 10 
2026-03-23 16:34:24.134 DEBU [pymycobot.common] _read : FE FE 04 2B 01 CD A2
2026-03-23 16:34:24.157 DEBU [pymycobot.common] _write: FE FE 03 2B D3 10 
2026-03-23 16:34:24.163 DEBU [pymycobot.common] _read : FE FE 04 2B 01 CD A2
2026-03-23 16:34:24.188 DEBU [pymycobot.common] _write: FE FE 03 2B D3 10 
2026-03-23 16:34:24.194 DEBU [pymycobot.common] _read : FE FE 04 2B 01 CD A2
2026-03-23 16:34:24.218 DEBU [pymycobot.common] _write: FE FE 03 2B D3 10 
2026-03-23 16:34:24.224 DEBU [pymycobot.common] _read : FE FE 04 2B 01 CD A2
2026-03-23 16:34:24.248 DEBU [pymycobot.common] _write: FE FE 03 2B D3 10 
2026-03-23 16:34:24.254 DEBU [pymycobot.common] _read : FE FE 04 2B 01 CD A2
2026-03-23 16:34:24.278 DEBU [pymycobot.common] _write: FE FE 03 2B D3 10 
2026-03-23 16:34:24.285 DEBU [pymycobot.common] _read : FE FE 04 2B 01 CD A2
2026-03-23 16:34:24.309 DEBU [pymycobot.common] _write: FE FE 03 2B D3 10 
2026-03-23 16:34:24.314 DEBU [pymycobot.common] _read : FE FE 04 2B 01 CD A2
2026-03-23 16:34:24.339 DEBU [pymycobot.common] _write: FE FE 03 2B D3 10 
2026-03-23 16:34:24.345 DEBU [pymycobot.common] _read : FE FE 04 2B 01 CD A2
2026-03-23 16:34:24.369 DEBU [pymycobot.common] _write: FE FE 03 2B D3 10 
2026-03-23 16:34:24.376 DEBU [pymycobot.common] _read : FE FE 04 2B 01 CD A2
2026-03-23 16:34:24.399 DEBU [pymycobot.common] _write: FE FE 03 2B D3 10 
2026-03-23 16:34:24.405 DEBU [pymycobot.common] _read : FE FE 04 2B 01 CD A2
2026-03-23 16:34:24.429 DEBU [pymycobot.common] _write: FE FE 03 2B D3 10 
2026-03-23 16:34:24.434 DEBU [pymycobot.common] _read : FE FE 04 2B 01 CD A2
2026-03-23 16:34:24.459 DEBU [pymycobot.common] _write: FE FE 03 2B D3 10 
2026-03-23 16:34:24.466 DEBU [pymycobot.common] _read : FE FE 04 2B 01 CD A2
2026-03-23 16:34:24.489 DEBU [pymycobot.common] _write: FE FE 03 2B D3 10 
2026-03-23 16:34:24.495 DEBU [pymycobot.common] _read : FE FE 04 2B 01 CD A2
2026-03-23 16:34:24.519 DEBU [pymycobot.common] _write: FE FE 03 2B D3 10 
2026-03-23 16:34:24.524 DEBU [pymycobot.common] _read : FE FE 04 2B 01 CD A2
2026-03-23 16:34:24.550 DEBU [pymycobot.common] _write: FE FE 03 2B D3 10 
2026-03-23 16:34:24.555 DEBU [pymycobot.common] _read : FE FE 04 2B 01 CD A2
2026-03-23 16:34:24.580 DEBU [pymycobot.common] _write: FE FE 03 2B D3 10 
2026-03-23 16:34:24.586 DEBU [pymycobot.common] _read : FE FE 04 2B 01 CD A2
2026-03-23 16:34:24.610 DEBU [pymycobot.common] _write: FE FE 03 2B D3 10 
2026-03-23 16:34:24.616 DEBU [pymycobot.common] _read : FE FE 04 2B 01 CD A2
2026-03-23 16:34:24.640 DEBU [pymycobot.common] _write: FE FE 03 2B D3 10 
2026-03-23 16:34:24.646 DEBU [pymycobot.common] _read : FE FE 04 2B 01 CD A2
2026-03-23 16:34:24.670 DEBU [pymycobot.common] _write: FE FE 03 2B D3 10 
2026-03-23 16:34:24.676 DEBU [pymycobot.common] _read : FE FE 04 2B 01 CD A2
2026-03-23 16:34:24.700 DEBU [pymycobot.common] _write: FE FE 03 2B D3 10 
2026-03-23 16:34:24.707 DEBU [pymycobot.common] _read : FE FE 04 2B 01 CD A2
2026-03-23 16:34:24.731 DEBU [pymycobot.common] _write: FE FE 03 2B D3 10 
2026-03-23 16:34:24.736 DEBU [pymycobot.common] _read : FE FE 04 2B 01 CD A2
2026-03-23 16:34:24.761 DEBU [pymycobot.common] _write: FE FE 03 2B D3 10 
2026-03-23 16:34:24.767 DEBU [pymycobot.common] _read : FE FE 04 2B 01 CD A2
2026-03-23 16:34:24.792 DEBU [pymycobot.common] _write: FE FE 03 2B D3 10 
2026-03-23 16:34:24.800 DEBU [pymycobot.common] _read : FE FE 04 2B 01 CD A2
2026-03-23 16:34:24.822 DEBU [pymycobot.common] _write: FE FE 03 2B D3 10 
2026-03-23 16:34:24.828 DEBU [pymycobot.common] _read : FE FE 04 2B 01 CD A2
2026-03-23 16:34:24.852 DEBU [pymycobot.common] _write: FE FE 03 2B D3 10 
2026-03-23 16:34:24.860 DEBU [pymycobot.common] _read : FE FE 04 2B 01 CD A2
2026-03-23 16:34:24.883 DEBU [pymycobot.common] _write: FE FE 03 2B D3 10 
2026-03-23 16:34:24.890 DEBU [pymycobot.common] _read : FE FE 04 2B 01 CD A2
2026-03-23 16:34:24.913 DEBU [pymycobot.common] _write: FE FE 03 2B D3 10 
2026-03-23 16:34:24.920 DEBU [pymycobot.common] _read : FE FE 04 2B 01 CD A2
2026-03-23 16:34:24.943 DEBU [pymycobot.common] _write: FE FE 03 2B D3 10 
2026-03-23 16:34:24.951 DEBU [pymycobot.common] _read : FE FE 04 2B 01 CD A2
2026-03-23 16:34:24.974 DEBU [pymycobot.common] _write: FE FE 03 2B D3 10 
2026-03-23 16:34:24.981 DEBU [pymycobot.common] _read : FE FE 04 2B 01 CD A2
2026-03-23 16:34:25.004 DEBU [pymycobot.common] _write: FE FE 03 2B D3 10 
2026-03-23 16:34:25.013 DEBU [pymycobot.common] _read : FE FE 04 2B 01 CD A2
2026-03-23 16:34:25.035 DEBU [pymycobot.common] _write: FE FE 03 2B D3 10 
2026-03-23 16:34:25.042 DEBU [pymycobot.common] _read : FE FE 04 2B 01 CD A2
2026-03-23 16:34:25.065 DEBU [pymycobot.common] _write: FE FE 03 2B D3 10 
2026-03-23 16:34:25.072 DEBU [pymycobot.common] _read : FE FE 04 2B 01 CD A2
2026-03-23 16:34:25.095 DEBU [pymycobot.common] _write: FE FE 03 2B D3 10 
2026-03-23 16:34:25.101 DEBU [pymycobot.common] _read : FE FE 04 2B 01 CD A2
2026-03-23 16:34:25.126 DEBU [pymycobot.common] _write: FE FE 03 2B D3 10 
2026-03-23 16:34:25.131 DEBU [pymycobot.common] _read : FE FE 04 2B 01 CD A2
2026-03-23 16:34:25.156 DEBU [pymycobot.common] _write: FE FE 03 2B D3 10 
2026-03-23 16:34:25.162 DEBU [pymycobot.common] _read : FE FE 04 2B 01 CD A2
2026-03-23 16:34:25.186 DEBU [pymycobot.common] _write: FE FE 03 2B D3 10 
2026-03-23 16:34:25.192 DEBU [pymycobot.common] _read : FE FE 04 2B 01 CD A2
2026-03-23 16:34:25.217 DEBU [pymycobot.common] _write: FE FE 03 2B D3 10 
2026-03-23 16:34:25.222 DEBU [pymycobot.common] _read : FE FE 04 2B 01 CD A2
2026-03-23 16:34:25.247 DEBU [pymycobot.common] _write: FE FE 03 2B D3 10 
2026-03-23 16:34:25.253 DEBU [pymycobot.common] _read : FE FE 04 2B 01 CD A2
2026-03-23 16:34:25.277 DEBU [pymycobot.common] _write: FE FE 03 2B D3 10 
2026-03-23 16:34:25.284 DEBU [pymycobot.common] _read : FE FE 04 2B 01 CD A2
2026-03-23 16:34:25.308 DEBU [pymycobot.common] _write: FE FE 03 2B D3 10 
2026-03-23 16:34:25.315 DEBU [pymycobot.common] _read : FE FE 04 2B 01 CD A2
2026-03-23 16:34:25.338 DEBU [pymycobot.common] _write: FE FE 03 2B D3 10 
2026-03-23 16:34:25.344 DEBU [pymycobot.common] _read : FE FE 04 2B 01 CD A2
2026-03-23 16:34:25.369 DEBU [pymycobot.common] _write: FE FE 03 2B D3 10 
2026-03-23 16:34:25.375 DEBU [pymycobot.common] _read : FE FE 04 2B 01 CD A2
2026-03-23 16:34:25.399 DEBU [pymycobot.common] _write: FE FE 03 2B D3 10 
2026-03-23 16:34:25.405 DEBU [pymycobot.common] _read : FE FE 04 2B 01 CD A2
2026-03-23 16:34:25.429 DEBU [pymycobot.common] _write: FE FE 03 2B D3 10 
2026-03-23 16:34:25.436 DEBU [pymycobot.common] _read : FE FE 04 2B 01 CD A2
2026-03-23 16:34:25.459 DEBU [pymycobot.common] _write: FE FE 03 2B D3 10 
2026-03-23 16:34:25.465 DEBU [pymycobot.common] _read : FE FE 04 2B 01 CD A2
2026-03-23 16:34:25.489 DEBU [pymycobot.common] _write: FE FE 03 2B D3 10 
2026-03-23 16:34:25.495 DEBU [pymycobot.common] _read : FE FE 04 2B 01 CD A2
2026-03-23 16:34:25.519 DEBU [pymycobot.common] _write: FE FE 03 2B D3 10 
2026-03-23 16:34:25.525 DEBU [pymycobot.common] _read : FE FE 04 2B 01 CD A2
2026-03-23 16:34:25.550 DEBU [pymycobot.common] _write: FE FE 03 2B D3 10 
2026-03-23 16:34:25.555 DEBU [pymycobot.common] _read : FE FE 04 2B 01 CD A2
2026-03-23 16:34:25.580 DEBU [pymycobot.common] _write: FE FE 03 2B D3 10 
2026-03-23 16:34:25.585 DEBU [pymycobot.common] _read : FE FE 04 2B 01 CD A2
2026-03-23 16:34:25.596 DEBU [pymycobot.common] _write: FE FE 03 2B D3 10 
2026-03-23 16:34:25.603 DEBU [pymycobot.common] _read : FE FE 04 2B 01 CD A2
2026-03-23 16:34:25.627 DEBU [pymycobot.common] _write: FE FE 03 2B D3 10 
2026-03-23 16:34:25.633 DEBU [pymycobot.common] _read : FE FE 04 2B 01 CD A2
2026-03-23 16:34:25.657 DEBU [pymycobot.common] _write: FE FE 03 2B D3 10 
2026-03-23 16:34:25.664 DEBU [pymycobot.common] _read : FE FE 04 2B 01 CD A2
2026-03-23 16:34:25.687 DEBU [pymycobot.common] _write: FE FE 03 2B D3 10 
2026-03-23 16:34:25.692 DEBU [pymycobot.common] _read : FE FE 04 2B 01 CD A2
2026-03-23 16:34:25.717 DEBU [pymycobot.common] _write: FE FE 03 2B D3 10 
2026-03-23 16:34:25.723 DEBU [pymycobot.common] _read : FE FE 04 2B 01 CD A2
2026-03-23 16:34:25.748 DEBU [pymycobot.common] _write: FE FE 03 2B D3 10 
2026-03-23 16:34:25.754 DEBU [pymycobot.common] _read : FE FE 04 2B 01 CD A2
2026-03-23 16:34:25.778 DEBU [pymycobot.common] _write: FE FE 03 2B D3 10 
2026-03-23 16:34:25.783 DEBU [pymycobot.common] _read : FE FE 04 2B 01 CD A2
2026-03-23 16:34:25.808 DEBU [pymycobot.common] _write: FE FE 03 2B D3 10 
2026-03-23 16:34:25.815 DEBU [pymycobot.common] _read : FE FE 04 2B 01 CD A2
2026-03-23 16:34:25.839 DEBU [pymycobot.common] _write: FE FE 03 2B D3 10 
2026-03-23 16:34:25.846 DEBU [pymycobot.common] _read : FE FE 04 2B 01 CD A2
2026-03-23 16:34:25.869 DEBU [pymycobot.common] _write: FE FE 03 2B D3 10 
2026-03-23 16:34:25.875 DEBU [pymycobot.common] _read : FE FE 04 2B 01 CD A2
2026-03-23 16:34:25.899 DEBU [pymycobot.common] _write: FE FE 03 2B D3 10 
2026-03-23 16:34:25.905 DEBU [pymycobot.common] _read : FE FE 04 2B 01 CD A2
2026-03-23 16:34:25.929 DEBU [pymycobot.common] _write: FE FE 03 2B D3 10 
2026-03-23 16:34:25.936 DEBU [pymycobot.common] _read : FE FE 04 2B 01 CD A2
2026-03-23 16:34:25.959 DEBU [pymycobot.common] _write: FE FE 03 2B D3 10 
2026-03-23 16:34:25.965 DEBU [pymycobot.common] _read : FE FE 04 2B 01 CD A2
2026-03-23 16:34:25.990 DEBU [pymycobot.common] _write: FE FE 03 2B D3 10 
2026-03-23 16:34:25.997 DEBU [pymycobot.common] _read : FE FE 04 2B 01 CD A2
2026-03-23 16:34:26.021 DEBU [pymycobot.common] _write: FE FE 03 2B D3 10 
2026-03-23 16:34:26.028 DEBU [pymycobot.common] _read : FE FE 04 2B 01 CD A2
2026-03-23 16:34:26.051 DEBU [pymycobot.common] _write: FE FE 03 2B D3 10 
2026-03-23 16:34:26.058 DEBU [pymycobot.common] _read : FE FE 04 2B 01 CD A2
2026-03-23 16:34:26.082 DEBU [pymycobot.common] _write: FE FE 03 2B D3 10 
2026-03-23 16:34:26.088 DEBU [pymycobot.common] _read : FE FE 04 2B 01 CD A2
2026-03-23 16:34:26.112 DEBU [pymycobot.common] _write: FE FE 03 2B D3 10 
2026-03-23 16:34:26.118 DEBU [pymycobot.common] _read : FE FE 04 2B 01 CD A2
2026-03-23 16:34:26.142 DEBU [pymycobot.common] _write: FE FE 03 2B D3 10 
2026-03-23 16:34:26.149 DEBU [pymycobot.common] _read : FE FE 04 2B 01 CD A2
2026-03-23 16:34:26.172 DEBU [pymycobot.common] _write: FE FE 03 2B D3 10 
2026-03-23 16:34:26.182 DEBU [pymycobot.common] _read : FE FE 04 2B 01 CD A2
2026-03-23 16:34:26.203 DEBU [pymycobot.common] _write: FE FE 03 2B D3 10 
2026-03-23 16:34:26.211 DEBU [pymycobot.common] _read : FE FE 04 2B 01 CD A2
2026-03-23 16:34:26.233 DEBU [pymycobot.common] _write: FE FE 03 2B D3 10 
2026-03-23 16:34:26.239 DEBU [pymycobot.common] _read : FE FE 04 2B 01 CD A2
2026-03-23 16:34:26.264 DEBU [pymycobot.common] _write: FE FE 03 2B D3 10 
2026-03-23 16:34:26.269 DEBU [pymycobot.common] _read : FE FE 04 2B 01 CD A2
2026-03-23 16:34:26.294 DEBU [pymycobot.common] _write: FE FE 03 2B D3 10 
2026-03-23 16:34:26.301 DEBU [pymycobot.common] _read : FE FE 04 2B 01 CD A2
2026-03-23 16:34:26.324 DEBU [pymycobot.common] _write: FE FE 03 2B D3 10 
2026-03-23 16:34:26.331 DEBU [pymycobot.common] _read : FE FE 04 2B 01 CD A2
2026-03-23 16:34:26.356 DEBU [pymycobot.common] _write: FE FE 03 2B D3 10 
2026-03-23 16:34:26.362 DEBU [pymycobot.common] _read : FE FE 04 2B 01 CD A2
2026-03-23 16:34:26.386 DEBU [pymycobot.common] _write: FE FE 03 2B D3 10 
2026-03-23 16:34:26.392 DEBU [pymycobot.common] _read : FE FE 04 2B 01 CD A2
2026-03-23 16:34:26.417 DEBU [pymycobot.common] _write: FE FE 03 2B D3 10 
2026-03-23 16:34:26.423 DEBU [pymycobot.common] _read : FE FE 04 2B 01 CD A2
2026-03-23 16:34:26.447 DEBU [pymycobot.common] _write: FE FE 03 2B D3 10 
2026-03-23 16:34:26.454 DEBU [pymycobot.common] _read : FE FE 04 2B 01 CD A2
2026-03-23 16:34:26.478 DEBU [pymycobot.common] _write: FE FE 03 2B D3 10 
2026-03-23 16:34:26.483 DEBU [pymycobot.common] _read : FE FE 04 2B 01 CD A2
2026-03-23 16:34:26.508 DEBU [pymycobot.common] _write: FE FE 03 2B D3 10 
2026-03-23 16:34:26.513 DEBU [pymycobot.common] _read : FE FE 04 2B 01 CD A2
2026-03-23 16:34:26.539 DEBU [pymycobot.common] _write: FE FE 03 2B D3 10 
2026-03-23 16:34:26.544 DEBU [pymycobot.common] _read : FE FE 04 2B 01 CD A2
2026-03-23 16:34:26.569 DEBU [pymycobot.common] _write: FE FE 03 2B D3 10 
2026-03-23 16:34:26.576 DEBU [pymycobot.common] _read : FE FE 04 2B 01 CD A2
2026-03-23 16:34:26.599 DEBU [pymycobot.common] _write: FE FE 03 2B D3 10 
2026-03-23 16:34:26.603 DEBU [pymycobot.common] _read : FE FE 04 2B 01 CD A2
2026-03-23 16:34:26.629 DEBU [pymycobot.common] _write: FE FE 03 2B D3 10 
2026-03-23 16:34:26.634 DEBU [pymycobot.common] _read : FE FE 04 2B 01 CD A2
2026-03-23 16:34:26.660 DEBU [pymycobot.common] _write: FE FE 03 2B D3 10 
2026-03-23 16:34:26.665 DEBU [pymycobot.common] _read : FE FE 04 2B 01 CD A2
2026-03-23 16:34:26.690 DEBU [pymycobot.common] _write: FE FE 03 2B D3 10 
2026-03-23 16:34:26.696 DEBU [pymycobot.common] _read : FE FE 04 2B 01 CD A2
2026-03-23 16:34:26.720 DEBU [pymycobot.common] _write: FE FE 03 2B D3 10 
2026-03-23 16:34:26.726 DEBU [pymycobot.common] _read : FE FE 04 2B 01 CD A2
2026-03-23 16:34:26.750 DEBU [pymycobot.common] _write: FE FE 03 2B D3 10 
2026-03-23 16:34:26.755 DEBU [pymycobot.common] _read : FE FE 04 2B 01 CD A2
2026-03-23 16:34:26.780 DEBU [pymycobot.common] _write: FE FE 03 2B D3 10 
2026-03-23 16:34:26.785 DEBU [pymycobot.common] _read : FE FE 04 2B 01 CD A2
2026-03-23 16:34:26.810 DEBU [pymycobot.common] _write: FE FE 03 2B D3 10 
2026-03-23 16:34:26.817 DEBU [pymycobot.common] _read : FE FE 04 2B 01 CD A2
2026-03-23 16:34:26.841 DEBU [pymycobot.common] _write: FE FE 03 2B D3 10 
2026-03-23 16:34:26.848 DEBU [pymycobot.common] _read : FE FE 04 2B 01 CD A2
2026-03-23 16:34:26.872 DEBU [pymycobot.common] _write: FE FE 03 2B D3 10 
2026-03-23 16:34:26.878 DEBU [pymycobot.common] _read : FE FE 04 2B 01 CD A2
2026-03-23 16:34:26.902 DEBU [pymycobot.common] _write: FE FE 03 2B D3 10 
2026-03-23 16:34:26.908 DEBU [pymycobot.common] _read : FE FE 04 2B 01 CD A2
2026-03-23 16:34:26.932 DEBU [pymycobot.common] _write: FE FE 03 2B D3 10 
2026-03-23 16:34:26.938 DEBU [pymycobot.common] _read : FE FE 04 2B 01 CD A2
2026-03-23 16:34:26.962 DEBU [pymycobot.common] _write: FE FE 03 2B D3 10 
2026-03-23 16:34:26.968 DEBU [pymycobot.common] _read : FE FE 04 2B 01 CD A2
2026-03-23 16:34:26.993 DEBU [pymycobot.common] _write: FE FE 03 2B D3 10 
2026-03-23 16:34:27.001 DEBU [pymycobot.common] _read : FE FE 04 2B 01 CD A2
2026-03-23 16:34:27.024 DEBU [pymycobot.common] _write: FE FE 03 2B D3 10 
2026-03-23 16:34:27.031 DEBU [pymycobot.common] _read : FE FE 04 2B 01 CD A2
2026-03-23 16:34:27.054 DEBU [pymycobot.common] _write: FE FE 03 2B D3 10 
2026-03-23 16:34:27.061 DEBU [pymycobot.common] _read : FE FE 04 2B 01 CD A2
2026-03-23 16:34:27.084 DEBU [pymycobot.common] _write: FE FE 03 2B D3 10 
2026-03-23 16:34:27.089 DEBU [pymycobot.common] _read : FE FE 04 2B 01 CD A2
2026-03-23 16:34:27.115 DEBU [pymycobot.common] _write: FE FE 03 2B D3 10 
2026-03-23 16:34:27.120 DEBU [pymycobot.common] _read : FE FE 04 2B 01 CD A2
2026-03-23 16:34:27.145 DEBU [pymycobot.common] _write: FE FE 03 2B D3 10 
2026-03-23 16:34:27.151 DEBU [pymycobot.common] _read : FE FE 04 2B 01 CD A2
2026-03-23 16:34:27.176 DEBU [pymycobot.common] _write: FE FE 03 2B D3 10 
2026-03-23 16:34:27.183 DEBU [pymycobot.common] _read : FE FE 04 2B 01 CD A2
2026-03-23 16:34:27.207 DEBU [pymycobot.common] _write: FE FE 03 2B D3 10 
2026-03-23 16:34:27.213 DEBU [pymycobot.common] _read : FE FE 04 2B 01 CD A2
2026-03-23 16:34:27.248 DEBU [pymycobot.common] _write: FE FE 03 2B D3 10 
2026-03-23 16:34:27.254 DEBU [pymycobot.common] _read : FE FE 04 2B 01 CD A2
2026-03-23 16:34:27.269 DEBU [pymycobot.common] _write: FE FE 03 2B D3 10 
2026-03-23 16:34:27.275 DEBU [pymycobot.common] _read : FE FE 04 2B 01 CD A2
2026-03-23 16:34:27.299 DEBU [pymycobot.common] _write: FE FE 03 2B D3 10 
2026-03-23 16:34:27.305 DEBU [pymycobot.common] _read : FE FE 04 2B 01 CD A2
2026-03-23 16:34:27.329 DEBU [pymycobot.common] _write: FE FE 03 2B D3 10 
2026-03-23 16:34:27.336 DEBU [pymycobot.common] _read : FE FE 04 2B 01 CD A2
2026-03-23 16:34:27.359 DEBU [pymycobot.common] _write: FE FE 03 2B D3 10 
2026-03-23 16:34:27.365 DEBU [pymycobot.common] _read : FE FE 04 2B 01 CD A2
2026-03-23 16:34:27.390 DEBU [pymycobot.common] _write: FE FE 03 2B D3 10 
2026-03-23 16:34:27.396 DEBU [pymycobot.common] _read : FE FE 04 2B 01 CD A2
2026-03-23 16:34:27.420 DEBU [pymycobot.common] _write: FE FE 03 2B D3 10 
2026-03-23 16:34:27.427 DEBU [pymycobot.common] _read : FE FE 04 2B 01 CD A2
2026-03-23 16:34:27.450 DEBU [pymycobot.common] _write: FE FE 03 2B D3 10 
2026-03-23 16:34:27.457 DEBU [pymycobot.common] _read : FE FE 04 2B 01 CD A2
2026-03-23 16:34:27.480 DEBU [pymycobot.common] _write: FE FE 03 2B D3 10 
2026-03-23 16:34:27.488 DEBU [pymycobot.common] _read : FE FE 04 2B 01 CD A2
2026-03-23 16:34:27.511 DEBU [pymycobot.common] _write: FE FE 03 2B D3 10 
2026-03-23 16:34:27.517 DEBU [pymycobot.common] _read : FE FE 04 2B 01 CD A2
2026-03-23 16:34:27.542 DEBU [pymycobot.common] _write: FE FE 03 2B D3 10 
2026-03-23 16:34:27.550 DEBU [pymycobot.common] _read : FE FE 04 2B 01 CD A2
2026-03-23 16:34:27.572 DEBU [pymycobot.common] _write: FE FE 03 2B D3 10 
2026-03-23 16:34:27.580 DEBU [pymycobot.common] _read : FE FE 04 2B 01 CD A2
2026-03-23 16:34:27.603 DEBU [pymycobot.common] _write: FE FE 03 2B D3 10 
2026-03-23 16:34:27.610 DEBU [pymycobot.common] _read : FE FE 04 2B 01 CD A2
2026-03-23 16:34:27.634 DEBU [pymycobot.common] _write: FE FE 03 2B D3 10 
2026-03-23 16:34:27.641 DEBU [pymycobot.common] _read : FE FE 04 2B 01 CD A2
2026-03-23 16:34:27.664 DEBU [pymycobot.common] _write: FE FE 03 2B D3 10 
2026-03-23 16:34:27.672 DEBU [pymycobot.common] _read : FE FE 04 2B 01 CD A2
2026-03-23 16:34:27.694 DEBU [pymycobot.common] _write: FE FE 03 2B D3 10 
2026-03-23 16:34:27.701 DEBU [pymycobot.common] _read : FE FE 04 2B 01 CD A2
2026-03-23 16:34:27.725 DEBU [pymycobot.common] _write: FE FE 03 2B D3 10 
2026-03-23 16:34:27.732 DEBU [pymycobot.common] _read : FE FE 04 2B 01 CD A2
2026-03-23 16:34:27.755 DEBU [pymycobot.common] _write: FE FE 03 2B D3 10 
2026-03-23 16:34:27.762 DEBU [pymycobot.common] _read : FE FE 04 2B 01 CD A2
2026-03-23 16:34:27.785 DEBU [pymycobot.common] _write: FE FE 03 2B D3 10 
2026-03-23 16:34:27.793 DEBU [pymycobot.common] _read : FE FE 04 2B 01 CD A2
2026-03-23 16:34:27.815 DEBU [pymycobot.common] _write: FE FE 03 2B D3 10 
2026-03-23 16:34:27.823 DEBU [pymycobot.common] _read : FE FE 04 2B 01 CD A2
2026-03-23 16:34:27.846 DEBU [pymycobot.common] _write: FE FE 03 2B D3 10 
2026-03-23 16:34:27.852 DEBU [pymycobot.common] _read : FE FE 04 2B 01 CD A2
2026-03-23 16:34:27.876 DEBU [pymycobot.common] _write: FE FE 03 2B D3 10 
2026-03-23 16:34:27.882 DEBU [pymycobot.common] _read : FE FE 04 2B 01 CD A2
2026-03-23 16:34:27.906 DEBU [pymycobot.common] _write: FE FE 03 2B D3 10 
2026-03-23 16:34:27.914 DEBU [pymycobot.common] _read : FE FE 04 2B 01 CD A2
2026-03-23 16:34:27.937 DEBU [pymycobot.common] _write: FE FE 03 2B D3 10 
2026-03-23 16:34:27.945 DEBU [pymycobot.common] _read : FE FE 04 2B 01 CD A2
2026-03-23 16:34:27.967 DEBU [pymycobot.common] _write: FE FE 03 2B D3 10 
2026-03-23 16:34:27.974 DEBU [pymycobot.common] _read : FE FE 04 2B 01 CD A2
2026-03-23 16:34:27.998 DEBU [pymycobot.common] _write: FE FE 03 2B D3 10 
2026-03-23 16:34:28.006 DEBU [pymycobot.common] _read : FE FE 04 2B 01 CD A2
2026-03-23 16:34:28.028 DEBU [pymycobot.common] _write: FE FE 03 2B D3 10 
2026-03-23 16:34:28.037 DEBU [pymycobot.common] _read : FE FE 04 2B 01 CD A2
2026-03-23 16:34:28.059 DEBU [pymycobot.common] _write: FE FE 03 2B D3 10 
2026-03-23 16:34:28.067 DEBU [pymycobot.common] _read : FE FE 04 2B 01 CD A2
2026-03-23 16:34:28.090 DEBU [pymycobot.common] _write: FE FE 03 2B D3 10 
2026-03-23 16:34:28.096 DEBU [pymycobot.common] _read : FE FE 04 2B 01 CD A2
2026-03-23 16:34:28.120 DEBU [pymycobot.common] _write: FE FE 03 2B D3 10 
2026-03-23 16:34:28.128 DEBU [pymycobot.common] _read : FE FE 04 2B 01 CD A2
2026-03-23 16:34:28.151 DEBU [pymycobot.common] _write: FE FE 03 2B D3 10 
2026-03-23 16:34:28.158 DEBU [pymycobot.common] _read : FE FE 04 2B 01 CD A2
2026-03-23 16:34:28.181 DEBU [pymycobot.common] _write: FE FE 03 2B D3 10 
2026-03-23 16:34:28.191 DEBU [pymycobot.common] _read : FE FE 04 2B 01 CD A2
2026-03-23 16:34:28.211 DEBU [pymycobot.common] _write: FE FE 03 2B D3 10 
2026-03-23 16:34:28.219 DEBU [pymycobot.common] _read : FE FE 04 2B 01 CD A2
2026-03-23 16:34:28.241 DEBU [pymycobot.common] _write: FE FE 03 2B D3 10 
2026-03-23 16:34:28.250 DEBU [pymycobot.common] _read : FE FE 04 2B 01 CD A2
2026-03-23 16:34:28.271 DEBU [pymycobot.common] _write: FE FE 03 2B D3 10 
2026-03-23 16:34:28.279 DEBU [pymycobot.common] _read : FE FE 04 2B 01 CD A2
2026-03-23 16:34:28.301 DEBU [pymycobot.common] _write: FE FE 03 2B D3 10 
2026-03-23 16:34:28.308 DEBU [pymycobot.common] _read : FE FE 04 2B 01 CD A2
2026-03-23 16:34:28.331 DEBU [pymycobot.common] _write: FE FE 03 2B D3 10 
2026-03-23 16:34:28.338 DEBU [pymycobot.common] _read : FE FE 04 2B 01 CD A2
2026-03-23 16:34:28.362 DEBU [pymycobot.common] _write: FE FE 03 2B D3 10 
2026-03-23 16:34:28.369 DEBU [pymycobot.common] _read : FE FE 04 2B 01 CD A2
2026-03-23 16:34:28.392 DEBU [pymycobot.common] _write: FE FE 03 2B D3 10 
2026-03-23 16:34:28.399 DEBU [pymycobot.common] _read : FE FE 04 2B 01 CD A2
2026-03-23 16:34:28.422 DEBU [pymycobot.common] _write: FE FE 03 2B D3 10 
2026-03-23 16:34:28.429 DEBU [pymycobot.common] _read : FE FE 04 2B 01 CD A2
2026-03-23 16:34:28.452 DEBU [pymycobot.common] _write: FE FE 03 2B D3 10 
2026-03-23 16:34:28.460 DEBU [pymycobot.common] _read : FE FE 04 2B 01 CD A2
2026-03-23 16:34:28.482 DEBU [pymycobot.common] _write: FE FE 03 2B D3 10 
2026-03-23 16:34:28.488 DEBU [pymycobot.common] _read : FE FE 04 2B 01 CD A2
2026-03-23 16:34:28.512 DEBU [pymycobot.common] _write: FE FE 03 2B D3 10 
2026-03-23 16:34:28.519 DEBU [pymycobot.common] _read : FE FE 04 2B 01 CD A2
2026-03-23 16:34:28.542 DEBU [pymycobot.common] _write: FE FE 03 2B D3 10 
2026-03-23 16:34:28.549 DEBU [pymycobot.common] _read : FE FE 04 2B 01 CD A2
2026-03-23 16:34:28.572 DEBU [pymycobot.common] _write: FE FE 03 2B D3 10 
2026-03-23 16:34:28.580 DEBU [pymycobot.common] _read : FE FE 04 2B 01 CD A2
2026-03-23 16:34:28.602 DEBU [pymycobot.common] _write: FE FE 03 2B D3 10 
2026-03-23 16:34:28.609 DEBU [pymycobot.common] _read : FE FE 04 2B 01 CD A2
2026-03-23 16:34:28.633 DEBU [pymycobot.common] _write: FE FE 03 2B D3 10 
2026-03-23 16:34:28.640 DEBU [pymycobot.common] _read : FE FE 04 2B 01 CD A2
2026-03-23 16:34:28.663 DEBU [pymycobot.common] _write: FE FE 03 2B D3 10 
2026-03-23 16:34:28.670 DEBU [pymycobot.common] _read : FE FE 04 2B 01 CD A2
2026-03-23 16:34:28.693 DEBU [pymycobot.common] _write: FE FE 03 2B D3 10 
2026-03-23 16:34:28.702 DEBU [pymycobot.common] _read : FE FE 04 2B 01 CD A2
2026-03-23 16:34:28.723 DEBU [pymycobot.common] _write: FE FE 03 2B D3 10 
2026-03-23 16:34:28.730 DEBU [pymycobot.common] _read : FE FE 04 2B 01 CD A2
2026-03-23 16:34:28.754 DEBU [pymycobot.common] _write: FE FE 03 2B D3 10 
2026-03-23 16:34:28.761 DEBU [pymycobot.common] _read : FE FE 04 2B 01 CD A2
2026-03-23 16:34:28.784 DEBU [pymycobot.common] _write: FE FE 03 2B D3 10 
2026-03-23 16:34:28.791 DEBU [pymycobot.common] _read : FE FE 04 2B 01 CD A2
2026-03-23 16:34:28.815 DEBU [pymycobot.common] _write: FE FE 03 2B D3 10 
2026-03-23 16:34:28.821 DEBU [pymycobot.common] _read : FE FE 04 2B 01 CD A2
2026-03-23 16:34:28.845 DEBU [pymycobot.common] _write: FE FE 03 2B D3 10 
2026-03-23 16:34:28.852 DEBU [pymycobot.common] _read : FE FE 04 2B 01 CD A2
2026-03-23 16:34:28.875 DEBU [pymycobot.common] _write: FE FE 03 2B D3 10 
2026-03-23 16:34:28.882 DEBU [pymycobot.common] _read : FE FE 04 2B 01 CD A2
2026-03-23 16:34:28.905 DEBU [pymycobot.common] _write: FE FE 03 2B D3 10 
2026-03-23 16:34:28.913 DEBU [pymycobot.common] _read : FE FE 04 2B 01 CD A2
2026-03-23 16:34:28.935 DEBU [pymycobot.common] _write: FE FE 03 2B D3 10 
2026-03-23 16:34:28.942 DEBU [pymycobot.common] _read : FE FE 04 2B 01 CD A2
2026-03-23 16:34:28.965 DEBU [pymycobot.common] _write: FE FE 03 2B D3 10 
2026-03-23 16:34:28.972 DEBU [pymycobot.common] _read : FE FE 04 2B 01 CD A2
2026-03-23 16:34:28.996 DEBU [pymycobot.common] _write: FE FE 03 2B D3 10 
2026-03-23 16:34:29.003 DEBU [pymycobot.common] _read : FE FE 04 2B 01 CD A2
2026-03-23 16:34:29.026 DEBU [pymycobot.common] _write: FE FE 03 2B D3 10 
2026-03-23 16:34:29.033 DEBU [pymycobot.common] _read : FE FE 04 2B 01 CD A2
2026-03-23 16:34:29.056 DEBU [pymycobot.common] _write: FE FE 03 2B D3 10 
2026-03-23 16:34:29.063 DEBU [pymycobot.common] _read : FE FE 04 2B 01 CD A2
2026-03-23 16:34:29.087 DEBU [pymycobot.common] _write: FE FE 03 2B D3 10 
2026-03-23 16:34:29.093 DEBU [pymycobot.common] _read : FE FE 04 2B 01 CD A2
2026-03-23 16:34:29.117 DEBU [pymycobot.common] _write: FE FE 03 2B D3 10 
2026-03-23 16:34:29.124 DEBU [pymycobot.common] _read : FE FE 04 2B 01 CD A2
2026-03-23 16:34:29.148 DEBU [pymycobot.common] _write: FE FE 03 2B D3 10 
2026-03-23 16:34:29.155 DEBU [pymycobot.common] _read : FE FE 04 2B 01 CD A2
2026-03-23 16:34:29.178 DEBU [pymycobot.common] _write: FE FE 03 2B D3 10 
2026-03-23 16:34:29.185 DEBU [pymycobot.common] _read : FE FE 04 2B 01 CD A2
2026-03-23 16:34:29.208 DEBU [pymycobot.common] _write: FE FE 03 2B D3 10 
2026-03-23 16:34:29.216 DEBU [pymycobot.common] _read : FE FE 04 2B 01 CD A2
2026-03-23 16:34:29.238 DEBU [pymycobot.common] _write: FE FE 03 2B D3 10 
2026-03-23 16:34:29.245 DEBU [pymycobot.common] _read : FE FE 04 2B 01 CD A2
2026-03-23 16:34:29.268 DEBU [pymycobot.common] _write: FE FE 03 2B D3 10 
2026-03-23 16:34:29.274 DEBU [pymycobot.common] _read : FE FE 04 2B 01 CD A2
2026-03-23 16:34:29.298 DEBU [pymycobot.common] _write: FE FE 03 2B D3 10 
2026-03-23 16:34:29.305 DEBU [pymycobot.common] _read : FE FE 04 2B 01 CD A2
2026-03-23 16:34:29.328 DEBU [pymycobot.common] _write: FE FE 03 2B D3 10 
2026-03-23 16:34:29.334 DEBU [pymycobot.common] _read : FE FE 04 2B 01 CD A2
2026-03-23 16:34:29.358 DEBU [pymycobot.common] _write: FE FE 03 2B D3 10 
2026-03-23 16:34:29.364 DEBU [pymycobot.common] _read : FE FE 04 2B 01 CD A2
2026-03-23 16:34:29.388 DEBU [pymycobot.common] _write: FE FE 03 2B D3 10 
2026-03-23 16:34:29.394 DEBU [pymycobot.common] _read : FE FE 04 2B 01 CD A2
2026-03-23 16:34:29.418 DEBU [pymycobot.common] _write: FE FE 03 2B D3 10 
2026-03-23 16:34:29.425 DEBU [pymycobot.common] _read : FE FE 04 2B 01 CD A2
2026-03-23 16:34:29.448 DEBU [pymycobot.common] _write: FE FE 03 2B D3 10 
2026-03-23 16:34:29.456 DEBU [pymycobot.common] _read : FE FE 04 2B 01 CD A2
2026-03-23 16:34:29.480 DEBU [pymycobot.common] _write: FE FE 03 2B D3 10 
2026-03-23 16:34:29.487 DEBU [pymycobot.common] _read : FE FE 04 2B 01 CD A2
2026-03-23 16:34:29.510 DEBU [pymycobot.common] _write: FE FE 03 2B D3 10 
2026-03-23 16:34:29.517 DEBU [pymycobot.common] _read : FE FE 04 2B 01 CD A2
2026-03-23 16:34:29.541 DEBU [pymycobot.common] _write: FE FE 03 2B D3 10 
2026-03-23 16:34:29.548 DEBU [pymycobot.common] _read : FE FE 04 2B 01 CD A2
2026-03-23 16:34:29.571 DEBU [pymycobot.common] _write: FE FE 03 2B D3 10 
2026-03-23 16:34:29.579 DEBU [pymycobot.common] _read : FE FE 04 2B 01 CD A2
2026-03-23 16:34:29.601 DEBU [pymycobot.common] _write: FE FE 03 2B D3 10 
2026-03-23 16:34:29.609 DEBU [pymycobot.common] _read : FE FE 04 2B 01 CD A2
2026-03-23 16:34:29.631 DEBU [pymycobot.common] _write: FE FE 03 2B D3 10 
2026-03-23 16:34:29.638 DEBU [pymycobot.common] _read : FE FE 04 2B 01 CD A2
2026-03-23 16:34:29.661 DEBU [pymycobot.common] _write: FE FE 03 2B D3 10 
2026-03-23 16:34:29.669 DEBU [pymycobot.common] _read : FE FE 04 2B 01 CD A2
2026-03-23 16:34:29.691 DEBU [pymycobot.common] _write: FE FE 03 2B D3 10 
2026-03-23 16:34:29.698 DEBU [pymycobot.common] _read : FE FE 04 2B 01 CD A2
2026-03-23 16:34:29.721 DEBU [pymycobot.common] _write: FE FE 03 2B D3 10 
2026-03-23 16:34:29.727 DEBU [pymycobot.common] _read : FE FE 04 2B 01 CD A2
2026-03-23 16:34:29.751 DEBU [pymycobot.common] _write: FE FE 03 2B D3 10 
2026-03-23 16:34:29.759 DEBU [pymycobot.common] _read : FE FE 04 2B 01 CD A2
2026-03-23 16:34:29.781 DEBU [pymycobot.common] _write: FE FE 03 2B D3 10 
2026-03-23 16:34:29.788 DEBU [pymycobot.common] _read : FE FE 04 2B 01 CD A2
2026-03-23 16:34:29.811 DEBU [pymycobot.common] _write: FE FE 03 2B D3 10 
2026-03-23 16:34:29.817 DEBU [pymycobot.common] _read : FE FE 04 2B 01 CD A2
2026-03-23 16:34:29.841 DEBU [pymycobot.common] _write: FE FE 03 2B D3 10 
2026-03-23 16:34:29.848 DEBU [pymycobot.common] _read : FE FE 04 2B 01 CD A2
2026-03-23 16:34:29.872 DEBU [pymycobot.common] _write: FE FE 03 2B D3 10 
2026-03-23 16:34:29.879 DEBU [pymycobot.common] _read : FE FE 04 2B 01 CD A2
2026-03-23 16:34:29.902 DEBU [pymycobot.common] _write: FE FE 03 2B D3 10 
2026-03-23 16:34:29.909 DEBU [pymycobot.common] _read : FE FE 04 2B 01 CD A2
2026-03-23 16:34:29.932 DEBU [pymycobot.common] _write: FE FE 03 2B D3 10 
2026-03-23 16:34:29.938 DEBU [pymycobot.common] _read : FE FE 04 2B 01 CD A2
2026-03-23 16:34:29.962 DEBU [pymycobot.common] _write: FE FE 03 2B D3 10 
2026-03-23 16:34:29.969 DEBU [pymycobot.common] _read : FE FE 04 2B 01 CD A2
2026-03-23 16:34:29.992 DEBU [pymycobot.common] _write: FE FE 03 2B D3 10 
2026-03-23 16:34:30.000 DEBU [pymycobot.common] _read : FE FE 04 2B 01 CD A2
2026-03-23 16:34:30.024 DEBU [pymycobot.common] _write: FE FE 03 2B D3 10 
2026-03-23 16:34:30.031 DEBU [pymycobot.common] _read : FE FE 04 2B 01 CD A2
2026-03-23 16:34:30.054 DEBU [pymycobot.common] _write: FE FE 03 2B D3 10 
2026-03-23 16:34:30.060 DEBU [pymycobot.common] _read : FE FE 04 2B 01 CD A2
2026-03-23 16:34:30.085 DEBU [pymycobot.common] _write: FE FE 03 2B D3 10 
2026-03-23 16:34:30.091 DEBU [pymycobot.common] _read : FE FE 04 2B 01 CD A2
2026-03-23 16:34:30.115 DEBU [pymycobot.common] _write: FE FE 03 2B D3 10 
2026-03-23 16:34:30.122 DEBU [pymycobot.common] _read : FE FE 04 2B 01 CD A2
2026-03-23 16:34:30.145 DEBU [pymycobot.common] _write: FE FE 03 2B D3 10 
2026-03-23 16:34:30.151 DEBU [pymycobot.common] _read : FE FE 04 2B 01 CD A2
2026-03-23 16:34:30.175 DEBU [pymycobot.common] _write: FE FE 03 2B D3 10 
2026-03-23 16:34:30.183 DEBU [pymycobot.common] _read : FE FE 04 2B 01 CD A2
2026-03-23 16:34:30.205 DEBU [pymycobot.common] _write: FE FE 03 2B D3 10 
2026-03-23 16:34:30.212 DEBU [pymycobot.common] _read : FE FE 04 2B 01 CD A2
2026-03-23 16:34:30.235 DEBU [pymycobot.common] _write: FE FE 03 2B D3 10 
2026-03-23 16:34:30.243 DEBU [pymycobot.common] _read : FE FE 04 2B 01 CD A2
2026-03-23 16:34:30.265 DEBU [pymycobot.common] _write: FE FE 03 2B D3 10 
2026-03-23 16:34:30.272 DEBU [pymycobot.common] _read : FE FE 04 2B 01 CD A2
2026-03-23 16:34:30.295 DEBU [pymycobot.common] _write: FE FE 03 2B D3 10 
2026-03-23 16:34:30.301 DEBU [pymycobot.common] _read : FE FE 04 2B 01 CD A2
2026-03-23 16:34:30.325 DEBU [pymycobot.common] _write: FE FE 03 2B D3 10 
2026-03-23 16:34:30.332 DEBU [pymycobot.common] _read : FE FE 04 2B 01 CD A2
2026-03-23 16:34:30.356 DEBU [pymycobot.common] _write: FE FE 03 2B D3 10 
2026-03-23 16:34:30.363 DEBU [pymycobot.common] _read : FE FE 04 2B 01 CD A2
2026-03-23 16:34:30.386 DEBU [pymycobot.common] _write: FE FE 03 2B D3 10 
2026-03-23 16:34:30.392 DEBU [pymycobot.common] _read : FE FE 04 2B 01 CD A2
2026-03-23 16:34:30.416 DEBU [pymycobot.common] _write: FE FE 03 2B D3 10 
2026-03-23 16:34:30.423 DEBU [pymycobot.common] _read : FE FE 04 2B 01 CD A2
2026-03-23 16:34:30.446 DEBU [pymycobot.common] _write: FE FE 03 2B D3 10 
2026-03-23 16:34:30.453 DEBU [pymycobot.common] _read : FE FE 04 2B 01 CD A2
2026-03-23 16:34:30.476 DEBU [pymycobot.common] _write: FE FE 03 2B D3 10 
2026-03-23 16:34:30.483 DEBU [pymycobot.common] _read : FE FE 04 2B 01 CD A2
2026-03-23 16:34:30.506 DEBU [pymycobot.common] _write: FE FE 03 2B D3 10 
2026-03-23 16:34:30.512 DEBU [pymycobot.common] _read : FE FE 04 2B 01 CD A2
2026-03-23 16:34:30.536 DEBU [pymycobot.common] _write: FE FE 03 2B D3 10 
2026-03-23 16:34:30.543 DEBU [pymycobot.common] _read : FE FE 04 2B 01 CD A2
2026-03-23 16:34:30.566 DEBU [pymycobot.common] _write: FE FE 03 2B D3 10 
2026-03-23 16:34:30.573 DEBU [pymycobot.common] _read : FE FE 04 2B 01 CD A2
2026-03-23 16:34:30.596 DEBU [pymycobot.common] _write: FE FE 03 2B D3 10 
2026-03-23 16:34:30.603 DEBU [pymycobot.common] _read : FE FE 04 2B 01 CD A2
2026-03-23 16:34:30.626 DEBU [pymycobot.common] _write: FE FE 03 2B D3 10 
2026-03-23 16:34:30.633 DEBU [pymycobot.common] _read : FE FE 04 2B 01 CD A2
2026-03-23 16:34:30.657 DEBU [pymycobot.common] _write: FE FE 03 2B D3 10 
2026-03-23 16:34:30.664 DEBU [pymycobot.common] _read : FE FE 04 2B 01 CD A2
2026-03-23 16:34:30.687 DEBU [pymycobot.common] _write: FE FE 03 2B D3 10 
2026-03-23 16:34:30.693 DEBU [pymycobot.common] _read : FE FE 04 2B 01 CD A2
2026-03-23 16:34:30.717 DEBU [pymycobot.common] _write: FE FE 03 2B D3 10 
2026-03-23 16:34:30.724 DEBU [pymycobot.common] _read : FE FE 04 2B 01 CD A2
2026-03-23 16:34:30.747 DEBU [pymycobot.common] _write: FE FE 03 2B D3 10 
2026-03-23 16:34:30.753 DEBU [pymycobot.common] _read : FE FE 04 2B 01 CD A2
2026-03-23 16:34:30.777 DEBU [pymycobot.common] _write: FE FE 03 2B D3 10 
2026-03-23 16:34:30.784 DEBU [pymycobot.common] _read : FE FE 04 2B 01 CD A2
2026-03-23 16:34:30.807 DEBU [pymycobot.common] _write: FE FE 03 2B D3 10 
2026-03-23 16:34:30.814 DEBU [pymycobot.common] _read : FE FE 04 2B 01 CD A2
2026-03-23 16:34:30.841 DEBU [pymycobot.common] _write: FE FE 03 2B D3 10 
2026-03-23 16:34:30.849 DEBU [pymycobot.common] _read : FE FE 04 2B 01 CD A2
2026-03-23 16:34:30.867 DEBU [pymycobot.common] _write: FE FE 03 2B D3 10 
2026-03-23 16:34:30.874 DEBU [pymycobot.common] _read : FE FE 04 2B 01 CD A2
2026-03-23 16:34:30.897 DEBU [pymycobot.common] _write: FE FE 03 2B D3 10 
2026-03-23 16:34:30.904 DEBU [pymycobot.common] _read : FE FE 04 2B 01 CD A2
2026-03-23 16:34:30.927 DEBU [pymycobot.common] _write: FE FE 03 2B D3 10 
2026-03-23 16:34:30.934 DEBU [pymycobot.common] _read : FE FE 04 2B 01 CD A2
2026-03-23 16:34:30.957 DEBU [pymycobot.common] _write: FE FE 03 2B D3 10 
2026-03-23 16:34:30.965 DEBU [pymycobot.common] _read : FE FE 04 2B 01 CD A2
2026-03-23 16:34:30.987 DEBU [pymycobot.common] _write: FE FE 03 2B D3 10 
2026-03-23 16:34:30.993 DEBU [pymycobot.common] _read : FE FE 04 2B 01 CD A2
2026-03-23 16:34:31.017 DEBU [pymycobot.common] _write: FE FE 03 2B D3 10 
2026-03-23 16:34:31.024 DEBU [pymycobot.common] _read : FE FE 04 2B 01 CD A2
2026-03-23 16:34:31.047 DEBU [pymycobot.common] _write: FE FE 03 2B D3 10 
2026-03-23 16:34:31.054 DEBU [pymycobot.common] _read : FE FE 04 2B 01 CD A2
2026-03-23 16:34:31.078 DEBU [pymycobot.common] _write: FE FE 03 2B D3 10 
2026-03-23 16:34:31.084 DEBU [pymycobot.common] _read : FE FE 04 2B 01 CD A2
2026-03-23 16:34:31.109 DEBU [pymycobot.common] _write: FE FE 03 2B D3 10 
2026-03-23 16:34:31.116 DEBU [pymycobot.common] _read : FE FE 04 2B 01 CD A2
2026-03-23 16:34:31.139 DEBU [pymycobot.common] _write: FE FE 03 2B D3 10 
2026-03-23 16:34:31.147 DEBU [pymycobot.common] _read : FE FE 04 2B 01 CD A2
2026-03-23 16:34:31.169 DEBU [pymycobot.common] _write: FE FE 03 2B D3 10 
2026-03-23 16:34:31.176 DEBU [pymycobot.common] _read : FE FE 04 2B 01 CD A2
2026-03-23 16:34:31.199 DEBU [pymycobot.common] _write: FE FE 03 2B D3 10 
2026-03-23 16:34:31.205 DEBU [pymycobot.common] _read : FE FE 04 2B 01 CD A2
2026-03-23 16:34:31.230 DEBU [pymycobot.common] _write: FE FE 03 2B D3 10 
2026-03-23 16:34:31.237 DEBU [pymycobot.common] _read : FE FE 04 2B 01 CD A2
2026-03-23 16:34:31.260 DEBU [pymycobot.common] _write: FE FE 03 2B D3 10 
2026-03-23 16:34:31.266 DEBU [pymycobot.common] _read : FE FE 04 2B 01 CD A2
2026-03-23 16:34:31.291 DEBU [pymycobot.common] _write: FE FE 03 2B D3 10 
2026-03-23 16:34:31.298 DEBU [pymycobot.common] _read : FE FE 04 2B 01 CD A2
2026-03-23 16:34:31.321 DEBU [pymycobot.common] _write: FE FE 03 2B D3 10 
2026-03-23 16:34:31.328 DEBU [pymycobot.common] _read : FE FE 04 2B 01 CD A2
2026-03-23 16:34:31.351 DEBU [pymycobot.common] _write: FE FE 03 2B D3 10 
2026-03-23 16:34:31.358 DEBU [pymycobot.common] _read : FE FE 04 2B 01 CD A2
2026-03-23 16:34:31.381 DEBU [pymycobot.common] _write: FE FE 03 2B D3 10 
2026-03-23 16:34:31.389 DEBU [pymycobot.common] _read : FE FE 04 2B 01 CD A2
2026-03-23 16:34:31.411 DEBU [pymycobot.common] _write: FE FE 03 2B D3 10 
2026-03-23 16:34:31.419 DEBU [pymycobot.common] _read : FE FE 04 2B 01 CD A2
2026-03-23 16:34:31.442 DEBU [pymycobot.common] _write: FE FE 03 2B D3 10 
2026-03-23 16:34:31.449 DEBU [pymycobot.common] _read : FE FE 04 2B 01 CD A2
2026-03-23 16:34:31.473 DEBU [pymycobot.common] _write: FE FE 03 2B D3 10 
2026-03-23 16:34:31.480 DEBU [pymycobot.common] _read : FE FE 04 2B 01 CD A2
2026-03-23 16:34:31.503 DEBU [pymycobot.common] _write: FE FE 03 2B D3 10 
2026-03-23 16:34:31.510 DEBU [pymycobot.common] _read : FE FE 04 2B 01 CD A2
2026-03-23 16:34:31.533 DEBU [pymycobot.common] _write: FE FE 03 2B D3 10 
2026-03-23 16:34:31.540 DEBU [pymycobot.common] _read : FE FE 04 2B 01 CD A2
2026-03-23 16:34:31.563 DEBU [pymycobot.common] _write: FE FE 03 2B D3 10 
2026-03-23 16:34:31.570 DEBU [pymycobot.common] _read : FE FE 04 2B 01 CD A2
2026-03-23 16:34:31.593 DEBU [pymycobot.common] _write: FE FE 03 2B D3 10 
2026-03-23 16:34:31.599 DEBU [pymycobot.common] _read : FE FE 04 2B 01 CD A2
2026-03-23 16:34:31.623 DEBU [pymycobot.common] _write: FE FE 03 2B D3 10 
2026-03-23 16:34:31.629 DEBU [pymycobot.common] _read : FE FE 04 2B 01 CD A2
2026-03-23 16:34:31.653 DEBU [pymycobot.common] _write: FE FE 03 2B D3 10 
2026-03-23 16:34:31.661 DEBU [pymycobot.common] _read : FE FE 04 2B 01 CD A2
2026-03-23 16:34:31.684 DEBU [pymycobot.common] _write: FE FE 03 2B D3 10 
2026-03-23 16:34:31.690 DEBU [pymycobot.common] _read : FE FE 04 2B 01 CD A2
2026-03-23 16:34:31.714 DEBU [pymycobot.common] _write: FE FE 03 2B D3 10 
2026-03-23 16:34:31.722 DEBU [pymycobot.common] _read : FE FE 04 2B 01 CD A2
2026-03-23 16:34:31.745 DEBU [pymycobot.common] _write: FE FE 03 2B D3 10 
2026-03-23 16:34:31.751 DEBU [pymycobot.common] _read : FE FE 04 2B 01 CD A2
2026-03-23 16:34:31.775 DEBU [pymycobot.common] _write: FE FE 03 2B D3 10 
2026-03-23 16:34:31.782 DEBU [pymycobot.common] _read : FE FE 04 2B 01 CD A2
2026-03-23 16:34:31.805 DEBU [pymycobot.common] _write: FE FE 03 2B D3 10 
2026-03-23 16:34:31.813 DEBU [pymycobot.common] _read : FE FE 04 2B 01 CD A2
2026-03-23 16:34:31.835 DEBU [pymycobot.common] _write: FE FE 03 2B D3 10 
2026-03-23 16:34:31.842 DEBU [pymycobot.common] _read : FE FE 04 2B 01 CD A2
2026-03-23 16:34:31.865 DEBU [pymycobot.common] _write: FE FE 03 2B D3 10 
2026-03-23 16:34:31.872 DEBU [pymycobot.common] _read : FE FE 04 2B 01 CD A2
2026-03-23 16:34:31.895 DEBU [pymycobot.common] _write: FE FE 03 2B D3 10 
2026-03-23 16:34:31.901 DEBU [pymycobot.common] _read : FE FE 04 2B 01 CD A2
2026-03-23 16:34:31.925 DEBU [pymycobot.common] _write: FE FE 03 2B D3 10 
2026-03-23 16:34:31.932 DEBU [pymycobot.common] _read : FE FE 04 2B 01 CD A2
2026-03-23 16:34:31.955 DEBU [pymycobot.common] _write: FE FE 03 2B D3 10 
2026-03-23 16:34:31.962 DEBU [pymycobot.common] _read : FE FE 04 2B 01 CD A2
2026-03-23 16:34:31.985 DEBU [pymycobot.common] _write: FE FE 03 2B D3 10 
2026-03-23 16:34:31.991 DEBU [pymycobot.common] _read : FE FE 04 2B 01 CD A2
2026-03-23 16:34:32.015 DEBU [pymycobot.common] _write: FE FE 03 2B D3 10 
2026-03-23 16:34:32.023 DEBU [pymycobot.common] _read : FE FE 04 2B 01 CD A2
2026-03-23 16:34:32.046 DEBU [pymycobot.common] _write: FE FE 03 2B D3 10 
2026-03-23 16:34:32.053 DEBU [pymycobot.common] _read : FE FE 04 2B 01 CD A2
2026-03-23 16:34:32.076 DEBU [pymycobot.common] _write: FE FE 03 2B D3 10 
2026-03-23 16:34:32.084 DEBU [pymycobot.common] _read : FE FE 04 2B 01 CD A2
2026-03-23 16:34:32.107 DEBU [pymycobot.common] _write: FE FE 03 2B D3 10 
2026-03-23 16:34:32.115 DEBU [pymycobot.common] _read : FE FE 04 2B 01 CD A2
2026-03-23 16:34:32.138 DEBU [pymycobot.common] _write: FE FE 03 2B D3 10 
2026-03-23 16:34:32.145 DEBU [pymycobot.common] _read : FE FE 04 2B 01 CD A2
2026-03-23 16:34:32.168 DEBU [pymycobot.common] _write: FE FE 03 2B D3 10 
2026-03-23 16:34:32.174 DEBU [pymycobot.common] _read : FE FE 04 2B 01 CD A2
2026-03-23 16:34:32.198 DEBU [pymycobot.common] _write: FE FE 03 2B D3 10 
2026-03-23 16:34:32.205 DEBU [pymycobot.common] _read : FE FE 04 2B 01 CD A2
2026-03-23 16:34:32.228 DEBU [pymycobot.common] _write: FE FE 03 2B D3 10 
2026-03-23 16:34:32.235 DEBU [pymycobot.common] _read : FE FE 04 2B 01 CD A2
2026-03-23 16:34:32.258 DEBU [pymycobot.common] _write: FE FE 03 2B D3 10 
2026-03-23 16:34:32.266 DEBU [pymycobot.common] _read : FE FE 04 2B 01 CD A2
2026-03-23 16:34:32.288 DEBU [pymycobot.common] _write: FE FE 03 2B D3 10 
2026-03-23 16:34:32.295 DEBU [pymycobot.common] _read : FE FE 04 2B 01 CD A2
2026-03-23 16:34:32.318 DEBU [pymycobot.common] _write: FE FE 03 2B D3 10 
2026-03-23 16:34:32.327 DEBU [pymycobot.common] _read : FE FE 04 2B 01 CD A2
2026-03-23 16:34:32.349 DEBU [pymycobot.common] _write: FE FE 03 2B D3 10 
2026-03-23 16:34:32.354 DEBU [pymycobot.common] _read : FE FE 04 2B 01 CD A2
2026-03-23 16:34:32.379 DEBU [pymycobot.common] _write: FE FE 03 2B D3 10 
2026-03-23 16:34:32.384 DEBU [pymycobot.common] _read : FE FE 04 2B 01 CD A2
2026-03-23 16:34:32.409 DEBU [pymycobot.common] _write: FE FE 03 2B D3 10 
2026-03-23 16:34:32.416 DEBU [pymycobot.common] _read : FE FE 04 2B 01 CD A2
2026-03-23 16:34:32.439 DEBU [pymycobot.common] _write: FE FE 03 2B D3 10 
2026-03-23 16:34:32.444 DEBU [pymycobot.common] _read : FE FE 04 2B 01 CD A2
2026-03-23 16:34:32.469 DEBU [pymycobot.common] _write: FE FE 03 2B D3 10 
2026-03-23 16:34:32.474 DEBU [pymycobot.common] _read : FE FE 04 2B 01 CD A2
2026-03-23 16:34:32.499 DEBU [pymycobot.common] _write: FE FE 03 2B D3 10 
2026-03-23 16:34:32.505 DEBU [pymycobot.common] _read : FE FE 04 2B 01 CD A2
2026-03-23 16:34:32.529 DEBU [pymycobot.common] _write: FE FE 03 2B D3 10 
2026-03-23 16:34:32.534 DEBU [pymycobot.common] _read : FE FE 04 2B 01 CD A2
2026-03-23 16:34:32.559 DEBU [pymycobot.common] _write: FE FE 03 2B D3 10 
2026-03-23 16:34:32.565 DEBU [pymycobot.common] _read : FE FE 04 2B 01 CD A2
2026-03-23 16:34:32.589 DEBU [pymycobot.common] _write: FE FE 03 2B D3 10 
2026-03-23 16:34:32.594 DEBU [pymycobot.common] _read : FE FE 04 2B 01 CD A2
2026-03-23 16:34:32.619 DEBU [pymycobot.common] _write: FE FE 03 2B D3 10 
2026-03-23 16:34:32.626 DEBU [pymycobot.common] _read : FE FE 04 2B 01 CD A2
2026-03-23 16:34:32.649 DEBU [pymycobot.common] _write: FE FE 03 2B D3 10 
2026-03-23 16:34:32.655 DEBU [pymycobot.common] _read : FE FE 04 2B 01 CD A2
2026-03-23 16:34:32.680 DEBU [pymycobot.common] _write: FE FE 03 2B D3 10 
2026-03-23 16:34:32.686 DEBU [pymycobot.common] _read : FE FE 04 2B 01 CD A2
2026-03-23 16:34:32.710 DEBU [pymycobot.common] _write: FE FE 03 2B D3 10 
2026-03-23 16:34:32.716 DEBU [pymycobot.common] _read : FE FE 04 2B 01 CD A2
2026-03-23 16:34:32.740 DEBU [pymycobot.common] _write: FE FE 03 2B D3 10 
2026-03-23 16:34:32.746 DEBU [pymycobot.common] _read : FE FE 04 2B 01 CD A2
2026-03-23 16:34:32.770 DEBU [pymycobot.common] _write: FE FE 03 2B D3 10 
2026-03-23 16:34:32.777 DEBU [pymycobot.common] _read : FE FE 04 2B 01 CD A2
2026-03-23 16:34:32.801 DEBU [pymycobot.common] _write: FE FE 03 2B D3 10 
2026-03-23 16:34:32.808 DEBU [pymycobot.common] _read : FE FE 04 2B 01 CD A2
2026-03-23 16:34:32.831 DEBU [pymycobot.common] _write: FE FE 03 2B D3 10 
2026-03-23 16:34:32.838 DEBU [pymycobot.common] _read : FE FE 04 2B 01 CD A2
2026-03-23 16:34:32.862 DEBU [pymycobot.common] _write: FE FE 03 2B D3 10 
2026-03-23 16:34:32.867 DEBU [pymycobot.common] _read : FE FE 04 2B 01 CD A2
2026-03-23 16:34:32.892 DEBU [pymycobot.common] _write: FE FE 03 2B D3 10 
2026-03-23 16:34:32.897 DEBU [pymycobot.common] _read : FE FE 04 2B 01 CD A2
2026-03-23 16:34:32.922 DEBU [pymycobot.common] _write: FE FE 03 2B D3 10 
2026-03-23 16:34:32.928 DEBU [pymycobot.common] _read : FE FE 04 2B 01 CD A2
2026-03-23 16:34:32.953 DEBU [pymycobot.common] _write: FE FE 03 2B D3 10 
2026-03-23 16:34:32.958 DEBU [pymycobot.common] _read : FE FE 04 2B 01 CD A2
2026-03-23 16:34:32.983 DEBU [pymycobot.common] _write: FE FE 03 2B D3 10 
2026-03-23 16:34:32.989 DEBU [pymycobot.common] _read : FE FE 04 2B 01 CD A2
2026-03-23 16:34:33.013 DEBU [pymycobot.common] _write: FE FE 03 2B D3 10 
2026-03-23 16:34:33.018 DEBU [pymycobot.common] _read : FE FE 04 2B 01 CD A2
2026-03-23 16:34:33.044 DEBU [pymycobot.common] _write: FE FE 03 2B D3 10 
2026-03-23 16:34:33.049 DEBU [pymycobot.common] _read : FE FE 04 2B 01 CD A2
2026-03-23 16:34:33.074 DEBU [pymycobot.common] _write: FE FE 03 2B D3 10 
2026-03-23 16:34:33.080 DEBU [pymycobot.common] _read : FE FE 04 2B 01 CD A2
2026-03-23 16:34:33.105 DEBU [pymycobot.common] _write: FE FE 03 2B D3 10 
2026-03-23 16:34:33.111 DEBU [pymycobot.common] _read : FE FE 04 2B 01 CD A2
2026-03-23 16:34:33.135 DEBU [pymycobot.common] _write: FE FE 03 2B D3 10 
2026-03-23 16:34:33.142 DEBU [pymycobot.common] _read : FE FE 04 2B 01 CD A2
2026-03-23 16:34:33.165 DEBU [pymycobot.common] _write: FE FE 03 2B D3 10 
2026-03-23 16:34:33.170 DEBU [pymycobot.common] _read : FE FE 04 2B 01 CD A2
2026-03-23 16:34:33.195 DEBU [pymycobot.common] _write: FE FE 03 2B D3 10 
2026-03-23 16:34:33.201 DEBU [pymycobot.common] _read : FE FE 04 2B 01 CD A2
2026-03-23 16:34:33.225 DEBU [pymycobot.common] _write: FE FE 03 2B D3 10 
2026-03-23 16:34:33.230 DEBU [pymycobot.common] _read : FE FE 04 2B 01 CD A2
2026-03-23 16:34:33.255 DEBU [pymycobot.common] _write: FE FE 03 2B D3 10 
2026-03-23 16:34:33.261 DEBU [pymycobot.common] _read : FE FE 04 2B 01 CD A2
2026-03-23 16:34:33.285 DEBU [pymycobot.common] _write: FE FE 03 2B D3 10 
2026-03-23 16:34:33.292 DEBU [pymycobot.common] _read : FE FE 04 2B 01 CD A2
2026-03-23 16:34:33.315 DEBU [pymycobot.common] _write: FE FE 03 2B D3 10 
2026-03-23 16:34:33.320 DEBU [pymycobot.common] _read : FE FE 04 2B 01 CD A2
2026-03-23 16:34:33.345 DEBU [pymycobot.common] _write: FE FE 03 2B D3 10 
2026-03-23 16:34:33.351 DEBU [pymycobot.common] _read : FE FE 04 2B 01 CD A2
2026-03-23 16:34:33.375 DEBU [pymycobot.common] _write: FE FE 03 2B D3 10 
2026-03-23 16:34:33.380 DEBU [pymycobot.common] _read : FE FE 04 2B 01 CD A2
2026-03-23 16:34:33.405 DEBU [pymycobot.common] _write: FE FE 03 2B D3 10 
2026-03-23 16:34:33.410 DEBU [pymycobot.common] _read : FE FE 04 2B 01 CD A2
2026-03-23 16:34:33.435 DEBU [pymycobot.common] _write: FE FE 03 2B D3 10 
2026-03-23 16:34:33.441 DEBU [pymycobot.common] _read : FE FE 04 2B 01 CD A2
2026-03-23 16:34:33.466 DEBU [pymycobot.common] _write: FE FE 03 2B D3 10 
2026-03-23 16:34:33.472 DEBU [pymycobot.common] _read : FE FE 04 2B 01 CD A2
2026-03-23 16:34:33.496 DEBU [pymycobot.common] _write: FE FE 03 2B D3 10 
2026-03-23 16:34:33.502 DEBU [pymycobot.common] _read : FE FE 04 2B 01 CD A2
2026-03-23 16:34:33.526 DEBU [pymycobot.common] _write: FE FE 03 2B D3 10 
2026-03-23 16:34:33.531 DEBU [pymycobot.common] _read : FE FE 04 2B 01 CD A2
2026-03-23 16:34:33.556 DEBU [pymycobot.common] _write: FE FE 03 2B D3 10 
2026-03-23 16:34:33.563 DEBU [pymycobot.common] _read : FE FE 04 2B 01 CD A2
2026-03-23 16:34:33.586 DEBU [pymycobot.common] _write: FE FE 03 2B D3 10 
2026-03-23 16:34:33.593 DEBU [pymycobot.common] _read : FE FE 04 2B 01 CD A2
2026-03-23 16:34:33.616 DEBU [pymycobot.common] _write: FE FE 03 2B D3 10 
2026-03-23 16:34:33.622 DEBU [pymycobot.common] _read : FE FE 04 2B 01 CD A2
2026-03-23 16:34:33.646 DEBU [pymycobot.common] _write: FE FE 03 2B D3 10 
2026-03-23 16:34:33.651 DEBU [pymycobot.common] _read : FE FE 04 2B 01 CD A2
2026-03-23 16:34:33.676 DEBU [pymycobot.common] _write: FE FE 03 2B D3 10 
2026-03-23 16:34:33.682 DEBU [pymycobot.common] _read : FE FE 04 2B 01 CD A2
2026-03-23 16:34:33.707 DEBU [pymycobot.common] _write: FE FE 03 2B D3 10 
2026-03-23 16:34:33.713 DEBU [pymycobot.common] _read : FE FE 04 2B 01 CD A2
2026-03-23 16:34:33.738 DEBU [pymycobot.common] _write: FE FE 03 2B D3 10 
2026-03-23 16:34:33.743 DEBU [pymycobot.common] _read : FE FE 04 2B 01 CD A2
2026-03-23 16:34:33.768 DEBU [pymycobot.common] _write: FE FE 03 2B D3 10 
2026-03-23 16:34:33.773 DEBU [pymycobot.common] _read : FE FE 04 2B 01 CD A2
2026-03-23 16:34:33.798 DEBU [pymycobot.common] _write: FE FE 03 2B D3 10 
2026-03-23 16:34:33.804 DEBU [pymycobot.common] _read : FE FE 04 2B 01 CD A2
2026-03-23 16:34:33.828 DEBU [pymycobot.common] _write: FE FE 03 2B D3 10 
2026-03-23 16:34:33.835 DEBU [pymycobot.common] _read : FE FE 04 2B 01 CD A2
2026-03-23 16:34:33.858 DEBU [pymycobot.common] _write: FE FE 03 2B D3 10 
2026-03-23 16:34:33.864 DEBU [pymycobot.common] _read : FE FE 04 2B 01 CD A2
2026-03-23 16:34:33.888 DEBU [pymycobot.common] _write: FE FE 03 2B D3 10 
2026-03-23 16:34:33.895 DEBU [pymycobot.common] _read : FE FE 04 2B 01 CD A2
2026-03-23 16:34:33.918 DEBU [pymycobot.common] _write: FE FE 03 2B D3 10 
2026-03-23 16:34:33.923 DEBU [pymycobot.common] _read : FE FE 04 2B 01 CD A2
2026-03-23 16:34:33.948 DEBU [pymycobot.common] _write: FE FE 03 2B D3 10 
2026-03-23 16:34:33.955 DEBU [pymycobot.common] _read : FE FE 04 2B 01 CD A2
2026-03-23 16:34:33.978 DEBU [pymycobot.common] _write: FE FE 03 2B D3 10 
2026-03-23 16:34:33.983 DEBU [pymycobot.common] _read : FE FE 04 2B 01 CD A2
2026-03-23 16:34:34.008 DEBU [pymycobot.common] _write: FE FE 03 2B D3 10 
2026-03-23 16:34:34.013 DEBU [pymycobot.common] _read : FE FE 04 2B 01 CD A2
2026-03-23 16:34:34.038 DEBU [pymycobot.common] _write: FE FE 03 2B D3 10 
2026-03-23 16:34:34.044 DEBU [pymycobot.common] _read : FE FE 04 2B 01 CD A2
2026-03-23 16:34:34.068 DEBU [pymycobot.common] _write: FE FE 03 2B D3 10 
2026-03-23 16:34:34.074 DEBU [pymycobot.common] _read : FE FE 04 2B 01 CD A2
2026-03-23 16:34:34.099 DEBU [pymycobot.common] _write: FE FE 03 2B D3 10 
2026-03-23 16:34:34.105 DEBU [pymycobot.common] _read : FE FE 04 2B 01 CD A2
2026-03-23 16:34:34.130 DEBU [pymycobot.common] _write: FE FE 03 2B D3 10 
2026-03-23 16:34:34.137 DEBU [pymycobot.common] _read : FE FE 04 2B 01 CD A2
2026-03-23 16:34:34.160 DEBU [pymycobot.common] _write: FE FE 03 2B D3 10 
2026-03-23 16:34:34.165 DEBU [pymycobot.common] _read : FE FE 04 2B 01 CD A2
2026-03-23 16:34:34.190 DEBU [pymycobot.common] _write: FE FE 03 2B D3 10 
2026-03-23 16:34:34.197 DEBU [pymycobot.common] _read : FE FE 04 2B 01 CD A2
2026-03-23 16:34:34.220 DEBU [pymycobot.common] _write: FE FE 03 2B D3 10 
2026-03-23 16:34:34.225 DEBU [pymycobot.common] _read : FE FE 04 2B 01 CD A2
2026-03-23 16:34:34.250 DEBU [pymycobot.common] _write: FE FE 03 2B D3 10 
2026-03-23 16:34:34.257 DEBU [pymycobot.common] _read : FE FE 04 2B 01 CD A2
2026-03-23 16:34:34.280 DEBU [pymycobot.common] _write: FE FE 03 2B D3 10 
2026-03-23 16:34:34.286 DEBU [pymycobot.common] _read : FE FE 04 2B 01 CD A2
2026-03-23 16:34:34.310 DEBU [pymycobot.common] _write: FE FE 03 2B D3 10 
2026-03-23 16:34:34.316 DEBU [pymycobot.common] _read : FE FE 04 2B 01 CD A2
2026-03-23 16:34:34.340 DEBU [pymycobot.common] _write: FE FE 03 2B D3 10 
2026-03-23 16:34:34.346 DEBU [pymycobot.common] _read : FE FE 04 2B 01 CD A2
2026-03-23 16:34:34.371 DEBU [pymycobot.common] _write: FE FE 03 2B D3 10 
2026-03-23 16:34:34.378 DEBU [pymycobot.common] _read : FE FE 04 2B 01 CD A2
2026-03-23 16:34:34.401 DEBU [pymycobot.common] _write: FE FE 03 2B D3 10 
2026-03-23 16:34:34.406 DEBU [pymycobot.common] _read : FE FE 04 2B 01 CD A2
2026-03-23 16:34:34.431 DEBU [pymycobot.common] _write: FE FE 03 2B D3 10 
2026-03-23 16:34:34.436 DEBU [pymycobot.common] _read : FE FE 04 2B 01 CD A2
2026-03-23 16:34:34.463 DEBU [pymycobot.common] _write: FE FE 03 2B D3 10 
2026-03-23 16:34:34.472 DEBU [pymycobot.common] _read : FE FE 04 2B 01 CD A2
2026-03-23 16:34:34.492 DEBU [pymycobot.common] _write: FE FE 03 2B D3 10 
2026-03-23 16:34:34.498 DEBU [pymycobot.common] _read : FE FE 04 2B 01 CD A2
2026-03-23 16:34:34.523 DEBU [pymycobot.common] _write: FE FE 03 2B D3 10 
2026-03-23 16:34:34.530 DEBU [pymycobot.common] _read : FE FE 04 2B 01 CD A2
2026-03-23 16:34:34.553 DEBU [pymycobot.common] _write: FE FE 03 2B D3 10 
2026-03-23 16:34:34.560 DEBU [pymycobot.common] _read : FE FE 04 2B 01 CD A2
2026-03-23 16:34:34.584 DEBU [pymycobot.common] _write: FE FE 03 2B D3 10 
2026-03-23 16:34:34.593 DEBU [pymycobot.common] _read : FE FE 04 2B 01 CD A2
2026-03-23 16:34:34.614 DEBU [pymycobot.common] _write: FE FE 03 2B D3 10 
2026-03-23 16:34:34.621 DEBU [pymycobot.common] _read : FE FE 04 2B 01 CD A2
2026-03-23 16:34:34.644 DEBU [pymycobot.common] _write: FE FE 03 2B D3 10 
2026-03-23 16:34:34.651 DEBU [pymycobot.common] _read : FE FE 04 2B 01 CD A2
2026-03-23 16:34:34.674 DEBU [pymycobot.common] _write: FE FE 03 2B D3 10 
2026-03-23 16:34:34.682 DEBU [pymycobot.common] _read : FE FE 04 2B 01 CD A2
2026-03-23 16:34:34.705 DEBU [pymycobot.common] _write: FE FE 03 2B D3 10 
2026-03-23 16:34:34.710 DEBU [pymycobot.common] _read : FE FE 04 2B 01 CD A2
2026-03-23 16:34:34.735 DEBU [pymycobot.common] _write: FE FE 03 2B D3 10 
2026-03-23 16:34:34.741 DEBU [pymycobot.common] _read : FE FE 04 2B 01 CD A2
2026-03-23 16:34:34.765 DEBU [pymycobot.common] _write: FE FE 03 2B D3 10 
2026-03-23 16:34:34.770 DEBU [pymycobot.common] _read : FE FE 04 2B 01 CD A2
2026-03-23 16:34:34.795 DEBU [pymycobot.common] _write: FE FE 03 2B D3 10 
2026-03-23 16:34:34.801 DEBU [pymycobot.common] _read : FE FE 04 2B 01 CD A2
2026-03-23 16:34:34.825 DEBU [pymycobot.common] _write: FE FE 03 2B D3 10 
2026-03-23 16:34:34.831 DEBU [pymycobot.common] _read : FE FE 04 2B 01 CD A2
2026-03-23 16:34:34.855 DEBU [pymycobot.common] _write: FE FE 03 2B D3 10 
2026-03-23 16:34:34.861 DEBU [pymycobot.common] _read : FE FE 04 2B 01 CD A2
2026-03-23 16:34:34.885 DEBU [pymycobot.common] _write: FE FE 03 2B D3 10 
2026-03-23 16:34:34.890 DEBU [pymycobot.common] _read : FE FE 04 2B 01 CD A2
2026-03-23 16:34:34.915 DEBU [pymycobot.common] _write: FE FE 03 2B D3 10 
2026-03-23 16:34:34.922 DEBU [pymycobot.common] _read : FE FE 04 2B 01 CD A2
2026-03-23 16:34:34.945 DEBU [pymycobot.common] _write: FE FE 03 2B D3 10 
2026-03-23 16:34:34.951 DEBU [pymycobot.common] _read : FE FE 04 2B 01 CD A2
2026-03-23 16:34:34.975 DEBU [pymycobot.common] _write: FE FE 03 2B D3 10 
2026-03-23 16:34:34.982 DEBU [pymycobot.common] _read : FE FE 04 2B 01 CD A2
2026-03-23 16:34:35.006 DEBU [pymycobot.common] _write: FE FE 03 2B D3 10 
2026-03-23 16:34:35.012 DEBU [pymycobot.common] _read : FE FE 04 2B 01 CD A2
2026-03-23 16:34:35.036 DEBU [pymycobot.common] _write: FE FE 03 2B D3 10 
2026-03-23 16:34:35.042 DEBU [pymycobot.common] _read : FE FE 04 2B 01 CD A2
2026-03-23 16:34:35.066 DEBU [pymycobot.common] _write: FE FE 03 2B D3 10 
2026-03-23 16:34:35.072 DEBU [pymycobot.common] _read : FE FE 04 2B 01 CD A2
2026-03-23 16:34:35.096 DEBU [pymycobot.common] _write: FE FE 03 2B D3 10 
2026-03-23 16:34:35.101 DEBU [pymycobot.common] _read : FE FE 04 2B 01 CD A2
2026-03-23 16:34:35.127 DEBU [pymycobot.common] _write: FE FE 03 2B D3 10 
2026-03-23 16:34:35.134 DEBU [pymycobot.common] _read : FE FE 04 2B 01 CD A2
2026-03-23 16:34:35.157 DEBU [pymycobot.common] _write: FE FE 03 2B D3 10 
2026-03-23 16:34:35.163 DEBU [pymycobot.common] _read : FE FE 04 2B 01 CD A2
2026-03-23 16:34:35.188 DEBU [pymycobot.common] _write: FE FE 03 2B D3 10 
2026-03-23 16:34:35.193 DEBU [pymycobot.common] _read : FE FE 04 2B 01 CD A2
2026-03-23 16:34:35.217 DEBU [pymycobot.common] _write: FE FE 03 2B D3 10 
2026-03-23 16:34:35.223 DEBU [pymycobot.common] _read : FE FE 04 2B 01 CD A2
2026-03-23 16:34:35.247 DEBU [pymycobot.common] _write: FE FE 03 2B D3 10 
2026-03-23 16:34:35.253 DEBU [pymycobot.common] _read : FE FE 04 2B 01 CD A2
2026-03-23 16:34:35.277 DEBU [pymycobot.common] _write: FE FE 03 2B D3 10 
2026-03-23 16:34:35.282 DEBU [pymycobot.common] _read : FE FE 04 2B 01 CD A2
2026-03-23 16:34:35.307 DEBU [pymycobot.common] _write: FE FE 03 2B D3 10 
2026-03-23 16:34:35.313 DEBU [pymycobot.common] _read : FE FE 04 2B 01 CD A2
2026-03-23 16:34:35.337 DEBU [pymycobot.common] _write: FE FE 03 2B D3 10 
2026-03-23 16:34:35.343 DEBU [pymycobot.common] _read : FE FE 04 2B 01 CD A2
2026-03-23 16:34:35.368 DEBU [pymycobot.common] _write: FE FE 03 2B D3 10 
2026-03-23 16:34:35.374 DEBU [pymycobot.common] _read : FE FE 04 2B 01 CD A2
2026-03-23 16:34:35.398 DEBU [pymycobot.common] _write: FE FE 03 2B D3 10 
2026-03-23 16:34:35.405 DEBU [pymycobot.common] _read : FE FE 04 2B 01 CD A2
2026-03-23 16:34:35.428 DEBU [pymycobot.common] _write: FE FE 03 2B D3 10 
2026-03-23 16:34:35.434 DEBU [pymycobot.common] _read : FE FE 04 2B 01 CD A2
2026-03-23 16:34:35.458 DEBU [pymycobot.common] _write: FE FE 03 2B D3 10 
2026-03-23 16:34:35.465 DEBU [pymycobot.common] _read : FE FE 04 2B 01 CD A2
2026-03-23 16:34:35.488 DEBU [pymycobot.common] _write: FE FE 03 2B D3 10 
2026-03-23 16:34:35.494 DEBU [pymycobot.common] _read : FE FE 04 2B 01 CD A2
2026-03-23 16:34:35.518 DEBU [pymycobot.common] _write: FE FE 03 2B D3 10 
2026-03-23 16:34:35.524 DEBU [pymycobot.common] _read : FE FE 04 2B 01 CD A2
2026-03-23 16:34:35.548 DEBU [pymycobot.common] _write: FE FE 03 2B D3 10 
2026-03-23 16:34:35.554 DEBU [pymycobot.common] _read : FE FE 04 2B 01 CD A2
2026-03-23 16:34:35.578 DEBU [pymycobot.common] _write: FE FE 03 2B D3 10 
2026-03-23 16:34:35.586 DEBU [pymycobot.common] _read : FE FE 04 2B 01 CD A2
2026-03-23 16:34:35.609 DEBU [pymycobot.common] _write: FE FE 03 2B D3 10 
2026-03-23 16:34:35.615 DEBU [pymycobot.common] _read : FE FE 04 2B 01 CD A2
2026-03-23 16:34:35.639 DEBU [pymycobot.common] _write: FE FE 03 2B D3 10 
2026-03-23 16:34:35.645 DEBU [pymycobot.common] _read : FE FE 04 2B 01 CD A2
2026-03-23 16:34:35.669 DEBU [pymycobot.common] _write: FE FE 03 2B D3 10 
2026-03-23 16:34:35.674 DEBU [pymycobot.common] _read : FE FE 04 2B 01 CD A2
2026-03-23 16:34:35.699 DEBU [pymycobot.common] _write: FE FE 03 2B D3 10 
2026-03-23 16:34:35.705 DEBU [pymycobot.common] _read : FE FE 04 2B 01 CD A2
2026-03-23 16:34:35.730 DEBU [pymycobot.common] _write: FE FE 03 2B D3 10 
2026-03-23 16:34:35.735 DEBU [pymycobot.common] _read : FE FE 04 2B 01 CD A2
2026-03-23 16:34:35.760 DEBU [pymycobot.common] _write: FE FE 03 2B D3 10 
2026-03-23 16:34:35.765 DEBU [pymycobot.common] _read : FE FE 04 2B 01 CD A2
2026-03-23 16:34:35.790 DEBU [pymycobot.common] _write: FE FE 03 2B D3 10 
2026-03-23 16:34:35.795 DEBU [pymycobot.common] _read : FE FE 04 2B 01 CD A2
2026-03-23 16:34:35.820 DEBU [pymycobot.common] _write: FE FE 03 2B D3 10 
2026-03-23 16:34:35.825 DEBU [pymycobot.common] _read : FE FE 04 2B 01 CD A2
2026-03-23 16:34:35.850 DEBU [pymycobot.common] _write: FE FE 03 2B D3 10 
2026-03-23 16:34:35.857 DEBU [pymycobot.common] _read : FE FE 04 2B 01 CD A2
2026-03-23 16:34:35.880 DEBU [pymycobot.common] _write: FE FE 03 2B D3 10 
2026-03-23 16:34:35.886 DEBU [pymycobot.common] _read : FE FE 04 2B 01 CD A2
2026-03-23 16:34:35.910 DEBU [pymycobot.common] _write: FE FE 03 2B D3 10 
2026-03-23 16:34:35.917 DEBU [pymycobot.common] _read : FE FE 04 2B 01 CD A2
2026-03-23 16:34:35.940 DEBU [pymycobot.common] _write: FE FE 03 2B D3 10 
2026-03-23 16:34:35.946 DEBU [pymycobot.common] _read : FE FE 04 2B 01 CD A2
2026-03-23 16:34:35.970 DEBU [pymycobot.common] _write: FE FE 03 2B D3 10 
2026-03-23 16:34:35.977 DEBU [pymycobot.common] _read : FE FE 04 2B 01 CD A2
2026-03-23 16:34:36.000 DEBU [pymycobot.common] _write: FE FE 03 2B D3 10 
2026-03-23 16:34:36.007 DEBU [pymycobot.common] _read : FE FE 04 2B 01 CD A2
2026-03-23 16:34:36.030 DEBU [pymycobot.common] _write: FE FE 03 2B D3 10 
2026-03-23 16:34:36.037 DEBU [pymycobot.common] _read : FE FE 04 2B 01 CD A2
2026-03-23 16:34:36.060 DEBU [pymycobot.common] _write: FE FE 03 2B D3 10 
2026-03-23 16:34:36.067 DEBU [pymycobot.common] _read : FE FE 04 2B 01 CD A2
2026-03-23 16:34:36.091 DEBU [pymycobot.common] _write: FE FE 03 2B D3 10 
2026-03-23 16:34:36.098 DEBU [pymycobot.common] _read : FE FE 04 2B 01 CD A2
2026-03-23 16:34:36.121 DEBU [pymycobot.common] _write: FE FE 03 2B D3 10 
2026-03-23 16:34:36.130 DEBU [pymycobot.common] _read : FE FE 04 2B 01 CD A2
2026-03-23 16:34:36.152 DEBU [pymycobot.common] _write: FE FE 03 2B D3 10 
2026-03-23 16:34:36.159 DEBU [pymycobot.common] _read : FE FE 04 2B 01 CD A2
2026-03-23 16:34:36.183 DEBU [pymycobot.common] _write: FE FE 03 2B D3 10 
2026-03-23 16:34:36.189 DEBU [pymycobot.common] _read : FE FE 04 2B 01 CD A2
2026-03-23 16:34:36.213 DEBU [pymycobot.common] _write: FE FE 03 2B D3 10 
2026-03-23 16:34:36.220 DEBU [pymycobot.common] _read : FE FE 04 2B 01 CD A2
2026-03-23 16:34:36.243 DEBU [pymycobot.common] _write: FE FE 03 2B D3 10 
2026-03-23 16:34:36.250 DEBU [pymycobot.common] _read : FE FE 04 2B 01 CD A2
2026-03-23 16:34:36.273 DEBU [pymycobot.common] _write: FE FE 03 2B D3 10 
2026-03-23 16:34:36.281 DEBU [pymycobot.common] _read : FE FE 04 2B 01 CD A2
2026-03-23 16:34:36.303 DEBU [pymycobot.common] _write: FE FE 03 2B D3 10 
2026-03-23 16:34:36.309 DEBU [pymycobot.common] _read : FE FE 04 2B 01 CD A2
2026-03-23 16:34:36.333 DEBU [pymycobot.common] _write: FE FE 03 2B D3 10 
2026-03-23 16:34:36.340 DEBU [pymycobot.common] _read : FE FE 04 2B 01 CD A2
2026-03-23 16:34:36.363 DEBU [pymycobot.common] _write: FE FE 03 2B D3 10 
2026-03-23 16:34:36.371 DEBU [pymycobot.common] _read : FE FE 04 2B 01 CD A2
2026-03-23 16:34:36.393 DEBU [pymycobot.common] _write: FE FE 03 2B D3 10 
2026-03-23 16:34:36.399 DEBU [pymycobot.common] _read : FE FE 04 2B 01 CD A2
2026-03-23 16:34:36.423 DEBU [pymycobot.common] _write: FE FE 03 2B D3 10 
2026-03-23 16:34:36.429 DEBU [pymycobot.common] _read : FE FE 04 2B 01 CD A2
2026-03-23 16:34:36.453 DEBU [pymycobot.common] _write: FE FE 03 2B D3 10 
2026-03-23 16:34:36.460 DEBU [pymycobot.common] _read : FE FE 04 2B 01 CD A2
2026-03-23 16:34:36.483 DEBU [pymycobot.common] _write: FE FE 03 2B D3 10 
2026-03-23 16:34:36.490 DEBU [pymycobot.common] _read : FE FE 04 2B 01 CD A2
2026-03-23 16:34:36.513 DEBU [pymycobot.common] _write: FE FE 03 2B D3 10 
2026-03-23 16:34:36.521 DEBU [pymycobot.common] _read : FE FE 04 2B 01 CD A2
2026-03-23 16:34:36.543 DEBU [pymycobot.common] _write: FE FE 03 2B D3 10 
2026-03-23 16:34:36.550 DEBU [pymycobot.common] _read : FE FE 04 2B 01 CD A2
2026-03-23 16:34:36.573 DEBU [pymycobot.common] _write: FE FE 03 2B D3 10 
2026-03-23 16:34:36.580 DEBU [pymycobot.common] _read : FE FE 04 2B 01 CD A2
2026-03-23 16:34:36.603 DEBU [pymycobot.common] _write: FE FE 03 2B D3 10 
2026-03-23 16:34:36.609 DEBU [pymycobot.common] _read : FE FE 04 2B 01 CD A2
2026-03-23 16:34:36.633 DEBU [pymycobot.common] _write: FE FE 03 2B D3 10 
2026-03-23 16:34:36.642 DEBU [pymycobot.common] _read : FE FE 04 2B 01 CD A2
2026-03-23 16:34:36.664 DEBU [pymycobot.common] _write: FE FE 03 2B D3 10 
2026-03-23 16:34:36.671 DEBU [pymycobot.common] _read : FE FE 04 2B 01 CD A2
2026-03-23 16:34:36.694 DEBU [pymycobot.common] _write: FE FE 03 2B D3 10 
2026-03-23 16:34:36.702 DEBU [pymycobot.common] _read : FE FE 04 2B 01 CD A2
2026-03-23 16:34:36.724 DEBU [pymycobot.common] _write: FE FE 03 2B D3 10 
2026-03-23 16:34:36.730 DEBU [pymycobot.common] _read : FE FE 04 2B 01 CD A2
2026-03-23 16:34:36.754 DEBU [pymycobot.common] _write: FE FE 03 2B D3 10 
2026-03-23 16:34:36.762 DEBU [pymycobot.common] _read : FE FE 04 2B 01 CD A2
2026-03-23 16:34:36.784 DEBU [pymycobot.common] _write: FE FE 03 2B D3 10 
2026-03-23 16:34:36.792 DEBU [pymycobot.common] _read : FE FE 04 2B 01 CD A2
2026-03-23 16:34:36.814 DEBU [pymycobot.common] _write: FE FE 03 2B D3 10 
2026-03-23 16:34:36.822 DEBU [pymycobot.common] _read : FE FE 04 2B 01 CD A2
2026-03-23 16:34:36.844 DEBU [pymycobot.common] _write: FE FE 03 2B D3 10 
2026-03-23 16:34:36.850 DEBU [pymycobot.common] _read : FE FE 04 2B 01 CD A2
2026-03-23 16:34:36.874 DEBU [pymycobot.common] _write: FE FE 03 2B D3 10 
2026-03-23 16:34:36.881 DEBU [pymycobot.common] _read : FE FE 04 2B 01 CD A2
2026-03-23 16:34:36.904 DEBU [pymycobot.common] _write: FE FE 03 2B D3 10 
2026-03-23 16:34:36.910 DEBU [pymycobot.common] _read : FE FE 04 2B 01 CD A2
2026-03-23 16:34:36.935 DEBU [pymycobot.common] _write: FE FE 03 2B D3 10 
2026-03-23 16:34:36.941 DEBU [pymycobot.common] _read : FE FE 04 2B 01 CD A2
2026-03-23 16:34:36.965 DEBU [pymycobot.common] _write: FE FE 03 2B D3 10 
2026-03-23 16:34:36.972 DEBU [pymycobot.common] _read : FE FE 04 2B 01 CD A2
2026-03-23 16:34:36.996 DEBU [pymycobot.common] _write: FE FE 03 2B D3 10 
2026-03-23 16:34:37.004 DEBU [pymycobot.common] _read : FE FE 04 2B 01 CD A2
2026-03-23 16:34:37.027 DEBU [pymycobot.common] _write: FE FE 03 2B D3 10 
2026-03-23 16:34:37.033 DEBU [pymycobot.common] _read : FE FE 04 2B 01 CD A2
2026-03-23 16:34:37.057 DEBU [pymycobot.common] _write: FE FE 03 2B D3 10 
2026-03-23 16:34:37.065 DEBU [pymycobot.common] _read : FE FE 04 2B 01 CD A2
2026-03-23 16:34:37.088 DEBU [pymycobot.common] _write: FE FE 03 2B D3 10 
2026-03-23 16:34:37.094 DEBU [pymycobot.common] _read : FE FE 04 2B 01 CD A2
2026-03-23 16:34:37.118 DEBU [pymycobot.common] _write: FE FE 03 2B D3 10 
2026-03-23 16:34:37.124 DEBU [pymycobot.common] _read : FE FE 04 2B 01 CD A2
2026-03-23 16:34:37.149 DEBU [pymycobot.common] _write: FE FE 03 2B D3 10 
2026-03-23 16:34:37.156 DEBU [pymycobot.common] _read : FE FE 04 2B 01 CD A2
2026-03-23 16:34:37.180 DEBU [pymycobot.common] _write: FE FE 03 2B D3 10 
2026-03-23 16:34:37.187 DEBU [pymycobot.common] _read : FE FE 04 2B 01 CD A2
2026-03-23 16:34:37.210 DEBU [pymycobot.common] _write: FE FE 03 2B D3 10 
2026-03-23 16:34:37.216 DEBU [pymycobot.common] _read : FE FE 04 2B 01 CD A2
2026-03-23 16:34:37.240 DEBU [pymycobot.common] _write: FE FE 03 2B D3 10 
2026-03-23 16:34:37.247 DEBU [pymycobot.common] _read : FE FE 04 2B 01 CD A2
2026-03-23 16:34:37.270 DEBU [pymycobot.common] _write: FE FE 03 2B D3 10 
2026-03-23 16:34:37.280 DEBU [pymycobot.common] _read : FE FE 04 2B 01 CD A2
2026-03-23 16:34:37.301 DEBU [pymycobot.common] _write: FE FE 03 2B D3 10 
2026-03-23 16:34:37.307 DEBU [pymycobot.common] _read : FE FE 04 2B 01 CD A2
2026-03-23 16:34:37.331 DEBU [pymycobot.common] _write: FE FE 03 2B D3 10 
2026-03-23 16:34:37.338 DEBU [pymycobot.common] _read : FE FE 04 2B 01 CD A2
2026-03-23 16:34:37.361 DEBU [pymycobot.common] _write: FE FE 03 2B D3 10 
2026-03-23 16:34:37.369 DEBU [pymycobot.common] _read : FE FE 04 2B 01 CD A2
2026-03-23 16:34:37.392 DEBU [pymycobot.common] _write: FE FE 03 2B D3 10 
2026-03-23 16:34:37.399 DEBU [pymycobot.common] _read : FE FE 04 2B 01 CD A2
2026-03-23 16:34:37.422 DEBU [pymycobot.common] _write: FE FE 03 2B D3 10 
2026-03-23 16:34:37.428 DEBU [pymycobot.common] _read : FE FE 04 2B 01 CD A2
2026-03-23 16:34:37.452 DEBU [pymycobot.common] _write: FE FE 03 2B D3 10 
2026-03-23 16:34:37.459 DEBU [pymycobot.common] _read : FE FE 04 2B 01 CD A2
2026-03-23 16:34:37.482 DEBU [pymycobot.common] _write: FE FE 03 2B D3 10 
2026-03-23 16:34:37.489 DEBU [pymycobot.common] _read : FE FE 04 2B 01 CD A2
2026-03-23 16:34:37.513 DEBU [pymycobot.common] _write: FE FE 03 2B D3 10 
2026-03-23 16:34:37.520 DEBU [pymycobot.common] _read : FE FE 04 2B 01 CD A2
2026-03-23 16:34:37.543 DEBU [pymycobot.common] _write: FE FE 03 2B D3 10 
2026-03-23 16:34:37.551 DEBU [pymycobot.common] _read : FE FE 04 2B 01 CD A2
2026-03-23 16:34:37.573 DEBU [pymycobot.common] _write: FE FE 03 2B D3 10 
2026-03-23 16:34:37.580 DEBU [pymycobot.common] _read : FE FE 04 2B 01 CD A2
2026-03-23 16:34:37.603 DEBU [pymycobot.common] _write: FE FE 03 2B D3 10 
2026-03-23 16:34:37.611 DEBU [pymycobot.common] _read : FE FE 04 2B 01 CD A2
2026-03-23 16:34:37.633 DEBU [pymycobot.common] _write: FE FE 03 2B D3 10 
2026-03-23 16:34:37.640 DEBU [pymycobot.common] _read : FE FE 04 2B 01 CD A2
2026-03-23 16:34:37.663 DEBU [pymycobot.common] _write: FE FE 03 2B D3 10 
2026-03-23 16:34:37.670 DEBU [pymycobot.common] _read : FE FE 04 2B 01 CD A2
2026-03-23 16:34:37.693 DEBU [pymycobot.common] _write: FE FE 03 2B D3 10 
2026-03-23 16:34:37.699 DEBU [pymycobot.common] _read : FE FE 04 2B 01 CD A2
2026-03-23 16:34:37.723 DEBU [pymycobot.common] _write: FE FE 03 2B D3 10 
2026-03-23 16:34:37.730 DEBU [pymycobot.common] _read : FE FE 04 2B 01 CD A2
2026-03-23 16:34:37.753 DEBU [pymycobot.common] _write: FE FE 03 2B D3 10 
2026-03-23 16:34:37.761 DEBU [pymycobot.common] _read : FE FE 04 2B 01 CD A2
2026-03-23 16:34:37.783 DEBU [pymycobot.common] _write: FE FE 03 2B D3 10 
2026-03-23 16:34:37.790 DEBU [pymycobot.common] _read : FE FE 04 2B 01 CD A2
2026-03-23 16:34:37.813 DEBU [pymycobot.common] _write: FE FE 03 2B D3 10 
2026-03-23 16:34:37.820 DEBU [pymycobot.common] _read : FE FE 04 2B 01 CD A2
2026-03-23 16:34:37.843 DEBU [pymycobot.common] _write: FE FE 03 2B D3 10 
2026-03-23 16:34:37.851 DEBU [pymycobot.common] _read : FE FE 04 2B 01 CD A2
2026-03-23 16:34:37.874 DEBU [pymycobot.common] _write: FE FE 03 2B D3 10 
2026-03-23 16:34:37.881 DEBU [pymycobot.common] _read : FE FE 04 2B 01 CD A2
2026-03-23 16:34:37.904 DEBU [pymycobot.common] _write: FE FE 03 2B D3 10 
2026-03-23 16:34:37.911 DEBU [pymycobot.common] _read : FE FE 04 2B 01 CD A2
2026-03-23 16:34:37.934 DEBU [pymycobot.common] _write: FE FE 03 2B D3 10 
2026-03-23 16:34:37.941 DEBU [pymycobot.common] _read : FE FE 04 2B 01 CD A2
2026-03-23 16:34:37.964 DEBU [pymycobot.common] _write: FE FE 03 2B D3 10 
2026-03-23 16:34:37.971 DEBU [pymycobot.common] _read : FE FE 04 2B 01 CD A2
2026-03-23 16:34:37.994 DEBU [pymycobot.common] _write: FE FE 03 2B D3 10 
2026-03-23 16:34:38.001 DEBU [pymycobot.common] _read : FE FE 04 2B 01 CD A2
2026-03-23 16:34:38.025 DEBU [pymycobot.common] _write: FE FE 03 2B D3 10 
2026-03-23 16:34:38.032 DEBU [pymycobot.common] _read : FE FE 04 2B 01 CD A2
2026-03-23 16:34:38.055 DEBU [pymycobot.common] _write: FE FE 03 2B D3 10 
2026-03-23 16:34:38.062 DEBU [pymycobot.common] _read : FE FE 04 2B 01 CD A2
2026-03-23 16:34:38.085 DEBU [pymycobot.common] _write: FE FE 03 2B D3 10 
2026-03-23 16:34:38.092 DEBU [pymycobot.common] _read : FE FE 04 2B 01 CD A2
2026-03-23 16:34:38.116 DEBU [pymycobot.common] _write: FE FE 03 2B D3 10 
2026-03-23 16:34:38.123 DEBU [pymycobot.common] _read : FE FE 04 2B 01 CD A2
2026-03-23 16:34:38.147 DEBU [pymycobot.common] _write: FE FE 03 2B D3 10 
2026-03-23 16:34:38.154 DEBU [pymycobot.common] _read : FE FE 04 2B 01 CD A2
2026-03-23 16:34:38.177 DEBU [pymycobot.common] _write: FE FE 03 2B D3 10 
2026-03-23 16:34:38.184 DEBU [pymycobot.common] _read : FE FE 04 2B 01 CD A2
2026-03-23 16:34:38.207 DEBU [pymycobot.common] _write: FE FE 03 2B D3 10 
2026-03-23 16:34:38.215 DEBU [pymycobot.common] _read : FE FE 04 2B 01 CD A2
2026-03-23 16:34:38.237 DEBU [pymycobot.common] _write: FE FE 03 2B D3 10 
2026-03-23 16:34:38.246 DEBU [pymycobot.common] _read : FE FE 04 2B 01 CD A2
2026-03-23 16:34:38.267 DEBU [pymycobot.common] _write: FE FE 03 2B D3 10 
2026-03-23 16:34:38.274 DEBU [pymycobot.common] _read : FE FE 04 2B 01 CD A2
2026-03-23 16:34:38.297 DEBU [pymycobot.common] _write: FE FE 03 2B D3 10 
2026-03-23 16:34:38.304 DEBU [pymycobot.common] _read : FE FE 04 2B 01 CD A2
2026-03-23 16:34:38.327 DEBU [pymycobot.common] _write: FE FE 03 2B D3 10 
2026-03-23 16:34:38.334 DEBU [pymycobot.common] _read : FE FE 04 2B 01 CD A2
2026-03-23 16:34:38.358 DEBU [pymycobot.common] _write: FE FE 03 2B D3 10 
2026-03-23 16:34:38.368 DEBU [pymycobot.common] _read : FE FE 04 2B 01 CD A2
2026-03-23 16:34:38.388 DEBU [pymycobot.common] _write: FE FE 03 2B D3 10 
2026-03-23 16:34:38.395 DEBU [pymycobot.common] _read : FE FE 04 2B 01 CD A2
2026-03-23 16:34:38.418 DEBU [pymycobot.common] _write: FE FE 03 2B D3 10 
2026-03-23 16:34:38.424 DEBU [pymycobot.common] _read : FE FE 04 2B 01 CD A2
2026-03-23 16:34:38.448 DEBU [pymycobot.common] _write: FE FE 03 2B D3 10 
2026-03-23 16:34:38.455 DEBU [pymycobot.common] _read : FE FE 04 2B 01 CD A2
2026-03-23 16:34:38.478 DEBU [pymycobot.common] _write: FE FE 03 2B D3 10 
2026-03-23 16:34:38.485 DEBU [pymycobot.common] _read : FE FE 04 2B 01 CD A2
2026-03-23 16:34:38.509 DEBU [pymycobot.common] _write: FE FE 03 2B D3 10 
2026-03-23 16:34:38.516 DEBU [pymycobot.common] _read : FE FE 04 2B 01 CD A2
2026-03-23 16:34:38.540 DEBU [pymycobot.common] _write: FE FE 03 2B D3 10 
2026-03-23 16:34:38.550 DEBU [pymycobot.common] _read : FE FE 04 2B 01 CD A2
2026-03-23 16:34:38.570 DEBU [pymycobot.common] _write: FE FE 03 2B D3 10 
2026-03-23 16:34:38.577 DEBU [pymycobot.common] _read : FE FE 04 2B 01 CD A2
2026-03-23 16:34:38.600 DEBU [pymycobot.common] _write: FE FE 03 2B D3 10 
2026-03-23 16:34:38.607 DEBU [pymycobot.common] _read : FE FE 04 2B 01 CD A2
2026-03-23 16:34:38.630 DEBU [pymycobot.common] _write: FE FE 03 2B D3 10 
2026-03-23 16:34:38.637 DEBU [pymycobot.common] _read : FE FE 04 2B 01 CD A2
2026-03-23 16:34:38.660 DEBU [pymycobot.common] _write: FE FE 03 2B D3 10 
2026-03-23 16:34:38.668 DEBU [pymycobot.common] _read : FE FE 04 2B 01 CD A2
2026-03-23 16:34:38.690 DEBU [pymycobot.common] _write: FE FE 03 2B D3 10 
2026-03-23 16:34:38.698 DEBU [pymycobot.common] _read : FE FE 04 2B 01 CD A2
2026-03-23 16:34:38.720 DEBU [pymycobot.common] _write: FE FE 03 2B D3 10 
2026-03-23 16:34:38.727 DEBU [pymycobot.common] _read : FE FE 04 2B 01 CD A2
2026-03-23 16:34:38.751 DEBU [pymycobot.common] _write: FE FE 03 2B D3 10 
2026-03-23 16:34:38.758 DEBU [pymycobot.common] _read : FE FE 04 2B 01 CD A2
2026-03-23 16:34:38.781 DEBU [pymycobot.common] _write: FE FE 03 2B D3 10 
2026-03-23 16:34:38.787 DEBU [pymycobot.common] _read : FE FE 04 2B 01 CD A2
2026-03-23 16:34:38.811 DEBU [pymycobot.common] _write: FE FE 03 2B D3 10 
2026-03-23 16:34:38.818 DEBU [pymycobot.common] _read : FE FE 04 2B 01 CD A2
2026-03-23 16:34:38.841 DEBU [pymycobot.common] _write: FE FE 03 2B D3 10 
2026-03-23 16:34:38.849 DEBU [pymycobot.common] _read : FE FE 04 2B 01 CD A2
2026-03-23 16:34:38.871 DEBU [pymycobot.common] _write: FE FE 03 2B D3 10 
2026-03-23 16:34:38.878 DEBU [pymycobot.common] _read : FE FE 04 2B 01 CD A2
2026-03-23 16:34:38.901 DEBU [pymycobot.common] _write: FE FE 03 2B D3 10 
2026-03-23 16:34:38.908 DEBU [pymycobot.common] _read : FE FE 04 2B 01 CD A2
2026-03-23 16:34:38.931 DEBU [pymycobot.common] _write: FE FE 03 2B D3 10 
2026-03-23 16:34:38.938 DEBU [pymycobot.common] _read : FE FE 04 2B 01 CD A2
2026-03-23 16:34:38.961 DEBU [pymycobot.common] _write: FE FE 03 2B D3 10 
2026-03-23 16:34:38.969 DEBU [pymycobot.common] _read : FE FE 04 2B 01 CD A2
2026-03-23 16:34:38.991 DEBU [pymycobot.common] _write: FE FE 03 2B D3 10 
2026-03-23 16:34:38.998 DEBU [pymycobot.common] _read : FE FE 04 2B 01 CD A2
2026-03-23 16:34:39.022 DEBU [pymycobot.common] _write: FE FE 03 2B D3 10 
2026-03-23 16:34:39.028 DEBU [pymycobot.common] _read : FE FE 04 2B 01 CD A2
2026-03-23 16:34:39.052 DEBU [pymycobot.common] _write: FE FE 03 2B D3 10 
2026-03-23 16:34:39.060 DEBU [pymycobot.common] _read : FE FE 04 2B 01 CD A2
2026-03-23 16:34:39.082 DEBU [pymycobot.common] _write: FE FE 03 2B D3 10 
2026-03-23 16:34:39.090 DEBU [pymycobot.common] _read : FE FE 04 2B 01 CD A2
2026-03-23 16:34:39.112 DEBU [pymycobot.common] _write: FE FE 03 2B D3 10 
2026-03-23 16:34:39.118 DEBU [pymycobot.common] _read : FE FE 04 2B 01 CD A2
2026-03-23 16:34:39.143 DEBU [pymycobot.common] _write: FE FE 03 2B D3 10 
2026-03-23 16:34:39.150 DEBU [pymycobot.common] _read : FE FE 04 2B 01 CD A2
2026-03-23 16:34:39.173 DEBU [pymycobot.common] _write: FE FE 03 2B D3 10 
2026-03-23 16:34:39.181 DEBU [pymycobot.common] _read : FE FE 04 2B 01 CD A2
2026-03-23 16:34:39.204 DEBU [pymycobot.common] _write: FE FE 03 2B D3 10 
2026-03-23 16:34:39.211 DEBU [pymycobot.common] _read : FE FE 04 2B 01 CD A2
2026-03-23 16:34:39.234 DEBU [pymycobot.common] _write: FE FE 03 2B D3 10 
2026-03-23 16:34:39.241 DEBU [pymycobot.common] _read : FE FE 04 2B 01 CD A2
2026-03-23 16:34:39.264 DEBU [pymycobot.common] _write: FE FE 03 2B D3 10 
2026-03-23 16:34:39.271 DEBU [pymycobot.common] _read : FE FE 04 2B 01 CD A2
2026-03-23 16:34:39.294 DEBU [pymycobot.common] _write: FE FE 03 2B D3 10 
2026-03-23 16:34:39.302 DEBU [pymycobot.common] _read : FE FE 04 2B 01 CD A2
2026-03-23 16:34:39.324 DEBU [pymycobot.common] _write: FE FE 03 2B D3 10 
2026-03-23 16:34:39.331 DEBU [pymycobot.common] _read : FE FE 04 2B 01 CD A2
2026-03-23 16:34:39.354 DEBU [pymycobot.common] _write: FE FE 03 2B D3 10 
2026-03-23 16:34:39.360 DEBU [pymycobot.common] _read : FE FE 04 2B 01 CD A2
2026-03-23 16:34:39.384 DEBU [pymycobot.common] _write: FE FE 03 2B D3 10 
2026-03-23 16:34:39.393 DEBU [pymycobot.common] _read : FE FE 04 2B 01 CD A2
2026-03-23 16:34:39.415 DEBU [pymycobot.common] _write: FE FE 03 2B D3 10 
2026-03-23 16:34:39.423 DEBU [pymycobot.common] _read : FE FE 04 2B 01 CD A2
2026-03-23 16:34:39.446 DEBU [pymycobot.common] _write: FE FE 03 2B D3 10 
2026-03-23 16:34:39.453 DEBU [pymycobot.common] _read : FE FE 04 2B 01 CD A2
2026-03-23 16:34:39.476 DEBU [pymycobot.common] _write: FE FE 03 2B D3 10 
2026-03-23 16:34:39.482 DEBU [pymycobot.common] _read : FE FE 04 2B 01 CD A2
2026-03-23 16:34:39.507 DEBU [pymycobot.common] _write: FE FE 03 2B D3 10 
2026-03-23 16:34:39.514 DEBU [pymycobot.common] _read : FE FE 04 2B 01 CD A2
2026-03-23 16:34:39.538 DEBU [pymycobot.common] _write: FE FE 03 2B D3 10 
2026-03-23 16:34:39.545 DEBU [pymycobot.common] _read : FE FE 04 2B 01 CD A2
2026-03-23 16:34:39.568 DEBU [pymycobot.common] _write: FE FE 03 2B D3 10 
2026-03-23 16:34:39.574 DEBU [pymycobot.common] _read : FE FE 04 2B 01 CD A2
2026-03-23 16:34:39.598 DEBU [pymycobot.common] _write: FE FE 03 2B D3 10 
2026-03-23 16:34:39.604 DEBU [pymycobot.common] _read : FE FE 04 2B 01 CD A2
2026-03-23 16:34:39.628 DEBU [pymycobot.common] _write: FE FE 03 2B D3 10 
2026-03-23 16:34:39.635 DEBU [pymycobot.common] _read : FE FE 04 2B 01 CD A2
2026-03-23 16:34:39.658 DEBU [pymycobot.common] _write: FE FE 03 2B D3 10 
2026-03-23 16:34:39.664 DEBU [pymycobot.common] _read : FE FE 04 2B 01 CD A2
2026-03-23 16:34:39.688 DEBU [pymycobot.common] _write: FE FE 03 2B D3 10 
2026-03-23 16:34:39.695 DEBU [pymycobot.common] _read : FE FE 04 2B 01 CD A2
2026-03-23 16:34:39.718 DEBU [pymycobot.common] _write: FE FE 03 2B D3 10 
2026-03-23 16:34:39.725 DEBU [pymycobot.common] _read : FE FE 04 2B 01 CD A2
2026-03-23 16:34:39.748 DEBU [pymycobot.common] _write: FE FE 03 2B D3 10 
2026-03-23 16:34:39.756 DEBU [pymycobot.common] _read : FE FE 04 2B 01 CD A2
2026-03-23 16:34:39.778 DEBU [pymycobot.common] _write: FE FE 03 2B D3 10 
2026-03-23 16:34:39.785 DEBU [pymycobot.common] _read : FE FE 04 2B 01 CD A2
2026-03-23 16:34:39.808 DEBU [pymycobot.common] _write: FE FE 03 2B D3 10 
2026-03-23 16:34:39.814 DEBU [pymycobot.common] _read : FE FE 04 2B 01 CD A2
2026-03-23 16:34:39.839 DEBU [pymycobot.common] _write: FE FE 03 2B D3 10 
2026-03-23 16:34:39.847 DEBU [pymycobot.common] _read : FE FE 04 2B 01 CD A2
2026-03-23 16:34:39.869 DEBU [pymycobot.common] _write: FE FE 03 2B D3 10 
2026-03-23 16:34:39.876 DEBU [pymycobot.common] _read : FE FE 04 2B 01 CD A2
2026-03-23 16:34:39.899 DEBU [pymycobot.common] _write: FE FE 03 2B D3 10 
2026-03-23 16:34:39.906 DEBU [pymycobot.common] _read : FE FE 04 2B 01 CD A2
2026-03-23 16:34:39.929 DEBU [pymycobot.common] _write: FE FE 03 2B D3 10 
2026-03-23 16:34:39.936 DEBU [pymycobot.common] _read : FE FE 04 2B 01 CD A2
2026-03-23 16:34:39.959 DEBU [pymycobot.common] _write: FE FE 03 2B D3 10 
2026-03-23 16:34:39.966 DEBU [pymycobot.common] _read : FE FE 04 2B 01 CD A2
2026-03-23 16:34:39.989 DEBU [pymycobot.common] _write: FE FE 03 2B D3 10 
2026-03-23 16:34:39.997 DEBU [pymycobot.common] _read : FE FE 04 2B 01 CD A2
2026-03-23 16:34:40.020 DEBU [pymycobot.common] _write: FE FE 03 2B D3 10 
2026-03-23 16:34:40.027 DEBU [pymycobot.common] _read : FE FE 04 2B 01 CD A2
2026-03-23 16:34:40.050 DEBU [pymycobot.common] _write: FE FE 03 2B D3 10 
2026-03-23 16:34:40.057 DEBU [pymycobot.common] _read : FE FE 04 2B 01 CD A2
2026-03-23 16:34:40.080 DEBU [pymycobot.common] _write: FE FE 03 2B D3 10 
2026-03-23 16:34:40.089 DEBU [pymycobot.common] _read : FE FE 04 2B 01 CD A2
2026-03-23 16:34:40.110 DEBU [pymycobot.common] _write: FE FE 03 2B D3 10 
2026-03-23 16:34:40.118 DEBU [pymycobot.common] _read : FE FE 04 2B 01 CD A2
2026-03-23 16:34:40.141 DEBU [pymycobot.common] _write: FE FE 03 2B D3 10 
2026-03-23 16:34:40.148 DEBU [pymycobot.common] _read : FE FE 04 2B 01 CD A2
2026-03-23 16:34:40.171 DEBU [pymycobot.common] _write: FE FE 03 2B D3 10 
2026-03-23 16:34:40.178 DEBU [pymycobot.common] _read : FE FE 04 2B 01 CD A2
2026-03-23 16:34:40.202 DEBU [pymycobot.common] _write: FE FE 03 2B D3 10 
2026-03-23 16:34:40.210 DEBU [pymycobot.common] _read : FE FE 04 2B 01 CD A2
2026-03-23 16:34:40.233 DEBU [pymycobot.common] _write: FE FE 03 2B D3 10 
2026-03-23 16:34:40.240 DEBU [pymycobot.common] _read : FE FE 04 2B 01 CD A2
2026-03-23 16:34:40.263 DEBU [pymycobot.common] _write: FE FE 03 2B D3 10 
2026-03-23 16:34:40.269 DEBU [pymycobot.common] _read : FE FE 04 2B 01 CD A2
2026-03-23 16:34:40.293 DEBU [pymycobot.common] _write: FE FE 03 2B D3 10 
2026-03-23 16:34:40.301 DEBU [pymycobot.common] _read : FE FE 04 2B 01 CD A2
2026-03-23 16:34:40.323 DEBU [pymycobot.common] _write: FE FE 03 2B D3 10 
2026-03-23 16:34:40.331 DEBU [pymycobot.common] _read : FE FE 04 2B 01 CD A2
2026-03-23 16:34:40.353 DEBU [pymycobot.common] _write: FE FE 03 2B D3 10 
2026-03-23 16:34:40.360 DEBU [pymycobot.common] _read : FE FE 04 2B 01 CD A2
2026-03-23 16:34:40.383 DEBU [pymycobot.common] _write: FE FE 03 2B D3 10 
2026-03-23 16:34:40.391 DEBU [pymycobot.common] _read : FE FE 04 2B 01 CD A2
2026-03-23 16:34:40.414 DEBU [pymycobot.common] _write: FE FE 03 2B D3 10 
2026-03-23 16:34:40.421 DEBU [pymycobot.common] _read : FE FE 04 2B 01 CD A2
2026-03-23 16:34:40.444 DEBU [pymycobot.common] _write: FE FE 03 2B D3 10 
2026-03-23 16:34:40.451 DEBU [pymycobot.common] _read : FE FE 04 2B 01 CD A2
2026-03-23 16:34:40.474 DEBU [pymycobot.common] _write: FE FE 03 2B D3 10 
2026-03-23 16:34:40.482 DEBU [pymycobot.common] _read : FE FE 04 2B 01 CD A2
2026-03-23 16:34:40.504 DEBU [pymycobot.common] _write: FE FE 03 2B D3 10 
2026-03-23 16:34:40.510 DEBU [pymycobot.common] _read : FE FE 04 2B 01 CD A2
2026-03-23 16:34:40.534 DEBU [pymycobot.common] _write: FE FE 03 2B D3 10 
2026-03-23 16:34:40.541 DEBU [pymycobot.common] _read : FE FE 04 2B 01 CD A2
2026-03-23 16:34:40.565 DEBU [pymycobot.common] _write: FE FE 03 2B D3 10 
2026-03-23 16:34:40.571 DEBU [pymycobot.common] _read : FE FE 04 2B 01 CD A2
2026-03-23 16:34:40.595 DEBU [pymycobot.common] _write: FE FE 03 2B D3 10 
2026-03-23 16:34:40.601 DEBU [pymycobot.common] _read : FE FE 04 2B 01 CD A2
2026-03-23 16:34:40.625 DEBU [pymycobot.common] _write: FE FE 03 2B D3 10 
2026-03-23 16:34:40.631 DEBU [pymycobot.common] _read : FE FE 04 2B 01 CD A2
2026-03-23 16:34:40.655 DEBU [pymycobot.common] _write: FE FE 03 2B D3 10 
2026-03-23 16:34:40.661 DEBU [pymycobot.common] _read : FE FE 04 2B 01 CD A2
2026-03-23 16:34:40.685 DEBU [pymycobot.common] _write: FE FE 03 2B D3 10 
2026-03-23 16:34:40.693 DEBU [pymycobot.common] _read : FE FE 04 2B 01 CD A2
2026-03-23 16:34:40.715 DEBU [pymycobot.common] _write: FE FE 03 2B D3 10 
2026-03-23 16:34:40.722 DEBU [pymycobot.common] _read : FE FE 04 2B 01 CD A2
2026-03-23 16:34:40.745 DEBU [pymycobot.common] _write: FE FE 03 2B D3 10 
2026-03-23 16:34:40.753 DEBU [pymycobot.common] _read : FE FE 04 2B 01 CD A2
2026-03-23 16:34:40.776 DEBU [pymycobot.common] _write: FE FE 03 2B D3 10 
2026-03-23 16:34:40.784 DEBU [pymycobot.common] _read : FE FE 04 2B 01 CD A2
2026-03-23 16:34:40.806 DEBU [pymycobot.common] _write: FE FE 03 2B D3 10 
2026-03-23 16:34:40.812 DEBU [pymycobot.common] _read : FE FE 04 2B 01 CD A2
2026-03-23 16:34:40.836 DEBU [pymycobot.common] _write: FE FE 03 2B D3 10 
2026-03-23 16:34:40.843 DEBU [pymycobot.common] _read : FE FE 04 2B 01 CD A2
2026-03-23 16:34:40.866 DEBU [pymycobot.common] _write: FE FE 03 2B D3 10 
2026-03-23 16:34:40.872 DEBU [pymycobot.common] _read : FE FE 04 2B 01 CD A2
2026-03-23 16:34:40.896 DEBU [pymycobot.common] _write: FE FE 03 2B D3 10 
2026-03-23 16:34:40.903 DEBU [pymycobot.common] _read : FE FE 04 2B 01 CD A2
2026-03-23 16:34:40.926 DEBU [pymycobot.common] _write: FE FE 03 2B D3 10 
2026-03-23 16:34:40.932 DEBU [pymycobot.common] _read : FE FE 04 2B 01 CD A2
2026-03-23 16:34:40.956 DEBU [pymycobot.common] _write: FE FE 03 2B D3 10 
2026-03-23 16:34:40.963 DEBU [pymycobot.common] _read : FE FE 04 2B 01 CD A2
2026-03-23 16:34:40.986 DEBU [pymycobot.common] _write: FE FE 03 2B D3 10 
2026-03-23 16:34:40.993 DEBU [pymycobot.common] _read : FE FE 04 2B 01 CD A2
2026-03-23 16:34:41.016 DEBU [pymycobot.common] _write: FE FE 03 2B D3 10 
2026-03-23 16:34:41.022 DEBU [pymycobot.common] _read : FE FE 04 2B 01 CD A2
2026-03-23 16:34:41.046 DEBU [pymycobot.common] _write: FE FE 03 2B D3 10 
2026-03-23 16:34:41.052 DEBU [pymycobot.common] _read : FE FE 04 2B 01 CD A2
2026-03-23 16:34:41.076 DEBU [pymycobot.common] _write: FE FE 03 2B D3 10 
2026-03-23 16:34:41.083 DEBU [pymycobot.common] _read : FE FE 04 2B 01 CD A2
2026-03-23 16:34:41.106 DEBU [pymycobot.common] _write: FE FE 03 2B D3 10 
2026-03-23 16:34:41.112 DEBU [pymycobot.common] _read : FE FE 04 2B 01 CD A2
2026-03-23 16:34:41.137 DEBU [pymycobot.common] _write: FE FE 03 2B D3 10 
2026-03-23 16:34:41.142 DEBU [pymycobot.common] _read : FE FE 04 2B 01 CD A2
2026-03-23 16:34:41.167 DEBU [pymycobot.common] _write: FE FE 03 2B D3 10 
2026-03-23 16:34:41.173 DEBU [pymycobot.common] _read : FE FE 04 2B 01 CD A2
2026-03-23 16:34:41.197 DEBU [pymycobot.common] _write: FE FE 03 2B D3 10 
2026-03-23 16:34:41.203 DEBU [pymycobot.common] _read : FE FE 04 2B 01 CD A2
2026-03-23 16:34:41.228 DEBU [pymycobot.common] _write: FE FE 03 2B D3 10 
2026-03-23 16:34:41.233 DEBU [pymycobot.common] _read : FE FE 04 2B 01 CD A2
2026-03-23 16:34:41.258 DEBU [pymycobot.common] _write: FE FE 03 2B D3 10 
2026-03-23 16:34:41.263 DEBU [pymycobot.common] _read : FE FE 04 2B 01 CD A2
2026-03-23 16:34:41.288 DEBU [pymycobot.common] _write: FE FE 03 2B D3 10 
2026-03-23 16:34:41.294 DEBU [pymycobot.common] _read : FE FE 04 2B 01 CD A2
2026-03-23 16:34:41.318 DEBU [pymycobot.common] _write: FE FE 03 2B D3 10 
2026-03-23 16:34:41.324 DEBU [pymycobot.common] _read : FE FE 04 2B 01 CD A2
2026-03-23 16:34:41.348 DEBU [pymycobot.common] _write: FE FE 03 2B D3 10 
2026-03-23 16:34:41.356 DEBU [pymycobot.common] _read : FE FE 04 2B 01 CD A2
2026-03-23 16:34:41.379 DEBU [pymycobot.common] _write: FE FE 03 2B D3 10 
2026-03-23 16:34:41.386 DEBU [pymycobot.common] _read : FE FE 04 2B 01 CD A2
2026-03-23 16:34:41.409 DEBU [pymycobot.common] _write: FE FE 03 2B D3 10 
2026-03-23 16:34:41.416 DEBU [pymycobot.common] _read : FE FE 04 2B 01 CD A2
2026-03-23 16:34:41.439 DEBU [pymycobot.common] _write: FE FE 03 2B D3 10 
2026-03-23 16:34:41.445 DEBU [pymycobot.common] _read : FE FE 04 2B 01 CD A2
2026-03-23 16:34:41.469 DEBU [pymycobot.common] _write: FE FE 03 2B D3 10 
2026-03-23 16:34:41.476 DEBU [pymycobot.common] _read : FE FE 04 2B 01 CD A2
2026-03-23 16:34:41.499 DEBU [pymycobot.common] _write: FE FE 03 2B D3 10 
2026-03-23 16:34:41.505 DEBU [pymycobot.common] _read : FE FE 04 2B 01 CD A2
2026-03-23 16:34:41.530 DEBU [pymycobot.common] _write: FE FE 03 2B D3 10 
2026-03-23 16:34:41.536 DEBU [pymycobot.common] _read : FE FE 04 2B 01 CD A2
2026-03-23 16:34:41.560 DEBU [pymycobot.common] _write: FE FE 03 2B D3 10 
2026-03-23 16:34:41.566 DEBU [pymycobot.common] _read : FE FE 04 2B 01 CD A2
2026-03-23 16:34:41.590 DEBU [pymycobot.common] _write: FE FE 03 2B D3 10 
2026-03-23 16:34:41.597 DEBU [pymycobot.common] _read : FE FE 04 2B 01 CD A2
2026-03-23 16:34:41.620 DEBU [pymycobot.common] _write: FE FE 03 2B D3 10 
2026-03-23 16:34:41.626 DEBU [pymycobot.common] _read : FE FE 04 2B 01 CD A2
2026-03-23 16:34:41.650 DEBU [pymycobot.common] _write: FE FE 03 2B D3 10 
2026-03-23 16:34:41.656 DEBU [pymycobot.common] _read : FE FE 04 2B 01 CD A2
2026-03-23 16:34:41.680 DEBU [pymycobot.common] _write: FE FE 03 2B D3 10 
2026-03-23 16:34:41.687 DEBU [pymycobot.common] _read : FE FE 04 2B 01 CD A2
2026-03-23 16:34:41.710 DEBU [pymycobot.common] _write: FE FE 03 2B D3 10 
2026-03-23 16:34:41.716 DEBU [pymycobot.common] _read : FE FE 04 2B 01 CD A2
2026-03-23 16:34:41.740 DEBU [pymycobot.common] _write: FE FE 03 2B D3 10 
2026-03-23 16:34:41.747 DEBU [pymycobot.common] _read : FE FE 04 2B 01 CD A2
2026-03-23 16:34:41.771 DEBU [pymycobot.common] _write: FE FE 03 2B D3 10 
2026-03-23 16:34:41.777 DEBU [pymycobot.common] _read : FE FE 04 2B 01 CD A2
2026-03-23 16:34:41.801 DEBU [pymycobot.common] _write: FE FE 03 2B D3 10 
2026-03-23 16:34:41.807 DEBU [pymycobot.common] _read : FE FE 04 2B 01 CD A2
2026-03-23 16:34:41.831 DEBU [pymycobot.common] _write: FE FE 03 2B D3 10 
2026-03-23 16:34:41.837 DEBU [pymycobot.common] _read : FE FE 04 2B 01 CD A2
2026-03-23 16:34:41.861 DEBU [pymycobot.common] _write: FE FE 03 2B D3 10 
2026-03-23 16:34:41.866 DEBU [pymycobot.common] _read : FE FE 04 2B 01 CD A2
2026-03-23 16:34:41.890 DEBU [pymycobot.common] _write: FE FE 03 2B D3 10 
2026-03-23 16:34:41.897 DEBU [pymycobot.common] _read : FE FE 04 2B 01 CD A2
2026-03-23 16:34:41.920 DEBU [pymycobot.common] _write: FE FE 03 2B D3 10 
2026-03-23 16:34:41.926 DEBU [pymycobot.common] _read : FE FE 04 2B 01 CD A2
2026-03-23 16:34:41.950 DEBU [pymycobot.common] _write: FE FE 03 2B D3 10 
2026-03-23 16:34:41.957 DEBU [pymycobot.common] _read : FE FE 04 2B 01 CD A2
2026-03-23 16:34:41.980 DEBU [pymycobot.common] _write: FE FE 03 2B D3 10 
2026-03-23 16:34:41.985 DEBU [pymycobot.common] _read : FE FE 04 2B 01 CD A2
2026-03-23 16:34:42.010 DEBU [pymycobot.common] _write: FE FE 03 2B D3 10 
2026-03-23 16:34:42.016 DEBU [pymycobot.common] _read : FE FE 04 2B 01 CD A2
2026-03-23 16:34:42.040 DEBU [pymycobot.common] _write: FE FE 03 2B D3 10 
2026-03-23 16:34:42.047 DEBU [pymycobot.common] _read : FE FE 04 2B 01 CD A2
2026-03-23 16:34:42.070 DEBU [pymycobot.common] _write: FE FE 03 2B D3 10 
2026-03-23 16:34:42.077 DEBU [pymycobot.common] _read : FE FE 04 2B 01 CD A2
2026-03-23 16:34:42.101 DEBU [pymycobot.common] _write: FE FE 03 2B D3 10 
2026-03-23 16:34:42.107 DEBU [pymycobot.common] _read : FE FE 04 2B 01 CD A2
2026-03-23 16:34:42.131 DEBU [pymycobot.common] _write: FE FE 03 2B D3 10 
2026-03-23 16:34:42.137 DEBU [pymycobot.common] _read : FE FE 04 2B 01 CD A2
2026-03-23 16:34:42.162 DEBU [pymycobot.common] _write: FE FE 03 2B D3 10 
2026-03-23 16:34:42.169 DEBU [pymycobot.common] _read : FE FE 04 2B 01 CD A2
2026-03-23 16:34:42.192 DEBU [pymycobot.common] _write: FE FE 03 2B D3 10 
2026-03-23 16:34:42.198 DEBU [pymycobot.common] _read : FE FE 04 2B 01 CD A2
2026-03-23 16:34:42.223 DEBU [pymycobot.common] _write: FE FE 03 2B D3 10 
2026-03-23 16:34:42.230 DEBU [pymycobot.common] _read : FE FE 04 2B 01 CD A2
2026-03-23 16:34:42.253 DEBU [pymycobot.common] _write: FE FE 03 2B D3 10 
2026-03-23 16:34:42.259 DEBU [pymycobot.common] _read : FE FE 04 2B 01 CD A2
2026-03-23 16:34:42.283 DEBU [pymycobot.common] _write: FE FE 03 2B D3 10 
2026-03-23 16:34:42.288 DEBU [pymycobot.common] _read : FE FE 04 2B 01 CD A2
2026-03-23 16:34:42.313 DEBU [pymycobot.common] _write: FE FE 03 2B D3 10 
2026-03-23 16:34:42.319 DEBU [pymycobot.common] _read : FE FE 04 2B 01 CD A2
2026-03-23 16:34:42.343 DEBU [pymycobot.common] _write: FE FE 03 2B D3 10 
2026-03-23 16:34:42.348 DEBU [pymycobot.common] _read : FE FE 04 2B 01 CD A2
2026-03-23 16:34:42.373 DEBU [pymycobot.common] _write: FE FE 03 2B D3 10 
2026-03-23 16:34:42.380 DEBU [pymycobot.common] _read : FE FE 04 2B 01 CD A2
2026-03-23 16:34:42.403 DEBU [pymycobot.common] _write: FE FE 03 2B D3 10 
2026-03-23 16:34:42.409 DEBU [pymycobot.common] _read : FE FE 04 2B 01 CD A2
2026-03-23 16:34:42.433 DEBU [pymycobot.common] _write: FE FE 03 2B D3 10 
2026-03-23 16:34:42.438 DEBU [pymycobot.common] _read : FE FE 04 2B 01 CD A2
2026-03-23 16:34:42.463 DEBU [pymycobot.common] _write: FE FE 03 2B D3 10 
2026-03-23 16:34:42.469 DEBU [pymycobot.common] _read : FE FE 04 2B 01 CD A2
2026-03-23 16:34:42.493 DEBU [pymycobot.common] _write: FE FE 03 2B D3 10 
2026-03-23 16:34:42.501 DEBU [pymycobot.common] _read : FE FE 04 2B 01 CD A2
2026-03-23 16:34:42.523 DEBU [pymycobot.common] _write: FE FE 03 2B D3 10 
2026-03-23 16:34:42.530 DEBU [pymycobot.common] _read : FE FE 04 2B 01 CD A2
2026-03-23 16:34:42.554 DEBU [pymycobot.common] _write: FE FE 03 2B D3 10 
2026-03-23 16:34:42.560 DEBU [pymycobot.common] _read : FE FE 04 2B 01 CD A2
2026-03-23 16:34:42.584 DEBU [pymycobot.common] _write: FE FE 03 2B D3 10 
2026-03-23 16:34:42.591 DEBU [pymycobot.common] _read : FE FE 04 2B 01 CD A2
2026-03-23 16:34:42.614 DEBU [pymycobot.common] _write: FE FE 03 2B D3 10 
2026-03-23 16:34:42.620 DEBU [pymycobot.common] _read : FE FE 04 2B 01 CD A2
2026-03-23 16:34:42.644 DEBU [pymycobot.common] _write: FE FE 03 2B D3 10 
2026-03-23 16:34:42.649 DEBU [pymycobot.common] _read : FE FE 04 2B 01 CD A2
2026-03-23 16:34:42.674 DEBU [pymycobot.common] _write: FE FE 03 2B D3 10 
2026-03-23 16:34:42.681 DEBU [pymycobot.common] _read : FE FE 04 2B 01 CD A2
2026-03-23 16:34:42.704 DEBU [pymycobot.common] _write: FE FE 03 2B D3 10 
2026-03-23 16:34:42.710 DEBU [pymycobot.common] _read : FE FE 04 2B 01 CD A2
2026-03-23 16:34:42.734 DEBU [pymycobot.common] _write: FE FE 03 2B D3 10 
2026-03-23 16:34:42.741 DEBU [pymycobot.common] _read : FE FE 04 2B 01 CD A2
2026-03-23 16:34:42.764 DEBU [pymycobot.common] _write: FE FE 03 2B D3 10 
2026-03-23 16:34:42.770 DEBU [pymycobot.common] _read : FE FE 04 2B 01 CD A2
2026-03-23 16:34:42.794 DEBU [pymycobot.common] _write: FE FE 03 2B D3 10 
2026-03-23 16:34:42.801 DEBU [pymycobot.common] _read : FE FE 04 2B 01 CD A2
2026-03-23 16:34:42.824 DEBU [pymycobot.common] _write: FE FE 03 2B D3 10 
2026-03-23 16:34:42.830 DEBU [pymycobot.common] _read : FE FE 04 2B 00 0D 63
2026-03-23 16:34:42.835 DEBU [pymycobot.common] _read : FE FE 04 5B 00 CD 46
2026-03-23 16:34:42.854 DEBU [pymycobot.common] _write: FE FE 03 2B D3 10 
2026-03-23 16:34:42.861 DEBU [pymycobot.common] _read : FE FE 04 2B 00 0D 63
2026-03-23 16:34:52.282 DEBU [pymycobot.common] _write: FE FE 04 F8 00 3D 3E 
2026-03-23 16:34:52.297 DEBU [pymycobot.common] _read : FE FE 05 F8 FF 01 1C 3D
2026-03-23 16:34:52.297 DEBU [pymycobot.common] _write: FE FE 03 2B D3 10 
2026-03-23 16:34:52.311 DEBU [pymycobot.common] _read : FE FE 04 2B 01 CD A2
2026-03-23 16:34:52.337 DEBU [pymycobot.common] _write: FE FE 03 2B D3 10 
2026-03-23 16:34:52.343 DEBU [pymycobot.common] _read : FE FE 04 2B 01 CD A2
2026-03-23 16:34:52.368 DEBU [pymycobot.common] _write: FE FE 03 2B D3 10 
2026-03-23 16:34:52.374 DEBU [pymycobot.common] _read : FE FE 04 2B 01 CD A2
2026-03-23 16:34:52.398 DEBU [pymycobot.common] _write: FE FE 03 2B D3 10 
2026-03-23 16:34:52.406 DEBU [pymycobot.common] _read : FE FE 04 2B 01 CD A2
2026-03-23 16:34:52.429 DEBU [pymycobot.common] _write: FE FE 03 2B D3 10 
2026-03-23 16:34:52.436 DEBU [pymycobot.common] _read : FE FE 04 2B 01 CD A2
2026-03-23 16:34:52.459 DEBU [pymycobot.common] _write: FE FE 03 2B D3 10 
2026-03-23 16:34:52.466 DEBU [pymycobot.common] _read : FE FE 04 2B 01 CD A2
2026-03-23 16:34:52.489 DEBU [pymycobot.common] _write: FE FE 03 2B D3 10 
2026-03-23 16:34:52.497 DEBU [pymycobot.common] _read : FE FE 04 2B 01 CD A2
2026-03-23 16:34:52.520 DEBU [pymycobot.common] _write: FE FE 03 2B D3 10 
2026-03-23 16:34:52.527 DEBU [pymycobot.common] _read : FE FE 04 2B 01 CD A2
2026-03-23 16:34:52.550 DEBU [pymycobot.common] _write: FE FE 03 2B D3 10 
2026-03-23 16:34:52.557 DEBU [pymycobot.common] _read : FE FE 04 2B 01 CD A2
2026-03-23 16:34:52.581 DEBU [pymycobot.common] _write: FE FE 03 2B D3 10 
2026-03-23 16:34:52.588 DEBU [pymycobot.common] _read : FE FE 04 2B 01 CD A2
2026-03-23 16:34:52.611 DEBU [pymycobot.common] _write: FE FE 03 2B D3 10 
2026-03-23 16:34:52.619 DEBU [pymycobot.common] _read : FE FE 04 2B 01 CD A2
2026-03-23 16:34:52.641 DEBU [pymycobot.common] _write: FE FE 03 2B D3 10 
2026-03-23 16:34:52.647 DEBU [pymycobot.common] _read : FE FE 04 2B 01 CD A2
2026-03-23 16:34:52.672 DEBU [pymycobot.common] _write: FE FE 03 2B D3 10 
2026-03-23 16:34:52.679 DEBU [pymycobot.common] _read : FE FE 04 2B 01 CD A2
2026-03-23 16:34:52.702 DEBU [pymycobot.common] _write: FE FE 03 2B D3 10 
2026-03-23 16:34:52.708 DEBU [pymycobot.common] _read : FE FE 04 2B 01 CD A2
2026-03-23 16:34:52.732 DEBU [pymycobot.common] _write: FE FE 03 2B D3 10 
2026-03-23 16:34:52.739 DEBU [pymycobot.common] _read : FE FE 04 2B 01 CD A2
2026-03-23 16:34:52.762 DEBU [pymycobot.common] _write: FE FE 03 2B D3 10 
2026-03-23 16:34:52.767 DEBU [pymycobot.common] _read : FE FE 04 2B 01 CD A2
2026-03-23 16:34:52.793 DEBU [pymycobot.common] _write: FE FE 03 2B D3 10 
2026-03-23 16:34:52.800 DEBU [pymycobot.common] _read : FE FE 04 2B 01 CD A2
2026-03-23 16:34:52.823 DEBU [pymycobot.common] _write: FE FE 03 2B D3 10 
2026-03-23 16:34:52.831 DEBU [pymycobot.common] _read : FE FE 04 2B 01 CD A2
2026-03-23 16:34:52.853 DEBU [pymycobot.common] _write: FE FE 03 2B D3 10 
2026-03-23 16:34:52.859 DEBU [pymycobot.common] _read : FE FE 04 2B 01 CD A2
2026-03-23 16:34:52.883 DEBU [pymycobot.common] _write: FE FE 03 2B D3 10 
2026-03-23 16:34:52.890 DEBU [pymycobot.common] _read : FE FE 04 2B 01 CD A2
2026-03-23 16:34:52.913 DEBU [pymycobot.common] _write: FE FE 03 2B D3 10 
2026-03-23 16:34:52.921 DEBU [pymycobot.common] _read : FE FE 04 2B 01 CD A2
2026-03-23 16:34:52.944 DEBU [pymycobot.common] _write: FE FE 03 2B D3 10 
2026-03-23 16:34:52.951 DEBU [pymycobot.common] _read : FE FE 04 2B 01 CD A2
2026-03-23 16:34:52.974 DEBU [pymycobot.common] _write: FE FE 03 2B D3 10 
2026-03-23 16:34:52.981 DEBU [pymycobot.common] _read : FE FE 04 2B 01 CD A2
2026-03-23 16:34:53.006 DEBU [pymycobot.common] _write: FE FE 03 2B D3 10 
2026-03-23 16:34:53.014 DEBU [pymycobot.common] _read : FE FE 04 2B 01 CD A2
2026-03-23 16:34:53.035 DEBU [pymycobot.common] _write: FE FE 03 2B D3 10 
2026-03-23 16:34:53.042 DEBU [pymycobot.common] _read : FE FE 04 2B 01 CD A2
2026-03-23 16:34:53.065 DEBU [pymycobot.common] _write: FE FE 03 2B D3 10 
2026-03-23 16:34:53.072 DEBU [pymycobot.common] _read : FE FE 04 2B 01 CD A2
2026-03-23 16:34:53.095 DEBU [pymycobot.common] _write: FE FE 03 2B D3 10 
2026-03-23 16:34:53.103 DEBU [pymycobot.common] _read : FE FE 04 2B 01 CD A2
2026-03-23 16:34:53.125 DEBU [pymycobot.common] _write: FE FE 03 2B D3 10 
2026-03-23 16:34:53.133 DEBU [pymycobot.common] _read : FE FE 04 2B 01 CD A2
2026-03-23 16:34:53.155 DEBU [pymycobot.common] _write: FE FE 03 2B D3 10 
2026-03-23 16:34:53.163 DEBU [pymycobot.common] _read : FE FE 04 2B 01 CD A2
2026-03-23 16:34:53.185 DEBU [pymycobot.common] _write: FE FE 03 2B D3 10 
2026-03-23 16:34:53.194 DEBU [pymycobot.common] _read : FE FE 04 2B 01 CD A2
2026-03-23 16:34:53.216 DEBU [pymycobot.common] _write: FE FE 03 2B D3 10 
2026-03-23 16:34:53.224 DEBU [pymycobot.common] _read : FE FE 04 2B 01 CD A2
2026-03-23 16:34:53.246 DEBU [pymycobot.common] _write: FE FE 03 2B D3 10 
2026-03-23 16:34:53.252 DEBU [pymycobot.common] _read : FE FE 04 2B 01 CD A2
2026-03-23 16:34:53.276 DEBU [pymycobot.common] _write: FE FE 03 2B D3 10 
2026-03-23 16:34:53.284 DEBU [pymycobot.common] _read : FE FE 04 2B 01 CD A2
2026-03-23 16:34:53.307 DEBU [pymycobot.common] _write: FE FE 03 2B D3 10 
2026-03-23 16:34:53.316 DEBU [pymycobot.common] _read : FE FE 04 2B 01 CD A2
2026-03-23 16:34:53.337 DEBU [pymycobot.common] _write: FE FE 03 2B D3 10 
2026-03-23 16:34:53.345 DEBU [pymycobot.common] _read : FE FE 04 2B 01 CD A2
2026-03-23 16:34:53.368 DEBU [pymycobot.common] _write: FE FE 03 2B D3 10 
2026-03-23 16:34:53.376 DEBU [pymycobot.common] _read : FE FE 04 2B 01 CD A2
2026-03-23 16:34:53.398 DEBU [pymycobot.common] _write: FE FE 03 2B D3 10 
2026-03-23 16:34:53.405 DEBU [pymycobot.common] _read : FE FE 04 2B 01 CD A2
2026-03-23 16:34:53.429 DEBU [pymycobot.common] _write: FE FE 03 2B D3 10 
2026-03-23 16:34:53.436 DEBU [pymycobot.common] _read : FE FE 04 2B 01 CD A2
2026-03-23 16:34:53.459 DEBU [pymycobot.common] _write: FE FE 03 2B D3 10 
2026-03-23 16:34:53.467 DEBU [pymycobot.common] _read : FE FE 04 2B 01 CD A2
2026-03-23 16:34:53.489 DEBU [pymycobot.common] _write: FE FE 03 2B D3 10 
2026-03-23 16:34:53.497 DEBU [pymycobot.common] _read : FE FE 04 2B 01 CD A2
2026-03-23 16:34:53.519 DEBU [pymycobot.common] _write: FE FE 03 2B D3 10 
2026-03-23 16:34:53.527 DEBU [pymycobot.common] _read : FE FE 04 2B 01 CD A2
2026-03-23 16:34:53.550 DEBU [pymycobot.common] _write: FE FE 03 2B D3 10 
2026-03-23 16:34:53.558 DEBU [pymycobot.common] _read : FE FE 04 2B 01 CD A2
2026-03-23 16:34:53.580 DEBU [pymycobot.common] _write: FE FE 03 2B D3 10 
2026-03-23 16:34:53.588 DEBU [pymycobot.common] _read : FE FE 04 2B 01 CD A2
2026-03-23 16:34:53.611 DEBU [pymycobot.common] _write: FE FE 03 2B D3 10 
2026-03-23 16:34:53.618 DEBU [pymycobot.common] _read : FE FE 04 2B 01 CD A2
2026-03-23 16:34:53.641 DEBU [pymycobot.common] _write: FE FE 03 2B D3 10 
2026-03-23 16:34:53.648 DEBU [pymycobot.common] _read : FE FE 04 2B 01 CD A2
2026-03-23 16:34:53.671 DEBU [pymycobot.common] _write: FE FE 03 2B D3 10 
2026-03-23 16:34:53.678 DEBU [pymycobot.common] _read : FE FE 04 2B 01 CD A2
2026-03-23 16:34:53.701 DEBU [pymycobot.common] _write: FE FE 03 2B D3 10 
2026-03-23 16:34:53.708 DEBU [pymycobot.common] _read : FE FE 04 2B 01 CD A2
2026-03-23 16:34:53.731 DEBU [pymycobot.common] _write: FE FE 03 2B D3 10 
2026-03-23 16:34:53.738 DEBU [pymycobot.common] _read : FE FE 04 2B 01 CD A2
2026-03-23 16:34:53.761 DEBU [pymycobot.common] _write: FE FE 03 2B D3 10 
2026-03-23 16:34:53.769 DEBU [pymycobot.common] _read : FE FE 04 2B 01 CD A2
2026-03-23 16:34:53.792 DEBU [pymycobot.common] _write: FE FE 03 2B D3 10 
2026-03-23 16:34:53.798 DEBU [pymycobot.common] _read : FE FE 04 2B 01 CD A2
2026-03-23 16:34:53.822 DEBU [pymycobot.common] _write: FE FE 03 2B D3 10 
2026-03-23 16:34:53.829 DEBU [pymycobot.common] _read : FE FE 04 2B 01 CD A2
2026-03-23 16:34:53.852 DEBU [pymycobot.common] _write: FE FE 03 2B D3 10 
2026-03-23 16:34:53.859 DEBU [pymycobot.common] _read : FE FE 04 2B 01 CD A2
2026-03-23 16:34:53.882 DEBU [pymycobot.common] _write: FE FE 03 2B D3 10 
2026-03-23 16:34:53.889 DEBU [pymycobot.common] _read : FE FE 04 2B 01 CD A2
2026-03-23 16:34:53.913 DEBU [pymycobot.common] _write: FE FE 03 2B D3 10 
2026-03-23 16:34:53.921 DEBU [pymycobot.common] _read : FE FE 04 2B 01 CD A2
2026-03-23 16:34:53.943 DEBU [pymycobot.common] _write: FE FE 03 2B D3 10 
2026-03-23 16:34:53.951 DEBU [pymycobot.common] _read : FE FE 04 2B 01 CD A2
2026-03-23 16:34:53.973 DEBU [pymycobot.common] _write: FE FE 03 2B D3 10 
2026-03-23 16:34:53.981 DEBU [pymycobot.common] _read : FE FE 04 2B 01 CD A2
2026-03-23 16:34:54.003 DEBU [pymycobot.common] _write: FE FE 03 2B D3 10 
2026-03-23 16:34:54.011 DEBU [pymycobot.common] _read : FE FE 04 2B 01 CD A2
2026-03-23 16:34:54.033 DEBU [pymycobot.common] _write: FE FE 03 2B D3 10 
2026-03-23 16:34:54.040 DEBU [pymycobot.common] _read : FE FE 04 2B 01 CD A2
2026-03-23 16:34:54.063 DEBU [pymycobot.common] _write: FE FE 03 2B D3 10 
2026-03-23 16:34:54.070 DEBU [pymycobot.common] _read : FE FE 04 2B 01 CD A2
2026-03-23 16:34:54.093 DEBU [pymycobot.common] _write: FE FE 03 2B D3 10 
2026-03-23 16:34:54.100 DEBU [pymycobot.common] _read : FE FE 04 2B 01 CD A2
2026-03-23 16:34:54.123 DEBU [pymycobot.common] _write: FE FE 03 2B D3 10 
2026-03-23 16:34:54.131 DEBU [pymycobot.common] _read : FE FE 04 2B 01 CD A2
2026-03-23 16:34:54.153 DEBU [pymycobot.common] _write: FE FE 03 2B D3 10 
2026-03-23 16:34:54.160 DEBU [pymycobot.common] _read : FE FE 04 2B 01 CD A2
2026-03-23 16:34:54.183 DEBU [pymycobot.common] _write: FE FE 03 2B D3 10 
2026-03-23 16:34:54.192 DEBU [pymycobot.common] _read : FE FE 04 2B 01 CD A2
2026-03-23 16:34:54.213 DEBU [pymycobot.common] _write: FE FE 03 2B D3 10 
2026-03-23 16:34:54.222 DEBU [pymycobot.common] _read : FE FE 04 2B 01 CD A2
2026-03-23 16:34:54.243 DEBU [pymycobot.common] _write: FE FE 03 2B D3 10 
2026-03-23 16:34:54.251 DEBU [pymycobot.common] _read : FE FE 04 2B 01 CD A2
2026-03-23 16:34:54.273 DEBU [pymycobot.common] _write: FE FE 03 2B D3 10 
2026-03-23 16:34:54.281 DEBU [pymycobot.common] _read : FE FE 04 2B 01 CD A2
2026-03-23 16:34:54.304 DEBU [pymycobot.common] _write: FE FE 03 2B D3 10 
2026-03-23 16:34:54.312 DEBU [pymycobot.common] _read : FE FE 04 2B 01 CD A2
2026-03-23 16:34:54.334 DEBU [pymycobot.common] _write: FE FE 03 2B D3 10 
2026-03-23 16:34:54.343 DEBU [pymycobot.common] _read : FE FE 04 2B 01 CD A2
2026-03-23 16:34:54.364 DEBU [pymycobot.common] _write: FE FE 03 2B D3 10 
2026-03-23 16:34:54.371 DEBU [pymycobot.common] _read : FE FE 04 2B 01 CD A2
2026-03-23 16:34:54.394 DEBU [pymycobot.common] _write: FE FE 03 2B D3 10 
2026-03-23 16:34:54.402 DEBU [pymycobot.common] _read : FE FE 04 2B 01 CD A2
2026-03-23 16:34:54.425 DEBU [pymycobot.common] _write: FE FE 03 2B D3 10 
2026-03-23 16:34:54.432 DEBU [pymycobot.common] _read : FE FE 04 2B 01 CD A2
2026-03-23 16:34:54.455 DEBU [pymycobot.common] _write: FE FE 03 2B D3 10 
2026-03-23 16:34:54.462 DEBU [pymycobot.common] _read : FE FE 04 2B 01 CD A2
2026-03-23 16:34:54.485 DEBU [pymycobot.common] _write: FE FE 03 2B D3 10 
2026-03-23 16:34:54.493 DEBU [pymycobot.common] _read : FE FE 04 2B 01 CD A2
2026-03-23 16:34:54.515 DEBU [pymycobot.common] _write: FE FE 03 2B D3 10 
2026-03-23 16:34:54.522 DEBU [pymycobot.common] _read : FE FE 04 2B 01 CD A2
2026-03-23 16:34:54.545 DEBU [pymycobot.common] _write: FE FE 03 2B D3 10 
2026-03-23 16:34:54.553 DEBU [pymycobot.common] _read : FE FE 04 2B 01 CD A2
2026-03-23 16:34:54.575 DEBU [pymycobot.common] _write: FE FE 03 2B D3 10 
2026-03-23 16:34:54.582 DEBU [pymycobot.common] _read : FE FE 04 2B 01 CD A2
2026-03-23 16:34:54.605 DEBU [pymycobot.common] _write: FE FE 03 2B D3 10 
2026-03-23 16:34:54.613 DEBU [pymycobot.common] _read : FE FE 04 2B 01 CD A2
2026-03-23 16:34:54.635 DEBU [pymycobot.common] _write: FE FE 03 2B D3 10 
2026-03-23 16:34:54.643 DEBU [pymycobot.common] _read : FE FE 04 2B 01 CD A2
2026-03-23 16:34:54.665 DEBU [pymycobot.common] _write: FE FE 03 2B D3 10 
2026-03-23 16:34:54.673 DEBU [pymycobot.common] _read : FE FE 04 2B 01 CD A2
2026-03-23 16:34:54.695 DEBU [pymycobot.common] _write: FE FE 03 2B D3 10 
2026-03-23 16:34:54.704 DEBU [pymycobot.common] _read : FE FE 04 2B 01 CD A2
2026-03-23 16:34:54.726 DEBU [pymycobot.common] _write: FE FE 03 2B D3 10 
2026-03-23 16:34:54.733 DEBU [pymycobot.common] _read : FE FE 04 2B 01 CD A2
2026-03-23 16:34:54.755 DEBU [pymycobot.common] _write: FE FE 03 2B D3 10 
2026-03-23 16:34:54.764 DEBU [pymycobot.common] _read : FE FE 04 2B 01 CD A2
2026-03-23 16:34:54.785 DEBU [pymycobot.common] _write: FE FE 03 2B D3 10 
2026-03-23 16:34:54.792 DEBU [pymycobot.common] _read : FE FE 04 2B 01 CD A2
2026-03-23 16:34:54.815 DEBU [pymycobot.common] _write: FE FE 03 2B D3 10 
2026-03-23 16:34:54.823 DEBU [pymycobot.common] _read : FE FE 04 2B 01 CD A2
2026-03-23 16:34:54.845 DEBU [pymycobot.common] _write: FE FE 03 2B D3 10 
2026-03-23 16:34:54.853 DEBU [pymycobot.common] _read : FE FE 04 2B 01 CD A2
2026-03-23 16:34:54.875 DEBU [pymycobot.common] _write: FE FE 03 2B D3 10 
2026-03-23 16:34:54.882 DEBU [pymycobot.common] _read : FE FE 04 2B 01 CD A2
2026-03-23 16:34:54.906 DEBU [pymycobot.common] _write: FE FE 03 2B D3 10 
2026-03-23 16:34:54.913 DEBU [pymycobot.common] _read : FE FE 04 2B 01 CD A2
2026-03-23 16:34:54.936 DEBU [pymycobot.common] _write: FE FE 03 2B D3 10 
2026-03-23 16:34:54.944 DEBU [pymycobot.common] _read : FE FE 04 2B 01 CD A2
2026-03-23 16:34:54.966 DEBU [pymycobot.common] _write: FE FE 03 2B D3 10 
2026-03-23 16:34:54.973 DEBU [pymycobot.common] _read : FE FE 04 2B 01 CD A2
2026-03-23 16:34:54.996 DEBU [pymycobot.common] _write: FE FE 03 2B D3 10 
2026-03-23 16:34:55.004 DEBU [pymycobot.common] _read : FE FE 04 2B 01 CD A2
2026-03-23 16:34:55.027 DEBU [pymycobot.common] _write: FE FE 03 2B D3 10 
2026-03-23 16:34:55.034 DEBU [pymycobot.common] _read : FE FE 04 2B 01 CD A2
2026-03-23 16:34:55.057 DEBU [pymycobot.common] _write: FE FE 03 2B D3 10 
2026-03-23 16:34:55.065 DEBU [pymycobot.common] _read : FE FE 04 2B 01 CD A2
2026-03-23 16:34:55.087 DEBU [pymycobot.common] _write: FE FE 03 2B D3 10 
2026-03-23 16:34:55.096 DEBU [pymycobot.common] _read : FE FE 04 2B 01 CD A2
2026-03-23 16:34:55.118 DEBU [pymycobot.common] _write: FE FE 03 2B D3 10 
2026-03-23 16:34:55.125 DEBU [pymycobot.common] _read : FE FE 04 2B 01 CD A2
2026-03-23 16:34:55.148 DEBU [pymycobot.common] _write: FE FE 03 2B D3 10 
2026-03-23 16:34:55.156 DEBU [pymycobot.common] _read : FE FE 04 2B 01 CD A2
2026-03-23 16:34:55.178 DEBU [pymycobot.common] _write: FE FE 03 2B D3 10 
2026-03-23 16:34:55.185 DEBU [pymycobot.common] _read : FE FE 04 2B 01 CD A2
2026-03-23 16:34:55.208 DEBU [pymycobot.common] _write: FE FE 03 2B D3 10 
2026-03-23 16:34:55.215 DEBU [pymycobot.common] _read : FE FE 04 2B 01 CD A2
2026-03-23 16:34:55.238 DEBU [pymycobot.common] _write: FE FE 03 2B D3 10 
2026-03-23 16:34:55.245 DEBU [pymycobot.common] _read : FE FE 04 2B 01 CD A2
2026-03-23 16:34:55.268 DEBU [pymycobot.common] _write: FE FE 03 2B D3 10 
2026-03-23 16:34:55.274 DEBU [pymycobot.common] _read : FE FE 04 2B 01 CD A2
2026-03-23 16:34:55.298 DEBU [pymycobot.common] _write: FE FE 03 2B D3 10 
2026-03-23 16:34:55.306 DEBU [pymycobot.common] _read : FE FE 04 2B 01 CD A2
2026-03-23 16:34:55.329 DEBU [pymycobot.common] _write: FE FE 03 2B D3 10 
2026-03-23 16:34:55.336 DEBU [pymycobot.common] _read : FE FE 04 2B 01 CD A2
2026-03-23 16:34:55.360 DEBU [pymycobot.common] _write: FE FE 03 2B D3 10 
2026-03-23 16:34:55.368 DEBU [pymycobot.common] _read : FE FE 04 2B 01 CD A2
2026-03-23 16:34:55.390 DEBU [pymycobot.common] _write: FE FE 03 2B D3 10 
2026-03-23 16:34:55.397 DEBU [pymycobot.common] _read : FE FE 04 2B 01 CD A2
2026-03-23 16:34:55.420 DEBU [pymycobot.common] _write: FE FE 03 2B D3 10 
2026-03-23 16:34:55.427 DEBU [pymycobot.common] _read : FE FE 04 2B 01 CD A2
2026-03-23 16:34:55.450 DEBU [pymycobot.common] _write: FE FE 03 2B D3 10 
2026-03-23 16:34:55.457 DEBU [pymycobot.common] _read : FE FE 04 2B 01 CD A2
2026-03-23 16:34:55.480 DEBU [pymycobot.common] _write: FE FE 03 2B D3 10 
2026-03-23 16:34:55.488 DEBU [pymycobot.common] _read : FE FE 04 2B 01 CD A2
2026-03-23 16:34:55.511 DEBU [pymycobot.common] _write: FE FE 03 2B D3 10 
2026-03-23 16:34:55.521 DEBU [pymycobot.common] _read : FE FE 04 2B 01 CD A2
2026-03-23 16:34:55.542 DEBU [pymycobot.common] _write: FE FE 03 2B D3 10 
2026-03-23 16:34:55.549 DEBU [pymycobot.common] _read : FE FE 04 2B 01 CD A2
2026-03-23 16:34:55.572 DEBU [pymycobot.common] _write: FE FE 03 2B D3 10 
2026-03-23 16:34:55.579 DEBU [pymycobot.common] _read : FE FE 04 2B 01 CD A2
2026-03-23 16:34:55.602 DEBU [pymycobot.common] _write: FE FE 03 2B D3 10 
2026-03-23 16:34:55.610 DEBU [pymycobot.common] _read : FE FE 04 2B 01 CD A2
2026-03-23 16:34:55.633 DEBU [pymycobot.common] _write: FE FE 03 2B D3 10 
2026-03-23 16:34:55.640 DEBU [pymycobot.common] _read : FE FE 04 2B 01 CD A2
2026-03-23 16:34:55.663 DEBU [pymycobot.common] _write: FE FE 03 2B D3 10 
2026-03-23 16:34:55.672 DEBU [pymycobot.common] _read : FE FE 04 2B 01 CD A2
2026-03-23 16:34:55.694 DEBU [pymycobot.common] _write: FE FE 03 2B D3 10 
2026-03-23 16:34:55.701 DEBU [pymycobot.common] _read : FE FE 04 2B 01 CD A2
2026-03-23 16:34:55.724 DEBU [pymycobot.common] _write: FE FE 03 2B D3 10 
2026-03-23 16:34:55.732 DEBU [pymycobot.common] _read : FE FE 04 2B 01 CD A2
2026-03-23 16:34:55.754 DEBU [pymycobot.common] _write: FE FE 03 2B D3 10 
2026-03-23 16:34:55.763 DEBU [pymycobot.common] _read : FE FE 04 2B 01 CD A2
2026-03-23 16:34:55.785 DEBU [pymycobot.common] _write: FE FE 03 2B D3 10 
2026-03-23 16:34:55.793 DEBU [pymycobot.common] _read : FE FE 04 2B 01 CD A2
2026-03-23 16:34:55.815 DEBU [pymycobot.common] _write: FE FE 03 2B D3 10 
2026-03-23 16:34:55.823 DEBU [pymycobot.common] _read : FE FE 04 2B 01 CD A2
2026-03-23 16:34:55.846 DEBU [pymycobot.common] _write: FE FE 03 2B D3 10 
2026-03-23 16:34:55.853 DEBU [pymycobot.common] _read : FE FE 04 2B 01 CD A2
2026-03-23 16:34:55.876 DEBU [pymycobot.common] _write: FE FE 03 2B D3 10 
2026-03-23 16:34:55.884 DEBU [pymycobot.common] _read : FE FE 04 2B 01 CD A2
2026-03-23 16:34:55.906 DEBU [pymycobot.common] _write: FE FE 03 2B D3 10 
2026-03-23 16:34:55.914 DEBU [pymycobot.common] _read : FE FE 04 2B 01 CD A2
2026-03-23 16:34:55.936 DEBU [pymycobot.common] _write: FE FE 03 2B D3 10 
2026-03-23 16:34:55.944 DEBU [pymycobot.common] _read : FE FE 04 2B 01 CD A2
2026-03-23 16:34:55.966 DEBU [pymycobot.common] _write: FE FE 03 2B D3 10 
2026-03-23 16:34:55.973 DEBU [pymycobot.common] _read : FE FE 04 2B 01 CD A2
2026-03-23 16:34:55.997 DEBU [pymycobot.common] _write: FE FE 03 2B D3 10 
2026-03-23 16:34:56.004 DEBU [pymycobot.common] _read : FE FE 04 2B 01 CD A2
2026-03-23 16:34:56.027 DEBU [pymycobot.common] _write: FE FE 03 2B D3 10 
2026-03-23 16:34:56.035 DEBU [pymycobot.common] _read : FE FE 04 2B 01 CD A2
2026-03-23 16:34:56.058 DEBU [pymycobot.common] _write: FE FE 03 2B D3 10 
2026-03-23 16:34:56.066 DEBU [pymycobot.common] _read : FE FE 04 2B 01 CD A2
2026-03-23 16:34:56.088 DEBU [pymycobot.common] _write: FE FE 03 2B D3 10 
2026-03-23 16:34:56.096 DEBU [pymycobot.common] _read : FE FE 04 2B 01 CD A2
2026-03-23 16:34:56.118 DEBU [pymycobot.common] _write: FE FE 03 2B D3 10 
2026-03-23 16:34:56.125 DEBU [pymycobot.common] _read : FE FE 04 2B 01 CD A2
2026-03-23 16:34:56.148 DEBU [pymycobot.common] _write: FE FE 03 2B D3 10 
2026-03-23 16:34:56.156 DEBU [pymycobot.common] _read : FE FE 04 2B 01 CD A2
2026-03-23 16:34:56.178 DEBU [pymycobot.common] _write: FE FE 03 2B D3 10 
2026-03-23 16:34:56.187 DEBU [pymycobot.common] _read : FE FE 04 2B 01 CD A2
2026-03-23 16:34:56.209 DEBU [pymycobot.common] _write: FE FE 03 2B D3 10 
2026-03-23 16:34:56.216 DEBU [pymycobot.common] _read : FE FE 04 2B 01 CD A2
2026-03-23 16:34:56.239 DEBU [pymycobot.common] _write: FE FE 03 2B D3 10 
2026-03-23 16:34:56.247 DEBU [pymycobot.common] _read : FE FE 04 2B 01 CD A2
2026-03-23 16:34:56.270 DEBU [pymycobot.common] _write: FE FE 03 2B D3 10 
2026-03-23 16:34:56.277 DEBU [pymycobot.common] _read : FE FE 04 2B 01 CD A2
2026-03-23 16:34:56.300 DEBU [pymycobot.common] _write: FE FE 03 2B D3 10 
2026-03-23 16:34:56.308 DEBU [pymycobot.common] _read : FE FE 04 2B 01 CD A2
2026-03-23 16:34:56.331 DEBU [pymycobot.common] _write: FE FE 03 2B D3 10 
2026-03-23 16:34:56.338 DEBU [pymycobot.common] _read : FE FE 04 2B 01 CD A2
2026-03-23 16:34:56.361 DEBU [pymycobot.common] _write: FE FE 03 2B D3 10 
2026-03-23 16:34:56.369 DEBU [pymycobot.common] _read : FE FE 04 2B 01 CD A2
2026-03-23 16:34:56.390 DEBU [pymycobot.common] _write: FE FE 03 2B D3 10 
2026-03-23 16:34:56.399 DEBU [pymycobot.common] _read : FE FE 04 2B 01 CD A2
2026-03-23 16:34:56.421 DEBU [pymycobot.common] _write: FE FE 03 2B D3 10 
2026-03-23 16:34:56.429 DEBU [pymycobot.common] _read : FE FE 04 2B 01 CD A2
2026-03-23 16:34:56.451 DEBU [pymycobot.common] _write: FE FE 03 2B D3 10 
2026-03-23 16:34:56.458 DEBU [pymycobot.common] _read : FE FE 04 2B 01 CD A2
2026-03-23 16:34:56.481 DEBU [pymycobot.common] _write: FE FE 03 2B D3 10 
2026-03-23 16:34:56.488 DEBU [pymycobot.common] _read : FE FE 04 2B 01 CD A2
2026-03-23 16:34:56.511 DEBU [pymycobot.common] _write: FE FE 03 2B D3 10 
2026-03-23 16:34:56.519 DEBU [pymycobot.common] _read : FE FE 04 2B 01 CD A2
2026-03-23 16:34:56.541 DEBU [pymycobot.common] _write: FE FE 03 2B D3 10 
2026-03-23 16:34:56.549 DEBU [pymycobot.common] _read : FE FE 04 2B 01 CD A2
2026-03-23 16:34:56.572 DEBU [pymycobot.common] _write: FE FE 03 2B D3 10 
2026-03-23 16:34:56.580 DEBU [pymycobot.common] _read : FE FE 04 2B 01 CD A2
2026-03-23 16:34:56.602 DEBU [pymycobot.common] _write: FE FE 03 2B D3 10 
2026-03-23 16:34:56.609 DEBU [pymycobot.common] _read : FE FE 04 2B 01 CD A2
2026-03-23 16:34:56.632 DEBU [pymycobot.common] _write: FE FE 03 2B D3 10 
2026-03-23 16:34:56.640 DEBU [pymycobot.common] _read : FE FE 04 2B 01 CD A2
2026-03-23 16:34:56.662 DEBU [pymycobot.common] _write: FE FE 03 2B D3 10 
2026-03-23 16:34:56.668 DEBU [pymycobot.common] _read : FE FE 04 2B 01 CD A2
2026-03-23 16:34:56.693 DEBU [pymycobot.common] _write: FE FE 03 2B D3 10 
2026-03-23 16:34:56.701 DEBU [pymycobot.common] _read : FE FE 04 2B 01 CD A2
2026-03-23 16:34:56.723 DEBU [pymycobot.common] _write: FE FE 03 2B D3 10 
2026-03-23 16:34:56.732 DEBU [pymycobot.common] _read : FE FE 04 2B 01 CD A2
2026-03-23 16:34:56.753 DEBU [pymycobot.common] _write: FE FE 03 2B D3 10 
2026-03-23 16:34:56.761 DEBU [pymycobot.common] _read : FE FE 04 2B 01 CD A2
2026-03-23 16:34:56.783 DEBU [pymycobot.common] _write: FE FE 03 2B D3 10 
2026-03-23 16:34:56.790 DEBU [pymycobot.common] _read : FE FE 04 2B 01 CD A2
2026-03-23 16:34:56.813 DEBU [pymycobot.common] _write: FE FE 03 2B D3 10 
2026-03-23 16:34:56.821 DEBU [pymycobot.common] _read : FE FE 04 2B 01 CD A2
2026-03-23 16:34:56.843 DEBU [pymycobot.common] _write: FE FE 03 2B D3 10 
2026-03-23 16:34:56.850 DEBU [pymycobot.common] _read : FE FE 04 2B 01 CD A2
2026-03-23 16:34:56.873 DEBU [pymycobot.common] _write: FE FE 03 2B D3 10 
2026-03-23 16:34:56.880 DEBU [pymycobot.common] _read : FE FE 04 2B 01 CD A2
2026-03-23 16:34:56.903 DEBU [pymycobot.common] _write: FE FE 03 2B D3 10 
2026-03-23 16:34:56.911 DEBU [pymycobot.common] _read : FE FE 04 2B 01 CD A2
2026-03-23 16:34:56.933 DEBU [pymycobot.common] _write: FE FE 03 2B D3 10 
2026-03-23 16:34:56.941 DEBU [pymycobot.common] _read : FE FE 04 2B 01 CD A2
2026-03-23 16:34:56.963 DEBU [pymycobot.common] _write: FE FE 03 2B D3 10 
2026-03-23 16:34:56.971 DEBU [pymycobot.common] _read : FE FE 04 2B 01 CD A2
2026-03-23 16:34:56.993 DEBU [pymycobot.common] _write: FE FE 03 2B D3 10 
2026-03-23 16:34:56.999 DEBU [pymycobot.common] _read : FE FE 04 2B 01 CD A2
2026-03-23 16:34:57.024 DEBU [pymycobot.common] _write: FE FE 03 2B D3 10 
2026-03-23 16:34:57.033 DEBU [pymycobot.common] _read : FE FE 04 2B 01 CD A2
2026-03-23 16:34:57.054 DEBU [pymycobot.common] _write: FE FE 03 2B D3 10 
2026-03-23 16:34:57.060 DEBU [pymycobot.common] _read : FE FE 04 2B 01 CD A2
2026-03-23 16:34:57.084 DEBU [pymycobot.common] _write: FE FE 03 2B D3 10 
2026-03-23 16:34:57.090 DEBU [pymycobot.common] _read : FE FE 04 2B 01 CD A2
2026-03-23 16:34:57.114 DEBU [pymycobot.common] _write: FE FE 03 2B D3 10 
2026-03-23 16:34:57.121 DEBU [pymycobot.common] _read : FE FE 04 2B 01 CD A2
2026-03-23 16:34:57.144 DEBU [pymycobot.common] _write: FE FE 03 2B D3 10 
2026-03-23 16:34:57.151 DEBU [pymycobot.common] _read : FE FE 04 2B 01 CD A2
2026-03-23 16:34:57.174 DEBU [pymycobot.common] _write: FE FE 03 2B D3 10 
2026-03-23 16:34:57.179 DEBU [pymycobot.common] _read : FE FE 04 2B 01 CD A2
2026-03-23 16:34:57.204 DEBU [pymycobot.common] _write: FE FE 03 2B D3 10 
2026-03-23 16:34:57.211 DEBU [pymycobot.common] _read : FE FE 04 2B 01 CD A2
2026-03-23 16:34:57.234 DEBU [pymycobot.common] _write: FE FE 03 2B D3 10 
2026-03-23 16:34:57.239 DEBU [pymycobot.common] _read : FE FE 04 2B 01 CD A2
2026-03-23 16:34:57.264 DEBU [pymycobot.common] _write: FE FE 03 2B D3 10 
2026-03-23 16:34:57.270 DEBU [pymycobot.common] _read : FE FE 04 2B 01 CD A2
2026-03-23 16:34:57.295 DEBU [pymycobot.common] _write: FE FE 03 2B D3 10 
2026-03-23 16:34:57.302 DEBU [pymycobot.common] _read : FE FE 04 2B 01 CD A2
2026-03-23 16:34:57.325 DEBU [pymycobot.common] _write: FE FE 03 2B D3 10 
2026-03-23 16:34:57.332 DEBU [pymycobot.common] _read : FE FE 04 2B 01 CD A2
2026-03-23 16:34:57.356 DEBU [pymycobot.common] _write: FE FE 03 2B D3 10 
2026-03-23 16:34:57.362 DEBU [pymycobot.common] _read : FE FE 04 2B 01 CD A2
2026-03-23 16:34:57.387 DEBU [pymycobot.common] _write: FE FE 03 2B D3 10 
2026-03-23 16:34:57.393 DEBU [pymycobot.common] _read : FE FE 04 2B 01 CD A2
2026-03-23 16:34:57.417 DEBU [pymycobot.common] _write: FE FE 03 2B D3 10 
2026-03-23 16:34:57.424 DEBU [pymycobot.common] _read : FE FE 04 2B 01 CD A2
2026-03-23 16:34:57.447 DEBU [pymycobot.common] _write: FE FE 03 2B D3 10 
2026-03-23 16:34:57.453 DEBU [pymycobot.common] _read : FE FE 04 2B 01 CD A2
2026-03-23 16:34:57.477 DEBU [pymycobot.common] _write: FE FE 03 2B D3 10 
2026-03-23 16:34:57.483 DEBU [pymycobot.common] _read : FE FE 04 2B 01 CD A2
2026-03-23 16:34:57.507 DEBU [pymycobot.common] _write: FE FE 03 2B D3 10 
2026-03-23 16:34:57.512 DEBU [pymycobot.common] _read : FE FE 04 2B 01 CD A2
2026-03-23 16:34:57.537 DEBU [pymycobot.common] _write: FE FE 03 2B D3 10 
2026-03-23 16:34:57.544 DEBU [pymycobot.common] _read : FE FE 04 2B 01 CD A2
2026-03-23 16:34:57.567 DEBU [pymycobot.common] _write: FE FE 03 2B D3 10 
2026-03-23 16:34:57.574 DEBU [pymycobot.common] _read : FE FE 04 2B 01 CD A2
2026-03-23 16:34:57.597 DEBU [pymycobot.common] _write: FE FE 03 2B D3 10 
2026-03-23 16:34:57.604 DEBU [pymycobot.common] _read : FE FE 04 2B 01 CD A2
2026-03-23 16:34:57.627 DEBU [pymycobot.common] _write: FE FE 03 2B D3 10 
2026-03-23 16:34:57.633 DEBU [pymycobot.common] _read : FE FE 04 2B 01 CD A2
2026-03-23 16:34:57.657 DEBU [pymycobot.common] _write: FE FE 03 2B D3 10 
2026-03-23 16:34:57.664 DEBU [pymycobot.common] _read : FE FE 04 2B 01 CD A2
2026-03-23 16:34:57.687 DEBU [pymycobot.common] _write: FE FE 03 2B D3 10 
2026-03-23 16:34:57.693 DEBU [pymycobot.common] _read : FE FE 04 2B 01 CD A2
2026-03-23 16:34:57.717 DEBU [pymycobot.common] _write: FE FE 03 2B D3 10 
2026-03-23 16:34:57.723 DEBU [pymycobot.common] _read : FE FE 04 2B 01 CD A2
2026-03-23 16:34:57.747 DEBU [pymycobot.common] _write: FE FE 03 2B D3 10 
2026-03-23 16:34:57.754 DEBU [pymycobot.common] _read : FE FE 04 2B 01 CD A2
2026-03-23 16:34:57.777 DEBU [pymycobot.common] _write: FE FE 03 2B D3 10 
2026-03-23 16:34:57.783 DEBU [pymycobot.common] _read : FE FE 04 2B 01 CD A2
2026-03-23 16:34:57.807 DEBU [pymycobot.common] _write: FE FE 03 2B D3 10 
2026-03-23 16:34:57.814 DEBU [pymycobot.common] _read : FE FE 04 2B 01 CD A2
2026-03-23 16:34:57.837 DEBU [pymycobot.common] _write: FE FE 03 2B D3 10 
2026-03-23 16:34:57.844 DEBU [pymycobot.common] _read : FE FE 04 2B 01 CD A2
2026-03-23 16:34:57.867 DEBU [pymycobot.common] _write: FE FE 03 2B D3 10 
2026-03-23 16:34:57.873 DEBU [pymycobot.common] _read : FE FE 04 2B 01 CD A2
2026-03-23 16:34:57.897 DEBU [pymycobot.common] _write: FE FE 03 2B D3 10 
2026-03-23 16:34:57.904 DEBU [pymycobot.common] _read : FE FE 04 2B 01 CD A2
2026-03-23 16:34:57.928 DEBU [pymycobot.common] _write: FE FE 03 2B D3 10 
2026-03-23 16:34:57.934 DEBU [pymycobot.common] _read : FE FE 04 2B 01 CD A2
2026-03-23 16:34:57.957 DEBU [pymycobot.common] _write: FE FE 03 2B D3 10 
2026-03-23 16:34:57.963 DEBU [pymycobot.common] _read : FE FE 04 2B 01 CD A2
2026-03-23 16:34:57.987 DEBU [pymycobot.common] _write: FE FE 03 2B D3 10 
2026-03-23 16:34:57.993 DEBU [pymycobot.common] _read : FE FE 04 2B 01 CD A2
2026-03-23 16:34:58.017 DEBU [pymycobot.common] _write: FE FE 03 2B D3 10 
2026-03-23 16:34:58.024 DEBU [pymycobot.common] _read : FE FE 04 2B 01 CD A2
2026-03-23 16:34:58.047 DEBU [pymycobot.common] _write: FE FE 03 2B D3 10 
2026-03-23 16:34:58.052 DEBU [pymycobot.common] _read : FE FE 04 2B 01 CD A2
2026-03-23 16:34:58.077 DEBU [pymycobot.common] _write: FE FE 03 2B D3 10 
2026-03-23 16:34:58.083 DEBU [pymycobot.common] _read : FE FE 04 2B 01 CD A2
2026-03-23 16:34:58.107 DEBU [pymycobot.common] _write: FE FE 03 2B D3 10 
2026-03-23 16:34:58.114 DEBU [pymycobot.common] _read : FE FE 04 2B 01 CD A2
2026-03-23 16:34:58.137 DEBU [pymycobot.common] _write: FE FE 03 2B D3 10 
2026-03-23 16:34:58.143 DEBU [pymycobot.common] _read : FE FE 04 2B 01 CD A2
2026-03-23 16:34:58.167 DEBU [pymycobot.common] _write: FE FE 03 2B D3 10 
2026-03-23 16:34:58.174 DEBU [pymycobot.common] _read : FE FE 04 2B 01 CD A2
2026-03-23 16:34:58.197 DEBU [pymycobot.common] _write: FE FE 03 2B D3 10 
2026-03-23 16:34:58.203 DEBU [pymycobot.common] _read : FE FE 04 2B 01 CD A2
2026-03-23 16:34:58.227 DEBU [pymycobot.common] _write: FE FE 03 2B D3 10 
2026-03-23 16:34:58.235 DEBU [pymycobot.common] _read : FE FE 04 2B 01 CD A2
2026-03-23 16:34:58.257 DEBU [pymycobot.common] _write: FE FE 03 2B D3 10 
2026-03-23 16:34:58.263 DEBU [pymycobot.common] _read : FE FE 04 2B 01 CD A2
2026-03-23 16:34:58.288 DEBU [pymycobot.common] _write: FE FE 03 2B D3 10 
2026-03-23 16:34:58.294 DEBU [pymycobot.common] _read : FE FE 04 2B 01 CD A2
2026-03-23 16:34:58.318 DEBU [pymycobot.common] _write: FE FE 03 2B D3 10 
2026-03-23 16:34:58.323 DEBU [pymycobot.common] _read : FE FE 04 2B 01 CD A2
2026-03-23 16:34:58.349 DEBU [pymycobot.common] _write: FE FE 03 2B D3 10 
2026-03-23 16:34:58.355 DEBU [pymycobot.common] _read : FE FE 04 2B 01 CD A2
2026-03-23 16:34:58.379 DEBU [pymycobot.common] _write: FE FE 03 2B D3 10 
2026-03-23 16:34:58.387 DEBU [pymycobot.common] _read : FE FE 04 2B 01 CD A2
2026-03-23 16:34:58.410 DEBU [pymycobot.common] _write: FE FE 03 2B D3 10 
2026-03-23 16:34:58.417 DEBU [pymycobot.common] _read : FE FE 04 2B 01 CD A2
2026-03-23 16:34:58.440 DEBU [pymycobot.common] _write: FE FE 03 2B D3 10 
2026-03-23 16:34:58.446 DEBU [pymycobot.common] _read : FE FE 04 2B 01 CD A2
2026-03-23 16:34:58.470 DEBU [pymycobot.common] _write: FE FE 03 2B D3 10 
2026-03-23 16:34:58.476 DEBU [pymycobot.common] _read : FE FE 04 2B 01 CD A2
2026-03-23 16:34:58.500 DEBU [pymycobot.common] _write: FE FE 03 2B D3 10 
2026-03-23 16:34:58.508 DEBU [pymycobot.common] _read : FE FE 04 2B 01 CD A2
2026-03-23 16:34:58.530 DEBU [pymycobot.common] _write: FE FE 03 2B D3 10 
2026-03-23 16:34:58.536 DEBU [pymycobot.common] _read : FE FE 04 2B 01 CD A2
2026-03-23 16:34:58.560 DEBU [pymycobot.common] _write: FE FE 03 2B D3 10 
2026-03-23 16:34:58.566 DEBU [pymycobot.common] _read : FE FE 04 2B 01 CD A2
2026-03-23 16:34:58.590 DEBU [pymycobot.common] _write: FE FE 03 2B D3 10 
2026-03-23 16:34:58.596 DEBU [pymycobot.common] _read : FE FE 04 2B 01 CD A2
2026-03-23 16:34:58.620 DEBU [pymycobot.common] _write: FE FE 03 2B D3 10 
2026-03-23 16:34:58.627 DEBU [pymycobot.common] _read : FE FE 04 2B 01 CD A2
2026-03-23 16:34:58.650 DEBU [pymycobot.common] _write: FE FE 03 2B D3 10 
2026-03-23 16:34:58.657 DEBU [pymycobot.common] _read : FE FE 04 2B 01 CD A2
2026-03-23 16:34:58.680 DEBU [pymycobot.common] _write: FE FE 03 2B D3 10 
2026-03-23 16:34:58.686 DEBU [pymycobot.common] _read : FE FE 04 2B 01 CD A2
2026-03-23 16:34:58.710 DEBU [pymycobot.common] _write: FE FE 03 2B D3 10 
2026-03-23 16:34:58.718 DEBU [pymycobot.common] _read : FE FE 04 2B 01 CD A2
2026-03-23 16:34:58.740 DEBU [pymycobot.common] _write: FE FE 03 2B D3 10 
2026-03-23 16:34:58.747 DEBU [pymycobot.common] _read : FE FE 04 2B 01 CD A2
2026-03-23 16:34:58.770 DEBU [pymycobot.common] _write: FE FE 03 2B D3 10 
2026-03-23 16:34:58.775 DEBU [pymycobot.common] _read : FE FE 04 2B 01 CD A2
2026-03-23 16:34:58.800 DEBU [pymycobot.common] _write: FE FE 03 2B D3 10 
2026-03-23 16:34:58.806 DEBU [pymycobot.common] _read : FE FE 04 2B 01 CD A2
2026-03-23 16:34:58.830 DEBU [pymycobot.common] _write: FE FE 03 2B D3 10 
2026-03-23 16:34:58.836 DEBU [pymycobot.common] _read : FE FE 04 2B 01 CD A2
2026-03-23 16:34:58.860 DEBU [pymycobot.common] _write: FE FE 03 2B D3 10 
2026-03-23 16:34:58.866 DEBU [pymycobot.common] _read : FE FE 04 2B 01 CD A2
2026-03-23 16:34:58.890 DEBU [pymycobot.common] _write: FE FE 03 2B D3 10 
2026-03-23 16:34:58.896 DEBU [pymycobot.common] _read : FE FE 04 2B 01 CD A2
2026-03-23 16:34:58.920 DEBU [pymycobot.common] _write: FE FE 03 2B D3 10 
2026-03-23 16:34:58.926 DEBU [pymycobot.common] _read : FE FE 04 2B 01 CD A2
2026-03-23 16:34:58.950 DEBU [pymycobot.common] _write: FE FE 03 2B D3 10 
2026-03-23 16:34:58.956 DEBU [pymycobot.common] _read : FE FE 04 2B 01 CD A2
2026-03-23 16:34:58.980 DEBU [pymycobot.common] _write: FE FE 03 2B D3 10 
2026-03-23 16:34:58.986 DEBU [pymycobot.common] _read : FE FE 04 2B 01 CD A2
2026-03-23 16:34:59.010 DEBU [pymycobot.common] _write: FE FE 03 2B D3 10 
2026-03-23 16:34:59.017 DEBU [pymycobot.common] _read : FE FE 04 2B 01 CD A2
2026-03-23 16:34:59.040 DEBU [pymycobot.common] _write: FE FE 03 2B D3 10 
2026-03-23 16:34:59.046 DEBU [pymycobot.common] _read : FE FE 04 2B 01 CD A2
2026-03-23 16:34:59.070 DEBU [pymycobot.common] _write: FE FE 03 2B D3 10 
2026-03-23 16:34:59.076 DEBU [pymycobot.common] _read : FE FE 04 2B 01 CD A2
2026-03-23 16:34:59.100 DEBU [pymycobot.common] _write: FE FE 03 2B D3 10 
2026-03-23 16:34:59.106 DEBU [pymycobot.common] _read : FE FE 04 2B 01 CD A2
2026-03-23 16:34:59.130 DEBU [pymycobot.common] _write: FE FE 03 2B D3 10 
2026-03-23 16:34:59.135 DEBU [pymycobot.common] _read : FE FE 04 2B 01 CD A2
2026-03-23 16:34:59.160 DEBU [pymycobot.common] _write: FE FE 03 2B D3 10 
2026-03-23 16:34:59.165 DEBU [pymycobot.common] _read : FE FE 04 2B 01 CD A2
2026-03-23 16:34:59.190 DEBU [pymycobot.common] _write: FE FE 03 2B D3 10 
2026-03-23 16:34:59.196 DEBU [pymycobot.common] _read : FE FE 04 2B 01 CD A2
2026-03-23 16:34:59.220 DEBU [pymycobot.common] _write: FE FE 03 2B D3 10 
2026-03-23 16:34:59.230 DEBU [pymycobot.common] _read : FE FE 04 2B 01 CD A2
2026-03-23 16:34:59.250 DEBU [pymycobot.common] _write: FE FE 03 2B D3 10 
2026-03-23 16:34:59.258 DEBU [pymycobot.common] _read : FE FE 04 2B 01 CD A2
2026-03-23 16:34:59.280 DEBU [pymycobot.common] _write: FE FE 03 2B D3 10 
2026-03-23 16:34:59.287 DEBU [pymycobot.common] _read : FE FE 04 2B 01 CD A2
2026-03-23 16:34:59.311 DEBU [pymycobot.common] _write: FE FE 03 2B D3 10 
2026-03-23 16:34:59.319 DEBU [pymycobot.common] _read : FE FE 04 2B 01 CD A2
2026-03-23 16:34:59.341 DEBU [pymycobot.common] _write: FE FE 03 2B D3 10 
2026-03-23 16:34:59.347 DEBU [pymycobot.common] _read : FE FE 04 2B 01 CD A2
2026-03-23 16:34:59.372 DEBU [pymycobot.common] _write: FE FE 03 2B D3 10 
2026-03-23 16:34:59.381 DEBU [pymycobot.common] _read : FE FE 04 2B 01 CD A2
2026-03-23 16:34:59.403 DEBU [pymycobot.common] _write: FE FE 03 2B D3 10 
2026-03-23 16:34:59.408 DEBU [pymycobot.common] _read : FE FE 04 2B 01 CD A2
2026-03-23 16:34:59.433 DEBU [pymycobot.common] _write: FE FE 03 2B D3 10 
2026-03-23 16:34:59.439 DEBU [pymycobot.common] _read : FE FE 04 2B 01 CD A2
2026-03-23 16:34:59.463 DEBU [pymycobot.common] _write: FE FE 03 2B D3 10 
2026-03-23 16:34:59.469 DEBU [pymycobot.common] _read : FE FE 04 2B 01 CD A2
2026-03-23 16:34:59.494 DEBU [pymycobot.common] _write: FE FE 03 2B D3 10 
2026-03-23 16:34:59.501 DEBU [pymycobot.common] _read : FE FE 04 2B 01 CD A2
2026-03-23 16:34:59.524 DEBU [pymycobot.common] _write: FE FE 03 2B D3 10 
2026-03-23 16:34:59.531 DEBU [pymycobot.common] _read : FE FE 04 2B 01 CD A2
2026-03-23 16:34:59.554 DEBU [pymycobot.common] _write: FE FE 03 2B D3 10 
2026-03-23 16:34:59.560 DEBU [pymycobot.common] _read : FE FE 04 2B 01 CD A2
2026-03-23 16:34:59.584 DEBU [pymycobot.common] _write: FE FE 03 2B D3 10 
2026-03-23 16:34:59.591 DEBU [pymycobot.common] _read : FE FE 04 2B 01 CD A2
2026-03-23 16:34:59.614 DEBU [pymycobot.common] _write: FE FE 03 2B D3 10 
2026-03-23 16:34:59.619 DEBU [pymycobot.common] _read : FE FE 04 2B 01 CD A2
2026-03-23 16:34:59.644 DEBU [pymycobot.common] _write: FE FE 03 2B D3 10 
2026-03-23 16:34:59.649 DEBU [pymycobot.common] _read : FE FE 04 2B 01 CD A2
2026-03-23 16:34:59.674 DEBU [pymycobot.common] _write: FE FE 03 2B D3 10 
2026-03-23 16:34:59.680 DEBU [pymycobot.common] _read : FE FE 04 2B 01 CD A2
2026-03-23 16:34:59.704 DEBU [pymycobot.common] _write: FE FE 03 2B D3 10 
2026-03-23 16:34:59.710 DEBU [pymycobot.common] _read : FE FE 04 2B 01 CD A2
2026-03-23 16:34:59.734 DEBU [pymycobot.common] _write: FE FE 03 2B D3 10 
2026-03-23 16:34:59.740 DEBU [pymycobot.common] _read : FE FE 04 2B 01 CD A2
2026-03-23 16:34:59.764 DEBU [pymycobot.common] _write: FE FE 03 2B D3 10 
2026-03-23 16:34:59.770 DEBU [pymycobot.common] _read : FE FE 04 2B 01 CD A2
2026-03-23 16:34:59.794 DEBU [pymycobot.common] _write: FE FE 03 2B D3 10 
2026-03-23 16:34:59.800 DEBU [pymycobot.common] _read : FE FE 04 2B 01 CD A2
2026-03-23 16:34:59.824 DEBU [pymycobot.common] _write: FE FE 03 2B D3 10 
2026-03-23 16:34:59.831 DEBU [pymycobot.common] _read : FE FE 04 2B 01 CD A2
2026-03-23 16:34:59.854 DEBU [pymycobot.common] _write: FE FE 03 2B D3 10 
2026-03-23 16:34:59.861 DEBU [pymycobot.common] _read : FE FE 04 2B 01 CD A2
2026-03-23 16:34:59.884 DEBU [pymycobot.common] _write: FE FE 03 2B D3 10 
2026-03-23 16:34:59.889 DEBU [pymycobot.common] _read : FE FE 04 2B 01 CD A2
2026-03-23 16:34:59.915 DEBU [pymycobot.common] _write: FE FE 03 2B D3 10 
2026-03-23 16:34:59.921 DEBU [pymycobot.common] _read : FE FE 04 2B 01 CD A2
2026-03-23 16:34:59.945 DEBU [pymycobot.common] _write: FE FE 03 2B D3 10 
2026-03-23 16:34:59.951 DEBU [pymycobot.common] _read : FE FE 04 2B 01 CD A2
2026-03-23 16:34:59.976 DEBU [pymycobot.common] _write: FE FE 03 2B D3 10 
2026-03-23 16:34:59.982 DEBU [pymycobot.common] _read : FE FE 04 2B 01 CD A2
2026-03-23 16:35:00.006 DEBU [pymycobot.common] _write: FE FE 03 2B D3 10 
2026-03-23 16:35:00.013 DEBU [pymycobot.common] _read : FE FE 04 2B 01 CD A2
2026-03-23 16:35:00.036 DEBU [pymycobot.common] _write: FE FE 03 2B D3 10 
2026-03-23 16:35:00.042 DEBU [pymycobot.common] _read : FE FE 04 2B 01 CD A2
2026-03-23 16:35:00.067 DEBU [pymycobot.common] _write: FE FE 03 2B D3 10 
2026-03-23 16:35:00.074 DEBU [pymycobot.common] _read : FE FE 04 2B 01 CD A2
2026-03-23 16:35:00.097 DEBU [pymycobot.common] _write: FE FE 03 2B D3 10 
2026-03-23 16:35:00.103 DEBU [pymycobot.common] _read : FE FE 04 2B 01 CD A2
2026-03-23 16:35:00.127 DEBU [pymycobot.common] _write: FE FE 03 2B D3 10 
2026-03-23 16:35:00.134 DEBU [pymycobot.common] _read : FE FE 04 2B 01 CD A2
2026-03-23 16:35:00.157 DEBU [pymycobot.common] _write: FE FE 03 2B D3 10 
2026-03-23 16:35:00.164 DEBU [pymycobot.common] _read : FE FE 04 2B 01 CD A2
2026-03-23 16:35:00.188 DEBU [pymycobot.common] _write: FE FE 03 2B D3 10 
2026-03-23 16:35:00.194 DEBU [pymycobot.common] _read : FE FE 04 2B 01 CD A2
2026-03-23 16:35:00.218 DEBU [pymycobot.common] _write: FE FE 03 2B D3 10 
2026-03-23 16:35:00.223 DEBU [pymycobot.common] _read : FE FE 04 2B 01 CD A2
2026-03-23 16:35:00.248 DEBU [pymycobot.common] _write: FE FE 03 2B D3 10 
2026-03-23 16:35:00.255 DEBU [pymycobot.common] _read : FE FE 04 2B 01 CD A2
2026-03-23 16:35:00.278 DEBU [pymycobot.common] _write: FE FE 03 2B D3 10 
2026-03-23 16:35:00.283 DEBU [pymycobot.common] _read : FE FE 04 2B 01 CD A2
2026-03-23 16:35:00.308 DEBU [pymycobot.common] _write: FE FE 03 2B D3 10 
2026-03-23 16:35:00.315 DEBU [pymycobot.common] _read : FE FE 04 2B 01 CD A2
2026-03-23 16:35:00.339 DEBU [pymycobot.common] _write: FE FE 03 2B D3 10 
2026-03-23 16:35:00.345 DEBU [pymycobot.common] _read : FE FE 04 2B 01 CD A2
2026-03-23 16:35:00.370 DEBU [pymycobot.common] _write: FE FE 03 2B D3 10 
2026-03-23 16:35:00.375 DEBU [pymycobot.common] _read : FE FE 04 2B 01 CD A2
2026-03-23 16:35:00.401 DEBU [pymycobot.common] _write: FE FE 03 2B D3 10 
2026-03-23 16:35:00.406 DEBU [pymycobot.common] _read : FE FE 04 2B 01 CD A2
2026-03-23 16:35:00.431 DEBU [pymycobot.common] _write: FE FE 03 2B D3 10 
2026-03-23 16:35:00.438 DEBU [pymycobot.common] _read : FE FE 04 2B 01 CD A2
2026-03-23 16:35:00.462 DEBU [pymycobot.common] _write: FE FE 03 2B D3 10 
2026-03-23 16:35:00.470 DEBU [pymycobot.common] _read : FE FE 04 2B 01 CD A2
2026-03-23 16:35:00.492 DEBU [pymycobot.common] _write: FE FE 03 2B D3 10 
2026-03-23 16:35:00.499 DEBU [pymycobot.common] _read : FE FE 04 2B 01 CD A2
2026-03-23 16:35:00.522 DEBU [pymycobot.common] _write: FE FE 03 2B D3 10 
2026-03-23 16:35:00.529 DEBU [pymycobot.common] _read : FE FE 04 2B 01 CD A2
2026-03-23 16:35:00.552 DEBU [pymycobot.common] _write: FE FE 03 2B D3 10 
2026-03-23 16:35:00.559 DEBU [pymycobot.common] _read : FE FE 04 2B 01 CD A2
2026-03-23 16:35:00.582 DEBU [pymycobot.common] _write: FE FE 03 2B D3 10 
2026-03-23 16:35:00.588 DEBU [pymycobot.common] _read : FE FE 04 2B 01 CD A2
2026-03-23 16:35:00.612 DEBU [pymycobot.common] _write: FE FE 03 2B D3 10 
2026-03-23 16:35:00.620 DEBU [pymycobot.common] _read : FE FE 04 2B 01 CD A2
2026-03-23 16:35:00.642 DEBU [pymycobot.common] _write: FE FE 03 2B D3 10 
2026-03-23 16:35:00.649 DEBU [pymycobot.common] _read : FE FE 04 2B 01 CD A2
2026-03-23 16:35:00.672 DEBU [pymycobot.common] _write: FE FE 03 2B D3 10 
2026-03-23 16:35:00.680 DEBU [pymycobot.common] _read : FE FE 04 2B 01 CD A2
2026-03-23 16:35:00.702 DEBU [pymycobot.common] _write: FE FE 03 2B D3 10 
2026-03-23 16:35:00.710 DEBU [pymycobot.common] _read : FE FE 04 2B 01 CD A2
2026-03-23 16:35:00.733 DEBU [pymycobot.common] _write: FE FE 03 2B D3 10 
2026-03-23 16:35:00.741 DEBU [pymycobot.common] _read : FE FE 04 2B 01 CD A2
2026-03-23 16:35:00.763 DEBU [pymycobot.common] _write: FE FE 03 2B D3 10 
2026-03-23 16:35:00.770 DEBU [pymycobot.common] _read : FE FE 04 2B 01 CD A2
2026-03-23 16:35:00.793 DEBU [pymycobot.common] _write: FE FE 03 2B D3 10 
2026-03-23 16:35:00.800 DEBU [pymycobot.common] _read : FE FE 04 2B 01 CD A2
2026-03-23 16:35:00.823 DEBU [pymycobot.common] _write: FE FE 03 2B D3 10 
2026-03-23 16:35:00.830 DEBU [pymycobot.common] _read : FE FE 04 2B 01 CD A2
2026-03-23 16:35:00.853 DEBU [pymycobot.common] _write: FE FE 03 2B D3 10 
2026-03-23 16:35:00.861 DEBU [pymycobot.common] _read : FE FE 04 2B 01 CD A2
2026-03-23 16:35:00.884 DEBU [pymycobot.common] _write: FE FE 03 2B D3 10 
2026-03-23 16:35:00.890 DEBU [pymycobot.common] _read : FE FE 04 2B 01 CD A2
2026-03-23 16:35:00.913 DEBU [pymycobot.common] _write: FE FE 03 2B D3 10 
2026-03-23 16:35:00.920 DEBU [pymycobot.common] _read : FE FE 04 2B 01 CD A2
2026-03-23 16:35:00.943 DEBU [pymycobot.common] _write: FE FE 03 2B D3 10 
2026-03-23 16:35:00.950 DEBU [pymycobot.common] _read : FE FE 04 2B 01 CD A2
2026-03-23 16:35:00.973 DEBU [pymycobot.common] _write: FE FE 03 2B D3 10 
2026-03-23 16:35:00.980 DEBU [pymycobot.common] _read : FE FE 04 2B 01 CD A2
2026-03-23 16:35:01.003 DEBU [pymycobot.common] _write: FE FE 03 2B D3 10 
2026-03-23 16:35:01.010 DEBU [pymycobot.common] _read : FE FE 04 2B 01 CD A2
2026-03-23 16:35:01.033 DEBU [pymycobot.common] _write: FE FE 03 2B D3 10 
2026-03-23 16:35:01.040 DEBU [pymycobot.common] _read : FE FE 04 2B 01 CD A2
2026-03-23 16:35:01.063 DEBU [pymycobot.common] _write: FE FE 03 2B D3 10 
2026-03-23 16:35:01.069 DEBU [pymycobot.common] _read : FE FE 04 2B 01 CD A2
2026-03-23 16:35:01.093 DEBU [pymycobot.common] _write: FE FE 03 2B D3 10 
2026-03-23 16:35:01.101 DEBU [pymycobot.common] _read : FE FE 04 2B 01 CD A2
2026-03-23 16:35:01.123 DEBU [pymycobot.common] _write: FE FE 03 2B D3 10 
2026-03-23 16:35:01.130 DEBU [pymycobot.common] _read : FE FE 04 2B 01 CD A2
2026-03-23 16:35:01.153 DEBU [pymycobot.common] _write: FE FE 03 2B D3 10 
2026-03-23 16:35:01.161 DEBU [pymycobot.common] _read : FE FE 04 2B 01 CD A2
2026-03-23 16:35:01.183 DEBU [pymycobot.common] _write: FE FE 03 2B D3 10 
2026-03-23 16:35:01.190 DEBU [pymycobot.common] _read : FE FE 04 2B 01 CD A2
2026-03-23 16:35:01.213 DEBU [pymycobot.common] _write: FE FE 03 2B D3 10 
2026-03-23 16:35:01.220 DEBU [pymycobot.common] _read : FE FE 04 2B 01 CD A2
2026-03-23 16:35:01.243 DEBU [pymycobot.common] _write: FE FE 03 2B D3 10 
2026-03-23 16:35:01.251 DEBU [pymycobot.common] _read : FE FE 04 2B 01 CD A2
2026-03-23 16:35:01.273 DEBU [pymycobot.common] _write: FE FE 03 2B D3 10 
2026-03-23 16:35:01.282 DEBU [pymycobot.common] _read : FE FE 04 2B 01 CD A2
2026-03-23 16:35:01.303 DEBU [pymycobot.common] _write: FE FE 03 2B D3 10 
2026-03-23 16:35:01.311 DEBU [pymycobot.common] _read : FE FE 04 2B 01 CD A2
2026-03-23 16:35:01.335 DEBU [pymycobot.common] _write: FE FE 03 2B D3 10 
2026-03-23 16:35:01.342 DEBU [pymycobot.common] _read : FE FE 04 2B 01 CD A2
2026-03-23 16:35:01.364 DEBU [pymycobot.common] _write: FE FE 03 2B D3 10 
2026-03-23 16:35:01.371 DEBU [pymycobot.common] _read : FE FE 04 2B 01 CD A2
2026-03-23 16:35:01.394 DEBU [pymycobot.common] _write: FE FE 03 2B D3 10 
2026-03-23 16:35:01.401 DEBU [pymycobot.common] _read : FE FE 04 2B 01 CD A2
2026-03-23 16:35:01.425 DEBU [pymycobot.common] _write: FE FE 03 2B D3 10 
2026-03-23 16:35:01.431 DEBU [pymycobot.common] _read : FE FE 04 2B 01 CD A2
2026-03-23 16:35:01.455 DEBU [pymycobot.common] _write: FE FE 03 2B D3 10 
2026-03-23 16:35:01.464 DEBU [pymycobot.common] _read : FE FE 04 2B 01 CD A2
2026-03-23 16:35:01.485 DEBU [pymycobot.common] _write: FE FE 03 2B D3 10 
2026-03-23 16:35:01.493 DEBU [pymycobot.common] _read : FE FE 04 2B 01 CD A2
2026-03-23 16:35:01.515 DEBU [pymycobot.common] _write: FE FE 03 2B D3 10 
2026-03-23 16:35:01.522 DEBU [pymycobot.common] _read : FE FE 04 2B 01 CD A2
2026-03-23 16:35:01.545 DEBU [pymycobot.common] _write: FE FE 03 2B D3 10 
2026-03-23 16:35:01.553 DEBU [pymycobot.common] _read : FE FE 04 2B 01 CD A2
2026-03-23 16:35:01.575 DEBU [pymycobot.common] _write: FE FE 03 2B D3 10 
2026-03-23 16:35:01.583 DEBU [pymycobot.common] _read : FE FE 04 2B 01 CD A2
2026-03-23 16:35:01.605 DEBU [pymycobot.common] _write: FE FE 03 2B D3 10 
2026-03-23 16:35:01.613 DEBU [pymycobot.common] _read : FE FE 04 2B 01 CD A2
2026-03-23 16:35:01.636 DEBU [pymycobot.common] _write: FE FE 03 2B D3 10 
2026-03-23 16:35:01.643 DEBU [pymycobot.common] _read : FE FE 04 2B 01 CD A2
2026-03-23 16:35:01.667 DEBU [pymycobot.common] _write: FE FE 03 2B D3 10 
2026-03-23 16:35:01.674 DEBU [pymycobot.common] _read : FE FE 04 2B 01 CD A2
2026-03-23 16:35:01.697 DEBU [pymycobot.common] _write: FE FE 03 2B D3 10 
2026-03-23 16:35:01.704 DEBU [pymycobot.common] _read : FE FE 04 2B 01 CD A2
2026-03-23 16:35:01.728 DEBU [pymycobot.common] _write: FE FE 03 2B D3 10 
2026-03-23 16:35:01.736 DEBU [pymycobot.common] _read : FE FE 04 2B 01 CD A2
2026-03-23 16:35:01.758 DEBU [pymycobot.common] _write: FE FE 03 2B D3 10 
2026-03-23 16:35:01.766 DEBU [pymycobot.common] _read : FE FE 04 2B 01 CD A2
2026-03-23 16:35:01.788 DEBU [pymycobot.common] _write: FE FE 03 2B D3 10 
2026-03-23 16:35:01.797 DEBU [pymycobot.common] _read : FE FE 04 2B 01 CD A2
2026-03-23 16:35:01.818 DEBU [pymycobot.common] _write: FE FE 03 2B D3 10 
2026-03-23 16:35:01.827 DEBU [pymycobot.common] _read : FE FE 04 2B 01 CD A2
2026-03-23 16:35:01.848 DEBU [pymycobot.common] _write: FE FE 03 2B D3 10 
2026-03-23 16:35:01.855 DEBU [pymycobot.common] _read : FE FE 04 2B 01 CD A2
2026-03-23 16:35:01.878 DEBU [pymycobot.common] _write: FE FE 03 2B D3 10 
2026-03-23 16:35:01.886 DEBU [pymycobot.common] _read : FE FE 04 2B 01 CD A2
2026-03-23 16:35:01.908 DEBU [pymycobot.common] _write: FE FE 03 2B D3 10 
2026-03-23 16:35:01.915 DEBU [pymycobot.common] _read : FE FE 04 2B 01 CD A2
2026-03-23 16:35:01.938 DEBU [pymycobot.common] _write: FE FE 03 2B D3 10 
2026-03-23 16:35:01.946 DEBU [pymycobot.common] _read : FE FE 04 2B 01 CD A2
2026-03-23 16:35:01.968 DEBU [pymycobot.common] _write: FE FE 03 2B D3 10 
2026-03-23 16:35:01.976 DEBU [pymycobot.common] _read : FE FE 04 2B 01 CD A2
2026-03-23 16:35:01.998 DEBU [pymycobot.common] _write: FE FE 03 2B D3 10 
2026-03-23 16:35:02.006 DEBU [pymycobot.common] _read : FE FE 04 2B 01 CD A2
2026-03-23 16:35:02.028 DEBU [pymycobot.common] _write: FE FE 03 2B D3 10 
2026-03-23 16:35:02.035 DEBU [pymycobot.common] _read : FE FE 04 2B 01 CD A2
2026-03-23 16:35:02.058 DEBU [pymycobot.common] _write: FE FE 03 2B D3 10 
2026-03-23 16:35:02.066 DEBU [pymycobot.common] _read : FE FE 04 2B 01 CD A2
2026-03-23 16:35:02.088 DEBU [pymycobot.common] _write: FE FE 03 2B D3 10 
2026-03-23 16:35:02.096 DEBU [pymycobot.common] _read : FE FE 04 2B 01 CD A2
2026-03-23 16:35:02.118 DEBU [pymycobot.common] _write: FE FE 03 2B D3 10 
2026-03-23 16:35:02.125 DEBU [pymycobot.common] _read : FE FE 04 2B 01 CD A2
2026-03-23 16:35:02.148 DEBU [pymycobot.common] _write: FE FE 03 2B D3 10 
2026-03-23 16:35:02.157 DEBU [pymycobot.common] _read : FE FE 04 2B 01 CD A2
2026-03-23 16:35:02.178 DEBU [pymycobot.common] _write: FE FE 03 2B D3 10 
2026-03-23 16:35:02.185 DEBU [pymycobot.common] _read : FE FE 04 2B 01 CD A2
2026-03-23 16:35:02.208 DEBU [pymycobot.common] _write: FE FE 03 2B D3 10 
2026-03-23 16:35:02.214 DEBU [pymycobot.common] _read : FE FE 04 2B 01 CD A2
2026-03-23 16:35:02.238 DEBU [pymycobot.common] _write: FE FE 03 2B D3 10 
2026-03-23 16:35:02.245 DEBU [pymycobot.common] _read : FE FE 04 2B 01 CD A2
2026-03-23 16:35:02.268 DEBU [pymycobot.common] _write: FE FE 03 2B D3 10 
2026-03-23 16:35:02.276 DEBU [pymycobot.common] _read : FE FE 04 2B 01 CD A2
2026-03-23 16:35:02.298 DEBU [pymycobot.common] _write: FE FE 03 2B D3 10 
2026-03-23 16:35:02.306 DEBU [pymycobot.common] _read : FE FE 04 2B 01 CD A2
2026-03-23 16:35:02.329 DEBU [pymycobot.common] _write: FE FE 03 2B D3 10 
2026-03-23 16:35:02.337 DEBU [pymycobot.common] _read : FE FE 04 2B 01 CD A2
2026-03-23 16:35:02.359 DEBU [pymycobot.common] _write: FE FE 03 2B D3 10 
2026-03-23 16:35:02.365 DEBU [pymycobot.common] _read : FE FE 04 2B 01 CD A2
2026-03-23 16:35:02.390 DEBU [pymycobot.common] _write: FE FE 03 2B D3 10 
2026-03-23 16:35:02.397 DEBU [pymycobot.common] _read : FE FE 04 2B 01 CD A2
2026-03-23 16:35:02.420 DEBU [pymycobot.common] _write: FE FE 03 2B D3 10 
2026-03-23 16:35:02.428 DEBU [pymycobot.common] _read : FE FE 04 2B 01 CD A2
2026-03-23 16:35:02.451 DEBU [pymycobot.common] _write: FE FE 03 2B D3 10 
2026-03-23 16:35:02.458 DEBU [pymycobot.common] _read : FE FE 04 2B 01 CD A2
2026-03-23 16:35:02.481 DEBU [pymycobot.common] _write: FE FE 03 2B D3 10 
2026-03-23 16:35:02.489 DEBU [pymycobot.common] _read : FE FE 04 2B 01 CD A2
2026-03-23 16:35:02.511 DEBU [pymycobot.common] _write: FE FE 03 2B D3 10 
2026-03-23 16:35:02.518 DEBU [pymycobot.common] _read : FE FE 04 2B 01 CD A2
2026-03-23 16:35:02.541 DEBU [pymycobot.common] _write: FE FE 03 2B D3 10 
2026-03-23 16:35:02.549 DEBU [pymycobot.common] _read : FE FE 04 2B 01 CD A2
2026-03-23 16:35:02.571 DEBU [pymycobot.common] _write: FE FE 03 2B D3 10 
2026-03-23 16:35:02.578 DEBU [pymycobot.common] _read : FE FE 04 2B 01 CD A2
2026-03-23 16:35:02.601 DEBU [pymycobot.common] _write: FE FE 03 2B D3 10 
2026-03-23 16:35:02.609 DEBU [pymycobot.common] _read : FE FE 04 2B 01 CD A2
2026-03-23 16:35:02.631 DEBU [pymycobot.common] _write: FE FE 03 2B D3 10 
2026-03-23 16:35:02.638 DEBU [pymycobot.common] _read : FE FE 04 2B 01 CD A2
2026-03-23 16:35:02.661 DEBU [pymycobot.common] _write: FE FE 03 2B D3 10 
2026-03-23 16:35:02.670 DEBU [pymycobot.common] _read : FE FE 04 2B 01 CD A2
2026-03-23 16:35:02.691 DEBU [pymycobot.common] _write: FE FE 03 2B D3 10 
2026-03-23 16:35:02.698 DEBU [pymycobot.common] _read : FE FE 04 2B 01 CD A2
2026-03-23 16:35:02.721 DEBU [pymycobot.common] _write: FE FE 03 2B D3 10 
2026-03-23 16:35:02.728 DEBU [pymycobot.common] _read : FE FE 04 2B 01 CD A2
2026-03-23 16:35:02.751 DEBU [pymycobot.common] _write: FE FE 03 2B D3 10 
2026-03-23 16:35:02.758 DEBU [pymycobot.common] _read : FE FE 04 2B 01 CD A2
2026-03-23 16:35:02.781 DEBU [pymycobot.common] _write: FE FE 03 2B D3 10 
2026-03-23 16:35:02.789 DEBU [pymycobot.common] _read : FE FE 04 2B 01 CD A2
2026-03-23 16:35:02.811 DEBU [pymycobot.common] _write: FE FE 03 2B D3 10 
2026-03-23 16:35:02.817 DEBU [pymycobot.common] _read : FE FE 04 2B 01 CD A2
2026-03-23 16:35:02.841 DEBU [pymycobot.common] _write: FE FE 03 2B D3 10 
2026-03-23 16:35:02.848 DEBU [pymycobot.common] _read : FE FE 04 2B 01 CD A2
2026-03-23 16:35:02.871 DEBU [pymycobot.common] _write: FE FE 03 2B D3 10 
2026-03-23 16:35:02.878 DEBU [pymycobot.common] _read : FE FE 04 2B 01 CD A2
2026-03-23 16:35:02.901 DEBU [pymycobot.common] _write: FE FE 03 2B D3 10 
2026-03-23 16:35:02.909 DEBU [pymycobot.common] _read : FE FE 04 2B 01 CD A2
2026-03-23 16:35:02.931 DEBU [pymycobot.common] _write: FE FE 03 2B D3 10 
2026-03-23 16:35:02.938 DEBU [pymycobot.common] _read : FE FE 04 2B 01 CD A2
2026-03-23 16:35:02.962 DEBU [pymycobot.common] _write: FE FE 03 2B D3 10 
2026-03-23 16:35:02.969 DEBU [pymycobot.common] _read : FE FE 04 2B 01 CD A2
2026-03-23 16:35:02.991 DEBU [pymycobot.common] _write: FE FE 03 2B D3 10 
2026-03-23 16:35:02.998 DEBU [pymycobot.common] _read : FE FE 04 2B 01 CD A2
2026-03-23 16:35:03.022 DEBU [pymycobot.common] _write: FE FE 03 2B D3 10 
2026-03-23 16:35:03.029 DEBU [pymycobot.common] _read : FE FE 04 2B 01 CD A2
2026-03-23 16:35:03.052 DEBU [pymycobot.common] _write: FE FE 03 2B D3 10 
2026-03-23 16:35:03.060 DEBU [pymycobot.common] _read : FE FE 04 2B 01 CD A2
2026-03-23 16:35:03.082 DEBU [pymycobot.common] _write: FE FE 03 2B D3 10 
2026-03-23 16:35:03.089 DEBU [pymycobot.common] _read : FE FE 04 2B 01 CD A2
2026-03-23 16:35:03.112 DEBU [pymycobot.common] _write: FE FE 03 2B D3 10 
2026-03-23 16:35:03.120 DEBU [pymycobot.common] _read : FE FE 04 2B 01 CD A2
2026-03-23 16:35:03.143 DEBU [pymycobot.common] _write: FE FE 03 2B D3 10 
2026-03-23 16:35:03.150 DEBU [pymycobot.common] _read : FE FE 04 2B 01 CD A2
2026-03-23 16:35:03.173 DEBU [pymycobot.common] _write: FE FE 03 2B D3 10 
2026-03-23 16:35:03.181 DEBU [pymycobot.common] _read : FE FE 04 2B 01 CD A2
2026-03-23 16:35:03.203 DEBU [pymycobot.common] _write: FE FE 03 2B D3 10 
2026-03-23 16:35:03.210 DEBU [pymycobot.common] _read : FE FE 04 2B 01 CD A2
2026-03-23 16:35:03.233 DEBU [pymycobot.common] _write: FE FE 03 2B D3 10 
2026-03-23 16:35:03.240 DEBU [pymycobot.common] _read : FE FE 04 2B 01 CD A2
2026-03-23 16:35:03.263 DEBU [pymycobot.common] _write: FE FE 03 2B D3 10 
2026-03-23 16:35:03.270 DEBU [pymycobot.common] _read : FE FE 04 2B 01 CD A2
2026-03-23 16:35:03.293 DEBU [pymycobot.common] _write: FE FE 03 2B D3 10 
2026-03-23 16:35:03.301 DEBU [pymycobot.common] _read : FE FE 04 2B 01 CD A2
2026-03-23 16:35:03.323 DEBU [pymycobot.common] _write: FE FE 03 2B D3 10 
2026-03-23 16:35:03.331 DEBU [pymycobot.common] _read : FE FE 04 2B 01 CD A2
2026-03-23 16:35:03.354 DEBU [pymycobot.common] _write: FE FE 03 2B D3 10 
2026-03-23 16:35:03.362 DEBU [pymycobot.common] _read : FE FE 04 2B 01 CD A2
2026-03-23 16:35:03.384 DEBU [pymycobot.common] _write: FE FE 03 2B D3 10 
2026-03-23 16:35:03.391 DEBU [pymycobot.common] _read : FE FE 04 2B 01 CD A2
2026-03-23 16:35:03.414 DEBU [pymycobot.common] _write: FE FE 03 2B D3 10 
2026-03-23 16:35:03.422 DEBU [pymycobot.common] _read : FE FE 04 2B 01 CD A2
2026-03-23 16:35:03.445 DEBU [pymycobot.common] _write: FE FE 03 2B D3 10 
2026-03-23 16:35:03.454 DEBU [pymycobot.common] _read : FE FE 04 2B 01 CD A2
2026-03-23 16:35:03.475 DEBU [pymycobot.common] _write: FE FE 03 2B D3 10 
2026-03-23 16:35:03.485 DEBU [pymycobot.common] _read : FE FE 04 2B 01 CD A2
2026-03-23 16:35:03.506 DEBU [pymycobot.common] _write: FE FE 03 2B D3 10 
2026-03-23 16:35:03.515 DEBU [pymycobot.common] _read : FE FE 04 2B 01 CD A2
2026-03-23 16:35:03.536 DEBU [pymycobot.common] _write: FE FE 03 2B D3 10 
2026-03-23 16:35:03.544 DEBU [pymycobot.common] _read : FE FE 04 2B 01 CD A2
2026-03-23 16:35:03.566 DEBU [pymycobot.common] _write: FE FE 03 2B D3 10 
2026-03-23 16:35:03.573 DEBU [pymycobot.common] _read : FE FE 04 2B 01 CD A2
2026-03-23 16:35:03.596 DEBU [pymycobot.common] _write: FE FE 03 2B D3 10 
2026-03-23 16:35:03.604 DEBU [pymycobot.common] _read : FE FE 04 2B 01 CD A2
2026-03-23 16:35:03.626 DEBU [pymycobot.common] _write: FE FE 03 2B D3 10 
2026-03-23 16:35:03.633 DEBU [pymycobot.common] _read : FE FE 04 2B 01 CD A2
2026-03-23 16:35:03.656 DEBU [pymycobot.common] _write: FE FE 03 2B D3 10 
2026-03-23 16:35:03.664 DEBU [pymycobot.common] _read : FE FE 04 2B 01 CD A2
2026-03-23 16:35:03.686 DEBU [pymycobot.common] _write: FE FE 03 2B D3 10 
2026-03-23 16:35:03.693 DEBU [pymycobot.common] _read : FE FE 04 2B 01 CD A2
2026-03-23 16:35:03.716 DEBU [pymycobot.common] _write: FE FE 03 2B D3 10 
2026-03-23 16:35:03.725 DEBU [pymycobot.common] _read : FE FE 04 2B 01 CD A2
2026-03-23 16:35:03.747 DEBU [pymycobot.common] _write: FE FE 03 2B D3 10 
2026-03-23 16:35:03.754 DEBU [pymycobot.common] _read : FE FE 04 2B 01 CD A2
2026-03-23 16:35:03.777 DEBU [pymycobot.common] _write: FE FE 03 2B D3 10 
2026-03-23 16:35:03.784 DEBU [pymycobot.common] _read : FE FE 04 2B 01 CD A2
2026-03-23 16:35:03.808 DEBU [pymycobot.common] _write: FE FE 03 2B D3 10 
2026-03-23 16:35:03.816 DEBU [pymycobot.common] _read : FE FE 04 2B 01 CD A2
2026-03-23 16:35:03.838 DEBU [pymycobot.common] _write: FE FE 03 2B D3 10 
2026-03-23 16:35:03.845 DEBU [pymycobot.common] _read : FE FE 04 2B 01 CD A2
2026-03-23 16:35:03.868 DEBU [pymycobot.common] _write: FE FE 03 2B D3 10 
2026-03-23 16:35:03.876 DEBU [pymycobot.common] _read : FE FE 04 2B 01 CD A2
2026-03-23 16:35:03.898 DEBU [pymycobot.common] _write: FE FE 03 2B D3 10 
2026-03-23 16:35:03.905 DEBU [pymycobot.common] _read : FE FE 04 2B 01 CD A2
2026-03-23 16:35:03.928 DEBU [pymycobot.common] _write: FE FE 03 2B D3 10 
2026-03-23 16:35:03.936 DEBU [pymycobot.common] _read : FE FE 04 2B 01 CD A2
2026-03-23 16:35:03.958 DEBU [pymycobot.common] _write: FE FE 03 2B D3 10 
2026-03-23 16:35:03.966 DEBU [pymycobot.common] _read : FE FE 04 2B 01 CD A2
2026-03-23 16:35:03.989 DEBU [pymycobot.common] _write: FE FE 03 2B D3 10 
2026-03-23 16:35:03.997 DEBU [pymycobot.common] _read : FE FE 04 2B 01 CD A2
2026-03-23 16:35:04.019 DEBU [pymycobot.common] _write: FE FE 03 2B D3 10 
2026-03-23 16:35:04.026 DEBU [pymycobot.common] _read : FE FE 04 2B 01 CD A2
2026-03-23 16:35:04.049 DEBU [pymycobot.common] _write: FE FE 03 2B D3 10 
2026-03-23 16:35:04.056 DEBU [pymycobot.common] _read : FE FE 04 2B 01 CD A2
2026-03-23 16:35:04.080 DEBU [pymycobot.common] _write: FE FE 03 2B D3 10 
2026-03-23 16:35:04.087 DEBU [pymycobot.common] _read : FE FE 04 2B 01 CD A2
2026-03-23 16:35:04.110 DEBU [pymycobot.common] _write: FE FE 03 2B D3 10 
2026-03-23 16:35:04.119 DEBU [pymycobot.common] _read : FE FE 04 2B 01 CD A2
2026-03-23 16:35:04.140 DEBU [pymycobot.common] _write: FE FE 03 2B D3 10 
2026-03-23 16:35:04.147 DEBU [pymycobot.common] _read : FE FE 04 2B 01 CD A2
2026-03-23 16:35:04.171 DEBU [pymycobot.common] _write: FE FE 03 2B D3 10 
2026-03-23 16:35:04.179 DEBU [pymycobot.common] _read : FE FE 04 2B 01 CD A2
2026-03-23 16:35:04.202 DEBU [pymycobot.common] _write: FE FE 03 2B D3 10 
2026-03-23 16:35:04.210 DEBU [pymycobot.common] _read : FE FE 04 2B 01 CD A2
2026-03-23 16:35:04.232 DEBU [pymycobot.common] _write: FE FE 03 2B D3 10 
2026-03-23 16:35:04.239 DEBU [pymycobot.common] _read : FE FE 04 2B 01 CD A2
2026-03-23 16:35:04.262 DEBU [pymycobot.common] _write: FE FE 03 2B D3 10 
2026-03-23 16:35:04.270 DEBU [pymycobot.common] _read : FE FE 04 2B 01 CD A2
2026-03-23 16:35:04.292 DEBU [pymycobot.common] _write: FE FE 03 2B D3 10 
2026-03-23 16:35:04.298 DEBU [pymycobot.common] _read : FE FE 04 2B 01 CD A2
2026-03-23 16:35:04.323 DEBU [pymycobot.common] _write: FE FE 03 2B D3 10 
2026-03-23 16:35:04.331 DEBU [pymycobot.common] _read : FE FE 04 2B 01 CD A2
2026-03-23 16:35:04.354 DEBU [pymycobot.common] _write: FE FE 03 2B D3 10 
2026-03-23 16:35:04.361 DEBU [pymycobot.common] _read : FE FE 04 2B 01 CD A2
2026-03-23 16:35:04.384 DEBU [pymycobot.common] _write: FE FE 03 2B D3 10 
2026-03-23 16:35:04.391 DEBU [pymycobot.common] _read : FE FE 04 2B 01 CD A2
2026-03-23 16:35:04.413 DEBU [pymycobot.common] _write: FE FE 03 2B D3 10 
2026-03-23 16:35:04.421 DEBU [pymycobot.common] _read : FE FE 04 2B 01 CD A2
2026-03-23 16:35:04.445 DEBU [pymycobot.common] _write: FE FE 03 2B D3 10 
2026-03-23 16:35:04.452 DEBU [pymycobot.common] _read : FE FE 04 2B 01 CD A2
2026-03-23 16:35:04.476 DEBU [pymycobot.common] _write: FE FE 03 2B D3 10 
2026-03-23 16:35:04.484 DEBU [pymycobot.common] _read : FE FE 04 2B 01 CD A2
2026-03-23 16:35:04.506 DEBU [pymycobot.common] _write: FE FE 03 2B D3 10 
2026-03-23 16:35:04.513 DEBU [pymycobot.common] _read : FE FE 04 2B 01 CD A2
2026-03-23 16:35:04.537 DEBU [pymycobot.common] _write: FE FE 03 2B D3 10 
2026-03-23 16:35:04.545 DEBU [pymycobot.common] _read : FE FE 04 2B 01 CD A2
2026-03-23 16:35:04.567 DEBU [pymycobot.common] _write: FE FE 03 2B D3 10 
2026-03-23 16:35:04.574 DEBU [pymycobot.common] _read : FE FE 04 2B 01 CD A2
2026-03-23 16:35:04.597 DEBU [pymycobot.common] _write: FE FE 03 2B D3 10 
2026-03-23 16:35:04.605 DEBU [pymycobot.common] _read : FE FE 04 2B 01 CD A2
2026-03-23 16:35:04.627 DEBU [pymycobot.common] _write: FE FE 03 2B D3 10 
2026-03-23 16:35:04.634 DEBU [pymycobot.common] _read : FE FE 04 2B 01 CD A2
2026-03-23 16:35:04.657 DEBU [pymycobot.common] _write: FE FE 03 2B D3 10 
2026-03-23 16:35:04.664 DEBU [pymycobot.common] _read : FE FE 04 2B 01 CD A2
2026-03-23 16:35:04.687 DEBU [pymycobot.common] _write: FE FE 03 2B D3 10 
2026-03-23 16:35:04.695 DEBU [pymycobot.common] _read : FE FE 04 2B 01 CD A2
2026-03-23 16:35:04.717 DEBU [pymycobot.common] _write: FE FE 03 2B D3 10 
2026-03-23 16:35:04.725 DEBU [pymycobot.common] _read : FE FE 04 2B 01 CD A2
2026-03-23 16:35:04.747 DEBU [pymycobot.common] _write: FE FE 03 2B D3 10 
2026-03-23 16:35:04.754 DEBU [pymycobot.common] _read : FE FE 04 2B 01 CD A2
2026-03-23 16:35:04.778 DEBU [pymycobot.common] _write: FE FE 03 2B D3 10 
2026-03-23 16:35:04.785 DEBU [pymycobot.common] _read : FE FE 04 2B 01 CD A2
2026-03-23 16:35:04.808 DEBU [pymycobot.common] _write: FE FE 03 2B D3 10 
2026-03-23 16:35:04.816 DEBU [pymycobot.common] _read : FE FE 04 2B 01 CD A2
2026-03-23 16:35:04.838 DEBU [pymycobot.common] _write: FE FE 03 2B D3 10 
2026-03-23 16:35:04.846 DEBU [pymycobot.common] _read : FE FE 04 2B 01 CD A2
2026-03-23 16:35:04.868 DEBU [pymycobot.common] _write: FE FE 03 2B D3 10 
2026-03-23 16:35:04.875 DEBU [pymycobot.common] _read : FE FE 04 2B 01 CD A2
2026-03-23 16:35:04.898 DEBU [pymycobot.common] _write: FE FE 03 2B D3 10 
2026-03-23 16:35:04.905 DEBU [pymycobot.common] _read : FE FE 04 2B 01 CD A2
2026-03-23 16:35:04.928 DEBU [pymycobot.common] _write: FE FE 03 2B D3 10 
2026-03-23 16:35:04.936 DEBU [pymycobot.common] _read : FE FE 04 2B 01 CD A2
2026-03-23 16:35:04.958 DEBU [pymycobot.common] _write: FE FE 03 2B D3 10 
2026-03-23 16:35:04.966 DEBU [pymycobot.common] _read : FE FE 04 2B 01 CD A2
2026-03-23 16:35:04.988 DEBU [pymycobot.common] _write: FE FE 03 2B D3 10 
2026-03-23 16:35:04.995 DEBU [pymycobot.common] _read : FE FE 04 2B 01 CD A2
2026-03-23 16:35:05.018 DEBU [pymycobot.common] _write: FE FE 03 2B D3 10 
2026-03-23 16:35:05.026 DEBU [pymycobot.common] _read : FE FE 04 2B 01 CD A2
2026-03-23 16:35:05.048 DEBU [pymycobot.common] _write: FE FE 03 2B D3 10 
2026-03-23 16:35:05.057 DEBU [pymycobot.common] _read : FE FE 04 2B 01 CD A2
2026-03-23 16:35:05.078 DEBU [pymycobot.common] _write: FE FE 03 2B D3 10 
2026-03-23 16:35:05.086 DEBU [pymycobot.common] _read : FE FE 04 2B 01 CD A2
2026-03-23 16:35:05.108 DEBU [pymycobot.common] _write: FE FE 03 2B D3 10 
2026-03-23 16:35:05.116 DEBU [pymycobot.common] _read : FE FE 04 2B 01 CD A2
2026-03-23 16:35:05.138 DEBU [pymycobot.common] _write: FE FE 03 2B D3 10 
2026-03-23 16:35:05.146 DEBU [pymycobot.common] _read : FE FE 04 2B 01 CD A2
2026-03-23 16:35:05.169 DEBU [pymycobot.common] _write: FE FE 03 2B D3 10 
2026-03-23 16:35:05.176 DEBU [pymycobot.common] _read : FE FE 04 2B 01 CD A2
2026-03-23 16:35:05.200 DEBU [pymycobot.common] _write: FE FE 03 2B D3 10 
2026-03-23 16:35:05.207 DEBU [pymycobot.common] _read : FE FE 04 2B 01 CD A2
2026-03-23 16:35:05.230 DEBU [pymycobot.common] _write: FE FE 03 2B D3 10 
2026-03-23 16:35:05.237 DEBU [pymycobot.common] _read : FE FE 04 2B 01 CD A2
2026-03-23 16:35:05.261 DEBU [pymycobot.common] _write: FE FE 03 2B D3 10 
2026-03-23 16:35:05.268 DEBU [pymycobot.common] _read : FE FE 04 2B 01 CD A2
2026-03-23 16:35:05.291 DEBU [pymycobot.common] _write: FE FE 03 2B D3 10 
2026-03-23 16:35:05.299 DEBU [pymycobot.common] _read : FE FE 04 2B 01 CD A2
2026-03-23 16:35:05.321 DEBU [pymycobot.common] _write: FE FE 03 2B D3 10 
2026-03-23 16:35:05.329 DEBU [pymycobot.common] _read : FE FE 04 2B 01 CD A2
2026-03-23 16:35:05.351 DEBU [pymycobot.common] _write: FE FE 03 2B D3 10 
2026-03-23 16:35:05.359 DEBU [pymycobot.common] _read : FE FE 04 2B 01 CD A2
2026-03-23 16:35:05.381 DEBU [pymycobot.common] _write: FE FE 03 2B D3 10 
2026-03-23 16:35:05.387 DEBU [pymycobot.common] _read : FE FE 04 2B 01 CD A2
2026-03-23 16:35:05.412 DEBU [pymycobot.common] _write: FE FE 03 2B D3 10 
2026-03-23 16:35:05.418 DEBU [pymycobot.common] _read : FE FE 04 2B 01 CD A2
2026-03-23 16:35:05.442 DEBU [pymycobot.common] _write: FE FE 03 2B D3 10 
2026-03-23 16:35:05.448 DEBU [pymycobot.common] _read : FE FE 04 2B 01 CD A2
2026-03-23 16:35:05.474 DEBU [pymycobot.common] _write: FE FE 03 2B D3 10 
2026-03-23 16:35:05.480 DEBU [pymycobot.common] _read : FE FE 04 2B 01 CD A2
2026-03-23 16:35:05.504 DEBU [pymycobot.common] _write: FE FE 03 2B D3 10 
2026-03-23 16:35:05.509 DEBU [pymycobot.common] _read : FE FE 04 2B 01 CD A2
2026-03-23 16:35:05.535 DEBU [pymycobot.common] _write: FE FE 03 2B D3 10 
2026-03-23 16:35:05.541 DEBU [pymycobot.common] _read : FE FE 04 2B 01 CD A2
2026-03-23 16:35:05.565 DEBU [pymycobot.common] _write: FE FE 03 2B D3 10 
2026-03-23 16:35:05.571 DEBU [pymycobot.common] _read : FE FE 04 2B 01 CD A2
2026-03-23 16:35:05.595 DEBU [pymycobot.common] _write: FE FE 03 2B D3 10 
2026-03-23 16:35:05.601 DEBU [pymycobot.common] _read : FE FE 04 2B 01 CD A2
2026-03-23 16:35:05.625 DEBU [pymycobot.common] _write: FE FE 03 2B D3 10 
2026-03-23 16:35:05.630 DEBU [pymycobot.common] _read : FE FE 04 2B 01 CD A2
2026-03-23 16:35:05.655 DEBU [pymycobot.common] _write: FE FE 03 2B D3 10 
2026-03-23 16:35:05.661 DEBU [pymycobot.common] _read : FE FE 04 2B 01 CD A2
2026-03-23 16:35:05.685 DEBU [pymycobot.common] _write: FE FE 03 2B D3 10 
2026-03-23 16:35:05.692 DEBU [pymycobot.common] _read : FE FE 04 2B 01 CD A2
2026-03-23 16:35:05.715 DEBU [pymycobot.common] _write: FE FE 03 2B D3 10 
2026-03-23 16:35:05.721 DEBU [pymycobot.common] _read : FE FE 04 2B 01 CD A2
2026-03-23 16:35:05.745 DEBU [pymycobot.common] _write: FE FE 03 2B D3 10 
2026-03-23 16:35:05.750 DEBU [pymycobot.common] _read : FE FE 04 2B 01 CD A2
2026-03-23 16:35:05.776 DEBU [pymycobot.common] _write: FE FE 03 2B D3 10 
2026-03-23 16:35:05.781 DEBU [pymycobot.common] _read : FE FE 04 2B 01 CD A2
2026-03-23 16:35:05.807 DEBU [pymycobot.common] _write: FE FE 03 2B D3 10 
2026-03-23 16:35:05.814 DEBU [pymycobot.common] _read : FE FE 04 2B 01 CD A2
2026-03-23 16:35:05.837 DEBU [pymycobot.common] _write: FE FE 03 2B D3 10 
2026-03-23 16:35:05.843 DEBU [pymycobot.common] _read : FE FE 04 2B 01 CD A2
2026-03-23 16:35:05.867 DEBU [pymycobot.common] _write: FE FE 03 2B D3 10 
2026-03-23 16:35:05.873 DEBU [pymycobot.common] _read : FE FE 04 2B 01 CD A2
2026-03-23 16:35:05.897 DEBU [pymycobot.common] _write: FE FE 03 2B D3 10 
2026-03-23 16:35:05.903 DEBU [pymycobot.common] _read : FE FE 04 2B 01 CD A2
2026-03-23 16:35:05.927 DEBU [pymycobot.common] _write: FE FE 03 2B D3 10 
2026-03-23 16:35:05.933 DEBU [pymycobot.common] _read : FE FE 04 2B 01 CD A2
2026-03-23 16:35:05.957 DEBU [pymycobot.common] _write: FE FE 03 2B D3 10 
2026-03-23 16:35:05.965 DEBU [pymycobot.common] _read : FE FE 04 2B 01 CD A2
2026-03-23 16:35:05.987 DEBU [pymycobot.common] _write: FE FE 03 2B D3 10 
2026-03-23 16:35:05.992 DEBU [pymycobot.common] _read : FE FE 04 2B 01 CD A2
2026-03-23 16:35:06.017 DEBU [pymycobot.common] _write: FE FE 03 2B D3 10 
2026-03-23 16:35:06.024 DEBU [pymycobot.common] _read : FE FE 04 2B 01 CD A2
2026-03-23 16:35:06.048 DEBU [pymycobot.common] _write: FE FE 03 2B D3 10 
2026-03-23 16:35:06.055 DEBU [pymycobot.common] _read : FE FE 04 2B 01 CD A2
2026-03-23 16:35:06.078 DEBU [pymycobot.common] _write: FE FE 03 2B D3 10 
2026-03-23 16:35:06.083 DEBU [pymycobot.common] _read : FE FE 04 2B 01 CD A2
2026-03-23 16:35:06.108 DEBU [pymycobot.common] _write: FE FE 03 2B D3 10 
2026-03-23 16:35:06.113 DEBU [pymycobot.common] _read : FE FE 04 2B 01 CD A2
2026-03-23 16:35:06.138 DEBU [pymycobot.common] _write: FE FE 03 2B D3 10 
2026-03-23 16:35:06.145 DEBU [pymycobot.common] _read : FE FE 04 2B 01 CD A2
2026-03-23 16:35:06.168 DEBU [pymycobot.common] _write: FE FE 03 2B D3 10 
2026-03-23 16:35:06.174 DEBU [pymycobot.common] _read : FE FE 04 2B 01 CD A2
2026-03-23 16:35:06.199 DEBU [pymycobot.common] _write: FE FE 03 2B D3 10 
2026-03-23 16:35:06.206 DEBU [pymycobot.common] _read : FE FE 04 2B 01 CD A2
2026-03-23 16:35:06.229 DEBU [pymycobot.common] _write: FE FE 03 2B D3 10 
2026-03-23 16:35:06.235 DEBU [pymycobot.common] _read : FE FE 04 2B 01 CD A2
2026-03-23 16:35:06.259 DEBU [pymycobot.common] _write: FE FE 03 2B D3 10 
2026-03-23 16:35:06.266 DEBU [pymycobot.common] _read : FE FE 04 2B 01 CD A2
2026-03-23 16:35:06.289 DEBU [pymycobot.common] _write: FE FE 03 2B D3 10 
2026-03-23 16:35:06.295 DEBU [pymycobot.common] _read : FE FE 04 2B 01 CD A2
2026-03-23 16:35:06.319 DEBU [pymycobot.common] _write: FE FE 03 2B D3 10 
2026-03-23 16:35:06.325 DEBU [pymycobot.common] _read : FE FE 04 2B 01 CD A2
2026-03-23 16:35:06.349 DEBU [pymycobot.common] _write: FE FE 03 2B D3 10 
2026-03-23 16:35:06.355 DEBU [pymycobot.common] _read : FE FE 04 2B 01 CD A2
2026-03-23 16:35:06.380 DEBU [pymycobot.common] _write: FE FE 03 2B D3 10 
2026-03-23 16:35:06.387 DEBU [pymycobot.common] _read : FE FE 04 2B 01 CD A2
2026-03-23 16:35:06.410 DEBU [pymycobot.common] _write: FE FE 03 2B D3 10 
2026-03-23 16:35:06.416 DEBU [pymycobot.common] _read : FE FE 04 2B 01 CD A2
2026-03-23 16:35:06.441 DEBU [pymycobot.common] _write: FE FE 03 2B D3 10 
2026-03-23 16:35:06.447 DEBU [pymycobot.common] _read : FE FE 04 2B 01 CD A2
2026-03-23 16:35:06.471 DEBU [pymycobot.common] _write: FE FE 03 2B D3 10 
2026-03-23 16:35:06.478 DEBU [pymycobot.common] _read : FE FE 04 2B 01 CD A2
2026-03-23 16:35:06.502 DEBU [pymycobot.common] _write: FE FE 03 2B D3 10 
2026-03-23 16:35:06.507 DEBU [pymycobot.common] _read : FE FE 04 2B 01 CD A2
2026-03-23 16:35:06.532 DEBU [pymycobot.common] _write: FE FE 03 2B D3 10 
2026-03-23 16:35:06.539 DEBU [pymycobot.common] _read : FE FE 04 2B 01 CD A2
2026-03-23 16:35:06.562 DEBU [pymycobot.common] _write: FE FE 03 2B D3 10 
2026-03-23 16:35:06.569 DEBU [pymycobot.common] _read : FE FE 04 2B 01 CD A2
2026-03-23 16:35:06.592 DEBU [pymycobot.common] _write: FE FE 03 2B D3 10 
2026-03-23 16:35:06.598 DEBU [pymycobot.common] _read : FE FE 04 2B 01 CD A2
2026-03-23 16:35:06.622 DEBU [pymycobot.common] _write: FE FE 03 2B D3 10 
2026-03-23 16:35:06.630 DEBU [pymycobot.common] _read : FE FE 04 2B 01 CD A2
2026-03-23 16:35:06.653 DEBU [pymycobot.common] _write: FE FE 03 2B D3 10 
2026-03-23 16:35:06.659 DEBU [pymycobot.common] _read : FE FE 04 2B 01 CD A2
2026-03-23 16:35:06.683 DEBU [pymycobot.common] _write: FE FE 03 2B D3 10 
2026-03-23 16:35:06.689 DEBU [pymycobot.common] _read : FE FE 04 2B 01 CD A2
2026-03-23 16:35:06.714 DEBU [pymycobot.common] _write: FE FE 03 2B D3 10 
2026-03-23 16:35:06.719 DEBU [pymycobot.common] _read : FE FE 04 2B 01 CD A2
2026-03-23 16:35:06.744 DEBU [pymycobot.common] _write: FE FE 03 2B D3 10 
2026-03-23 16:35:06.750 DEBU [pymycobot.common] _read : FE FE 04 2B 01 CD A2
2026-03-23 16:35:06.774 DEBU [pymycobot.common] _write: FE FE 03 2B D3 10 
2026-03-23 16:35:06.780 DEBU [pymycobot.common] _read : FE FE 04 2B 01 CD A2
2026-03-23 16:35:06.804 DEBU [pymycobot.common] _write: FE FE 03 2B D3 10 
2026-03-23 16:35:06.810 DEBU [pymycobot.common] _read : FE FE 04 2B 01 CD A2
2026-03-23 16:35:06.834 DEBU [pymycobot.common] _write: FE FE 03 2B D3 10 
2026-03-23 16:35:06.840 DEBU [pymycobot.common] _read : FE FE 04 2B 01 CD A2
2026-03-23 16:35:06.864 DEBU [pymycobot.common] _write: FE FE 03 2B D3 10 
2026-03-23 16:35:06.870 DEBU [pymycobot.common] _read : FE FE 04 2B 01 CD A2
2026-03-23 16:35:06.894 DEBU [pymycobot.common] _write: FE FE 03 2B D3 10 
2026-03-23 16:35:06.901 DEBU [pymycobot.common] _read : FE FE 04 2B 01 CD A2
2026-03-23 16:35:06.925 DEBU [pymycobot.common] _write: FE FE 03 2B D3 10 
2026-03-23 16:35:06.933 DEBU [pymycobot.common] _read : FE FE 04 2B 01 CD A2
2026-03-23 16:35:06.955 DEBU [pymycobot.common] _write: FE FE 03 2B D3 10 
2026-03-23 16:35:06.961 DEBU [pymycobot.common] _read : FE FE 04 2B 01 CD A2
2026-03-23 16:35:06.985 DEBU [pymycobot.common] _write: FE FE 03 2B D3 10 
2026-03-23 16:35:06.991 DEBU [pymycobot.common] _read : FE FE 04 2B 01 CD A2
2026-03-23 16:35:07.015 DEBU [pymycobot.common] _write: FE FE 03 2B D3 10 
2026-03-23 16:35:07.023 DEBU [pymycobot.common] _read : FE FE 04 2B 01 CD A2
2026-03-23 16:35:07.045 DEBU [pymycobot.common] _write: FE FE 03 2B D3 10 
2026-03-23 16:35:07.052 DEBU [pymycobot.common] _read : FE FE 04 2B 01 CD A2
2026-03-23 16:35:07.075 DEBU [pymycobot.common] _write: FE FE 03 2B D3 10 
2026-03-23 16:35:07.080 DEBU [pymycobot.common] _read : FE FE 04 2B 01 CD A2
2026-03-23 16:35:07.106 DEBU [pymycobot.common] _write: FE FE 03 2B D3 10 
2026-03-23 16:35:07.113 DEBU [pymycobot.common] _read : FE FE 04 2B 01 CD A2
2026-03-23 16:35:07.136 DEBU [pymycobot.common] _write: FE FE 03 2B D3 10 
2026-03-23 16:35:07.142 DEBU [pymycobot.common] _read : FE FE 04 2B 01 CD A2
2026-03-23 16:35:07.166 DEBU [pymycobot.common] _write: FE FE 03 2B D3 10 
2026-03-23 16:35:07.172 DEBU [pymycobot.common] _read : FE FE 04 2B 01 CD A2
2026-03-23 16:35:07.196 DEBU [pymycobot.common] _write: FE FE 03 2B D3 10 
2026-03-23 16:35:07.203 DEBU [pymycobot.common] _read : FE FE 04 2B 01 CD A2
2026-03-23 16:35:07.226 DEBU [pymycobot.common] _write: FE FE 03 2B D3 10 
2026-03-23 16:35:07.232 DEBU [pymycobot.common] _read : FE FE 04 2B 01 CD A2
2026-03-23 16:35:07.256 DEBU [pymycobot.common] _write: FE FE 03 2B D3 10 
2026-03-23 16:35:07.264 DEBU [pymycobot.common] _read : FE FE 04 2B 01 CD A2
2026-03-23 16:35:07.286 DEBU [pymycobot.common] _write: FE FE 03 2B D3 10 
2026-03-23 16:35:07.291 DEBU [pymycobot.common] _read : FE FE 04 2B 01 CD A2
2026-03-23 16:35:07.316 DEBU [pymycobot.common] _write: FE FE 03 2B D3 10 
2026-03-23 16:35:07.323 DEBU [pymycobot.common] _read : FE FE 04 2B 01 CD A2
2026-03-23 16:35:07.346 DEBU [pymycobot.common] _write: FE FE 03 2B D3 10 
2026-03-23 16:35:07.353 DEBU [pymycobot.common] _read : FE FE 04 2B 01 CD A2
2026-03-23 16:35:07.376 DEBU [pymycobot.common] _write: FE FE 03 2B D3 10 
2026-03-23 16:35:07.381 DEBU [pymycobot.common] _read : FE FE 04 2B 01 CD A2
2026-03-23 16:35:07.407 DEBU [pymycobot.common] _write: FE FE 03 2B D3 10 
2026-03-23 16:35:07.413 DEBU [pymycobot.common] _read : FE FE 04 2B 01 CD A2
2026-03-23 16:35:07.437 DEBU [pymycobot.common] _write: FE FE 03 2B D3 10 
2026-03-23 16:35:07.443 DEBU [pymycobot.common] _read : FE FE 04 2B 01 CD A2
2026-03-23 16:35:07.468 DEBU [pymycobot.common] _write: FE FE 03 2B D3 10 
2026-03-23 16:35:07.474 DEBU [pymycobot.common] _read : FE FE 04 2B 01 CD A2
2026-03-23 16:35:07.498 DEBU [pymycobot.common] _write: FE FE 03 2B D3 10 
2026-03-23 16:35:07.504 DEBU [pymycobot.common] _read : FE FE 04 2B 01 CD A2
2026-03-23 16:35:07.528 DEBU [pymycobot.common] _write: FE FE 03 2B D3 10 
2026-03-23 16:35:07.534 DEBU [pymycobot.common] _read : FE FE 04 2B 01 CD A2
2026-03-23 16:35:07.558 DEBU [pymycobot.common] _write: FE FE 03 2B D3 10 
2026-03-23 16:35:07.564 DEBU [pymycobot.common] _read : FE FE 04 2B 01 CD A2
2026-03-23 16:35:07.588 DEBU [pymycobot.common] _write: FE FE 03 2B D3 10 
2026-03-23 16:35:07.596 DEBU [pymycobot.common] _read : FE FE 04 2B 01 CD A2
2026-03-23 16:35:07.618 DEBU [pymycobot.common] _write: FE FE 03 2B D3 10 
2026-03-23 16:35:07.625 DEBU [pymycobot.common] _read : FE FE 04 2B 01 CD A2
2026-03-23 16:35:07.648 DEBU [pymycobot.common] _write: FE FE 03 2B D3 10 
2026-03-23 16:35:07.655 DEBU [pymycobot.common] _read : FE FE 04 2B 01 CD A2
2026-03-23 16:35:07.678 DEBU [pymycobot.common] _write: FE FE 03 2B D3 10 
2026-03-23 16:35:07.685 DEBU [pymycobot.common] _read : FE FE 04 2B 01 CD A2
2026-03-23 16:35:07.708 DEBU [pymycobot.common] _write: FE FE 03 2B D3 10 
2026-03-23 16:35:07.715 DEBU [pymycobot.common] _read : FE FE 04 2B 01 CD A2
2026-03-23 16:35:07.738 DEBU [pymycobot.common] _write: FE FE 03 2B D3 10 
2026-03-23 16:35:07.745 DEBU [pymycobot.common] _read : FE FE 04 2B 01 CD A2
2026-03-23 16:35:07.769 DEBU [pymycobot.common] _write: FE FE 03 2B D3 10 
2026-03-23 16:35:07.776 DEBU [pymycobot.common] _read : FE FE 04 2B 01 CD A2
2026-03-23 16:35:07.799 DEBU [pymycobot.common] _write: FE FE 03 2B D3 10 
2026-03-23 16:35:07.806 DEBU [pymycobot.common] _read : FE FE 04 2B 01 CD A2
2026-03-23 16:35:07.830 DEBU [pymycobot.common] _write: FE FE 03 2B D3 10 
2026-03-23 16:35:07.836 DEBU [pymycobot.common] _read : FE FE 04 2B 01 CD A2
2026-03-23 16:35:07.860 DEBU [pymycobot.common] _write: FE FE 03 2B D3 10 
2026-03-23 16:35:07.865 DEBU [pymycobot.common] _read : FE FE 04 2B 01 CD A2
2026-03-23 16:35:07.891 DEBU [pymycobot.common] _write: FE FE 03 2B D3 10 
2026-03-23 16:35:07.897 DEBU [pymycobot.common] _read : FE FE 04 2B 01 CD A2
2026-03-23 16:35:07.920 DEBU [pymycobot.common] _write: FE FE 03 2B D3 10 
2026-03-23 16:35:07.927 DEBU [pymycobot.common] _read : FE FE 04 2B 01 CD A2
2026-03-23 16:35:07.950 DEBU [pymycobot.common] _write: FE FE 03 2B D3 10 
2026-03-23 16:35:07.957 DEBU [pymycobot.common] _read : FE FE 04 2B 01 CD A2
2026-03-23 16:35:07.980 DEBU [pymycobot.common] _write: FE FE 03 2B D3 10 
2026-03-23 16:35:07.987 DEBU [pymycobot.common] _read : FE FE 04 2B 01 CD A2
2026-03-23 16:35:08.010 DEBU [pymycobot.common] _write: FE FE 03 2B D3 10 
2026-03-23 16:35:08.016 DEBU [pymycobot.common] _read : FE FE 04 2B 01 CD A2
2026-03-23 16:35:08.040 DEBU [pymycobot.common] _write: FE FE 03 2B D3 10 
2026-03-23 16:35:08.046 DEBU [pymycobot.common] _read : FE FE 04 2B 01 CD A2
2026-03-23 16:35:08.071 DEBU [pymycobot.common] _write: FE FE 03 2B D3 10 
2026-03-23 16:35:08.078 DEBU [pymycobot.common] _read : FE FE 04 2B 01 CD A2
2026-03-23 16:35:08.101 DEBU [pymycobot.common] _write: FE FE 03 2B D3 10 
2026-03-23 16:35:08.107 DEBU [pymycobot.common] _read : FE FE 04 2B 01 CD A2
2026-03-23 16:35:08.131 DEBU [pymycobot.common] _write: FE FE 03 2B D3 10 
2026-03-23 16:35:08.137 DEBU [pymycobot.common] _read : FE FE 04 2B 01 CD A2
2026-03-23 16:35:08.161 DEBU [pymycobot.common] _write: FE FE 03 2B D3 10 
2026-03-23 16:35:08.167 DEBU [pymycobot.common] _read : FE FE 04 2B 01 CD A2
2026-03-23 16:35:08.191 DEBU [pymycobot.common] _write: FE FE 03 2B D3 10 
2026-03-23 16:35:08.198 DEBU [pymycobot.common] _read : FE FE 04 2B 01 CD A2
2026-03-23 16:35:08.221 DEBU [pymycobot.common] _write: FE FE 03 2B D3 10 
2026-03-23 16:35:08.228 DEBU [pymycobot.common] _read : FE FE 04 2B 01 CD A2
2026-03-23 16:35:08.251 DEBU [pymycobot.common] _write: FE FE 03 2B D3 10 
2026-03-23 16:35:08.258 DEBU [pymycobot.common] _read : FE FE 04 2B 01 CD A2
2026-03-23 16:35:08.281 DEBU [pymycobot.common] _write: FE FE 03 2B D3 10 
2026-03-23 16:35:08.287 DEBU [pymycobot.common] _read : FE FE 04 2B 01 CD A2
2026-03-23 16:35:08.311 DEBU [pymycobot.common] _write: FE FE 03 2B D3 10 
2026-03-23 16:35:08.317 DEBU [pymycobot.common] _read : FE FE 04 2B 01 CD A2
2026-03-23 16:35:08.341 DEBU [pymycobot.common] _write: FE FE 03 2B D3 10 
2026-03-23 16:35:08.348 DEBU [pymycobot.common] _read : FE FE 04 2B 01 CD A2
2026-03-23 16:35:08.371 DEBU [pymycobot.common] _write: FE FE 03 2B D3 10 
2026-03-23 16:35:08.377 DEBU [pymycobot.common] _read : FE FE 04 2B 01 CD A2
2026-03-23 16:35:08.401 DEBU [pymycobot.common] _write: FE FE 03 2B D3 10 
2026-03-23 16:35:08.407 DEBU [pymycobot.common] _read : FE FE 04 2B 01 CD A2
2026-03-23 16:35:08.431 DEBU [pymycobot.common] _write: FE FE 03 2B D3 10 
2026-03-23 16:35:08.437 DEBU [pymycobot.common] _read : FE FE 04 2B 01 CD A2
2026-03-23 16:35:08.462 DEBU [pymycobot.common] _write: FE FE 03 2B D3 10 
2026-03-23 16:35:08.468 DEBU [pymycobot.common] _read : FE FE 04 2B 01 CD A2
2026-03-23 16:35:08.493 DEBU [pymycobot.common] _write: FE FE 03 2B D3 10 
2026-03-23 16:35:08.498 DEBU [pymycobot.common] _read : FE FE 04 2B 01 CD A2
2026-03-23 16:35:08.523 DEBU [pymycobot.common] _write: FE FE 03 2B D3 10 
2026-03-23 16:35:08.529 DEBU [pymycobot.common] _read : FE FE 04 2B 01 CD A2
2026-03-23 16:35:08.553 DEBU [pymycobot.common] _write: FE FE 03 2B D3 10 
2026-03-23 16:35:08.560 DEBU [pymycobot.common] _read : FE FE 04 2B 01 CD A2
2026-03-23 16:35:08.584 DEBU [pymycobot.common] _write: FE FE 03 2B D3 10 
2026-03-23 16:35:08.590 DEBU [pymycobot.common] _read : FE FE 04 2B 01 CD A2
2026-03-23 16:35:08.613 DEBU [pymycobot.common] _write: FE FE 03 2B D3 10 
2026-03-23 16:35:08.619 DEBU [pymycobot.common] _read : FE FE 04 2B 01 CD A2
2026-03-23 16:35:08.643 DEBU [pymycobot.common] _write: FE FE 03 2B D3 10 
2026-03-23 16:35:08.649 DEBU [pymycobot.common] _read : FE FE 04 2B 01 CD A2
2026-03-23 16:35:08.673 DEBU [pymycobot.common] _write: FE FE 03 2B D3 10 
2026-03-23 16:35:08.679 DEBU [pymycobot.common] _read : FE FE 04 2B 01 CD A2
2026-03-23 16:35:08.703 DEBU [pymycobot.common] _write: FE FE 03 2B D3 10 
2026-03-23 16:35:08.709 DEBU [pymycobot.common] _read : FE FE 04 2B 01 CD A2
2026-03-23 16:35:08.733 DEBU [pymycobot.common] _write: FE FE 03 2B D3 10 
2026-03-23 16:35:08.739 DEBU [pymycobot.common] _read : FE FE 04 2B 01 CD A2
2026-03-23 16:35:08.763 DEBU [pymycobot.common] _write: FE FE 03 2B D3 10 
2026-03-23 16:35:08.768 DEBU [pymycobot.common] _read : FE FE 04 2B 01 CD A2
2026-03-23 16:35:08.793 DEBU [pymycobot.common] _write: FE FE 03 2B D3 10 
2026-03-23 16:35:08.800 DEBU [pymycobot.common] _read : FE FE 04 2B 01 CD A2
2026-03-23 16:35:08.824 DEBU [pymycobot.common] _write: FE FE 03 2B D3 10 
2026-03-23 16:35:08.831 DEBU [pymycobot.common] _read : FE FE 04 2B 01 CD A2
2026-03-23 16:35:08.854 DEBU [pymycobot.common] _write: FE FE 03 2B D3 10 
2026-03-23 16:35:08.861 DEBU [pymycobot.common] _read : FE FE 04 2B 01 CD A2
2026-03-23 16:35:08.884 DEBU [pymycobot.common] _write: FE FE 03 2B D3 10 
2026-03-23 16:35:08.891 DEBU [pymycobot.common] _read : FE FE 04 2B 01 CD A2
2026-03-23 16:35:08.914 DEBU [pymycobot.common] _write: FE FE 03 2B D3 10 
2026-03-23 16:35:08.920 DEBU [pymycobot.common] _read : FE FE 04 2B 01 CD A2
2026-03-23 16:35:08.944 DEBU [pymycobot.common] _write: FE FE 03 2B D3 10 
2026-03-23 16:35:08.951 DEBU [pymycobot.common] _read : FE FE 04 2B 01 CD A2
2026-03-23 16:35:08.974 DEBU [pymycobot.common] _write: FE FE 03 2B D3 10 
2026-03-23 16:35:08.982 DEBU [pymycobot.common] _read : FE FE 04 2B 01 CD A2
2026-03-23 16:35:09.004 DEBU [pymycobot.common] _write: FE FE 03 2B D3 10 
2026-03-23 16:35:09.011 DEBU [pymycobot.common] _read : FE FE 04 2B 01 CD A2
2026-03-23 16:35:09.034 DEBU [pymycobot.common] _write: FE FE 03 2B D3 10 
2026-03-23 16:35:09.041 DEBU [pymycobot.common] _read : FE FE 04 2B 01 CD A2
2026-03-23 16:35:09.064 DEBU [pymycobot.common] _write: FE FE 03 2B D3 10 
2026-03-23 16:35:09.071 DEBU [pymycobot.common] _read : FE FE 04 2B 01 CD A2
2026-03-23 16:35:09.094 DEBU [pymycobot.common] _write: FE FE 03 2B D3 10 
2026-03-23 16:35:09.102 DEBU [pymycobot.common] _read : FE FE 04 2B 01 CD A2
2026-03-23 16:35:09.124 DEBU [pymycobot.common] _write: FE FE 03 2B D3 10 
2026-03-23 16:35:09.132 DEBU [pymycobot.common] _read : FE FE 04 2B 01 CD A2
2026-03-23 16:35:09.154 DEBU [pymycobot.common] _write: FE FE 03 2B D3 10 
2026-03-23 16:35:09.162 DEBU [pymycobot.common] _read : FE FE 04 2B 01 CD A2
2026-03-23 16:35:09.184 DEBU [pymycobot.common] _write: FE FE 03 2B D3 10 
2026-03-23 16:35:09.191 DEBU [pymycobot.common] _read : FE FE 04 2B 01 CD A2
2026-03-23 16:35:09.214 DEBU [pymycobot.common] _write: FE FE 03 2B D3 10 
2026-03-23 16:35:09.221 DEBU [pymycobot.common] _read : FE FE 04 2B 01 CD A2
2026-03-23 16:35:09.244 DEBU [pymycobot.common] _write: FE FE 03 2B D3 10 
2026-03-23 16:35:09.252 DEBU [pymycobot.common] _read : FE FE 04 2B 01 CD A2
2026-03-23 16:35:09.274 DEBU [pymycobot.common] _write: FE FE 03 2B D3 10 
2026-03-23 16:35:09.281 DEBU [pymycobot.common] _read : FE FE 04 2B 01 CD A2
2026-03-23 16:35:09.304 DEBU [pymycobot.common] _write: FE FE 03 2B D3 10 
2026-03-23 16:35:09.311 DEBU [pymycobot.common] _read : FE FE 04 2B 01 CD A2
2026-03-23 16:35:09.334 DEBU [pymycobot.common] _write: FE FE 03 2B D3 10 
2026-03-23 16:35:09.341 DEBU [pymycobot.common] _read : FE FE 04 2B 01 CD A2
2026-03-23 16:35:09.364 DEBU [pymycobot.common] _write: FE FE 03 2B D3 10 
2026-03-23 16:35:09.371 DEBU [pymycobot.common] _read : FE FE 04 2B 01 CD A2
2026-03-23 16:35:09.394 DEBU [pymycobot.common] _write: FE FE 03 2B D3 10 
2026-03-23 16:35:09.401 DEBU [pymycobot.common] _read : FE FE 04 2B 01 CD A2
2026-03-23 16:35:09.425 DEBU [pymycobot.common] _write: FE FE 03 2B D3 10 
2026-03-23 16:35:09.432 DEBU [pymycobot.common] _read : FE FE 04 2B 01 CD A2
2026-03-23 16:35:09.455 DEBU [pymycobot.common] _write: FE FE 03 2B D3 10 
2026-03-23 16:35:09.466 DEBU [pymycobot.common] _read : FE FE 04 2B 01 CD A2
2026-03-23 16:35:09.486 DEBU [pymycobot.common] _write: FE FE 03 2B D3 10 
2026-03-23 16:35:09.493 DEBU [pymycobot.common] _read : FE FE 04 2B 01 CD A2
2026-03-23 16:35:09.516 DEBU [pymycobot.common] _write: FE FE 03 2B D3 10 
2026-03-23 16:35:09.525 DEBU [pymycobot.common] _read : FE FE 04 2B 01 CD A2
2026-03-23 16:35:09.547 DEBU [pymycobot.common] _write: FE FE 03 2B D3 10 
2026-03-23 16:35:09.554 DEBU [pymycobot.common] _read : FE FE 04 2B 01 CD A2
2026-03-23 16:35:09.577 DEBU [pymycobot.common] _write: FE FE 03 2B D3 10 
2026-03-23 16:35:09.584 DEBU [pymycobot.common] _read : FE FE 04 2B 01 CD A2
2026-03-23 16:35:09.607 DEBU [pymycobot.common] _write: FE FE 03 2B D3 10 
2026-03-23 16:35:09.613 DEBU [pymycobot.common] _read : FE FE 04 2B 01 CD A2
2026-03-23 16:35:09.637 DEBU [pymycobot.common] _write: FE FE 03 2B D3 10 
2026-03-23 16:35:09.644 DEBU [pymycobot.common] _read : FE FE 04 2B 01 CD A2
2026-03-23 16:35:09.667 DEBU [pymycobot.common] _write: FE FE 03 2B D3 10 
2026-03-23 16:35:09.675 DEBU [pymycobot.common] _read : FE FE 04 2B 01 CD A2
2026-03-23 16:35:09.697 DEBU [pymycobot.common] _write: FE FE 03 2B D3 10 
2026-03-23 16:35:09.704 DEBU [pymycobot.common] _read : FE FE 04 2B 01 CD A2
2026-03-23 16:35:09.727 DEBU [pymycobot.common] _write: FE FE 03 2B D3 10 
2026-03-23 16:35:09.734 DEBU [pymycobot.common] _read : FE FE 04 2B 01 CD A2
2026-03-23 16:35:09.757 DEBU [pymycobot.common] _write: FE FE 03 2B D3 10 
2026-03-23 16:35:09.766 DEBU [pymycobot.common] _read : FE FE 04 2B 01 CD A2
2026-03-23 16:35:09.788 DEBU [pymycobot.common] _write: FE FE 03 2B D3 10 
2026-03-23 16:35:09.795 DEBU [pymycobot.common] _read : FE FE 04 2B 01 CD A2
2026-03-23 16:35:09.818 DEBU [pymycobot.common] _write: FE FE 03 2B D3 10 
2026-03-23 16:35:09.826 DEBU [pymycobot.common] _read : FE FE 04 2B 01 CD A2
2026-03-23 16:35:09.848 DEBU [pymycobot.common] _write: FE FE 03 2B D3 10 
2026-03-23 16:35:09.855 DEBU [pymycobot.common] _read : FE FE 04 2B 01 CD A2
2026-03-23 16:35:09.878 DEBU [pymycobot.common] _write: FE FE 03 2B D3 10 
2026-03-23 16:35:09.887 DEBU [pymycobot.common] _read : FE FE 04 2B 01 CD A2
2026-03-23 16:35:09.908 DEBU [pymycobot.common] _write: FE FE 03 2B D3 10 
2026-03-23 16:35:09.915 DEBU [pymycobot.common] _read : FE FE 04 2B 01 CD A2
2026-03-23 16:35:09.938 DEBU [pymycobot.common] _write: FE FE 03 2B D3 10 
2026-03-23 16:35:09.946 DEBU [pymycobot.common] _read : FE FE 04 2B 01 CD A2
2026-03-23 16:35:09.968 DEBU [pymycobot.common] _write: FE FE 03 2B D3 10 
2026-03-23 16:35:09.976 DEBU [pymycobot.common] _read : FE FE 04 2B 01 CD A2
2026-03-23 16:35:09.999 DEBU [pymycobot.common] _write: FE FE 03 2B D3 10 
2026-03-23 16:35:10.007 DEBU [pymycobot.common] _read : FE FE 04 2B 01 CD A2
2026-03-23 16:35:10.029 DEBU [pymycobot.common] _write: FE FE 03 2B D3 10 
2026-03-23 16:35:10.036 DEBU [pymycobot.common] _read : FE FE 04 2B 01 CD A2
2026-03-23 16:35:10.059 DEBU [pymycobot.common] _write: FE FE 03 2B D3 10 
2026-03-23 16:35:10.067 DEBU [pymycobot.common] _read : FE FE 04 2B 01 CD A2
2026-03-23 16:35:10.089 DEBU [pymycobot.common] _write: FE FE 03 2B D3 10 
2026-03-23 16:35:10.096 DEBU [pymycobot.common] _read : FE FE 04 2B 01 CD A2
2026-03-23 16:35:10.119 DEBU [pymycobot.common] _write: FE FE 03 2B D3 10 
2026-03-23 16:35:10.127 DEBU [pymycobot.common] _read : FE FE 04 2B 01 CD A2
2026-03-23 16:35:10.149 DEBU [pymycobot.common] _write: FE FE 03 2B D3 10 
2026-03-23 16:35:10.156 DEBU [pymycobot.common] _read : FE FE 04 2B 01 CD A2
2026-03-23 16:35:10.179 DEBU [pymycobot.common] _write: FE FE 03 2B D3 10 
2026-03-23 16:35:10.187 DEBU [pymycobot.common] _read : FE FE 04 2B 01 CD A2
2026-03-23 16:35:10.209 DEBU [pymycobot.common] _write: FE FE 03 2B D3 10 
2026-03-23 16:35:10.216 DEBU [pymycobot.common] _read : FE FE 04 2B 01 CD A2
2026-03-23 16:35:10.240 DEBU [pymycobot.common] _write: FE FE 03 2B D3 10 
2026-03-23 16:35:10.247 DEBU [pymycobot.common] _read : FE FE 04 2B 01 CD A2
2026-03-23 16:35:10.270 DEBU [pymycobot.common] _write: FE FE 03 2B D3 10 
2026-03-23 16:35:10.277 DEBU [pymycobot.common] _read : FE FE 04 2B 01 CD A2
2026-03-23 16:35:10.300 DEBU [pymycobot.common] _write: FE FE 03 2B D3 10 
2026-03-23 16:35:10.307 DEBU [pymycobot.common] _read : FE FE 04 2B 01 CD A2
2026-03-23 16:35:10.330 DEBU [pymycobot.common] _write: FE FE 03 2B D3 10 
2026-03-23 16:35:10.337 DEBU [pymycobot.common] _read : FE FE 04 2B 01 CD A2
2026-03-23 16:35:10.360 DEBU [pymycobot.common] _write: FE FE 03 2B D3 10 
2026-03-23 16:35:10.368 DEBU [pymycobot.common] _read : FE FE 04 2B 01 CD A2
2026-03-23 16:35:10.390 DEBU [pymycobot.common] _write: FE FE 03 2B D3 10 
2026-03-23 16:35:10.399 DEBU [pymycobot.common] _read : FE FE 04 2B 01 CD A2
2026-03-23 16:35:10.420 DEBU [pymycobot.common] _write: FE FE 03 2B D3 10 
2026-03-23 16:35:10.426 DEBU [pymycobot.common] _read : FE FE 04 2B 01 CD A2
2026-03-23 16:35:10.450 DEBU [pymycobot.common] _write: FE FE 03 2B D3 10 
2026-03-23 16:35:10.458 DEBU [pymycobot.common] _read : FE FE 04 2B 01 CD A2
2026-03-23 16:35:10.481 DEBU [pymycobot.common] _write: FE FE 03 2B D3 10 
2026-03-23 16:35:10.488 DEBU [pymycobot.common] _read : FE FE 04 2B 01 CD A2
2026-03-23 16:35:10.511 DEBU [pymycobot.common] _write: FE FE 03 2B D3 10 
2026-03-23 16:35:10.519 DEBU [pymycobot.common] _read : FE FE 04 2B 01 CD A2
2026-03-23 16:35:10.541 DEBU [pymycobot.common] _write: FE FE 03 2B D3 10 
2026-03-23 16:35:10.548 DEBU [pymycobot.common] _read : FE FE 04 2B 01 CD A2
2026-03-23 16:35:10.571 DEBU [pymycobot.common] _write: FE FE 03 2B D3 10 
2026-03-23 16:35:10.578 DEBU [pymycobot.common] _read : FE FE 04 2B 01 CD A2
2026-03-23 16:35:10.601 DEBU [pymycobot.common] _write: FE FE 03 2B D3 10 
2026-03-23 16:35:10.608 DEBU [pymycobot.common] _read : FE FE 04 2B 01 CD A2
2026-03-23 16:35:10.631 DEBU [pymycobot.common] _write: FE FE 03 2B D3 10 
2026-03-23 16:35:10.639 DEBU [pymycobot.common] _read : FE FE 04 2B 01 CD A2
2026-03-23 16:35:10.662 DEBU [pymycobot.common] _write: FE FE 03 2B D3 10 
2026-03-23 16:35:10.669 DEBU [pymycobot.common] _read : FE FE 04 2B 01 CD A2
2026-03-23 16:35:10.692 DEBU [pymycobot.common] _write: FE FE 03 2B D3 10 
2026-03-23 16:35:10.699 DEBU [pymycobot.common] _read : FE FE 04 2B 01 CD A2
2026-03-23 16:35:10.722 DEBU [pymycobot.common] _write: FE FE 03 2B D3 10 
2026-03-23 16:35:10.729 DEBU [pymycobot.common] _read : FE FE 04 2B 01 CD A2
2026-03-23 16:35:10.752 DEBU [pymycobot.common] _write: FE FE 03 2B D3 10 
2026-03-23 16:35:10.760 DEBU [pymycobot.common] _read : FE FE 04 2B 01 CD A2
2026-03-23 16:35:10.782 DEBU [pymycobot.common] _write: FE FE 03 2B D3 10 
2026-03-23 16:35:10.790 DEBU [pymycobot.common] _read : FE FE 04 2B 01 CD A2
2026-03-23 16:35:10.812 DEBU [pymycobot.common] _write: FE FE 03 2B D3 10 
2026-03-23 16:35:10.820 DEBU [pymycobot.common] _read : FE FE 04 2B 01 CD A2
2026-03-23 16:35:10.842 DEBU [pymycobot.common] _write: FE FE 03 2B D3 10 
2026-03-23 16:35:10.849 DEBU [pymycobot.common] _read : FE FE 04 2B 01 CD A2
2026-03-23 16:35:10.872 DEBU [pymycobot.common] _write: FE FE 03 2B D3 10 
2026-03-23 16:35:10.880 DEBU [pymycobot.common] _read : FE FE 04 2B 01 CD A2
2026-03-23 16:35:10.902 DEBU [pymycobot.common] _write: FE FE 03 2B D3 10 
2026-03-23 16:35:10.909 DEBU [pymycobot.common] _read : FE FE 04 2B 01 CD A2
2026-03-23 16:35:10.933 DEBU [pymycobot.common] _write: FE FE 03 2B D3 10 
2026-03-23 16:35:10.941 DEBU [pymycobot.common] _read : FE FE 04 2B 01 CD A2
2026-03-23 16:35:10.963 DEBU [pymycobot.common] _write: FE FE 03 2B D3 10 
2026-03-23 16:35:10.970 DEBU [pymycobot.common] _read : FE FE 04 2B 01 CD A2
2026-03-23 16:35:10.993 DEBU [pymycobot.common] _write: FE FE 03 2B D3 10 
2026-03-23 16:35:11.000 DEBU [pymycobot.common] _read : FE FE 04 2B 01 CD A2
2026-03-23 16:35:11.023 DEBU [pymycobot.common] _write: FE FE 03 2B D3 10 
2026-03-23 16:35:11.032 DEBU [pymycobot.common] _read : FE FE 04 2B 01 CD A2
2026-03-23 16:35:11.053 DEBU [pymycobot.common] _write: FE FE 03 2B D3 10 
2026-03-23 16:35:11.060 DEBU [pymycobot.common] _read : FE FE 04 2B 01 CD A2
2026-03-23 16:35:11.084 DEBU [pymycobot.common] _write: FE FE 03 2B D3 10 
2026-03-23 16:35:11.091 DEBU [pymycobot.common] _read : FE FE 04 2B 01 CD A2
2026-03-23 16:35:11.113 DEBU [pymycobot.common] _write: FE FE 03 2B D3 10 
2026-03-23 16:35:11.120 DEBU [pymycobot.common] _read : FE FE 04 2B 01 CD A2
2026-03-23 16:35:11.143 DEBU [pymycobot.common] _write: FE FE 03 2B D3 10 
2026-03-23 16:35:11.150 DEBU [pymycobot.common] _read : FE FE 04 2B 01 CD A2
2026-03-23 16:35:11.173 DEBU [pymycobot.common] _write: FE FE 03 2B D3 10 
2026-03-23 16:35:11.181 DEBU [pymycobot.common] _read : FE FE 04 2B 01 CD A2
2026-03-23 16:35:11.203 DEBU [pymycobot.common] _write: FE FE 03 2B D3 10 
2026-03-23 16:35:11.210 DEBU [pymycobot.common] _read : FE FE 04 2B 01 CD A2
2026-03-23 16:35:11.233 DEBU [pymycobot.common] _write: FE FE 03 2B D3 10 
2026-03-23 16:35:11.239 DEBU [pymycobot.common] _read : FE FE 04 2B 01 CD A2
2026-03-23 16:35:11.263 DEBU [pymycobot.common] _write: FE FE 03 2B D3 10 
2026-03-23 16:35:11.271 DEBU [pymycobot.common] _read : FE FE 04 2B 01 CD A2
2026-03-23 16:35:11.293 DEBU [pymycobot.common] _write: FE FE 03 2B D3 10 
2026-03-23 16:35:11.301 DEBU [pymycobot.common] _read : FE FE 04 2B 01 CD A2
2026-03-23 16:35:11.323 DEBU [pymycobot.common] _write: FE FE 03 2B D3 10 
2026-03-23 16:35:11.330 DEBU [pymycobot.common] _read : FE FE 04 2B 01 CD A2
2026-03-23 16:35:11.353 DEBU [pymycobot.common] _write: FE FE 03 2B D3 10 
2026-03-23 16:35:11.361 DEBU [pymycobot.common] _read : FE FE 04 2B 01 CD A2
2026-03-23 16:35:11.383 DEBU [pymycobot.common] _write: FE FE 03 2B D3 10 
2026-03-23 16:35:11.391 DEBU [pymycobot.common] _read : FE FE 04 2B 01 CD A2
2026-03-23 16:35:11.414 DEBU [pymycobot.common] _write: FE FE 03 2B D3 10 
2026-03-23 16:35:11.421 DEBU [pymycobot.common] _read : FE FE 04 2B 01 CD A2
2026-03-23 16:35:11.444 DEBU [pymycobot.common] _write: FE FE 03 2B D3 10 
2026-03-23 16:35:11.452 DEBU [pymycobot.common] _read : FE FE 04 2B 01 CD A2
2026-03-23 16:35:11.474 DEBU [pymycobot.common] _write: FE FE 03 2B D3 10 
2026-03-23 16:35:11.482 DEBU [pymycobot.common] _read : FE FE 04 2B 01 CD A2
2026-03-23 16:35:11.505 DEBU [pymycobot.common] _write: FE FE 03 2B D3 10 
2026-03-23 16:35:11.513 DEBU [pymycobot.common] _read : FE FE 04 2B 01 CD A2
2026-03-23 16:35:11.536 DEBU [pymycobot.common] _write: FE FE 03 2B D3 10 
2026-03-23 16:35:11.544 DEBU [pymycobot.common] _read : FE FE 04 2B 01 CD A2
2026-03-23 16:35:11.566 DEBU [pymycobot.common] _write: FE FE 03 2B D3 10 
2026-03-23 16:35:11.573 DEBU [pymycobot.common] _read : FE FE 04 2B 01 CD A2
2026-03-23 16:35:11.596 DEBU [pymycobot.common] _write: FE FE 03 2B D3 10 
2026-03-23 16:35:11.603 DEBU [pymycobot.common] _read : FE FE 04 2B 01 CD A2
2026-03-23 16:35:11.626 DEBU [pymycobot.common] _write: FE FE 03 2B D3 10 
2026-03-23 16:35:11.633 DEBU [pymycobot.common] _read : FE FE 04 2B 01 CD A2
2026-03-23 16:35:11.656 DEBU [pymycobot.common] _write: FE FE 03 2B D3 10 
2026-03-23 16:35:11.663 DEBU [pymycobot.common] _read : FE FE 04 2B 01 CD A2
2026-03-23 16:35:11.686 DEBU [pymycobot.common] _write: FE FE 03 2B D3 10 
2026-03-23 16:35:11.694 DEBU [pymycobot.common] _read : FE FE 04 2B 01 CD A2
2026-03-23 16:35:11.717 DEBU [pymycobot.common] _write: FE FE 03 2B D3 10 
2026-03-23 16:35:11.724 DEBU [pymycobot.common] _read : FE FE 04 2B 01 CD A2
2026-03-23 16:35:11.747 DEBU [pymycobot.common] _write: FE FE 03 2B D3 10 
2026-03-23 16:35:11.756 DEBU [pymycobot.common] _read : FE FE 04 2B 01 CD A2
2026-03-23 16:35:11.777 DEBU [pymycobot.common] _write: FE FE 03 2B D3 10 
2026-03-23 16:35:11.785 DEBU [pymycobot.common] _read : FE FE 04 2B 01 CD A2
2026-03-23 16:35:11.807 DEBU [pymycobot.common] _write: FE FE 03 2B D3 10 
2026-03-23 16:35:11.813 DEBU [pymycobot.common] _read : FE FE 04 2B 01 CD A2
2026-03-23 16:35:11.837 DEBU [pymycobot.common] _write: FE FE 03 2B D3 10 
2026-03-23 16:35:11.844 DEBU [pymycobot.common] _read : FE FE 04 2B 01 CD A2
2026-03-23 16:35:11.867 DEBU [pymycobot.common] _write: FE FE 03 2B D3 10 
2026-03-23 16:35:11.874 DEBU [pymycobot.common] _read : FE FE 04 2B 01 CD A2
2026-03-23 16:35:11.897 DEBU [pymycobot.common] _write: FE FE 03 2B D3 10 
2026-03-23 16:35:11.904 DEBU [pymycobot.common] _read : FE FE 04 2B 01 CD A2
2026-03-23 16:35:11.927 DEBU [pymycobot.common] _write: FE FE 03 2B D3 10 
2026-03-23 16:35:11.934 DEBU [pymycobot.common] _read : FE FE 04 2B 01 CD A2
2026-03-23 16:35:11.957 DEBU [pymycobot.common] _write: FE FE 03 2B D3 10 
2026-03-23 16:35:11.965 DEBU [pymycobot.common] _read : FE FE 04 2B 01 CD A2
2026-03-23 16:35:11.987 DEBU [pymycobot.common] _write: FE FE 03 2B D3 10 
2026-03-23 16:35:11.994 DEBU [pymycobot.common] _read : FE FE 04 2B 01 CD A2
2026-03-23 16:35:12.017 DEBU [pymycobot.common] _write: FE FE 03 2B D3 10 
2026-03-23 16:35:12.025 DEBU [pymycobot.common] _read : FE FE 04 2B 01 CD A2
2026-03-23 16:35:12.048 DEBU [pymycobot.common] _write: FE FE 03 2B D3 10 
2026-03-23 16:35:12.055 DEBU [pymycobot.common] _read : FE FE 04 2B 01 CD A2
2026-03-23 16:35:12.078 DEBU [pymycobot.common] _write: FE FE 03 2B D3 10 
2026-03-23 16:35:12.085 DEBU [pymycobot.common] _read : FE FE 04 2B 01 CD A2
2026-03-23 16:35:12.109 DEBU [pymycobot.common] _write: FE FE 03 2B D3 10 
2026-03-23 16:35:12.117 DEBU [pymycobot.common] _read : FE FE 04 2B 01 CD A2
2026-03-23 16:35:12.139 DEBU [pymycobot.common] _write: FE FE 03 2B D3 10 
2026-03-23 16:35:12.148 DEBU [pymycobot.common] _read : FE FE 04 2B 01 CD A2
2026-03-23 16:35:12.169 DEBU [pymycobot.common] _write: FE FE 03 2B D3 10 
2026-03-23 16:35:12.177 DEBU [pymycobot.common] _read : FE FE 04 2B 01 CD A2
2026-03-23 16:35:12.199 DEBU [pymycobot.common] _write: FE FE 03 2B D3 10 
2026-03-23 16:35:12.206 DEBU [pymycobot.common] _read : FE FE 04 2B 01 CD A2
2026-03-23 16:35:12.229 DEBU [pymycobot.common] _write: FE FE 03 2B D3 10 
2026-03-23 16:35:12.237 DEBU [pymycobot.common] _read : FE FE 04 2B 01 CD A2
2026-03-23 16:35:12.259 DEBU [pymycobot.common] _write: FE FE 03 2B D3 10 
2026-03-23 16:35:12.266 DEBU [pymycobot.common] _read : FE FE 04 2B 01 CD A2
2026-03-23 16:35:12.289 DEBU [pymycobot.common] _write: FE FE 03 2B D3 10 
2026-03-23 16:35:12.297 DEBU [pymycobot.common] _read : FE FE 04 2B 01 CD A2
2026-03-23 16:35:12.319 DEBU [pymycobot.common] _write: FE FE 03 2B D3 10 
2026-03-23 16:35:12.326 DEBU [pymycobot.common] _read : FE FE 04 2B 01 CD A2
2026-03-23 16:35:12.349 DEBU [pymycobot.common] _write: FE FE 03 2B D3 10 
2026-03-23 16:35:12.357 DEBU [pymycobot.common] _read : FE FE 04 2B 01 CD A2
2026-03-23 16:35:12.379 DEBU [pymycobot.common] _write: FE FE 03 2B D3 10 
2026-03-23 16:35:12.387 DEBU [pymycobot.common] _read : FE FE 04 2B 01 CD A2
2026-03-23 16:35:12.409 DEBU [pymycobot.common] _write: FE FE 03 2B D3 10 
2026-03-23 16:35:12.415 DEBU [pymycobot.common] _read : FE FE 04 2B 01 CD A2
2026-03-23 16:35:12.439 DEBU [pymycobot.common] _write: FE FE 03 2B D3 10 
2026-03-23 16:35:12.446 DEBU [pymycobot.common] _read : FE FE 04 2B 01 CD A2
2026-03-23 16:35:12.469 DEBU [pymycobot.common] _write: FE FE 03 2B D3 10 
2026-03-23 16:35:12.476 DEBU [pymycobot.common] _read : FE FE 04 2B 01 CD A2
2026-03-23 16:35:12.500 DEBU [pymycobot.common] _write: FE FE 03 2B D3 10 
2026-03-23 16:35:12.507 DEBU [pymycobot.common] _read : FE FE 04 2B 01 CD A2
2026-03-23 16:35:12.530 DEBU [pymycobot.common] _write: FE FE 03 2B D3 10 
2026-03-23 16:35:12.539 DEBU [pymycobot.common] _read : FE FE 04 2B 01 CD A2
2026-03-23 16:35:12.561 DEBU [pymycobot.common] _write: FE FE 03 2B D3 10 
2026-03-23 16:35:12.568 DEBU [pymycobot.common] _read : FE FE 04 2B 01 CD A2
2026-03-23 16:35:12.591 DEBU [pymycobot.common] _write: FE FE 03 2B D3 10 
2026-03-23 16:35:12.598 DEBU [pymycobot.common] _read : FE FE 04 2B 01 CD A2
2026-03-23 16:35:12.621 DEBU [pymycobot.common] _write: FE FE 03 2B D3 10 
2026-03-23 16:35:12.629 DEBU [pymycobot.common] _read : FE FE 04 2B 01 CD A2
2026-03-23 16:35:12.651 DEBU [pymycobot.common] _write: FE FE 03 2B D3 10 
2026-03-23 16:35:12.658 DEBU [pymycobot.common] _read : FE FE 04 2B 01 CD A2
2026-03-23 16:35:12.681 DEBU [pymycobot.common] _write: FE FE 03 2B D3 10 
2026-03-23 16:35:12.688 DEBU [pymycobot.common] _read : FE FE 04 2B 01 CD A2
2026-03-23 16:35:12.711 DEBU [pymycobot.common] _write: FE FE 03 2B D3 10 
2026-03-23 16:35:12.718 DEBU [pymycobot.common] _read : FE FE 04 2B 01 CD A2
2026-03-23 16:35:12.741 DEBU [pymycobot.common] _write: FE FE 03 2B D3 10 
2026-03-23 16:35:12.749 DEBU [pymycobot.common] _read : FE FE 04 2B 01 CD A2
2026-03-23 16:35:12.771 DEBU [pymycobot.common] _write: FE FE 03 2B D3 10 
2026-03-23 16:35:12.778 DEBU [pymycobot.common] _read : FE FE 04 2B 01 CD A2
2026-03-23 16:35:12.801 DEBU [pymycobot.common] _write: FE FE 03 2B D3 10 
2026-03-23 16:35:12.809 DEBU [pymycobot.common] _read : FE FE 04 2B 01 CD A2
2026-03-23 16:35:12.831 DEBU [pymycobot.common] _write: FE FE 03 2B D3 10 
2026-03-23 16:35:12.838 DEBU [pymycobot.common] _read : FE FE 04 2B 01 CD A2
2026-03-23 16:35:12.862 DEBU [pymycobot.common] _write: FE FE 03 2B D3 10 
2026-03-23 16:35:12.870 DEBU [pymycobot.common] _read : FE FE 04 2B 01 CD A2
2026-03-23 16:35:12.892 DEBU [pymycobot.common] _write: FE FE 03 2B D3 10 
2026-03-23 16:35:12.899 DEBU [pymycobot.common] _read : FE FE 04 2B 01 CD A2
2026-03-23 16:35:12.922 DEBU [pymycobot.common] _write: FE FE 03 2B D3 10 
2026-03-23 16:35:12.931 DEBU [pymycobot.common] _read : FE FE 04 2B 01 CD A2
2026-03-23 16:35:12.952 DEBU [pymycobot.common] _write: FE FE 03 2B D3 10 
2026-03-23 16:35:12.959 DEBU [pymycobot.common] _read : FE FE 04 2B 01 CD A2
2026-03-23 16:35:12.982 DEBU [pymycobot.common] _write: FE FE 03 2B D3 10 
2026-03-23 16:35:12.989 DEBU [pymycobot.common] _read : FE FE 04 2B 01 CD A2
2026-03-23 16:35:13.012 DEBU [pymycobot.common] _write: FE FE 03 2B D3 10 
2026-03-23 16:35:13.020 DEBU [pymycobot.common] _read : FE FE 04 2B 01 CD A2
2026-03-23 16:35:13.042 DEBU [pymycobot.common] _write: FE FE 03 2B D3 10 
2026-03-23 16:35:13.049 DEBU [pymycobot.common] _read : FE FE 04 2B 01 CD A2
2026-03-23 16:35:13.072 DEBU [pymycobot.common] _write: FE FE 03 2B D3 10 
2026-03-23 16:35:13.079 DEBU [pymycobot.common] _read : FE FE 04 2B 01 CD A2
2026-03-23 16:35:13.102 DEBU [pymycobot.common] _write: FE FE 03 2B D3 10 
2026-03-23 16:35:13.110 DEBU [pymycobot.common] _read : FE FE 04 2B 01 CD A2
2026-03-23 16:35:13.132 DEBU [pymycobot.common] _write: FE FE 03 2B D3 10 
2026-03-23 16:35:13.139 DEBU [pymycobot.common] _read : FE FE 04 2B 01 CD A2
2026-03-23 16:35:13.163 DEBU [pymycobot.common] _write: FE FE 03 2B D3 10 
2026-03-23 16:35:13.171 DEBU [pymycobot.common] _read : FE FE 04 2B 01 CD A2
2026-03-23 16:35:13.193 DEBU [pymycobot.common] _write: FE FE 03 2B D3 10 
2026-03-23 16:35:13.200 DEBU [pymycobot.common] _read : FE FE 04 2B 01 CD A2
2026-03-23 16:35:13.223 DEBU [pymycobot.common] _write: FE FE 03 2B D3 10 
2026-03-23 16:35:13.230 DEBU [pymycobot.common] _read : FE FE 04 2B 01 CD A2
2026-03-23 16:35:13.253 DEBU [pymycobot.common] _write: FE FE 03 2B D3 10 
2026-03-23 16:35:13.260 DEBU [pymycobot.common] _read : FE FE 04 2B 01 CD A2
2026-03-23 16:35:13.283 DEBU [pymycobot.common] _write: FE FE 03 2B D3 10 
2026-03-23 16:35:13.290 DEBU [pymycobot.common] _read : FE FE 04 2B 01 CD A2
2026-03-23 16:35:13.313 DEBU [pymycobot.common] _write: FE FE 03 2B D3 10 
2026-03-23 16:35:13.320 DEBU [pymycobot.common] _read : FE FE 04 2B 01 CD A2
2026-03-23 16:35:13.343 DEBU [pymycobot.common] _write: FE FE 03 2B D3 10 
2026-03-23 16:35:13.351 DEBU [pymycobot.common] _read : FE FE 04 2B 01 CD A2
2026-03-23 16:35:13.373 DEBU [pymycobot.common] _write: FE FE 03 2B D3 10 
2026-03-23 16:35:13.379 DEBU [pymycobot.common] _read : FE FE 04 2B 01 CD A2
2026-03-23 16:35:13.403 DEBU [pymycobot.common] _write: FE FE 03 2B D3 10 
2026-03-23 16:35:13.410 DEBU [pymycobot.common] _read : FE FE 04 2B 01 CD A2
2026-03-23 16:35:13.433 DEBU [pymycobot.common] _write: FE FE 03 2B D3 10 
2026-03-23 16:35:13.442 DEBU [pymycobot.common] _read : FE FE 04 2B 01 CD A2
2026-03-23 16:35:13.464 DEBU [pymycobot.common] _write: FE FE 03 2B D3 10 
2026-03-23 16:35:13.472 DEBU [pymycobot.common] _read : FE FE 04 2B 01 CD A2
2026-03-23 16:35:13.494 DEBU [pymycobot.common] _write: FE FE 03 2B D3 10 
2026-03-23 16:35:13.501 DEBU [pymycobot.common] _read : FE FE 04 2B 01 CD A2
2026-03-23 16:35:13.525 DEBU [pymycobot.common] _write: FE FE 03 2B D3 10 
2026-03-23 16:35:13.533 DEBU [pymycobot.common] _read : FE FE 04 2B 01 CD A2
2026-03-23 16:35:13.556 DEBU [pymycobot.common] _write: FE FE 03 2B D3 10 
2026-03-23 16:35:13.563 DEBU [pymycobot.common] _read : FE FE 04 2B 01 CD A2
2026-03-23 16:35:13.585 DEBU [pymycobot.common] _write: FE FE 03 2B D3 10 
2026-03-23 16:35:13.592 DEBU [pymycobot.common] _read : FE FE 04 2B 01 CD A2
2026-03-23 16:35:13.617 DEBU [pymycobot.common] _write: FE FE 03 2B D3 10 
2026-03-23 16:35:13.624 DEBU [pymycobot.common] _read : FE FE 04 2B 01 CD A2
2026-03-23 16:35:13.647 DEBU [pymycobot.common] _write: FE FE 03 2B D3 10 
2026-03-23 16:35:13.655 DEBU [pymycobot.common] _read : FE FE 04 2B 01 CD A2
2026-03-23 16:35:13.678 DEBU [pymycobot.common] _write: FE FE 03 2B D3 10 
2026-03-23 16:35:13.686 DEBU [pymycobot.common] _read : FE FE 04 2B 01 CD A2
2026-03-23 16:35:13.709 DEBU [pymycobot.common] _write: FE FE 03 2B D3 10 
2026-03-23 16:35:13.717 DEBU [pymycobot.common] _read : FE FE 04 2B 01 CD A2
2026-03-23 16:35:13.739 DEBU [pymycobot.common] _write: FE FE 03 2B D3 10 
2026-03-23 16:35:13.748 DEBU [pymycobot.common] _read : FE FE 04 2B 01 CD A2
2026-03-23 16:35:13.769 DEBU [pymycobot.common] _write: FE FE 03 2B D3 10 
2026-03-23 16:35:13.775 DEBU [pymycobot.common] _read : FE FE 04 2B 01 CD A2
2026-03-23 16:35:13.800 DEBU [pymycobot.common] _write: FE FE 03 2B D3 10 
2026-03-23 16:35:13.805 DEBU [pymycobot.common] _read : FE FE 04 2B 01 CD A2
2026-03-23 16:35:13.830 DEBU [pymycobot.common] _write: FE FE 03 2B D3 10 
2026-03-23 16:35:13.837 DEBU [pymycobot.common] _read : FE FE 04 2B 01 CD A2
2026-03-23 16:35:13.860 DEBU [pymycobot.common] _write: FE FE 03 2B D3 10 
2026-03-23 16:35:13.868 DEBU [pymycobot.common] _read : FE FE 04 2B 01 CD A2
2026-03-23 16:35:13.891 DEBU [pymycobot.common] _write: FE FE 03 2B D3 10 
2026-03-23 16:35:13.898 DEBU [pymycobot.common] _read : FE FE 04 2B 01 CD A2
2026-03-23 16:35:13.921 DEBU [pymycobot.common] _write: FE FE 03 2B D3 10 
2026-03-23 16:35:13.928 DEBU [pymycobot.common] _read : FE FE 04 2B 01 CD A2
2026-03-23 16:35:13.951 DEBU [pymycobot.common] _write: FE FE 03 2B D3 10 
2026-03-23 16:35:13.958 DEBU [pymycobot.common] _read : FE FE 04 2B 01 CD A2
2026-03-23 16:35:13.981 DEBU [pymycobot.common] _write: FE FE 03 2B D3 10 
2026-03-23 16:35:13.987 DEBU [pymycobot.common] _read : FE FE 04 2B 01 CD A2
2026-03-23 16:35:14.011 DEBU [pymycobot.common] _write: FE FE 03 2B D3 10 
2026-03-23 16:35:14.018 DEBU [pymycobot.common] _read : FE FE 04 2B 01 CD A2
2026-03-23 16:35:14.041 DEBU [pymycobot.common] _write: FE FE 03 2B D3 10 
2026-03-23 16:35:14.048 DEBU [pymycobot.common] _read : FE FE 04 2B 01 CD A2
2026-03-23 16:35:14.071 DEBU [pymycobot.common] _write: FE FE 03 2B D3 10 
2026-03-23 16:35:14.078 DEBU [pymycobot.common] _read : FE FE 04 2B 01 CD A2
2026-03-23 16:35:14.101 DEBU [pymycobot.common] _write: FE FE 03 2B D3 10 
2026-03-23 16:35:14.108 DEBU [pymycobot.common] _read : FE FE 04 2B 01 CD A2
2026-03-23 16:35:14.132 DEBU [pymycobot.common] _write: FE FE 03 2B D3 10 
2026-03-23 16:35:14.139 DEBU [pymycobot.common] _read : FE FE 04 2B 01 CD A2
2026-03-23 16:35:14.163 DEBU [pymycobot.common] _write: FE FE 03 2B D3 10 
2026-03-23 16:35:14.168 DEBU [pymycobot.common] _read : FE FE 04 2B 01 CD A2
2026-03-23 16:35:14.193 DEBU [pymycobot.common] _write: FE FE 03 2B D3 10 
2026-03-23 16:35:14.199 DEBU [pymycobot.common] _read : FE FE 04 2B 01 CD A2
2026-03-23 16:35:14.223 DEBU [pymycobot.common] _write: FE FE 03 2B D3 10 
2026-03-23 16:35:14.229 DEBU [pymycobot.common] _read : FE FE 04 2B 01 CD A2
2026-03-23 16:35:14.254 DEBU [pymycobot.common] _write: FE FE 03 2B D3 10 
2026-03-23 16:35:14.260 DEBU [pymycobot.common] _read : FE FE 04 2B 01 CD A2
2026-03-23 16:35:14.284 DEBU [pymycobot.common] _write: FE FE 03 2B D3 10 
2026-03-23 16:35:14.291 DEBU [pymycobot.common] _read : FE FE 04 2B 01 CD A2
2026-03-23 16:35:14.314 DEBU [pymycobot.common] _write: FE FE 03 2B D3 10 
2026-03-23 16:35:14.319 DEBU [pymycobot.common] _read : FE FE 04 2B 01 CD A2
2026-03-23 16:35:14.344 DEBU [pymycobot.common] _write: FE FE 03 2B D3 10 
2026-03-23 16:35:14.349 DEBU [pymycobot.common] _read : FE FE 04 2B 01 CD A2
2026-03-23 16:35:14.374 DEBU [pymycobot.common] _write: FE FE 03 2B D3 10 
2026-03-23 16:35:14.382 DEBU [pymycobot.common] _read : FE FE 04 2B 00 0D 63 FE FE 04 5B 00 CD 46
2026-03-23 16:35:14.404 DEBU [pymycobot.common] _write: FE FE 03 2B D3 10 
2026-03-23 16:35:14.413 DEBU [pymycobot.common] _read : FE FE 04 2B 00 0D 63
2026-03-23 16:35:40.217 DEBU [pymycobot.common] _write: FE FE 04 74 00 FD 5A 
2026-03-23 16:35:40.226 DEBU [pymycobot.common] _read : FE FE 05 74 FF 01 F7 FC
2026-03-23 16:36:26.449 DEBU [pymycobot.common] _write: FE FE 03 97 62 11 
2026-03-23 16:36:26.463 DEBU [pymycobot.common] _read : FE FE 05 97 FF 01 01 0D
2026-03-23 16:36:33.850 DEBU [pymycobot.common] _write: FE FE 03 97 62 11 
2026-03-23 16:36:33.860 DEBU [pymycobot.common] _read : FE FE 05 97 FF 01 01 0D
2026-03-23 16:55:00.684 DEBU [pymycobot.common] _write: FE FE 04 1E 01 9D B5 
2026-03-23 16:55:03.144 DEBU [pymycobot.common] _read : FE FE 05 1E FF 01 EB DC
2026-03-23 16:55:51.127 DEBU [pymycobot.common] _write: FE FE 04 1E 00 5D 74 
2026-03-23 16:55:53.859 DEBU [pymycobot.common] _read : FE FE 05 1E FF 01 EB DC
2026-03-23 17:01:00.123 DEBU [pymycobot.common] _write: FE FE 03 08 0A 51 
2026-03-23 17:01:00.134 DEBU [pymycobot.common] _read : FE FE 05 08 FF 01 2F 3D
2026-03-23 17:01:00.135 DEBU [pymycobot.common] _write: FE FE 05 13 FE 00 78 8D 
2026-03-23 17:01:00.271 DEBU [pymycobot.common] _read : FE FE 05 13 FF 01 28 4D
2026-03-23 17:01:28.797 DEBU [pymycobot.common] _write: FE FE 03 08 0A 51 
2026-03-23 17:01:28.805 DEBU [pymycobot.common] _read : FE FE 05 08 FF 01 2F 3D
2026-03-23 17:01:28.806 DEBU [pymycobot.common] _write: FE FE 05 13 FE 00 78 8D 
2026-03-23 17:01:28.875 DEBU [pymycobot.common] _read : FE FE 05 13 FF 01 28 4D
2026-03-23 17:01:28.876 DEBU [pymycobot.common] _write: FE FE 03 07 0E 11 
2026-03-23 17:01:28.883 DEBU [pymycobot.common] _read : FE FE 05 07 D0 03 DD 90
2026-03-23 17:02:07.496 DEBU [pymycobot.common] _write: FE FE 03 08 0A 51 
2026-03-23 17:02:07.505 DEBU [pymycobot.common] _read : FE FE 05 08 FF 01 2F 3D
2026-03-23 17:02:07.507 DEBU [pymycobot.common] _write: FE FE 05 13 FE 01 B8 4C 
2026-03-23 17:02:07.698 DEBU [pymycobot.common] _read : FE FE 05 13 FF 01 28 4D
2026-03-23 17:25:23.045 DEBU [pymycobot.common] _write: FE FE 06 64 00 0D 03 B0 C2 
2026-03-23 17:26:08.252 DEBU [pymycobot.common] _write: FE FE 03 09 CA 90 
2026-03-23 17:26:08.315 DEBU [pymycobot.common] _read : FE FE 05 64 FF 01 32 FD
2026-03-23 17:26:08.419 DEBU [pymycobot.common] _write: FE FE 03 06 CE D0 
2026-03-23 17:26:08.426 DEBU [pymycobot.common] _read : FE FE 04 06 03 5C 3E
2026-03-23 17:26:09.437 DEBU [pymycobot.common] _write: FE FE 03 09 CA 90 
2026-03-23 17:26:09.446 DEBU [pymycobot.common] _read : FE FE 04 09 0D 68 BA
2026-03-23 17:26:09.447 DEBU [pymycobot.common] _write: FE FE 03 06 CE D0 
2026-03-23 17:26:09.457 DEBU [pymycobot.common] _read : FE FE 04 06 03 5C 3E
2026-03-23 17:31:19.036 DEBU [pymycobot.common] _write: FE FE 06 64 00 0D 03 B0 C2 
2026-03-23 17:32:04.248 DEBU [pymycobot.common] _write: FE FE 03 09 CA 90 
2026-03-23 17:32:04.325 DEBU [pymycobot.common] _read : FE FE 05 64 FF 01 32 FD FE FE 04 B5 00 6D 0B
2026-03-23 17:32:04.329 DEBU [pymycobot.common] _read : FE FE 04 09 0D 68 BA
2026-03-23 17:32:04.330 DEBU [pymycobot.common] _write: FE FE 03 06 CE D0 
2026-03-23 17:32:04.338 DEBU [pymycobot.common] _read : FE FE 04 06 03 5C 3E
2026-03-23 17:32:04.341 DEBU [pymycobot.common] _write: FE FE 0B B5 01 04 00 00 00 0C F0 0F 46 C2 
2026-03-23 17:32:04.369 DEBU [pymycobot.common] _read : FE FE 20 B5 01 04 18 BE 42 35 83 BB E6 73 8E 3D 9F BF B0 B8 18 18 0F BA 91 50 98 BB C8 02 F7 C5 96 50 44
