2026-03-19 14:14:39.308 DEBU [pymycobot.common] _write: FE FE 04 16 00 9D 73 
2026-03-19 14:14:43.339 DEBU [pymycobot.common] _write: FE FE 03 2B D3 10 
2026-03-19 14:14:47.362 DEBU [pymycobot.common] _write: FE FE 03 2B D3 10 
2026-03-19 14:14:51.378 DEBU [pymycobot.common] _write: FE FE 03 2B D3 10 
2026-03-19 14:14:55.400 DEBU [pymycobot.common] _write: FE FE 03 2B D3 10 
2026-03-19 14:14:59.427 DEBU [pymycobot.common] _write: FE FE 03 2B D3 10 
2026-03-19 14:15:03.452 DEBU [pymycobot.common] _write: FE FE 03 2B D3 10 
2026-03-19 14:15:14.870 DEBU [pymycobot.common] _write: FE FE 04 16 00 9D 73 
2026-03-19 14:15:28.071 DEBU [pymycobot.common] _write: FE FE 04 10 01 FD B1 
2026-03-19 14:15:36.128 DEBU [pymycobot.common] _write: FE FE 07 B8 00 01 C2 00 00 70 
2026-03-19 14:15:36.344 DEBU [pymycobot.common] _write: FE FE 0B B5 01 04 00 00 00 0C F0 0F 46 C2 
2026-03-19 14:15:36.670 DEBU [pymycobot.common] _write: FE FE 0B B5 01 04 00 00 00 0C F0 0F 46 C2 
2026-03-19 14:15:36.995 DEBU [pymycobot.common] _write: FE FE 0B B5 01 04 00 00 00 0C F0 0F 46 C2 
2026-03-19 14:15:37.321 DEBU [pymycobot.common] _write: FE FE 0B B5 01 04 00 00 00 0C F0 0F 46 C2 
2026-03-19 14:15:37.647 DEBU [pymycobot.common] _write: FE FE 0B B5 01 04 00 00 00 0C F0 0F 46 C2 
2026-03-19 14:15:37.974 DEBU [pymycobot.common] _write: FE FE 0B B5 01 04 00 00 00 0C F0 0F 46 C2 
2026-03-19 14:15:38.297 DEBU [pymycobot.common] _write: FE FE 0B B5 01 04 00 00 00 0C F0 0F 46 C2 
2026-03-19 14:15:38.624 DEBU [pymycobot.common] _write: FE FE 0B B5 01 04 00 00 00 0C F0 0F 46 C2 
2026-03-19 14:15:38.950 DEBU [pymycobot.common] _write: FE FE 0B B5 01 04 00 00 00 0C F0 0F 46 C2 
2026-03-19 14:15:39.275 DEBU [pymycobot.common] _write: FE FE 0B B5 01 04 00 00 00 0C F0 0F 46 C2 
2026-03-19 14:15:39.603 DEBU [pymycobot.common] _write: FE FE 0B B5 01 04 00 00 00 0C F0 0F 46 C2 
2026-03-19 14:15:39.928 DEBU [pymycobot.common] _write: FE FE 0B B5 01 04 00 00 00 0C F0 0F 46 C2 
2026-03-19 14:15:40.257 DEBU [pymycobot.common] _write: FE FE 0B B5 01 04 00 00 00 0C F0 0F 46 C2 
2026-03-19 14:15:40.582 DEBU [pymycobot.common] _write: FE FE 0B B5 01 04 00 00 00 0C F0 0F 46 C2 
2026-03-19 14:15:40.907 DEBU [pymycobot.common] _write: FE FE 0B B5 01 04 00 00 00 0C F0 0F 46 C2 
2026-03-19 14:15:41.235 DEBU [pymycobot.common] _write: FE FE 0B B5 01 04 00 00 00 0C F0 0F 46 C2 
2026-03-19 14:15:41.561 DEBU [pymycobot.common] _write: FE FE 0B B5 01 04 00 00 00 0C F0 0F 46 C2 
2026-03-19 14:15:41.886 DEBU [pymycobot.common] _write: FE FE 0B B5 01 04 00 00 00 0C F0 0F 46 C2 
2026-03-19 14:15:42.213 DEBU [pymycobot.common] _write: FE FE 0B B5 01 04 00 00 00 0C F0 0F 46 C2 
2026-03-19 14:15:42.542 DEBU [pymycobot.common] _write: FE FE 0B B5 01 04 00 00 00 0C F0 0F 46 C2 
2026-03-19 14:15:42.865 DEBU [pymycobot.common] _write: FE FE 0B B5 01 04 00 00 00 0C F0 0F 46 C2 
2026-03-19 14:15:43.193 DEBU [pymycobot.common] _write: FE FE 0B B5 01 04 00 00 00 0C F0 0F 46 C2 
2026-03-19 14:15:43.518 DEBU [pymycobot.common] _write: FE FE 0B B5 01 04 00 00 00 0C F0 0F 46 C2 
2026-03-19 14:15:43.845 DEBU [pymycobot.common] _write: FE FE 0B B5 01 04 00 00 00 0C F0 0F 46 C2 
2026-03-19 14:15:44.172 DEBU [pymycobot.common] _write: FE FE 0B B5 01 04 00 00 00 0C F0 0F 46 C2 
2026-03-19 14:15:44.495 DEBU [pymycobot.common] _write: FE FE 0B B5 01 04 00 00 00 0C F0 0F 46 C2 
2026-03-19 14:15:44.825 DEBU [pymycobot.common] _write: FE FE 0B B5 01 04 00 00 00 0C F0 0F 46 C2 
2026-03-19 14:15:45.152 DEBU [pymycobot.common] _write: FE FE 0B B5 01 04 00 00 00 0C F0 0F 46 C2 
2026-03-19 14:15:45.477 DEBU [pymycobot.common] _write: FE FE 0B B5 01 04 00 00 00 0C F0 0F 46 C2 
2026-03-19 14:15:45.803 DEBU [pymycobot.common] _write: FE FE 0B B5 01 04 00 00 00 0C F0 0F 46 C2 
2026-03-19 14:15:46.132 DEBU [pymycobot.common] _write: FE FE 0B B5 01 04 00 00 00 0C F0 0F 46 C2 
2026-03-19 14:15:46.457 DEBU [pymycobot.common] _write: FE FE 0B B5 01 04 00 00 00 0C F0 0F 46 C2 
2026-03-19 14:15:46.781 DEBU [pymycobot.common] _write: FE FE 0B B5 01 04 00 00 00 0C F0 0F 46 C2 
2026-03-19 14:15:47.107 DEBU [pymycobot.common] _write: FE FE 0B B5 01 04 00 00 00 0C F0 0F 46 C2 
2026-03-19 14:15:47.432 DEBU [pymycobot.common] _write: FE FE 0B B5 01 04 00 00 00 0C F0 0F 46 C2 
2026-03-19 14:15:47.757 DEBU [pymycobot.common] _write: FE FE 0B B5 01 04 00 00 00 0C F0 0F 46 C2 
2026-03-19 14:15:48.087 DEBU [pymycobot.common] _write: FE FE 0B B5 01 04 00 00 00 0C F0 0F 46 C2 
2026-03-19 14:15:48.412 DEBU [pymycobot.common] _write: FE FE 0B B5 01 04 00 00 00 0C F0 0F 46 C2 
2026-03-19 14:15:48.739 DEBU [pymycobot.common] _write: FE FE 0B B5 01 04 00 00 00 0C F0 0F 46 C2 
2026-03-19 14:15:49.066 DEBU [pymycobot.common] _write: FE FE 0B B5 01 04 00 00 00 0C F0 0F 46 C2 
2026-03-19 14:15:49.392 DEBU [pymycobot.common] _write: FE FE 0B B5 01 04 00 00 00 0C F0 0F 46 C2 
2026-03-19 14:15:49.717 DEBU [pymycobot.common] _write: FE FE 0B B5 01 04 00 00 00 0C F0 0F 46 C2 
2026-03-19 14:15:50.042 DEBU [pymycobot.common] _write: FE FE 0B B5 01 04 00 00 00 0C F0 0F 46 C2 
2026-03-19 14:15:50.369 DEBU [pymycobot.common] _write: FE FE 0B B5 01 04 00 00 00 0C F0 0F 46 C2 
2026-03-19 14:15:50.695 DEBU [pymycobot.common] _write: FE FE 0B B5 01 04 00 00 00 0C F0 0F 46 C2 
2026-03-19 14:15:51.019 DEBU [pymycobot.common] _write: FE FE 0B B5 01 04 00 00 00 0C F0 0F 46 C2 
2026-03-19 14:15:51.347 DEBU [pymycobot.common] _write: FE FE 0B B5 01 04 00 00 00 0C F0 0F 46 C2 
2026-03-19 14:15:51.675 DEBU [pymycobot.common] _write: FE FE 0B B5 01 04 00 00 00 0C F0 0F 46 C2 
2026-03-19 14:15:51.995 DEBU [pymycobot.common] _write: FE FE 0B B5 01 04 00 00 00 0C F0 0F 46 C2 
2026-03-19 14:15:52.323 DEBU [pymycobot.common] _write: FE FE 0B B5 01 04 00 00 00 0C F0 0F 46 C2 
2026-03-19 14:15:52.647 DEBU [pymycobot.common] _write: FE FE 0B B5 01 04 00 00 00 0C F0 0F 46 C2 
2026-03-19 14:15:52.969 DEBU [pymycobot.common] _write: FE FE 0B B5 01 04 00 00 00 0C F0 0F 46 C2 
2026-03-19 14:15:53.291 DEBU [pymycobot.common] _write: FE FE 0B B5 01 04 00 00 00 0C F0 0F 46 C2 
2026-03-19 14:15:53.614 DEBU [pymycobot.common] _write: FE FE 0B B5 01 04 00 00 00 0C F0 0F 46 C2 
2026-03-19 14:15:53.942 DEBU [pymycobot.common] _write: FE FE 0B B5 01 04 00 00 00 0C F0 0F 46 C2 
2026-03-19 14:15:54.269 DEBU [pymycobot.common] _write: FE FE 0B B5 01 04 00 00 00 0C F0 0F 46 C2 
2026-03-19 14:15:54.597 DEBU [pymycobot.common] _write: FE FE 0B B5 01 04 00 00 00 0C F0 0F 46 C2 
2026-03-19 14:15:54.924 DEBU [pymycobot.common] _write: FE FE 0B B5 01 04 00 00 00 0C F0 0F 46 C2 
2026-03-19 14:15:55.248 DEBU [pymycobot.common] _write: FE FE 0B B5 01 04 00 00 00 0C F0 0F 46 C2 
2026-03-19 14:15:55.574 DEBU [pymycobot.common] _write: FE FE 0B B5 01 04 00 00 00 0C F0 0F 46 C2 
2026-03-19 14:15:55.901 DEBU [pymycobot.common] _write: FE FE 0B B5 01 04 00 00 00 0C F0 0F 46 C2 
2026-03-19 14:15:56.226 DEBU [pymycobot.common] _write: FE FE 0B B5 01 04 00 00 00 0C F0 0F 46 C2 
2026-03-19 14:15:56.553 DEBU [pymycobot.common] _write: FE FE 0B B5 01 04 00 00 00 0C F0 0F 46 C2 
2026-03-19 14:15:56.880 DEBU [pymycobot.common] _write: FE FE 0B B5 01 04 00 00 00 0C F0 0F 46 C2 
2026-03-19 14:15:57.204 DEBU [pymycobot.common] _write: FE FE 0B B5 01 04 00 00 00 0C F0 0F 46 C2 
2026-03-19 14:15:57.531 DEBU [pymycobot.common] _write: FE FE 0B B5 01 04 00 00 00 0C F0 0F 46 C2 
2026-03-19 14:15:57.854 DEBU [pymycobot.common] _write: FE FE 0B B5 01 04 00 00 00 0C F0 0F 46 C2 
2026-03-19 14:15:58.181 DEBU [pymycobot.common] _write: FE FE 0B B5 01 04 00 00 00 0C F0 0F 46 C2 
2026-03-19 14:16:05.393 DEBU [pymycobot.common] _write: FE FE 04 10 01 FD B1 
2026-03-19 14:16:13.444 DEBU [pymycobot.common] _write: FE FE 07 B8 00 01 C2 00 00 70 
2026-03-19 14:16:13.662 DEBU [pymycobot.common] _write: FE FE 0B B5 01 04 00 00 00 0C F0 0F 46 C2 
2026-03-19 14:16:13.989 DEBU [pymycobot.common] _write: FE FE 0B B5 01 04 00 00 00 0C F0 0F 46 C2 
2026-03-19 14:16:14.313 DEBU [pymycobot.common] _write: FE FE 0B B5 01 04 00 00 00 0C F0 0F 46 C2 
2026-03-19 14:16:14.643 DEBU [pymycobot.common] _write: FE FE 0B B5 01 04 00 00 00 0C F0 0F 46 C2 
2026-03-19 14:16:14.967 DEBU [pymycobot.common] _write: FE FE 0B B5 01 04 00 00 00 0C F0 0F 46 C2 
2026-03-19 14:16:15.294 DEBU [pymycobot.common] _write: FE FE 0B B5 01 04 00 00 00 0C F0 0F 46 C2 
2026-03-19 14:16:15.619 DEBU [pymycobot.common] _write: FE FE 0B B5 01 04 00 00 00 0C F0 0F 46 C2 
2026-03-19 14:16:15.946 DEBU [pymycobot.common] _write: FE FE 0B B5 01 04 00 00 00 0C F0 0F 46 C2 
2026-03-19 14:16:16.273 DEBU [pymycobot.common] _write: FE FE 0B B5 01 04 00 00 00 0C F0 0F 46 C2 
2026-03-19 14:16:16.597 DEBU [pymycobot.common] _write: FE FE 0B B5 01 04 00 00 00 0C F0 0F 46 C2 
2026-03-19 14:16:16.922 DEBU [pymycobot.common] _write: FE FE 0B B5 01 04 00 00 00 0C F0 0F 46 C2 
2026-03-19 14:16:17.249 DEBU [pymycobot.common] _write: FE FE 0B B5 01 04 00 00 00 0C F0 0F 46 C2 
2026-03-19 14:16:17.575 DEBU [pymycobot.common] _write: FE FE 0B B5 01 04 00 00 00 0C F0 0F 46 C2 
2026-03-19 14:16:17.903 DEBU [pymycobot.common] _write: FE FE 0B B5 01 04 00 00 00 0C F0 0F 46 C2 
2026-03-19 14:16:18.231 DEBU [pymycobot.common] _write: FE FE 0B B5 01 04 00 00 00 0C F0 0F 46 C2 
2026-03-19 14:16:18.558 DEBU [pymycobot.common] _write: FE FE 0B B5 01 04 00 00 00 0C F0 0F 46 C2 
2026-03-19 14:16:18.882 DEBU [pymycobot.common] _write: FE FE 0B B5 01 04 00 00 00 0C F0 0F 46 C2 
2026-03-19 14:16:19.210 DEBU [pymycobot.common] _write: FE FE 0B B5 01 04 00 00 00 0C F0 0F 46 C2 
2026-03-19 14:16:19.538 DEBU [pymycobot.common] _write: FE FE 0B B5 01 04 00 00 00 0C F0 0F 46 C2 
2026-03-19 14:16:19.864 DEBU [pymycobot.common] _write: FE FE 0B B5 01 04 00 00 00 0C F0 0F 46 C2 
2026-03-19 14:16:20.192 DEBU [pymycobot.common] _write: FE FE 0B B5 01 04 00 00 00 0C F0 0F 46 C2 
2026-03-19 14:16:20.519 DEBU [pymycobot.common] _write: FE FE 0B B5 01 04 00 00 00 0C F0 0F 46 C2 
2026-03-19 14:16:20.846 DEBU [pymycobot.common] _write: FE FE 0B B5 01 04 00 00 00 0C F0 0F 46 C2 
2026-03-19 14:16:21.175 DEBU [pymycobot.common] _write: FE FE 0B B5 01 04 00 00 00 0C F0 0F 46 C2 
2026-03-19 14:16:21.501 DEBU [pymycobot.common] _write: FE FE 0B B5 01 04 00 00 00 0C F0 0F 46 C2 
2026-03-19 14:16:21.831 DEBU [pymycobot.common] _write: FE FE 0B B5 01 04 00 00 00 0C F0 0F 46 C2 
2026-03-19 14:16:22.156 DEBU [pymycobot.common] _write: FE FE 0B B5 01 04 00 00 00 0C F0 0F 46 C2 
2026-03-19 14:16:22.482 DEBU [pymycobot.common] _write: FE FE 0B B5 01 04 00 00 00 0C F0 0F 46 C2 
2026-03-19 14:16:22.807 DEBU [pymycobot.common] _write: FE FE 0B B5 01 04 00 00 00 0C F0 0F 46 C2 
2026-03-19 14:16:23.133 DEBU [pymycobot.common] _write: FE FE 0B B5 01 04 00 00 00 0C F0 0F 46 C2 
2026-03-19 14:16:23.458 DEBU [pymycobot.common] _write: FE FE 0B B5 01 04 00 00 00 0C F0 0F 46 C2 
2026-03-19 14:16:23.782 DEBU [pymycobot.common] _write: FE FE 0B B5 01 04 00 00 00 0C F0 0F 46 C2 
2026-03-19 14:16:24.105 DEBU [pymycobot.common] _write: FE FE 0B B5 01 04 00 00 00 0C F0 0F 46 C2 
2026-03-19 14:16:24.430 DEBU [pymycobot.common] _write: FE FE 0B B5 01 04 00 00 00 0C F0 0F 46 C2 
2026-03-19 14:16:24.757 DEBU [pymycobot.common] _write: FE FE 0B B5 01 04 00 00 00 0C F0 0F 46 C2 
2026-03-19 14:16:25.080 DEBU [pymycobot.common] _write: FE FE 0B B5 01 04 00 00 00 0C F0 0F 46 C2 
2026-03-19 14:16:25.407 DEBU [pymycobot.common] _write: FE FE 0B B5 01 04 00 00 00 0C F0 0F 46 C2 
2026-03-19 14:16:25.730 DEBU [pymycobot.common] _write: FE FE 0B B5 01 04 00 00 00 0C F0 0F 46 C2 
2026-03-19 14:16:26.058 DEBU [pymycobot.common] _write: FE FE 0B B5 01 04 00 00 00 0C F0 0F 46 C2 
2026-03-19 14:16:26.380 DEBU [pymycobot.common] _write: FE FE 0B B5 01 04 00 00 00 0C F0 0F 46 C2 
2026-03-19 14:16:26.708 DEBU [pymycobot.common] _write: FE FE 0B B5 01 04 00 00 00 0C F0 0F 46 C2 
2026-03-19 14:16:27.035 DEBU [pymycobot.common] _write: FE FE 0B B5 01 04 00 00 00 0C F0 0F 46 C2 
2026-03-19 14:16:27.360 DEBU [pymycobot.common] _write: FE FE 0B B5 01 04 00 00 00 0C F0 0F 46 C2 
2026-03-19 14:16:27.688 DEBU [pymycobot.common] _write: FE FE 0B B5 01 04 00 00 00 0C F0 0F 46 C2 
2026-03-19 14:16:28.010 DEBU [pymycobot.common] _write: FE FE 0B B5 01 04 00 00 00 0C F0 0F 46 C2 
2026-03-19 14:16:28.340 DEBU [pymycobot.common] _write: FE FE 0B B5 01 04 00 00 00 0C F0 0F 46 C2 
2026-03-19 14:16:28.666 DEBU [pymycobot.common] _write: FE FE 0B B5 01 04 00 00 00 0C F0 0F 46 C2 
2026-03-19 14:16:28.992 DEBU [pymycobot.common] _write: FE FE 0B B5 01 04 00 00 00 0C F0 0F 46 C2 
2026-03-19 14:16:29.316 DEBU [pymycobot.common] _write: FE FE 0B B5 01 04 00 00 00 0C F0 0F 46 C2 
2026-03-19 14:16:29.642 DEBU [pymycobot.common] _write: FE FE 0B B5 01 04 00 00 00 0C F0 0F 46 C2 
2026-03-19 14:16:29.967 DEBU [pymycobot.common] _write: FE FE 0B B5 01 04 00 00 00 0C F0 0F 46 C2 
2026-03-19 14:16:30.294 DEBU [pymycobot.common] _write: FE FE 0B B5 01 04 00 00 00 0C F0 0F 46 C2 
2026-03-19 14:16:30.620 DEBU [pymycobot.common] _write: FE FE 0B B5 01 04 00 00 00 0C F0 0F 46 C2 
2026-03-19 14:16:30.945 DEBU [pymycobot.common] _write: FE FE 0B B5 01 04 00 00 00 0C F0 0F 46 C2 
2026-03-19 14:16:31.272 DEBU [pymycobot.common] _write: FE FE 0B B5 01 04 00 00 00 0C F0 0F 46 C2 
2026-03-19 14:16:31.599 DEBU [pymycobot.common] _write: FE FE 0B B5 01 04 00 00 00 0C F0 0F 46 C2 
2026-03-19 14:16:31.928 DEBU [pymycobot.common] _write: FE FE 0B B5 01 04 00 00 00 0C F0 0F 46 C2 
2026-03-19 14:16:32.252 DEBU [pymycobot.common] _write: FE FE 0B B5 01 04 00 00 00 0C F0 0F 46 C2 
2026-03-19 14:16:32.577 DEBU [pymycobot.common] _write: FE FE 0B B5 01 04 00 00 00 0C F0 0F 46 C2 
2026-03-19 14:16:32.902 DEBU [pymycobot.common] _write: FE FE 0B B5 01 04 00 00 00 0C F0 0F 46 C2 
2026-03-19 14:16:33.227 DEBU [pymycobot.common] _write: FE FE 0B B5 01 04 00 00 00 0C F0 0F 46 C2 
2026-03-19 14:16:33.551 DEBU [pymycobot.common] _write: FE FE 0B B5 01 04 00 00 00 0C F0 0F 46 C2 
2026-03-19 14:16:33.876 DEBU [pymycobot.common] _write: FE FE 0B B5 01 04 00 00 00 0C F0 0F 46 C2 
2026-03-19 14:16:34.202 DEBU [pymycobot.common] _write: FE FE 0B B5 01 04 00 00 00 0C F0 0F 46 C2 
2026-03-19 14:16:34.525 DEBU [pymycobot.common] _write: FE FE 0B B5 01 04 00 00 00 0C F0 0F 46 C2 
2026-03-19 14:16:34.850 DEBU [pymycobot.common] _write: FE FE 0B B5 01 04 00 00 00 0C F0 0F 46 C2 
2026-03-19 14:16:35.177 DEBU [pymycobot.common] _write: FE FE 0B B5 01 04 00 00 00 0C F0 0F 46 C2 
2026-03-19 14:16:35.503 DEBU [pymycobot.common] _write: FE FE 0B B5 01 04 00 00 00 0C F0 0F 46 C2 
2026-03-19 14:16:35.829 DEBU [pymycobot.common] _write: FE FE 0B B5 01 04 00 00 00 0C F0 0F 46 C2 
2026-03-19 14:16:36.155 DEBU [pymycobot.common] _write: FE FE 0B B5 01 04 00 00 00 0C F0 0F 46 C2 
2026-03-19 14:16:36.480 DEBU [pymycobot.common] _write: FE FE 0B B5 01 04 00 00 00 0C F0 0F 46 C2 
2026-03-19 14:16:36.807 DEBU [pymycobot.common] _write: FE FE 0B B5 01 04 00 00 00 0C F0 0F 46 C2 
2026-03-19 14:16:37.132 DEBU [pymycobot.common] _write: FE FE 0B B5 01 04 00 00 00 0C F0 0F 46 C2 
2026-03-19 14:16:37.459 DEBU [pymycobot.common] _write: FE FE 0B B5 01 04 00 00 00 0C F0 0F 46 C2 
2026-03-19 14:16:37.788 DEBU [pymycobot.common] _write: FE FE 0B B5 01 04 00 00 00 0C F0 0F 46 C2 
2026-03-19 14:16:38.115 DEBU [pymycobot.common] _write: FE FE 0B B5 01 04 00 00 00 0C F0 0F 46 C2 
2026-03-19 14:16:38.443 DEBU [pymycobot.common] _write: FE FE 0B B5 01 04 00 00 00 0C F0 0F 46 C2 
2026-03-19 14:16:38.767 DEBU [pymycobot.common] _write: FE FE 0B B5 01 04 00 00 00 0C F0 0F 46 C2 
2026-03-19 14:16:39.095 DEBU [pymycobot.common] _write: FE FE 0B B5 01 04 00 00 00 0C F0 0F 46 C2 
2026-03-19 14:16:39.421 DEBU [pymycobot.common] _write: FE FE 0B B5 01 04 00 00 00 0C F0 0F 46 C2 
2026-03-19 14:16:39.747 DEBU [pymycobot.common] _write: FE FE 0B B5 01 04 00 00 00 0C F0 0F 46 C2 
2026-03-19 14:16:40.072 DEBU [pymycobot.common] _write: FE FE 0B B5 01 04 00 00 00 0C F0 0F 46 C2 
2026-03-19 14:16:40.397 DEBU [pymycobot.common] _write: FE FE 0B B5 01 04 00 00 00 0C F0 0F 46 C2 
2026-03-19 14:16:40.726 DEBU [pymycobot.common] _write: FE FE 0B B5 01 04 00 00 00 0C F0 0F 46 C2 
2026-03-19 14:16:41.052 DEBU [pymycobot.common] _write: FE FE 0B B5 01 04 00 00 00 0C F0 0F 46 C2 
2026-03-19 14:16:41.379 DEBU [pymycobot.common] _write: FE FE 0B B5 01 04 00 00 00 0C F0 0F 46 C2 
2026-03-19 14:16:41.707 DEBU [pymycobot.common] _write: FE FE 0B B5 01 04 00 00 00 0C F0 0F 46 C2 
2026-03-19 14:16:42.032 DEBU [pymycobot.common] _write: FE FE 0B B5 01 04 00 00 00 0C F0 0F 46 C2 
2026-03-19 14:16:42.357 DEBU [pymycobot.common] _write: FE FE 0B B5 01 04 00 00 00 0C F0 0F 46 C2 
2026-03-19 14:16:42.686 DEBU [pymycobot.common] _write: FE FE 0B B5 01 04 00 00 00 0C F0 0F 46 C2 
2026-03-19 14:16:43.014 DEBU [pymycobot.common] _write: FE FE 0B B5 01 04 00 00 00 0C F0 0F 46 C2 
2026-03-19 14:17:15.296 DEBU [pymycobot.common] _write: FE FE 04 10 01 FD B1 
2026-03-19 14:17:23.327 DEBU [pymycobot.common] _write: FE FE 07 B8 00 01 C2 00 00 70 
2026-03-19 14:17:23.544 DEBU [pymycobot.common] _write: FE FE 0B B5 01 04 00 00 00 0C F0 0F 46 C2 
2026-03-19 14:17:23.868 DEBU [pymycobot.common] _write: FE FE 0B B5 01 04 00 00 00 0C F0 0F 46 C2 
2026-03-19 14:17:24.195 DEBU [pymycobot.common] _write: FE FE 0B B5 01 04 00 00 00 0C F0 0F 46 C2 
2026-03-19 14:17:24.519 DEBU [pymycobot.common] _write: FE FE 0B B5 01 04 00 00 00 0C F0 0F 46 C2 
2026-03-19 14:17:24.846 DEBU [pymycobot.common] _write: FE FE 0B B5 01 04 00 00 00 0C F0 0F 46 C2 
2026-03-19 14:17:25.172 DEBU [pymycobot.common] _write: FE FE 0B B5 01 04 00 00 00 0C F0 0F 46 C2 
2026-03-19 14:17:25.500 DEBU [pymycobot.common] _write: FE FE 0B B5 01 04 00 00 00 0C F0 0F 46 C2 
2026-03-19 14:17:25.826 DEBU [pymycobot.common] _write: FE FE 0B B5 01 04 00 00 00 0C F0 0F 46 C2 
2026-03-19 14:17:26.151 DEBU [pymycobot.common] _write: FE FE 0B B5 01 04 00 00 00 0C F0 0F 46 C2 
2026-03-19 14:17:26.475 DEBU [pymycobot.common] _write: FE FE 0B B5 01 04 00 00 00 0C F0 0F 46 C2 
2026-03-19 14:17:26.804 DEBU [pymycobot.common] _write: FE FE 0B B5 01 04 00 00 00 0C F0 0F 46 C2 
2026-03-19 14:17:27.129 DEBU [pymycobot.common] _write: FE FE 0B B5 01 04 00 00 00 0C F0 0F 46 C2 
2026-03-19 14:17:27.456 DEBU [pymycobot.common] _write: FE FE 0B B5 01 04 00 00 00 0C F0 0F 46 C2 
2026-03-19 14:17:27.783 DEBU [pymycobot.common] _write: FE FE 0B B5 01 04 00 00 00 0C F0 0F 46 C2 
2026-03-19 14:17:28.109 DEBU [pymycobot.common] _write: FE FE 0B B5 01 04 00 00 00 0C F0 0F 46 C2 
2026-03-19 14:17:28.436 DEBU [pymycobot.common] _write: FE FE 0B B5 01 04 00 00 00 0C F0 0F 46 C2 
2026-03-19 14:17:28.762 DEBU [pymycobot.common] _write: FE FE 0B B5 01 04 00 00 00 0C F0 0F 46 C2 
2026-03-19 14:17:29.086 DEBU [pymycobot.common] _write: FE FE 0B B5 01 04 00 00 00 0C F0 0F 46 C2 
2026-03-19 14:17:36.674 DEBU [pymycobot.common] _write: FE FE 04 10 01 FD B1 
2026-03-19 14:17:44.716 DEBU [pymycobot.common] _write: FE FE 03 A2 75 D1 
2026-03-19 14:18:23.593 DEBU [pymycobot.common] _write: FE FE 04 10 01 FD B1 
2026-03-19 14:18:23.607 DEBU [pymycobot.common] _read : FE FE 04 10 01 FD B1
2026-03-19 14:18:23.607 DEBU [pymycobot.common] _write: FE FE 03 A2 75 D1 
2026-03-19 14:18:23.614 DEBU [pymycobot.common] _read : FE FE 23 A2 00 00 00 00 00 00 00 00 00 00 00 00 00 00 00 00 00 00 00 00 00 00 00 00 00 00 00 00 00 00 00 00 F1 B9
2026-03-19 14:18:39.048 DEBU [pymycobot.common] _write: FE FE 04 10 01 FD B1 
2026-03-19 14:18:39.058 DEBU [pymycobot.common] _read : FE FE 04 10 01 FD B1
2026-03-19 14:18:39.058 DEBU [pymycobot.common] _write: FE FE 03 A2 75 D1 
2026-03-19 14:18:39.068 DEBU [pymycobot.common] _read : FE FE 23 A2 00 00 00 00 00 00 00 00 00 00 00 00 00 00 00 00 00 00 00 00 00 00 00 00 00 00 00 00 00 00 00 00 F1 B9
2026-03-19 14:18:39.068 DEBU [pymycobot.common] _write: FE FE 03 09 CA 90 
2026-03-19 14:18:39.082 DEBU [pymycobot.common] _read : FE FE 04 09 0D 68 BA
2026-03-19 14:18:39.082 DEBU [pymycobot.common] _write: FE FE 03 06 CE D0 
2026-03-19 14:18:39.093 DEBU [pymycobot.common] _read : FE FE 04 06 03 5C 3E
2026-03-19 14:18:53.998 DEBU [pymycobot.common] _write: FE FE 04 10 01 FD B1 
2026-03-19 14:18:54.010 DEBU [pymycobot.common] _read : FE FE 04 10 01 FD B1
2026-03-19 14:18:54.010 DEBU [pymycobot.common] _write: FE FE 03 A2 75 D1 
2026-03-19 14:18:54.019 DEBU [pymycobot.common] _read : FE FE 23 A2 00 00 00 00 00 00 00 00 00 00 00 00 00 00 00 00 00 00 00 00 00 00 00 00 00 00 00 00 00 00 00 00 F1 B9
2026-03-19 14:18:54.020 DEBU [pymycobot.common] _write: FE FE 03 09 CA 90 
2026-03-19 14:18:54.031 DEBU [pymycobot.common] _read : FE FE 04 09 0D 68 BA
2026-03-19 14:18:54.031 DEBU [pymycobot.common] _write: FE FE 03 06 CE D0 
2026-03-19 14:18:54.041 DEBU [pymycobot.common] _read : FE FE 04 06 03 5C 3E
2026-03-19 14:18:54.042 DEBU [pymycobot.common] _write: FE FE 0B B5 01 04 00 00 00 0C F0 0F 46 C2 
2026-03-19 14:18:54.068 DEBU [pymycobot.common] _read : FE FE 20 B5 01 04 18 3E 53 B2 DC BD C1 EE 53 3E AB 08 D1 BC 85 16 78 BB 86 14 C4 BB A9 5B 1B 39 60 50 44
2026-03-19 14:18:54.069 DEBU [pymycobot.common] _write: FE FE 0B B5 01 04 00 00 00 0C F0 0F 46 C2 
2026-03-19 14:18:54.095 DEBU [pymycobot.common] _read : FE FE 20 B5 01 04 18 3E 53 CF DF BD AD 7F EA 3E B0 27 4D BC 85 26 BE BB 86 1C D1 BB A9 63 22 32 AE 50 44
2026-03-19 14:18:54.096 DEBU [pymycobot.common] _write: FE FE 0B B5 01 04 00 00 00 0C F0 0F 46 C2 
2026-03-19 14:18:54.120 DEBU [pymycobot.common] _read : FE FE 20 B5 01 04 18 3E 49 E4 D1 BD C4 FC 08 3E B0 0B FC BC 85 21 B3 BB 4A 76 57 BB A9 3D 8E 8A 86 50 44
2026-03-19 14:18:54.121 DEBU [pymycobot.common] _write: FE FE 0B B5 01 04 00 00 00 0C F0 0F 46 C2 
2026-03-19 14:18:54.146 DEBU [pymycobot.common] _read : FE FE 20 B5 01 04 18 3E 53 C2 84 BD C1 FD 6C 3E B0 26 AE BC 85 20 71 BB 86 18 3C BB A9 7A DD 23 93 50 44
2026-03-19 14:18:54.147 DEBU [pymycobot.common] _write: FE FE 0B B5 01 04 00 00 00 0C F0 0F 46 C2 
2026-03-19 14:18:54.170 DEBU [pymycobot.common] _read : FE FE 20 B5 01 04 18 3E 49 F4 7A BD C5 0B 1F 3E B5 29 DA BC 85 2B AB BB 4A 7D 47 BB A9 5D 50 EA 53 50 44
2026-03-19 14:18:54.172 DEBU [pymycobot.common] _write: FE FE 0B B5 01 04 00 00 00 0C F0 0F 46 C2 
2026-03-19 14:18:54.196 DEBU [pymycobot.common] _read : FE FE 20 B5 01 04 18 3E 49 E4 D1 BD C4 FC 08 3E B0 0B FC BC 85 21 B3 BB 4A 76 57 BB A9 3D 8E 8A 86 50 44
2026-03-19 14:18:54.197 DEBU [pymycobot.common] _write: FE FE 0B B5 01 04 00 00 00 0C F0 0F 46 C2 
2026-03-19 14:18:54.219 DEBU [pymycobot.common] _read : FE FE 20 B5 01 04 18 3E 49 F4 7A BD C5 0B 1F 3E B5 29 DA BC 85 2B AB BB 4A 7D 47 BB A9 5D 50 EA 53 50 44
2026-03-19 14:18:54.220 DEBU [pymycobot.common] _write: FE FE 0B B5 01 04 00 00 00 0C F0 0F 46 C2 
2026-03-19 14:18:54.245 DEBU [pymycobot.common] _read : FE FE 20 B5 01 04 18 3E 49 E4 D1 BD C4 FC 08 3E B0 0B FC BC 85 21 B3 BB 4A 76 57 BB A9 3D 8E 8A 86 50 44
2026-03-19 14:18:54.246 DEBU [pymycobot.common] _write: FE FE 0B B5 01 04 00 00 00 0C F0 0F 46 C2 
2026-03-19 14:18:54.272 DEBU [pymycobot.common] _read : FE FE 20 B5 01 04 18 3E 54 43 C6 BD B0 AD 2D 3E B5 36 E4 BC 85 2C FC BB 4A 60 8A BB A9 24 80 9B 22 50 44
2026-03-19 14:18:54.273 DEBU [pymycobot.common] _write: FE FE 0B B5 01 04 00 00 00 0C F0 0F 46 C2 
2026-03-19 14:18:54.296 DEBU [pymycobot.common] _read : FE FE 20 B5 01 04 18 3E 54 19 6A BD D9 99 17 3E B0 17 C8 BC 85 16 69 BB 4A 47 45 BB A9 34 34 CB 73 50 44
2026-03-19 14:18:54.296 DEBU [pymycobot.common] _write: FE FE 0B B5 01 04 00 00 00 0C F0 0F 46 C2 
2026-03-19 14:18:54.322 DEBU [pymycobot.common] _read : FE FE 20 B5 01 04 18 3E 54 26 C4 BD C5 1B 97 3E B0 18 68 BC 85 1C B7 BB 4A 50 6F BB A9 1C 79 94 75 50 44
2026-03-19 14:18:54.323 DEBU [pymycobot.common] _write: FE FE 0B B5 01 04 00 00 00 0C F0 0F 46 C2 
2026-03-19 14:18:54.350 DEBU [pymycobot.common] _read : FE FE 20 B5 01 04 18 3E 54 43 C6 BD B0 AD 2D 3E B5 36 E4 BC 85 2C FC BB 4A 60 8A BB A9 24 80 9B 22 50 44
2026-03-19 14:18:54.351 DEBU [pymycobot.common] _write: FE FE 0B B5 01 04 00 00 00 0C F0 0F 46 C2 
2026-03-19 14:18:54.376 DEBU [pymycobot.common] _read : FE FE 20 B5 01 04 18 3E 54 26 C4 BD C5 1B 97 3E B0 18 68 BC 85 1C B7 BB 4A 50 6F BB A9 1C 79 94 75 50 44
2026-03-19 14:18:54.376 DEBU [pymycobot.common] _write: FE FE 0B B5 01 04 00 00 00 0C F0 0F 46 C2 
2026-03-19 14:18:54.403 DEBU [pymycobot.common] _read : FE FE 20 B5 01 04 18 3E 49 E4 D1 BD C4 FC 08 3E B0 0B FC BC 85 21 B3 BB 4A 76 57 BB A9 3D 8E 8A 86 50 44
2026-03-19 14:18:54.404 DEBU [pymycobot.common] _write: FE FE 0B B5 01 04 00 00 00 0C F0 0F 46 C2 
2026-03-19 14:18:54.427 DEBU [pymycobot.common] _read : FE FE 20 B5 01 04 18 3E 49 E4 D1 BD C4 FC 08 3E B0 0B FC BC 85 21 B3 BB 4A 76 57 BB A9 3D 8E 8A 86 50 44
2026-03-19 14:18:54.428 DEBU [pymycobot.common] _write: FE FE 0B B5 01 04 00 00 00 0C F0 0F 46 C2 
2026-03-19 14:18:54.452 DEBU [pymycobot.common] _read : FE FE 20 B5 01 04 18 3E 54 36 6C BD C5 2A AE 3E B5 36 45 BC 85 26 AF BB 4A 57 5F BB A9 3C 3B FD A9 50 44
2026-03-19 14:18:54.453 DEBU [pymycobot.common] _write: FE FE 0B B5 01 04 00 00 00 0C F0 0F 46 C2 
2026-03-19 14:18:54.479 DEBU [pymycobot.common] _read : FE FE 20 B5 01 04 18 3E 54 17 1C BD C5 0C 7F 3E AA FA 8C BC 85 12 BE BB 4A 49 80 BB A8 FC B7 0B 1C 50 44
2026-03-19 14:18:54.480 DEBU [pymycobot.common] _write: FE FE 0B B5 01 04 00 00 00 0C F0 0F 46 C2 
2026-03-19 14:18:54.504 DEBU [pymycobot.common] _read : FE FE 20 B5 01 04 18 3E 54 36 6C BD C5 2A AE 3E B5 36 45 BC 85 26 AF BB 4A 57 5F BB A9 3C 3B FD A9 50 44
2026-03-19 14:18:54.505 DEBU [pymycobot.common] _write: FE FE 0B B5 01 04 00 00 00 0C F0 0F 46 C2 
2026-03-19 14:18:54.531 DEBU [pymycobot.common] _read : FE FE 20 B5 01 04 18 3E 54 26 C4 BD C5 1B 97 3E B0 18 68 BC 85 1C B7 BB 4A 50 6F BB A9 1C 79 94 75 50 44
2026-03-19 14:18:54.532 DEBU [pymycobot.common] _write: FE FE 0B B5 01 04 00 00 00 0C F0 0F 46 C2 
2026-03-19 14:18:54.556 DEBU [pymycobot.common] _read : FE FE 20 B5 01 04 18 3E 54 0B 74 BD C5 4A 77 3E B0 1D DA BC 85 2C B1 BB 49 AE CF BB 88 6D 71 4D A4 50 44
2026-03-19 14:18:54.557 DEBU [pymycobot.common] _write: FE FE 0B B5 01 04 00 00 00 0C F0 0F 46 C2 
2026-03-19 14:18:54.582 DEBU [pymycobot.common] _read : FE FE 20 B5 01 04 18 3E 54 43 C6 BD B0 AD 2D 3E B5 36 E4 BC 85 2C FC BB 4A 60 8A BB A9 24 80 9B 22 50 44
2026-03-19 14:18:54.582 DEBU [pymycobot.common] _write: FE FE 0B B5 01 04 00 00 00 0C F0 0F 46 C2 
2026-03-19 14:18:54.607 DEBU [pymycobot.common] _read : FE FE 20 B5 01 04 18 3E 54 36 6C BD C5 2A AE 3E B5 36 45 BC 85 26 AF BB 4A 57 5F BB A9 3C 3B FD A9 50 44
2026-03-19 14:18:54.607 DEBU [pymycobot.common] _write: FE FE 0B B5 01 04 00 00 00 0C F0 0F 46 C2 
2026-03-19 14:18:54.631 DEBU [pymycobot.common] _read : FE FE 20 B5 01 04 18 3E 49 9D 94 BD AD 6F 72 3E B5 38 BD BC 85 35 B3 BB 86 33 3D BB A9 A3 F9 58 3C 50 44
2026-03-19 14:18:54.632 DEBU [pymycobot.common] _write: FE FE 0B B5 01 04 00 00 00 0C F0 0F 46 C2 
2026-03-19 14:18:54.655 DEBU [pymycobot.common] _read : FE FE 20 B5 01 04 18 3E 54 36 6C BD C5 2A AE 3E B5 36 45 BC 85 26 AF BB 4A 57 5F BB A9 3C 3B FD A9 50 44
2026-03-19 14:18:54.656 DEBU [pymycobot.common] _write: FE FE 0B B5 01 04 00 00 00 0C F0 0F 46 C2 
2026-03-19 14:18:54.680 DEBU [pymycobot.common] _read : FE FE 20 B5 01 04 18 3E 49 80 91 BD C1 DD DC 3E B0 1A 43 BC 85 25 6D BB 86 2B 30 BB A9 9B F2 0B CA 50 44
2026-03-19 14:18:54.681 DEBU [pymycobot.common] _write: FE FE 0B B5 01 04 00 00 00 0C F0 0F 46 C2 
2026-03-19 14:18:54.707 DEBU [pymycobot.common] _read : FE FE 20 B5 01 04 18 3E 49 C7 CF BD D9 6A 71 3E AA ED 7F BC 85 11 6D BB 4A 66 3D BB A9 35 87 79 5F 50 44
2026-03-19 14:18:54.708 DEBU [pymycobot.common] _write: FE FE 0B B5 01 04 00 00 00 0C F0 0F 46 C2 
2026-03-19 14:18:54.732 DEBU [pymycobot.common] _read : FE FE 20 B5 01 04 18 3E 54 55 BD BD C5 48 DD 3E BF 72 01 BC 85 3A 9F BB 4A 65 3E BB A9 7B BF 70 B6 50 44
2026-03-19 14:18:54.733 DEBU [pymycobot.common] _write: FE FE 0B B5 01 04 00 00 00 0C F0 0F 46 C2 
2026-03-19 14:18:54.759 DEBU [pymycobot.common] _read : FE FE 20 B5 01 04 18 3E 4A 01 D4 BD B0 8D 9D 3E B5 2A 78 BC 85 31 F9 BB 4A 86 71 BB A9 45 96 0B 43 50 44
2026-03-19 14:18:54.760 DEBU [pymycobot.common] _write: FE FE 0B B5 01 04 00 00 00 0C F0 0F 46 C2 
2026-03-19 14:18:54.784 DEBU [pymycobot.common] _read : FE FE 20 B5 01 04 18 3E 49 EF DF BD 9B F1 ED 3E AA EF 5D BC 85 24 56 BB 4A 81 BD BB A8 EE 57 0A BB 50 44
2026-03-19 14:18:54.785 DEBU [pymycobot.common] _write: FE FE 0B B5 01 04 00 00 00 0C F0 0F 46 C2 
2026-03-19 14:18:54.812 DEBU [pymycobot.common] _read : FE FE 20 B5 01 04 18 3E 3F BF E3 BD B0 6E 0F 3E B5 1E 0C BC 85 36 F5 BB 4A AC 59 BB A9 66 AB D5 F5 50 44
2026-03-19 14:18:54.813 DEBU [pymycobot.common] _write: FE FE 0B B5 01 04 00 00 00 0C F0 0F 46 C2 
2026-03-19 14:18:54.837 DEBU [pymycobot.common] _read : FE FE 20 B5 01 04 18 3E 49 E4 D1 BD C4 FC 08 3E B0 0B FC BC 85 21 B3 BB 4A 76 57 BB A9 3D 8E 8A 86 50 44
2026-03-19 14:18:54.838 DEBU [pymycobot.common] _write: FE FE 0B B5 01 04 00 00 00 0C F0 0F 46 C2 
2026-03-19 14:18:54.863 DEBU [pymycobot.common] _read : FE FE 20 B5 01 04 18 3E 54 36 6C BD C5 2A AE 3E B5 36 45 BC 85 26 AF BB 4A 57 5F BB A9 3C 3B FD A9 50 44
2026-03-19 14:18:54.865 DEBU [pymycobot.common] _write: FE FE 0B B5 01 04 00 00 00 0C F0 0F 46 C2 
2026-03-19 14:18:54.888 DEBU [pymycobot.common] _read : FE FE 20 B5 01 04 18 3E 54 1B 1D BD C5 59 8E 3E B5 3B B6 BC 85 36 A9 BB 49 B5 BF BB 88 8D 33 B8 9B 50 44
2026-03-19 14:18:54.889 DEBU [pymycobot.common] _write: FE FE 0B B5 01 04 00 00 00 0C F0 0F 46 C2 
2026-03-19 14:18:54.911 DEBU [pymycobot.common] _read : FE FE 20 B5 01 04 18 3E 49 8D EC BD AD 60 5B 3E B0 1A E1 BC 85 2B BA BB 86 2F C5 BB A9 84 37 42 A0 50 44
2026-03-19 14:18:54.912 DEBU [pymycobot.common] _write: FE FE 0B B5 01 04 00 00 00 0C F0 0F 46 C2 
2026-03-19 14:18:54.937 DEBU [pymycobot.common] _read : FE FE 20 B5 01 04 18 3E 54 26 C4 BD C5 1B 97 3E B0 18 68 BC 85 1C B7 BB 4A 50 6F BB A9 1C 79 94 75 50 44
2026-03-19 14:18:54.937 DEBU [pymycobot.common] _write: FE FE 0B B5 01 04 00 00 00 0C F0 0F 46 C2 
2026-03-19 14:18:54.959 DEBU [pymycobot.common] _read : FE FE 20 B5 01 04 18 3E 49 D5 29 BD C4 EC F1 3E AA EE 1F BC 85 17 BB BB 4A 6F 68 BB A9 1D CC 9F 1F 50 44
2026-03-19 14:18:54.960 DEBU [pymycobot.common] _write: FE FE 0B B5 01 04 00 00 00 0C F0 0F 46 C2 
2026-03-19 14:18:54.983 DEBU [pymycobot.common] _read : FE FE 20 B5 01 04 18 3E 54 46 14 BD C5 39 C5 3E BA 54 23 BC 85 30 A7 BB 4A 5E 4F BB A9 5B FD 9A EA 50 44
2026-03-19 14:18:54.984 DEBU [pymycobot.common] _write: FE FE 0B B5 01 04 00 00 00 0C F0 0F 46 C2 
2026-03-19 14:18:55.008 DEBU [pymycobot.common] _read : FE FE 20 B5 01 04 18 3E 49 E4 D1 BD C4 FC 08 3E B0 0B FC BC 85 21 B3 BB 4A 76 57 BB A9 3D 8E 8A 86 50 44
2026-03-19 14:18:55.009 DEBU [pymycobot.common] _write: FE FE 0B B5 01 04 00 00 00 0C F0 0F 46 C2 
2026-03-19 14:18:55.032 DEBU [pymycobot.common] _read : FE FE 20 B5 01 04 18 3E 54 36 6C BD C5 2A AE 3E B5 36 45 BC 85 26 AF BB 4A 57 5F BB A9 3C 3B FD A9 50 44
2026-03-19 14:18:55.033 DEBU [pymycobot.common] _write: FE FE 0B B5 01 04 00 00 00 0C F0 0F 46 C2 
2026-03-19 14:18:55.058 DEBU [pymycobot.common] _read : FE FE 20 B5 01 04 18 3E 54 26 C4 BD C5 1B 97 3E B0 18 68 BC 85 1C B7 BB 4A 50 6F BB A9 1C 79 94 75 50 44
2026-03-19 14:18:55.059 DEBU [pymycobot.common] _write: FE FE 0B B5 01 04 00 00 00 0C F0 0F 46 C2 
2026-03-19 14:18:55.084 DEBU [pymycobot.common] _read : FE FE 20 B5 01 04 18 3E 54 26 C4 BD C5 1B 97 3E B0 18 68 BC 85 1C B7 BB 4A 50 6F BB A9 1C 79 94 75 50 44
2026-03-19 14:18:55.084 DEBU [pymycobot.common] _write: FE FE 0B B5 01 04 00 00 00 0C F0 0F 46 C2 
2026-03-19 14:18:55.110 DEBU [pymycobot.common] _read : FE FE 20 B5 01 04 18 3E 54 26 C4 BD C5 1B 97 3E B0 18 68 BC 85 1C B7 BB 4A 50 6F BB A9 1C 79 94 75 50 44
2026-03-19 14:18:55.111 DEBU [pymycobot.common] _write: FE FE 0B B5 01 04 00 00 00 0C F0 0F 46 C2 
2026-03-19 14:18:55.134 DEBU [pymycobot.common] _read : FE FE 20 B5 01 04 18 3E 54 36 6C BD C5 2A AE 3E B5 36 45 BC 85 26 AF BB 4A 57 5F BB A9 3C 3B FD A9 50 44
2026-03-19 14:18:55.135 DEBU [pymycobot.common] _write: FE FE 0B B5 01 04 00 00 00 0C F0 0F 46 C2 
2026-03-19 14:18:55.161 DEBU [pymycobot.common] _read : FE FE 20 B5 01 04 18 3E 54 17 1C BD C5 0C 7F 3E AA FA 8C BC 85 12 BE BB 4A 49 80 BB A8 FC B7 0B 1C 50 44
2026-03-19 14:18:55.162 DEBU [pymycobot.common] _write: FE FE 0B B5 01 04 00 00 00 0C F0 0F 46 C2 
2026-03-19 14:18:55.185 DEBU [pymycobot.common] _read : FE FE 20 B5 01 04 18 3E 54 26 C4 BD C5 1B 97 3E B0 18 68 BC 85 1C B7 BB 4A 50 6F BB A9 1C 79 94 75 50 44
2026-03-19 14:18:55.186 DEBU [pymycobot.common] _write: FE FE 0B B5 01 04 00 00 00 0C F0 0F 46 C2 
2026-03-19 14:18:55.209 DEBU [pymycobot.common] _read : FE FE 20 B5 01 04 18 3E 54 36 6C BD C5 2A AE 3E B5 36 45 BC 85 26 AF BB 4A 57 5F BB A9 3C 3B FD A9 50 44
2026-03-19 14:18:55.210 DEBU [pymycobot.common] _write: FE FE 0B B5 01 04 00 00 00 0C F0 0F 46 C2 
2026-03-19 14:18:55.233 DEBU [pymycobot.common] _read : FE FE 20 B5 01 04 18 3E 49 E4 D1 BD C4 FC 08 3E B0 0B FC BC 85 21 B3 BB 4A 76 57 BB A9 3D 8E 8A 86 50 44
2026-03-19 14:18:55.234 DEBU [pymycobot.common] _write: FE FE 0B B5 01 04 00 00 00 0C F0 0F 46 C2 
2026-03-19 14:18:55.257 DEBU [pymycobot.common] _read : FE FE 20 B5 01 04 18 3E 49 E4 D1 BD C4 FC 08 3E B0 0B FC BC 85 21 B3 BB 4A 76 57 BB A9 3D 8E 8A 86 50 44
2026-03-19 14:18:55.258 DEBU [pymycobot.common] _write: FE FE 0B B5 01 04 00 00 00 0C F0 0F 46 C2 
2026-03-19 14:18:55.285 DEBU [pymycobot.common] _read : FE FE 20 B5 01 04 18 3E 49 D7 77 BD D9 79 88 3E B0 0B 5C BC 85 1B 65 BB 4A 6D 2D BB A9 55 49 04 83 50 44
2026-03-19 14:18:55.286 DEBU [pymycobot.common] _write: FE FE 0B B5 01 04 00 00 00 0C F0 0F 46 C2 
2026-03-19 14:18:55.309 DEBU [pymycobot.common] _read : FE FE 20 B5 01 04 18 3E 49 E4 D1 BD C4 FC 08 3E B0 0B FC BC 85 21 B3 BB 4A 76 57 BB A9 3D 8E 8A 86 50 44
2026-03-19 14:18:55.310 DEBU [pymycobot.common] _write: FE FE 0B B5 01 04 00 00 00 0C F0 0F 46 C2 
2026-03-19 14:18:55.336 DEBU [pymycobot.common] _read : FE FE 20 B5 01 04 18 3E 54 17 1C BD C5 0C 7F 3E AA FA 8C BC 85 12 BE BB 4A 49 80 BB A8 FC B7 0B 1C 50 44
2026-03-19 14:18:55.337 DEBU [pymycobot.common] _write: FE FE 0B B5 01 04 00 00 00 0C F0 0F 46 C2 
2026-03-19 14:18:55.362 DEBU [pymycobot.common] _read : FE FE 20 B5 01 04 18 3E 54 34 1F BD B0 9E 16 3E B0 19 06 BC 85 23 04 BB 4A 59 9A BB A9 04 BE 81 14 50 44
2026-03-19 14:18:55.363 DEBU [pymycobot.common] _write: FE FE 0B B5 01 04 00 00 00 0C F0 0F 46 C2 
2026-03-19 14:18:55.387 DEBU [pymycobot.common] _read : FE FE 20 B5 01 04 18 3E 49 F2 2C BD B0 7E 86 3E B0 0C 9B BC 85 28 00 BB 4A 7F 82 BB A9 25 D4 99 2B 50 44
2026-03-19 14:18:55.388 DEBU [pymycobot.common] _write: FE FE 0B B5 01 04 00 00 00 0C F0 0F 46 C2 
2026-03-19 14:18:55.414 DEBU [pymycobot.common] _read : FE FE 20 B5 01 04 18 3E 54 26 C4 BD C5 1B 97 3E B0 18 68 BC 85 1C B7 BB 4A 50 6F BB A9 1C 79 94 75 50 44
2026-03-19 14:18:55.415 DEBU [pymycobot.common] _write: FE FE 0B B5 01 04 00 00 00 0C F0 0F 46 C2 
2026-03-19 14:18:55.438 DEBU [pymycobot.common] _read : FE FE 20 B5 01 04 18 3E 53 C2 84 BD C1 FD 6C 3E B0 26 AE BC 85 20 71 BB 86 18 3C BB A9 7A DD 23 93 50 44
2026-03-19 14:18:55.439 DEBU [pymycobot.common] _write: FE FE 0B B5 01 04 00 00 00 0C F0 0F 46 C2 
2026-03-19 14:18:55.463 DEBU [pymycobot.common] _read : FE FE 20 B5 01 04 18 3E 49 F4 7A BD C5 0B 1F 3E B5 29 DA BC 85 2B AB BB 4A 7D 47 BB A9 5D 50 EA 53 50 44
2026-03-19 14:18:55.463 DEBU [pymycobot.common] _write: FE FE 0B B5 01 04 00 00 00 0C F0 0F 46 C2 
2026-03-19 14:18:55.487 DEBU [pymycobot.common] _read : FE FE 20 B5 01 04 18 3E 49 65 43 BD C2 0C BC 3E B0 1F B3 BC 85 35 67 BB 85 DA 60 BB 88 EC EA 3E 8F 50 44
2026-03-19 14:18:55.487 DEBU [pymycobot.common] _write: FE FE 0B B5 01 04 00 00 00 0C F0 0F 46 C2 
2026-03-19 14:18:55.509 DEBU [pymycobot.common] _read : FE FE 20 B5 01 04 18 3E 5E 78 5F BD C5 4A 3D 3E B5 42 B1 BC 85 21 B3 BB 4A 31 77 BB A9 1B 26 0D EF 50 44
2026-03-19 14:18:55.510 DEBU [pymycobot.common] _write: FE FE 0B B5 01 04 00 00 00 0C F0 0F 46 C2 
2026-03-19 14:18:55.534 DEBU [pymycobot.common] _read : FE FE 20 B5 01 04 18 3E 49 F4 7A BD C5 0B 1F 3E B5 29 DA BC 85 2B AB BB 4A 7D 47 BB A9 5D 50 EA 53 50 44
2026-03-19 14:18:55.535 DEBU [pymycobot.common] _write: FE FE 0B B5 01 04 00 00 00 0C F0 0F 46 C2 
2026-03-19 14:18:55.561 DEBU [pymycobot.common] _read : FE FE 20 B5 01 04 18 3E 49 80 91 BD C1 DD DC 3E B0 1A 43 BC 85 25 6D BB 86 2B 30 BB A9 9B F2 0B CA 50 44
2026-03-19 14:18:55.561 DEBU [pymycobot.common] _write: FE FE 0B B5 01 04 00 00 00 0C F0 0F 46 C2 
2026-03-19 14:18:55.587 DEBU [pymycobot.common] _read : FE FE 20 B5 01 04 18 3E 49 E4 D1 BD C4 FC 08 3E B0 0B FC BC 85 21 B3 BB 4A 76 57 BB A9 3D 8E 8A 86 50 44
2026-03-19 14:18:55.588 DEBU [pymycobot.common] _write: FE FE 0B B5 01 04 00 00 00 0C F0 0F 46 C2 
2026-03-19 14:18:55.612 DEBU [pymycobot.common] _read : FE FE 20 B5 01 04 18 3E 54 26 C4 BD C5 1B 97 3E B0 18 68 BC 85 1C B7 BB 4A 50 6F BB A9 1C 79 94 75 50 44
2026-03-19 14:18:55.613 DEBU [pymycobot.common] _write: FE FE 0B B5 01 04 00 00 00 0C F0 0F 46 C2 
2026-03-19 14:18:55.638 DEBU [pymycobot.common] _read : FE FE 20 B5 01 04 18 3E 49 F4 7A BD C5 0B 1F 3E B5 29 DA BC 85 2B AB BB 4A 7D 47 BB A9 5D 50 EA 53 50 44
2026-03-19 14:18:55.640 DEBU [pymycobot.common] _write: FE FE 0B B5 01 04 00 00 00 0C F0 0F 46 C2 
2026-03-19 14:18:55.663 DEBU [pymycobot.common] _read : FE FE 20 B5 01 04 18 3E 49 80 91 BD C1 DD DC 3E B0 1A 43 BC 85 25 6D BB 86 2B 30 BB A9 9B F2 0B CA 50 44
2026-03-19 14:18:55.664 DEBU [pymycobot.common] _write: FE FE 0B B5 01 04 00 00 00 0C F0 0F 46 C2 
2026-03-19 14:18:55.689 DEBU [pymycobot.common] _read : FE FE 20 B5 01 04 18 3E 49 F2 2C BD B0 7E 86 3E B0 0C 9B BC 85 28 00 BB 4A 7F 82 BB A9 25 D4 99 2B 50 44
2026-03-19 14:18:55.690 DEBU [pymycobot.common] _write: FE FE 0B B5 01 04 00 00 00 0C F0 0F 46 C2 
2026-03-19 14:18:55.714 DEBU [pymycobot.common] _read : FE FE 20 B5 01 04 18 3E 54 36 6C BD C5 2A AE 3E B5 36 45 BC 85 26 AF BB 4A 57 5F BB A9 3C 3B FD A9 50 44
2026-03-19 14:18:55.716 DEBU [pymycobot.common] _write: FE FE 0B B5 01 04 00 00 00 0C F0 0F 46 C2 
2026-03-19 14:18:55.742 DEBU [pymycobot.common] _read : FE FE 20 B5 01 04 18 3E 54 26 C4 BD C5 1B 97 3E B0 18 68 BC 85 1C B7 BB 4A 50 6F BB A9 1C 79 94 75 50 44
2026-03-19 14:18:55.743 DEBU [pymycobot.common] _write: FE FE 0B B5 01 04 00 00 00 0C F0 0F 46 C2 
2026-03-19 14:18:55.768 DEBU [pymycobot.common] _read : FE FE 20 B5 01 04 18 3E 54 36 6C BD C5 2A AE 3E B5 36 45 BC 85 26 AF BB 4A 57 5F BB A9 3C 3B FD A9 50 44
2026-03-19 14:18:55.768 DEBU [pymycobot.common] _write: FE FE 0B B5 01 04 00 00 00 0C F0 0F 46 C2 
2026-03-19 14:18:55.794 DEBU [pymycobot.common] _read : FE FE 20 B5 01 04 18 3E 54 43 C6 BD B0 AD 2D 3E B5 36 E4 BC 85 2C FC BB 4A 60 8A BB A9 24 80 9B 22 50 44
2026-03-19 14:18:55.795 DEBU [pymycobot.common] _write: FE FE 0B B5 01 04 00 00 00 0C F0 0F 46 C2 
2026-03-19 14:18:55.819 DEBU [pymycobot.common] _read : FE FE 20 B5 01 04 18 3E 54 36 6C BD C5 2A AE 3E B5 36 45 BC 85 26 AF BB 4A 57 5F BB A9 3C 3B FD A9 50 44
2026-03-19 14:18:55.820 DEBU [pymycobot.common] _write: FE FE 0B B5 01 04 00 00 00 0C F0 0F 46 C2 
2026-03-19 14:18:55.845 DEBU [pymycobot.common] _read : FE FE 20 B5 01 04 18 3E 49 E4 D1 BD C4 FC 08 3E B0 0B FC BC 85 21 B3 BB 4A 76 57 BB A9 3D 8E 8A 86 50 44
2026-03-19 14:18:55.846 DEBU [pymycobot.common] _write: FE FE 0B B5 01 04 00 00 00 0C F0 0F 46 C2 
2026-03-19 14:18:55.869 DEBU [pymycobot.common] _read : FE FE 20 B5 01 04 18 3E 49 D7 77 BD D9 79 88 3E B0 0B 5C BC 85 1B 65 BB 4A 6D 2D BB A9 55 49 04 83 50 44
2026-03-19 14:18:55.871 DEBU [pymycobot.common] _write: FE FE 0B B5 01 04 00 00 00 0C F0 0F 46 C2 
2026-03-19 14:18:55.892 DEBU [pymycobot.common] _read : FE FE 20 B5 01 04 18 3E 54 19 6A BD D9 99 17 3E B0 17 C8 BC 85 16 69 BB 4A 47 45 BB A9 34 34 CB 73 50 44
2026-03-19 14:18:55.893 DEBU [pymycobot.common] _write: FE FE 0B B5 01 04 00 00 00 0C F0 0F 46 C2 
2026-03-19 14:18:55.918 DEBU [pymycobot.common] _read : FE FE 20 B5 01 04 18 3E 54 36 6C BD C5 2A AE 3E B5 36 45 BC 85 26 AF BB 4A 57 5F BB A9 3C 3B FD A9 50 44
2026-03-19 14:18:55.919 DEBU [pymycobot.common] _write: FE FE 0B B5 01 04 00 00 00 0C F0 0F 46 C2 
2026-03-19 14:18:55.944 DEBU [pymycobot.common] _read : FE FE 20 B5 01 04 18 3E 54 36 6C BD C5 2A AE 3E B5 36 45 BC 85 26 AF BB 4A 57 5F BB A9 3C 3B FD A9 50 44
2026-03-19 14:18:55.945 DEBU [pymycobot.common] _write: FE FE 0B B5 01 04 00 00 00 0C F0 0F 46 C2 
2026-03-19 14:18:55.970 DEBU [pymycobot.common] _read : FE FE 20 B5 01 04 18 3E 53 C2 84 BD C1 FD 6C 3E B0 26 AE BC 85 20 71 BB 86 18 3C BB A9 7A DD 23 93 50 44
2026-03-19 14:18:55.971 DEBU [pymycobot.common] _write: FE FE 0B B5 01 04 00 00 00 0C F0 0F 46 C2 
2026-03-19 14:18:55.996 DEBU [pymycobot.common] _read : FE FE 20 B5 01 04 18 3E 49 F4 7A BD C5 0B 1F 3E B5 29 DA BC 85 2B AB BB 4A 7D 47 BB A9 5D 50 EA 53 50 44
2026-03-19 14:18:55.996 DEBU [pymycobot.common] _write: FE FE 0B B5 01 04 00 00 00 0C F0 0F 46 C2 
2026-03-19 14:18:56.018 DEBU [pymycobot.common] _read : FE FE 20 B5 01 04 18 3E 49 9D 94 BD AD 6F 72 3E B5 38 BD BC 85 35 B3 BB 86 33 3D BB A9 A3 F9 58 3C 50 44
2026-03-19 14:18:56.019 DEBU [pymycobot.common] _write: FE FE 0B B5 01 04 00 00 00 0C F0 0F 46 C2 
2026-03-19 14:18:56.042 DEBU [pymycobot.common] _read : FE FE 20 B5 01 04 18 3E 54 26 C4 BD C5 1B 97 3E B0 18 68 BC 85 1C B7 BB 4A 50 6F BB A9 1C 79 94 75 50 44
2026-03-19 14:18:56.043 DEBU [pymycobot.common] _write: FE FE 0B B5 01 04 00 00 00 0C F0 0F 46 C2 
2026-03-19 14:18:56.068 DEBU [pymycobot.common] _read : FE FE 20 B5 01 04 18 3E 54 36 6C BD C5 2A AE 3E B5 36 45 BC 85 26 AF BB 4A 57 5F BB A9 3C 3B FD A9 50 44
2026-03-19 14:18:56.069 DEBU [pymycobot.common] _write: FE FE 0B B5 01 04 00 00 00 0C F0 0F 46 C2 
2026-03-19 14:18:56.093 DEBU [pymycobot.common] _read : FE FE 20 B5 01 04 18 3E 54 26 C4 BD C5 1B 97 3E B0 18 68 BC 85 1C B7 BB 4A 50 6F BB A9 1C 79 94 75 50 44
2026-03-19 14:18:56.094 DEBU [pymycobot.common] _write: FE FE 0B B5 01 04 00 00 00 0C F0 0F 46 C2 
2026-03-19 14:18:56.117 DEBU [pymycobot.common] _read : FE FE 20 B5 01 04 18 3E 49 F4 7A BD C5 0B 1F 3E B5 29 DA BC 85 2B AB BB 4A 7D 47 BB A9 5D 50 EA 53 50 44
2026-03-19 14:18:56.118 DEBU [pymycobot.common] _write: FE FE 0B B5 01 04 00 00 00 0C F0 0F 46 C2 
2026-03-19 14:18:56.146 DEBU [pymycobot.common] _read : FE FE 20 B5 01 04 18 3E 49 F2 2C BD B0 7E 86 3E B0 0C 9B BC 85 28 00 BB 4A 7F 82 BB A9 25 D4 99 2B 50 44
2026-03-19 14:18:56.147 DEBU [pymycobot.common] _write: FE FE 0B B5 01 04 00 00 00 0C F0 0F 46 C2 
2026-03-19 14:18:56.171 DEBU [pymycobot.common] _read : FE FE 20 B5 01 04 18 3E 49 F2 2C BD B0 7E 86 3E B0 0C 9B BC 85 28 00 BB 4A 7F 82 BB A9 25 D4 99 2B 50 44
2026-03-19 14:18:56.172 DEBU [pymycobot.common] _write: FE FE 0B B5 01 04 00 00 00 0C F0 0F 46 C2 
2026-03-19 14:18:56.198 DEBU [pymycobot.common] _read : FE FE 20 B5 01 04 18 3E 49 E4 D1 BD C4 FC 08 3E B0 0B FC BC 85 21 B3 BB 4A 76 57 BB A9 3D 8E 8A 86 50 44
2026-03-19 14:18:56.199 DEBU [pymycobot.common] _write: FE FE 0B B5 01 04 00 00 00 0C F0 0F 46 C2 
2026-03-19 14:18:56.223 DEBU [pymycobot.common] _read : FE FE 20 B5 01 04 18 3E 54 26 C4 BD C5 1B 97 3E B0 18 68 BC 85 1C B7 BB 4A 50 6F BB A9 1C 79 94 75 50 44
2026-03-19 14:18:56.224 DEBU [pymycobot.common] _write: FE FE 0B B5 01 04 00 00 00 0C F0 0F 46 C2 
2026-03-19 14:18:56.248 DEBU [pymycobot.common] _read : FE FE 20 B5 01 04 18 3E 53 C2 84 BD C1 FD 6C 3E B0 26 AE BC 85 20 71 BB 86 18 3C BB A9 7A DD 23 93 50 44
2026-03-19 14:18:56.249 DEBU [pymycobot.common] _write: FE FE 0B B5 01 04 00 00 00 0C F0 0F 46 C2 
2026-03-19 14:18:56.271 DEBU [pymycobot.common] _read : FE FE 20 B5 01 04 18 3E 49 F4 7A BD C5 0B 1F 3E B5 29 DA BC 85 2B AB BB 4A 7D 47 BB A9 5D 50 EA 53 50 44
2026-03-19 14:18:56.272 DEBU [pymycobot.common] _write: FE FE 0B B5 01 04 00 00 00 0C F0 0F 46 C2 
2026-03-19 14:18:56.297 DEBU [pymycobot.common] _read : FE FE 20 B5 01 04 18 3E 49 E4 D1 BD C4 FC 08 3E B0 0B FC BC 85 21 B3 BB 4A 76 57 BB A9 3D 8E 8A 86 50 44
2026-03-19 14:18:56.298 DEBU [pymycobot.common] _write: FE FE 0B B5 01 04 00 00 00 0C F0 0F 46 C2 
2026-03-19 14:18:56.322 DEBU [pymycobot.common] _read : FE FE 20 B5 01 04 18 3E 53 B2 DC BD C1 EE 53 3E AB 08 D1 BC 85 16 78 BB 86 14 C4 BB A9 5B 1B 39 60 50 44
2026-03-19 14:18:56.323 DEBU [pymycobot.common] _write: FE FE 0B B5 01 04 00 00 00 0C F0 0F 46 C2 
2026-03-19 14:18:56.347 DEBU [pymycobot.common] _read : FE FE 20 B5 01 04 18 3E 49 F4 7A BD C5 0B 1F 3E B5 29 DA BC 85 2B AB BB 4A 7D 47 BB A9 5D 50 EA 53 50 44
2026-03-19 14:18:56.348 DEBU [pymycobot.common] _write: FE FE 0B B5 01 04 00 00 00 0C F0 0F 46 C2 
2026-03-19 14:18:56.372 DEBU [pymycobot.common] _read : FE FE 20 B5 01 04 18 3E 54 26 C4 BD C5 1B 97 3E B0 18 68 BC 85 1C B7 BB 4A 50 6F BB A9 1C 79 94 75 50 44
2026-03-19 14:18:56.373 DEBU [pymycobot.common] _write: FE FE 0B B5 01 04 00 00 00 0C F0 0F 46 C2 
2026-03-19 14:18:56.396 DEBU [pymycobot.common] _read : FE FE 20 B5 01 04 18 3E 49 E4 D1 BD C4 FC 08 3E B0 0B FC BC 85 21 B3 BB 4A 76 57 BB A9 3D 8E 8A 86 50 44
2026-03-19 14:18:56.396 DEBU [pymycobot.common] _write: FE FE 0B B5 01 04 00 00 00 0C F0 0F 46 C2 
2026-03-19 14:18:56.422 DEBU [pymycobot.common] _read : FE FE 20 B5 01 04 18 3E 49 9D 94 BD AD 6F 72 3E B5 38 BD BC 85 35 B3 BB 86 33 3D BB A9 A3 F9 58 3C 50 44
2026-03-19 14:18:56.423 DEBU [pymycobot.common] _write: FE FE 0B B5 01 04 00 00 00 0C F0 0F 46 C2 
2026-03-19 14:18:56.445 DEBU [pymycobot.common] _read : FE FE 20 B5 01 04 18 3E 49 90 3A BD C1 EC F3 3E B5 38 1F BC 85 2F 65 BB 86 2E A8 BB A9 BB B4 A2 3A 50 44
2026-03-19 14:18:56.446 DEBU [pymycobot.common] _write: FE FE 0B B5 01 04 00 00 00 0C F0 0F 46 C2 
2026-03-19 14:18:56.467 DEBU [pymycobot.common] _read : FE FE 20 B5 01 04 18 3E 4A 01 D4 BD B0 8D 9D 3E B5 2A 78 BC 85 31 F9 BB 4A 86 71 BB A9 45 96 0B 43 50 44
2026-03-19 14:18:56.469 DEBU [pymycobot.common] _write: FE FE 0B B5 01 04 00 00 00 0C F0 0F 46 C2 
2026-03-19 14:18:56.494 DEBU [pymycobot.common] _read : FE FE 20 B5 01 04 18 3E 49 E4 D1 BD C4 FC 08 3E B0 0B FC BC 85 21 B3 BB 4A 76 57 BB A9 3D 8E 8A 86 50 44
2026-03-19 14:18:56.496 DEBU [pymycobot.common] _write: FE FE 0B B5 01 04 00 00 00 0C F0 0F 46 C2 
2026-03-19 14:18:56.519 DEBU [pymycobot.common] _read : FE FE 20 B5 01 04 18 3E 54 26 C4 BD C5 1B 97 3E B0 18 68 BC 85 1C B7 BB 4A 50 6F BB A9 1C 79 94 75 50 44
2026-03-19 14:18:56.520 DEBU [pymycobot.common] _write: FE FE 0B B5 01 04 00 00 00 0C F0 0F 46 C2 
2026-03-19 14:18:56.543 DEBU [pymycobot.common] _read : FE FE 20 B5 01 04 18 3E 54 26 C4 BD C5 1B 97 3E B0 18 68 BC 85 1C B7 BB 4A 50 6F BB A9 1C 79 94 75 50 44
2026-03-19 14:18:56.544 DEBU [pymycobot.common] _write: FE FE 0B B5 01 04 00 00 00 0C F0 0F 46 C2 
2026-03-19 14:18:56.567 DEBU [pymycobot.common] _read : FE FE 20 B5 01 04 18 3E 49 F2 2C BD B0 7E 86 3E B0 0C 9B BC 85 28 00 BB 4A 7F 82 BB A9 25 D4 99 2B 50 44
2026-03-19 14:18:56.568 DEBU [pymycobot.common] _write: FE FE 0B B5 01 04 00 00 00 0C F0 0F 46 C2 
2026-03-19 14:18:56.593 DEBU [pymycobot.common] _read : FE FE 20 B5 01 04 18 3E 54 26 C4 BD C5 1B 97 3E B0 18 68 BC 85 1C B7 BB 4A 50 6F BB A9 1C 79 94 75 50 44
2026-03-19 14:18:56.594 DEBU [pymycobot.common] _write: FE FE 0B B5 01 04 00 00 00 0C F0 0F 46 C2 
2026-03-19 14:18:56.619 DEBU [pymycobot.common] _read : FE FE 20 B5 01 04 18 3E 54 18 CF BD B0 CC F6 3E B0 1E 78 BC 85 32 FE BB 49 B7 FA BB 88 55 B6 18 0E 50 44
2026-03-19 14:18:56.620 DEBU [pymycobot.common] _write: FE FE 0B B5 01 04 00 00 00 0C F0 0F 46 C2 
2026-03-19 14:18:56.645 DEBU [pymycobot.common] _read : FE FE 20 B5 01 04 18 3E 49 90 3A BD C1 EC F3 3E B5 38 1F BC 85 2F 65 BB 86 2E A8 BB A9 BB B4 A2 3A 50 44
2026-03-19 14:18:56.647 DEBU [pymycobot.common] _write: FE FE 0B B5 01 04 00 00 00 0C F0 0F 46 C2 
2026-03-19 14:18:56.671 DEBU [pymycobot.common] _read : FE FE 20 B5 01 04 18 3E 49 E4 D1 BD C4 FC 08 3E B0 0B FC BC 85 21 B3 BB 4A 76 57 BB A9 3D 8E 8A 86 50 44
2026-03-19 14:18:56.672 DEBU [pymycobot.common] _write: FE FE 0B B5 01 04 00 00 00 0C F0 0F 46 C2 
2026-03-19 14:18:56.696 DEBU [pymycobot.common] _read : FE FE 20 B5 01 04 18 3E 49 F4 7A BD C5 0B 1F 3E B5 29 DA BC 85 2B AB BB 4A 7D 47 BB A9 5D 50 EA 53 50 44
2026-03-19 14:18:56.697 DEBU [pymycobot.common] _write: FE FE 0B B5 01 04 00 00 00 0C F0 0F 46 C2 
2026-03-19 14:18:56.719 DEBU [pymycobot.common] _read : FE FE 20 B5 01 04 18 3E 49 E4 D1 BD C4 FC 08 3E B0 0B FC BC 85 21 B3 BB 4A 76 57 BB A9 3D 8E 8A 86 50 44
2026-03-19 14:18:56.720 DEBU [pymycobot.common] _write: FE FE 0B B5 01 04 00 00 00 0C F0 0F 46 C2 
2026-03-19 14:18:56.744 DEBU [pymycobot.common] _read : FE FE 20 B5 01 04 18 3E 49 9F E1 BD C1 FC 0A 3E BA 55 FD BC 85 39 5D BB 86 32 20 BB A9 DB 76 31 2B 50 44
2026-03-19 14:18:56.745 DEBU [pymycobot.common] _write: FE FE 0B B5 01 04 00 00 00 0C F0 0F 46 C2 
2026-03-19 14:18:56.772 DEBU [pymycobot.common] _read : FE FE 20 B5 01 04 18 3E 49 E2 84 BD B0 6F 6F 3E AA EE BD BC 85 1E 08 BB 4A 78 92 BB A9 06 12 A3 20 50 44
2026-03-19 14:18:56.773 DEBU [pymycobot.common] _write: FE FE 0B B5 01 04 00 00 00 0C F0 0F 46 C2 
2026-03-19 14:18:56.796 DEBU [pymycobot.common] _read : FE FE 20 B5 01 04 18 3E 54 43 C6 BD B0 AD 2D 3E B5 36 E4 BC 85 2C FC BB 4A 60 8A BB A9 24 80 9B 22 50 44
2026-03-19 14:18:56.796 DEBU [pymycobot.common] _write: FE FE 0B B5 01 04 00 00 00 0C F0 0F 46 C2 
2026-03-19 14:18:56.821 DEBU [pymycobot.common] _read : FE FE 20 B5 01 04 18 3E 54 17 1C BD C5 0C 7F 3E AA FA 8C BC 85 12 BE BB 4A 49 80 BB A8 FC B7 0B 1C 50 44
2026-03-19 14:18:56.822 DEBU [pymycobot.common] _write: FE FE 0B B5 01 04 00 00 00 0C F0 0F 46 C2 
2026-03-19 14:18:56.849 DEBU [pymycobot.common] _read : FE FE 20 B5 01 04 18 3E 54 46 14 BD C5 39 C5 3E BA 54 23 BC 85 30 A7 BB 4A 5E 4F BB A9 5B FD 9A EA 50 44
2026-03-19 14:18:56.850 DEBU [pymycobot.common] _write: FE FE 0B B5 01 04 00 00 00 0C F0 0F 46 C2 
2026-03-19 14:18:56.874 DEBU [pymycobot.common] _read : FE FE 20 B5 01 04 18 3E 49 D5 29 BD C4 EC F1 3E AA EE 1F BC 85 17 BB BB 4A 6F 68 BB A9 1D CC 9F 1F 50 44
2026-03-19 14:18:56.875 DEBU [pymycobot.common] _write: FE FE 0B B5 01 04 00 00 00 0C F0 0F 46 C2 
2026-03-19 14:18:56.900 DEBU [pymycobot.common] _read : FE FE 20 B5 01 04 18 3E 53 D2 2C BD C2 0C 83 3E B5 44 8C BC 85 2A 69 BB 86 1B B4 BB A9 9A 9F 24 8C 50 44
2026-03-19 14:18:56.901 DEBU [pymycobot.common] _write: FE FE 0B B5 01 04 00 00 00 0C F0 0F 46 C2 
2026-03-19 14:18:56.926 DEBU [pymycobot.common] _read : FE FE 20 B5 01 04 18 3E 4A 01 D4 BD B0 8D 9D 3E B5 2A 78 BC 85 31 F9 BB 4A 86 71 BB A9 45 96 0B 43 50 44
2026-03-19 14:18:56.928 DEBU [pymycobot.common] _write: FE FE 0B B5 01 04 00 00 00 0C F0 0F 46 C2 
2026-03-19 14:18:56.952 DEBU [pymycobot.common] _read : FE FE 20 B5 01 04 18 3E 49 E4 D1 BD C4 FC 08 3E B0 0B FC BC 85 21 B3 BB 4A 76 57 BB A9 3D 8E 8A 86 50 44
2026-03-19 14:18:56.952 DEBU [pymycobot.common] _write: FE FE 0B B5 01 04 00 00 00 0C F0 0F 46 C2 
2026-03-19 14:18:56.977 DEBU [pymycobot.common] _read : FE FE 20 B5 01 04 18 3E 53 D2 2C BD C2 0C 83 3E B5 44 8C BC 85 2A 69 BB 86 1B B4 BB A9 9A 9F 24 8C 50 44
2026-03-19 14:18:56.978 DEBU [pymycobot.common] _write: FE FE 0B B5 01 04 00 00 00 0C F0 0F 46 C2 
2026-03-19 14:18:56.999 DEBU [pymycobot.common] _read : FE FE 20 B5 01 04 18 3E 54 26 C4 BD C5 1B 97 3E B0 18 68 BC 85 1C B7 BB 4A 50 6F BB A9 1C 79 94 75 50 44
2026-03-19 14:18:57.000 DEBU [pymycobot.common] _write: FE FE 0B B5 01 04 00 00 00 0C F0 0F 46 C2 
2026-03-19 14:18:57.024 DEBU [pymycobot.common] _read : FE FE 20 B5 01 04 18 3E 49 E4 D1 BD C4 FC 08 3E B0 0B FC BC 85 21 B3 BB 4A 76 57 BB A9 3D 8E 8A 86 50 44
2026-03-19 14:18:57.025 DEBU [pymycobot.common] _write: FE FE 0B B5 01 04 00 00 00 0C F0 0F 46 C2 
2026-03-19 14:18:57.048 DEBU [pymycobot.common] _read : FE FE 20 B5 01 04 18 3E 54 17 1C BD C5 0C 7F 3E AA FA 8C BC 85 12 BE BB 4A 49 80 BB A8 FC B7 0B 1C 50 44
2026-03-19 14:18:57.049 DEBU [pymycobot.common] _write: FE FE 0B B5 01 04 00 00 00 0C F0 0F 46 C2 
2026-03-19 14:18:57.077 DEBU [pymycobot.common] _read : FE FE 20 B5 01 04 18 3E 54 17 1C BD C5 0C 7F 3E AA FA 8C BC 85 12 BE BB 4A 49 80 BB A8 FC B7 0B 1C 50 44
2026-03-19 14:18:57.078 DEBU [pymycobot.common] _write: FE FE 0B B5 01 04 00 00 00 0C F0 0F 46 C2 
2026-03-19 14:18:57.100 DEBU [pymycobot.common] _read : FE FE 20 B5 01 04 18 3E 54 36 6C BD C5 2A AE 3E B5 36 45 BC 85 26 AF BB 4A 57 5F BB A9 3C 3B FD A9 50 44
2026-03-19 14:18:57.101 DEBU [pymycobot.common] _write: FE FE 0B B5 01 04 00 00 00 0C F0 0F 46 C2 
2026-03-19 14:18:57.128 DEBU [pymycobot.common] _read : FE FE 20 B5 01 04 18 3E 54 26 C4 BD C5 1B 97 3E B0 18 68 BC 85 1C B7 BB 4A 50 6F BB A9 1C 79 94 75 50 44
2026-03-19 14:18:57.129 DEBU [pymycobot.common] _write: FE FE 0B B5 01 04 00 00 00 0C F0 0F 46 C2 
2026-03-19 14:18:57.152 DEBU [pymycobot.common] _read : FE FE 20 B5 01 04 18 3E 49 E4 D1 BD C4 FC 08 3E B0 0B FC BC 85 21 B3 BB 4A 76 57 BB A9 3D 8E 8A 86 50 44
2026-03-19 14:18:57.153 DEBU [pymycobot.common] _write: FE FE 0B B5 01 04 00 00 00 0C F0 0F 46 C2 
2026-03-19 14:18:57.180 DEBU [pymycobot.common] _read : FE FE 20 B5 01 04 18 3E 54 36 6C BD C5 2A AE 3E B5 36 45 BC 85 26 AF BB 4A 57 5F BB A9 3C 3B FD A9 50 44
2026-03-19 14:18:57.181 DEBU [pymycobot.common] _write: FE FE 0B B5 01 04 00 00 00 0C F0 0F 46 C2 
2026-03-19 14:18:57.207 DEBU [pymycobot.common] _read : FE FE 20 B5 01 04 18 3E 49 E4 D1 BD C4 FC 08 3E B0 0B FC BC 85 21 B3 BB 4A 76 57 BB A9 3D 8E 8A 86 50 44
2026-03-19 14:18:57.209 DEBU [pymycobot.common] _write: FE FE 0B B5 01 04 00 00 00 0C F0 0F 46 C2 
2026-03-19 14:18:57.231 DEBU [pymycobot.common] _read : FE FE 20 B5 01 04 18 3E 49 E4 D1 BD C4 FC 08 3E B0 0B FC BC 85 21 B3 BB 4A 76 57 BB A9 3D 8E 8A 86 50 44
2026-03-19 14:18:57.232 DEBU [pymycobot.common] _write: FE FE 0B B5 01 04 00 00 00 0C F0 0F 46 C2 
2026-03-19 14:18:57.254 DEBU [pymycobot.common] _read : FE FE 20 B5 01 04 18 3E 49 F2 2C BD B0 7E 86 3E B0 0C 9B BC 85 28 00 BB 4A 7F 82 BB A9 25 D4 99 2B 50 44
2026-03-19 14:18:57.255 DEBU [pymycobot.common] _write: FE FE 0B B5 01 04 00 00 00 0C F0 0F 46 C2 
2026-03-19 14:18:57.279 DEBU [pymycobot.common] _read : FE FE 20 B5 01 04 18 3E 54 26 C4 BD C5 1B 97 3E B0 18 68 BC 85 1C B7 BB 4A 50 6F BB A9 1C 79 94 75 50 44
2026-03-19 14:18:57.280 DEBU [pymycobot.common] _write: FE FE 0B B5 01 04 00 00 00 0C F0 0F 46 C2 
2026-03-19 14:18:57.304 DEBU [pymycobot.common] _read : FE FE 20 B5 01 04 18 3E 54 26 C4 BD C5 1B 97 3E B0 18 68 BC 85 1C B7 BB 4A 50 6F BB A9 1C 79 94 75 50 44
2026-03-19 14:18:57.305 DEBU [pymycobot.common] _write: FE FE 0B B5 01 04 00 00 00 0C F0 0F 46 C2 
2026-03-19 14:18:57.330 DEBU [pymycobot.common] _read : FE FE 20 B5 01 04 18 3E 54 26 C4 BD C5 1B 97 3E B0 18 68 BC 85 1C B7 BB 4A 50 6F BB A9 1C 79 94 75 50 44
2026-03-19 14:18:57.331 DEBU [pymycobot.common] _write: FE FE 0B B5 01 04 00 00 00 0C F0 0F 46 C2 
2026-03-19 14:18:57.357 DEBU [pymycobot.common] _read : FE FE 20 B5 01 04 18 3E 54 36 6C BD C5 2A AE 3E B5 36 45 BC 85 26 AF BB 4A 57 5F BB A9 3C 3B FD A9 50 44
2026-03-19 14:18:57.358 DEBU [pymycobot.common] _write: FE FE 0B B5 01 04 00 00 00 0C F0 0F 46 C2 
2026-03-19 14:18:57.381 DEBU [pymycobot.common] _read : FE FE 20 B5 01 04 18 3E 54 17 1C BD C5 0C 7F 3E AA FA 8C BC 85 12 BE BB 4A 49 80 BB A8 FC B7 0B 1C 50 44
2026-03-19 14:18:57.382 DEBU [pymycobot.common] _write: FE FE 0B B5 01 04 00 00 00 0C F0 0F 46 C2 
2026-03-19 14:18:57.404 DEBU [pymycobot.common] _read : FE FE 20 B5 01 04 18 3E 49 E4 D1 BD C4 FC 08 3E B0 0B FC BC 85 21 B3 BB 4A 76 57 BB A9 3D 8E 8A 86 50 44
2026-03-19 14:18:57.405 DEBU [pymycobot.common] _write: FE FE 0B B5 01 04 00 00 00 0C F0 0F 46 C2 
2026-03-19 14:18:57.428 DEBU [pymycobot.common] _read : FE FE 20 B5 01 04 18 3E 49 F2 2C BD B0 7E 86 3E B0 0C 9B BC 85 28 00 BB 4A 7F 82 BB A9 25 D4 99 2B 50 44
2026-03-19 14:18:57.429 DEBU [pymycobot.common] _write: FE FE 0B B5 01 04 00 00 00 0C F0 0F 46 C2 
2026-03-19 14:18:57.451 DEBU [pymycobot.common] _read : FE FE 20 B5 01 04 18 3E 54 26 C4 BD C5 1B 97 3E B0 18 68 BC 85 1C B7 BB 4A 50 6F BB A9 1C 79 94 75 50 44
2026-03-19 14:18:57.453 DEBU [pymycobot.common] _write: FE FE 0B B5 01 04 00 00 00 0C F0 0F 46 C2 
2026-03-19 14:18:57.479 DEBU [pymycobot.common] _read : FE FE 20 B5 01 04 18 3E 49 E4 D1 BD C4 FC 08 3E B0 0B FC BC 85 21 B3 BB 4A 76 57 BB A9 3D 8E 8A 86 50 44
2026-03-19 14:18:57.480 DEBU [pymycobot.common] _write: FE FE 0B B5 01 04 00 00 00 0C F0 0F 46 C2 
2026-03-19 14:18:57.502 DEBU [pymycobot.common] _read : FE FE 20 B5 01 04 18 3E 54 26 C4 BD C5 1B 97 3E B0 18 68 BC 85 1C B7 BB 4A 50 6F BB A9 1C 79 94 75 50 44
2026-03-19 14:18:57.504 DEBU [pymycobot.common] _write: FE FE 0B B5 01 04 00 00 00 0C F0 0F 46 C2 
2026-03-19 14:18:57.528 DEBU [pymycobot.common] _read : FE FE 20 B5 01 04 18 3E 54 34 1F BD B0 9E 16 3E B0 19 06 BC 85 23 04 BB 4A 59 9A BB A9 04 BE 81 14 50 44
2026-03-19 14:18:57.529 DEBU [pymycobot.common] _write: FE FE 0B B5 01 04 00 00 00 0C F0 0F 46 C2 
2026-03-19 14:18:57.554 DEBU [pymycobot.common] _read : FE FE 20 B5 01 04 18 3E 54 36 6C BD C5 2A AE 3E B5 36 45 BC 85 26 AF BB 4A 57 5F BB A9 3C 3B FD A9 50 44
2026-03-19 14:18:57.555 DEBU [pymycobot.common] _write: FE FE 0B B5 01 04 00 00 00 0C F0 0F 46 C2 
2026-03-19 14:18:57.580 DEBU [pymycobot.common] _read : FE FE 20 B5 01 04 18 3E 53 C2 84 BD C1 FD 6C 3E B0 26 AE BC 85 20 71 BB 86 18 3C BB A9 7A DD 23 93 50 44
2026-03-19 14:18:57.581 DEBU [pymycobot.common] _write: FE FE 0B B5 01 04 00 00 00 0C F0 0F 46 C2 
2026-03-19 14:18:57.606 DEBU [pymycobot.common] _read : FE FE 20 B5 01 04 18 3E 53 D2 2C BD C2 0C 83 3E B5 44 8C BC 85 2A 69 BB 86 1B B4 BB A9 9A 9F 24 8C 50 44
2026-03-19 14:18:57.607 DEBU [pymycobot.common] _write: FE FE 0B B5 01 04 00 00 00 0C F0 0F 46 C2 
2026-03-19 14:18:57.631 DEBU [pymycobot.common] _read : FE FE 20 B5 01 04 18 3E 49 E4 D1 BD C4 FC 08 3E B0 0B FC BC 85 21 B3 BB 4A 76 57 BB A9 3D 8E 8A 86 50 44
2026-03-19 14:18:57.632 DEBU [pymycobot.common] _write: FE FE 0B B5 01 04 00 00 00 0C F0 0F 46 C2 
2026-03-19 14:18:57.655 DEBU [pymycobot.common] _read : FE FE 20 B5 01 04 18 3E 49 90 3A BD C1 EC F3 3E B5 38 1F BC 85 2F 65 BB 86 2E A8 BB A9 BB B4 A2 3A 50 44
2026-03-19 14:18:57.656 DEBU [pymycobot.common] _write: FE FE 0B B5 01 04 00 00 00 0C F0 0F 46 C2 
2026-03-19 14:18:57.682 DEBU [pymycobot.common] _read : FE FE 20 B5 01 04 18 3E 53 C2 84 BD C1 FD 6C 3E B0 26 AE BC 85 20 71 BB 86 18 3C BB A9 7A DD 23 93 50 44
2026-03-19 14:18:57.683 DEBU [pymycobot.common] _write: FE FE 0B B5 01 04 00 00 00 0C F0 0F 46 C2 
2026-03-19 14:18:57.707 DEBU [pymycobot.common] _read : FE FE 20 B5 01 04 18 3E 49 E4 D1 BD C4 FC 08 3E B0 0B FC BC 85 21 B3 BB 4A 76 57 BB A9 3D 8E 8A 86 50 44
2026-03-19 14:18:57.708 DEBU [pymycobot.common] _write: FE FE 0B B5 01 04 00 00 00 0C F0 0F 46 C2 
2026-03-19 14:18:57.731 DEBU [pymycobot.common] _read : FE FE 20 B5 01 04 18 3E 54 09 C3 BD D9 89 FF 3E AA F9 EC BC 85 0C 71 BB 4A 40 55 BB A9 14 72 E7 4E 50 44
2026-03-19 14:18:57.732 DEBU [pymycobot.common] _write: FE FE 0B B5 01 04 00 00 00 0C F0 0F 46 C2 
2026-03-19 14:18:57.756 DEBU [pymycobot.common] _read : FE FE 20 B5 01 04 18 3E 54 26 C4 BD C5 1B 97 3E B0 18 68 BC 85 1C B7 BB 4A 50 6F BB A9 1C 79 94 75 50 44
2026-03-19 14:18:57.757 DEBU [pymycobot.common] _write: FE FE 0B B5 01 04 00 00 00 0C F0 0F 46 C2 
2026-03-19 14:18:57.780 DEBU [pymycobot.common] _read : FE FE 20 B5 01 04 18 3E 54 34 1F BD B0 9E 16 3E B0 19 06 BC 85 23 04 BB 4A 59 9A BB A9 04 BE 81 14 50 44
2026-03-19 14:18:57.781 DEBU [pymycobot.common] _write: FE FE 0B B5 01 04 00 00 00 0C F0 0F 46 C2 
2026-03-19 14:18:57.804 DEBU [pymycobot.common] _read : FE FE 20 B5 01 04 18 3E 54 34 1F BD B0 9E 16 3E B0 19 06 BC 85 23 04 BB 4A 59 9A BB A9 04 BE 81 14 50 44
2026-03-19 14:18:57.804 DEBU [pymycobot.common] _write: FE FE 0B B5 01 04 00 00 00 0C F0 0F 46 C2 
2026-03-19 14:18:57.826 DEBU [pymycobot.common] _read : FE FE 20 B5 01 04 18 3E 49 E4 D1 BD C4 FC 08 3E B0 0B FC BC 85 21 B3 BB 4A 76 57 BB A9 3D 8E 8A 86 50 44
2026-03-19 14:18:57.827 DEBU [pymycobot.common] _write: FE FE 0B B5 01 04 00 00 00 0C F0 0F 46 C2 
2026-03-19 14:18:57.853 DEBU [pymycobot.common] _read : FE FE 20 B5 01 04 18 3E 49 D7 77 BD D9 79 88 3E B0 0B 5C BC 85 1B 65 BB 4A 6D 2D BB A9 55 49 04 83 50 44
2026-03-19 14:18:57.854 DEBU [pymycobot.common] _write: FE FE 0B B5 01 04 00 00 00 0C F0 0F 46 C2 
2026-03-19 14:18:57.879 DEBU [pymycobot.common] _read : FE FE 20 B5 01 04 18 3E 54 26 C4 BD C5 1B 97 3E B0 18 68 BC 85 1C B7 BB 4A 50 6F BB A9 1C 79 94 75 50 44
2026-03-19 14:18:57.880 DEBU [pymycobot.common] _write: FE FE 0B B5 01 04 00 00 00 0C F0 0F 46 C2 
2026-03-19 14:18:57.905 DEBU [pymycobot.common] _read : FE FE 20 B5 01 04 18 3E 54 26 C4 BD C5 1B 97 3E B0 18 68 BC 85 1C B7 BB 4A 50 6F BB A9 1C 79 94 75 50 44
2026-03-19 14:18:57.906 DEBU [pymycobot.common] _write: FE FE 0B B5 01 04 00 00 00 0C F0 0F 46 C2 
2026-03-19 14:18:57.933 DEBU [pymycobot.common] _read : FE FE 20 B5 01 04 18 3E 54 36 6C BD C5 2A AE 3E B5 36 45 BC 85 26 AF BB 4A 57 5F BB A9 3C 3B FD A9 50 44
2026-03-19 14:18:57.934 DEBU [pymycobot.common] _write: FE FE 0B B5 01 04 00 00 00 0C F0 0F 46 C2 
2026-03-19 14:18:57.957 DEBU [pymycobot.common] _read : FE FE 20 B5 01 04 18 3E 54 26 C4 BD C5 1B 97 3E B0 18 68 BC 85 1C B7 BB 4A 50 6F BB A9 1C 79 94 75 50 44
2026-03-19 14:18:57.958 DEBU [pymycobot.common] _write: FE FE 0B B5 01 04 00 00 00 0C F0 0F 46 C2 
2026-03-19 14:18:57.985 DEBU [pymycobot.common] _read : FE FE 20 B5 01 04 18 3E 54 26 C4 BD C5 1B 97 3E B0 18 68 BC 85 1C B7 BB 4A 50 6F BB A9 1C 79 94 75 50 44
2026-03-19 14:18:57.985 DEBU [pymycobot.common] _write: FE FE 0B B5 01 04 00 00 00 0C F0 0F 46 C2 
2026-03-19 14:18:58.008 DEBU [pymycobot.common] _read : FE FE 20 B5 01 04 18 3E 49 E4 D1 BD C4 FC 08 3E B0 0B FC BC 85 21 B3 BB 4A 76 57 BB A9 3D 8E 8A 86 50 44
2026-03-19 14:18:58.009 DEBU [pymycobot.common] _write: FE FE 0B B5 01 04 00 00 00 0C F0 0F 46 C2 
2026-03-19 14:18:58.035 DEBU [pymycobot.common] _read : FE FE 20 B5 01 04 18 3E 49 F4 7A BD C5 0B 1F 3E B5 29 DA BC 85 2B AB BB 4A 7D 47 BB A9 5D 50 EA 53 50 44
2026-03-19 14:18:58.037 DEBU [pymycobot.common] _write: FE FE 0B B5 01 04 00 00 00 0C F0 0F 46 C2 
2026-03-19 14:18:58.060 DEBU [pymycobot.common] _read : FE FE 20 B5 01 04 18 3E 49 E4 D1 BD C4 FC 08 3E B0 0B FC BC 85 21 B3 BB 4A 76 57 BB A9 3D 8E 8A 86 50 44
2026-03-19 14:18:58.061 DEBU [pymycobot.common] _write: FE FE 0B B5 01 04 00 00 00 0C F0 0F 46 C2 
2026-03-19 14:18:58.087 DEBU [pymycobot.common] _read : FE FE 20 B5 01 04 18 3E 53 C2 84 BD C1 FD 6C 3E B0 26 AE BC 85 20 71 BB 86 18 3C BB A9 7A DD 23 93 50 44
2026-03-19 14:18:58.088 DEBU [pymycobot.common] _write: FE FE 0B B5 01 04 00 00 00 0C F0 0F 46 C2 
2026-03-19 14:18:58.111 DEBU [pymycobot.common] _read : FE FE 20 B5 01 04 18 3E 53 C0 37 BD AD 70 D2 3E AB 09 71 BC 85 1C C6 BB 86 19 5A BB A9 43 60 68 6D 50 44
2026-03-19 14:18:58.113 DEBU [pymycobot.common] _write: FE FE 0B B5 01 04 00 00 00 0C F0 0F 46 C2 
2026-03-19 14:18:58.138 DEBU [pymycobot.common] _read : FE FE 20 B5 01 04 18 3E 54 34 1F BD B0 9E 16 3E B0 19 06 BC 85 23 04 BB 4A 59 9A BB A9 04 BE 81 14 50 44
2026-03-19 14:18:58.139 DEBU [pymycobot.common] _write: FE FE 0B B5 01 04 00 00 00 0C F0 0F 46 C2 
2026-03-19 14:18:58.164 DEBU [pymycobot.common] _read : FE FE 20 B5 01 04 18 3E 54 26 C4 BD C5 1B 97 3E B0 18 68 BC 85 1C B7 BB 4A 50 6F BB A9 1C 79 94 75 50 44
2026-03-19 14:18:58.165 DEBU [pymycobot.common] _write: FE FE 0B B5 01 04 00 00 00 0C F0 0F 46 C2 
2026-03-19 14:18:58.191 DEBU [pymycobot.common] _read : FE FE 20 B5 01 04 18 3E 49 90 3A BD C1 EC F3 3E B5 38 1F BC 85 2F 65 BB 86 2E A8 BB A9 BB B4 A2 3A 50 44
2026-03-19 14:18:58.192 DEBU [pymycobot.common] _write: FE FE 0B B5 01 04 00 00 00 0C F0 0F 46 C2 
2026-03-19 14:18:58.216 DEBU [pymycobot.common] _read : FE FE 20 B5 01 04 18 3E 49 F4 7A BD C5 0B 1F 3E B5 29 DA BC 85 2B AB BB 4A 7D 47 BB A9 5D 50 EA 53 50 44
2026-03-19 14:18:58.216 DEBU [pymycobot.common] _write: FE FE 0B B5 01 04 00 00 00 0C F0 0F 46 C2 
2026-03-19 14:18:58.240 DEBU [pymycobot.common] _read : FE FE 20 B5 01 04 18 3E 54 43 C6 BD B0 AD 2D 3E B5 36 E4 BC 85 2C FC BB 4A 60 8A BB A9 24 80 9B 22 50 44
2026-03-19 14:18:58.240 DEBU [pymycobot.common] _write: FE FE 0B B5 01 04 00 00 00 0C F0 0F 46 C2 
2026-03-19 14:18:58.266 DEBU [pymycobot.common] _read : FE FE 20 B5 01 04 18 3E 49 F4 7A BD C5 0B 1F 3E B5 29 DA BC 85 2B AB BB 4A 7D 47 BB A9 5D 50 EA 53 50 44
2026-03-19 14:18:58.267 DEBU [pymycobot.common] _write: FE FE 0B B5 01 04 00 00 00 0C F0 0F 46 C2 
2026-03-19 14:18:58.289 DEBU [pymycobot.common] _read : FE FE 20 B5 01 04 18 3E 49 F4 7A BD C5 0B 1F 3E B5 29 DA BC 85 2B AB BB 4A 7D 47 BB A9 5D 50 EA 53 50 44
2026-03-19 14:18:58.290 DEBU [pymycobot.common] _write: FE FE 0B B5 01 04 00 00 00 0C F0 0F 46 C2 
2026-03-19 14:18:58.314 DEBU [pymycobot.common] _read : FE FE 20 B5 01 04 18 3E 49 80 91 BD C1 DD DC 3E B0 1A 43 BC 85 25 6D BB 86 2B 30 BB A9 9B F2 0B CA 50 44
2026-03-19 14:18:58.315 DEBU [pymycobot.common] _write: FE FE 0B B5 01 04 00 00 00 0C F0 0F 46 C2 
2026-03-19 14:18:58.339 DEBU [pymycobot.common] _read : FE FE 20 B5 01 04 18 3E 53 C2 84 BD C1 FD 6C 3E B0 26 AE BC 85 20 71 BB 86 18 3C BB A9 7A DD 23 93 50 44
2026-03-19 14:18:58.340 DEBU [pymycobot.common] _write: FE FE 0B B5 01 04 00 00 00 0C F0 0F 46 C2 
2026-03-19 14:18:58.365 DEBU [pymycobot.common] _read : FE FE 20 B5 01 04 18 3E 54 34 1F BD B0 9E 16 3E B0 19 06 BC 85 23 04 BB 4A 59 9A BB A9 04 BE 81 14 50 44
2026-03-19 14:18:58.367 DEBU [pymycobot.common] _write: FE FE 0B B5 01 04 00 00 00 0C F0 0F 46 C2 
2026-03-19 14:18:58.393 DEBU [pymycobot.common] _read : FE FE 20 B5 01 04 18 3E 49 70 E9 BD C1 CE C4 3E AA FC 65 BC 85 1B 75 BB 86 27 B8 BB A9 7C 30 92 4B 50 44
2026-03-19 14:18:58.395 DEBU [pymycobot.common] _write: FE FE 0B B5 01 04 00 00 00 0C F0 0F 46 C2 
2026-03-19 14:18:58.427 DEBU [pymycobot.common] _read : FE FE 20 B5 01 04 18 3E 54 36 6C BD C5 2A AE 3E B5 36 45 BC 85 26 AF BB 4A 57 5F BB A9 3C 3B FD A9 50 44
2026-03-19 14:18:58.428 DEBU [pymycobot.common] _write: FE FE 0B B5 01 04 00 00 00 0C F0 0F 46 C2 
2026-03-19 14:18:58.451 DEBU [pymycobot.common] _read : FE FE 20 B5 01 04 18 3E 49 E4 D1 BD C4 FC 08 3E B0 0B FC BC 85 21 B3 BB 4A 76 57 BB A9 3D 8E 8A 86 50 44
2026-03-19 14:18:58.452 DEBU [pymycobot.common] _write: FE FE 0B B5 01 04 00 00 00 0C F0 0F 46 C2 
2026-03-19 14:18:58.477 DEBU [pymycobot.common] _read : FE FE 20 B5 01 04 18 3E 5E 04 77 BD C2 1C FA 3E B0 33 1A BC 85 1B 74 BB 86 05 48 BB A9 59 C8 6A 71 50 44
2026-03-19 14:18:58.478 DEBU [pymycobot.common] _write: FE FE 0B B5 01 04 00 00 00 0C F0 0F 46 C2 
2026-03-19 14:18:58.501 DEBU [pymycobot.common] _read : FE FE 20 B5 01 04 18 3E 49 9D 94 BD AD 6F 72 3E B5 38 BD BC 85 35 B3 BB 86 33 3D BB A9 A3 F9 58 3C 50 44
2026-03-19 14:18:58.502 DEBU [pymycobot.common] _write: FE FE 0B B5 01 04 00 00 00 0C F0 0F 46 C2 
2026-03-19 14:18:58.529 DEBU [pymycobot.common] _read : FE FE 20 B5 01 04 18 3E 54 43 C6 BD B0 AD 2D 3E B5 36 E4 BC 85 2C FC BB 4A 60 8A BB A9 24 80 9B 22 50 44
2026-03-19 14:18:58.531 DEBU [pymycobot.common] _write: FE FE 0B B5 01 04 00 00 00 0C F0 0F 46 C2 
2026-03-19 14:18:58.553 DEBU [pymycobot.common] _read : FE FE 20 B5 01 04 18 3E 49 9D 94 BD AD 6F 72 3E B5 38 BD BC 85 35 B3 BB 86 33 3D BB A9 A3 F9 58 3C 50 44
2026-03-19 14:18:58.554 DEBU [pymycobot.common] _write: FE FE 0B B5 01 04 00 00 00 0C F0 0F 46 C2 
2026-03-19 14:18:58.580 DEBU [pymycobot.common] _read : FE FE 20 B5 01 04 18 3E 54 34 1F BD B0 9E 16 3E B0 19 06 BC 85 23 04 BB 4A 59 9A BB A9 04 BE 81 14 50 44
2026-03-19 14:18:58.581 DEBU [pymycobot.common] _write: FE FE 0B B5 01 04 00 00 00 0C F0 0F 46 C2 
2026-03-19 14:18:58.604 DEBU [pymycobot.common] _read : FE FE 20 B5 01 04 18 3E 54 34 1F BD B0 9E 16 3E B0 19 06 BC 85 23 04 BB 4A 59 9A BB A9 04 BE 81 14 50 44
2026-03-19 14:18:58.605 DEBU [pymycobot.common] _write: FE FE 0B B5 01 04 00 00 00 0C F0 0F 46 C2 
2026-03-19 14:18:58.632 DEBU [pymycobot.common] _read : FE FE 20 B5 01 04 18 3E 49 80 91 BD C1 DD DC 3E B0 1A 43 BC 85 25 6D BB 86 2B 30 BB A9 9B F2 0B CA 50 44
2026-03-19 14:18:58.633 DEBU [pymycobot.common] _write: FE FE 0B B5 01 04 00 00 00 0C F0 0F 46 C2 
2026-03-19 14:18:58.656 DEBU [pymycobot.common] _read : FE FE 20 B5 01 04 18 3E 54 26 C4 BD C5 1B 97 3E B0 18 68 BC 85 1C B7 BB 4A 50 6F BB A9 1C 79 94 75 50 44
2026-03-19 14:18:58.657 DEBU [pymycobot.common] _write: FE FE 0B B5 01 04 00 00 00 0C F0 0F 46 C2 
2026-03-19 14:18:58.680 DEBU [pymycobot.common] _read : FE FE 20 B5 01 04 18 3E 49 E4 D1 BD C4 FC 08 3E B0 0B FC BC 85 21 B3 BB 4A 76 57 BB A9 3D 8E 8A 86 50 44
2026-03-19 14:18:58.681 DEBU [pymycobot.common] _write: FE FE 0B B5 01 04 00 00 00 0C F0 0F 46 C2 
2026-03-19 14:18:58.706 DEBU [pymycobot.common] _read : FE FE 20 B5 01 04 18 3E 54 36 6C BD C5 2A AE 3E B5 36 45 BC 85 26 AF BB 4A 57 5F BB A9 3C 3B FD A9 50 44
2026-03-19 14:18:58.707 DEBU [pymycobot.common] _write: FE FE 0B B5 01 04 00 00 00 0C F0 0F 46 C2 
2026-03-19 14:18:58.733 DEBU [pymycobot.common] _read : FE FE 20 B5 01 04 18 3E 54 36 6C BD C5 2A AE 3E B5 36 45 BC 85 26 AF BB 4A 57 5F BB A9 3C 3B FD A9 50 44
2026-03-19 14:18:58.735 DEBU [pymycobot.common] _write: FE FE 0B B5 01 04 00 00 00 0C F0 0F 46 C2 
2026-03-19 14:18:58.758 DEBU [pymycobot.common] _read : FE FE 20 B5 01 04 18 3E 54 24 77 BD B0 8E FD 3E AA FB 2A BC 85 19 0C BB 4A 52 AA BB A8 E4 FC C2 E2 50 44
2026-03-19 14:18:58.759 DEBU [pymycobot.common] _write: FE FE 0B B5 01 04 00 00 00 0C F0 0F 46 C2 
2026-03-19 14:18:58.785 DEBU [pymycobot.common] _read : FE FE 20 B5 01 04 18 3E 54 36 6C BD C5 2A AE 3E B5 36 45 BC 85 26 AF BB 4A 57 5F BB A9 3C 3B FD A9 50 44
2026-03-19 14:18:58.787 DEBU [pymycobot.common] _write: FE FE 0B B5 01 04 00 00 00 0C F0 0F 46 C2 
2026-03-19 14:18:58.808 DEBU [pymycobot.common] _read : FE FE 20 B5 01 04 18 3E 49 F2 2C BD B0 7E 86 3E B0 0C 9B BC 85 28 00 BB 4A 7F 82 BB A9 25 D4 99 2B 50 44
2026-03-19 14:18:58.809 DEBU [pymycobot.common] _write: FE FE 0B B5 01 04 00 00 00 0C F0 0F 46 C2 
2026-03-19 14:18:58.831 DEBU [pymycobot.common] _read : FE FE 20 B5 01 04 18 3E 54 26 C4 BD C5 1B 97 3E B0 18 68 BC 85 1C B7 BB 4A 50 6F BB A9 1C 79 94 75 50 44
2026-03-19 14:18:58.832 DEBU [pymycobot.common] _write: FE FE 0B B5 01 04 00 00 00 0C F0 0F 46 C2 
2026-03-19 14:18:58.857 DEBU [pymycobot.common] _read : FE FE 20 B5 01 04 18 3E 49 80 91 BD C1 DD DC 3E B0 1A 43 BC 85 25 6D BB 86 2B 30 BB A9 9B F2 0B CA 50 44
2026-03-19 14:19:22.763 DEBU [pymycobot.common] _write: FE FE 04 16 00 9D 73 
2026-03-19 14:19:22.773 DEBU [pymycobot.common] _read : FE FE 05 16 FF 01 29 5D
2026-03-19 14:19:22.774 DEBU [pymycobot.common] _write: FE FE 07 B8 00 01 C2 00 00 70 
2026-03-19 14:19:22.784 DEBU [pymycobot.common] _read : FE FE 05 B8 FF 01 C8 3C
2026-03-19 14:19:23.088 DEBU [pymycobot.common] _write: FE FE 03 BA 7F D1 
2026-03-19 14:19:23.099 DEBU [pymycobot.common] _read : FE FE 09 BA 00 01 C2 00 27 10 B0 9D
2026-03-19 14:19:23.100 DEBU [pymycobot.common] _write: FE FE 0B B5 01 04 00 00 00 0C F0 0F 46 C2 
2026-03-19 14:19:23.125 DEBU [pymycobot.common] _read : FE FE 20 B5 01 04 18 3E 49 F4 7A BD C5 0B 1F 3E B5 29 DA BC 85 2B AB BB 4A 7D 47 BB A9 5D 50 EA 53 50 44
2026-03-19 14:19:23.126 DEBU [pymycobot.common] _write: FE FE 0B B5 01 04 00 00 00 0C F0 0F 46 C2 
2026-03-19 14:19:23.154 DEBU [pymycobot.common] _read : FE FE 20 B5 01 04 18 3E 49 80 91 BD C1 DD DC 3E B0 1A 43 BC 85 25 6D BB 86 2B 30 BB A9 9B F2 0B CA 50 44
2026-03-19 14:19:23.155 DEBU [pymycobot.common] _write: FE FE 0B B5 01 04 00 00 00 0C F0 0F 46 C2 
2026-03-19 14:19:23.178 DEBU [pymycobot.common] _read : FE FE 20 B5 01 04 18 3E 53 C2 84 BD C1 FD 6C 3E B0 26 AE BC 85 20 71 BB 86 2B 30 BB A9 9B F2 3F DD 50 44
2026-03-19 14:19:23.179 DEBU [pymycobot.common] _write: FE FE 0B B5 01 04 00 00 00 0C F0 0F 46 C2 
2026-03-19 14:19:23.203 DEBU [pymycobot.common] _read : FE FE 20 B5 01 04 18 3E 54 36 6C BD C5 2A AE 3E B5 36 45 BC 85 26 AF BB 4A 57 5F BB A9 3C 3B FD A9 50 44
2026-03-19 14:19:23.204 DEBU [pymycobot.common] _write: FE FE 0B B5 01 04 00 00 00 0C F0 0F 46 C2 
2026-03-19 14:19:23.230 DEBU [pymycobot.common] _read : FE FE 20 B5 01 04 18 3E 49 80 91 BD C1 DD DC 3E B0 1A 43 BC 85 25 6D BB 86 2B 30 BB A9 9B F2 0B CA 50 44
2026-03-19 14:19:23.231 DEBU [pymycobot.common] _write: FE FE 0B B5 01 04 00 00 00 0C F0 0F 46 C2 
2026-03-19 14:19:23.256 DEBU [pymycobot.common] _read : FE FE 20 B5 01 04 18 3E 54 36 6C BD C5 2A AE 3E B5 36 45 BC 85 26 AF BB 4A 57 5F BB A9 3C 3B FD A9 50 44
2026-03-19 14:19:23.257 DEBU [pymycobot.common] _write: FE FE 0B B5 01 04 00 00 00 0C F0 0F 46 C2 
2026-03-19 14:19:23.283 DEBU [pymycobot.common] _read : FE FE 20 B5 01 04 18 3E 49 E4 D1 BD C4 FC 08 3E B0 0B FC BC 85 21 B3 BB 4A 76 57 BB A9 3D 8E 8A 86 50 44
2026-03-19 14:19:23.284 DEBU [pymycobot.common] _write: FE FE 0B B5 01 04 00 00 00 0C F0 0F 46 C2 
2026-03-19 14:19:23.309 DEBU [pymycobot.common] _read : FE FE 20 B5 01 04 18 3E 49 E4 D1 BD C4 FC 08 3E B0 0B FC BC 85 21 B3 BB 4A 76 57 BB A9 3D 8E 8A 86 50 44
2026-03-19 14:19:23.310 DEBU [pymycobot.common] _write: FE FE 0B B5 01 04 00 00 00 0C F0 0F 46 C2 
2026-03-19 14:19:23.335 DEBU [pymycobot.common] _read : FE FE 20 B5 01 04 18 3E 54 26 C4 BD C5 1B 97 3E B0 18 68 BC 85 1C B7 BB 4A 50 6F BB A9 1C 79 94 75 50 44
2026-03-19 14:19:23.336 DEBU [pymycobot.common] _write: FE FE 0B B5 01 04 00 00 00 0C F0 0F 46 C2 
2026-03-19 14:19:23.360 DEBU [pymycobot.common] _read : FE FE 20 B5 01 04 18 3E 54 26 C4 BD C5 1B 97 3E B0 18 68 BC 85 1C B7 BB 4A 50 6F BB A9 1C 79 94 75 50 44
2026-03-19 14:19:23.361 DEBU [pymycobot.common] _write: FE FE 0B B5 01 04 00 00 00 0C F0 0F 46 C2 
2026-03-19 14:19:23.388 DEBU [pymycobot.common] _read : FE FE 20 B5 01 04 18 3E 54 43 C6 BD B0 AD 2D 3E B5 36 E4 BC 85 2C FC BB 4A 60 8A BB A9 24 80 9B 22 50 44
2026-03-19 14:19:23.389 DEBU [pymycobot.common] _write: FE FE 0B B5 01 04 00 00 00 0C F0 0F 46 C2 
2026-03-19 14:19:23.413 DEBU [pymycobot.common] _read : FE FE 20 B5 01 04 18 3E 54 26 C4 BD C5 1B 97 3E B0 18 68 BC 85 1C B7 BB 4A 50 6F BB A9 1C 79 94 75 50 44
2026-03-19 14:19:23.414 DEBU [pymycobot.common] _write: FE FE 0B B5 01 04 00 00 00 0C F0 0F 46 C2 
2026-03-19 14:19:23.440 DEBU [pymycobot.common] _read : FE FE 20 B5 01 04 18 3E 54 26 C4 BD C5 1B 97 3E B0 18 68 BC 85 1C B7 BB 4A 50 6F BB A9 1C 79 94 75 50 44
2026-03-19 14:19:23.441 DEBU [pymycobot.common] _write: FE FE 0B B5 01 04 00 00 00 0C F0 0F 46 C2 
2026-03-19 14:19:23.465 DEBU [pymycobot.common] _read : FE FE 20 B5 01 04 18 3E 54 26 C4 BD C5 1B 97 3E B0 18 68 BC 85 1C B7 BB 4A 50 6F BB A9 1C 79 94 75 50 44
2026-03-19 14:19:23.466 DEBU [pymycobot.common] _write: FE FE 0B B5 01 04 00 00 00 0C F0 0F 46 C2 
2026-03-19 14:19:23.492 DEBU [pymycobot.common] _read : FE FE 20 B5 01 04 18 3E 49 E4 D1 BD C4 FC 08 3E B0 0B FC BC 85 21 B3 BB 4A 76 57 BB A9 3D 8E 8A 86 50 44
2026-03-19 14:19:23.493 DEBU [pymycobot.common] _write: FE FE 0B B5 01 04 00 00 00 0C F0 0F 46 C2 
2026-03-19 14:19:23.516 DEBU [pymycobot.common] _read : FE FE 20 B5 01 04 18 3E 49 F2 2C BD B0 7E 86 3E B0 0C 9B BC 85 28 00 BB 4A 7F 82 BB A9 25 D4 99 2B 50 44
2026-03-19 14:19:23.517 DEBU [pymycobot.common] _write: FE FE 0B B5 01 04 00 00 00 0C F0 0F 46 C2 
2026-03-19 14:19:23.545 DEBU [pymycobot.common] _read : FE FE 20 B5 01 04 18 3E 49 73 37 BD D6 5B 5C 3E B0 19 A3 BC 85 1F 1F BB 86 26 9B BB A9 B3 AD DB 84 50 44
2026-03-19 14:19:23.546 DEBU [pymycobot.common] _write: FE FE 0B B5 01 04 00 00 00 0C F0 0F 46 C2 
2026-03-19 14:19:23.569 DEBU [pymycobot.common] _read : FE FE 20 B5 01 04 18 3E 49 F2 2C BD B0 7E 86 3E B0 0C 9B BC 85 28 00 BB 4A 7F 82 BB A9 25 D4 99 2B 50 44
2026-03-19 14:19:23.571 DEBU [pymycobot.common] _write: FE FE 0B B5 01 04 00 00 00 0C F0 0F 46 C2 
2026-03-19 14:19:23.596 DEBU [pymycobot.common] _read : FE FE 20 B5 01 04 18 3E 54 26 C4 BD C5 1B 97 3E B0 18 68 BC 85 1C B7 BB 4A 50 6F BB A9 1C 79 94 75 50 44
2026-03-19 14:19:23.597 DEBU [pymycobot.common] _write: FE FE 0B B5 01 04 00 00 00 0C F0 0F 46 C2 
2026-03-19 14:19:23.625 DEBU [pymycobot.common] _read : FE FE 20 B5 01 04 18 3E 49 E4 D1 BD C4 FC 08 3E B0 0B FC BC 85 21 B3 BB 4A 76 57 BB A9 3D 8E 8A 86 50 44
2026-03-19 14:19:23.626 DEBU [pymycobot.common] _write: FE FE 0B B5 01 04 00 00 00 0C F0 0F 46 C2 
2026-03-19 14:19:23.648 DEBU [pymycobot.common] _read : FE FE 20 B5 01 04 18 3E 49 E4 D1 BD C4 FC 08 3E B0 0B FC BC 85 21 B3 BB 4A 76 57 BB A9 3D 8E 8A 86 50 44
2026-03-19 14:19:23.650 DEBU [pymycobot.common] _write: FE FE 0B B5 01 04 00 00 00 0C F0 0F 46 C2 
2026-03-19 14:19:23.673 DEBU [pymycobot.common] _read : FE FE 20 B5 01 04 18 3E 54 17 1C BD C5 0C 7F 3E AA FA 8C BC 85 12 BE BB 4A 49 80 BB A8 FC B7 0B 1C 50 44
2026-03-19 14:19:23.674 DEBU [pymycobot.common] _write: FE FE 0B B5 01 04 00 00 00 0C F0 0F 46 C2 
2026-03-19 14:19:23.701 DEBU [pymycobot.common] _read : FE FE 20 B5 01 04 18 3E 49 E4 D1 BD C4 FC 08 3E B0 0B FC BC 85 21 B3 BB 4A 76 57 BB A9 3D 8E 8A 86 50 44
2026-03-19 14:19:23.702 DEBU [pymycobot.common] _write: FE FE 0B B5 01 04 00 00 00 0C F0 0F 46 C2 
2026-03-19 14:19:23.726 DEBU [pymycobot.common] _read : FE FE 20 B5 01 04 18 3E 49 E4 D1 BD C4 FC 08 3E B0 0B FC BC 85 21 B3 BB 4A 76 57 BB A9 3D 8E 8A 86 50 44
2026-03-19 14:19:23.727 DEBU [pymycobot.common] _write: FE FE 0B B5 01 04 00 00 00 0C F0 0F 46 C2 
2026-03-19 14:19:23.754 DEBU [pymycobot.common] _read : FE FE 20 B5 01 04 18 3E 49 E4 D1 BD C4 FC 08 3E B0 0B FC BC 85 21 B3 BB 4A 76 57 BB A9 3D 8E 8A 86 50 44
2026-03-19 14:19:23.755 DEBU [pymycobot.common] _write: FE FE 0B B5 01 04 00 00 00 0C F0 0F 46 C2 
2026-03-19 14:19:23.778 DEBU [pymycobot.common] _read : FE FE 20 B5 01 04 18 3E 49 F4 7A BD C5 0B 1F 3E B5 29 DA BC 85 2B AB BB 4A 7D 47 BB A9 5D 50 EA 53 50 44
2026-03-19 14:19:23.779 DEBU [pymycobot.common] _write: FE FE 0B B5 01 04 00 00 00 0C F0 0F 46 C2 
2026-03-19 14:19:23.807 DEBU [pymycobot.common] _read : FE FE 20 B5 01 04 18 3E 54 36 6C BD C5 2A AE 3E B5 36 45 BC 85 26 AF BB 4A 57 5F BB A9 3C 3B FD A9 50 44
2026-03-19 14:19:23.808 DEBU [pymycobot.common] _write: FE FE 0B B5 01 04 00 00 00 0C F0 0F 46 C2 
2026-03-19 14:19:23.832 DEBU [pymycobot.common] _read : FE FE 20 B5 01 04 18 3E 54 26 C4 BD C5 1B 97 3E B0 18 68 BC 85 1C B7 BB 4A 50 6F BB A9 1C 79 94 75 50 44
2026-03-19 14:19:23.833 DEBU [pymycobot.common] _write: FE FE 0B B5 01 04 00 00 00 0C F0 0F 46 C2 
2026-03-19 14:19:23.859 DEBU [pymycobot.common] _read : FE FE 20 B5 01 04 18 3E 49 F2 2C BD B0 7E 86 3E B0 0C 9B BC 85 28 00 BB 4A 7F 82 BB A9 25 D4 99 2B 50 44
2026-03-19 14:19:23.860 DEBU [pymycobot.common] _write: FE FE 0B B5 01 04 00 00 00 0C F0 0F 46 C2 
2026-03-19 14:19:23.884 DEBU [pymycobot.common] _read : FE FE 20 B5 01 04 18 3E 54 36 6C BD C5 2A AE 3E B5 36 45 BC 85 26 AF BB 4A 57 5F BB A9 3C 3B FD A9 50 44
2026-03-19 14:19:23.885 DEBU [pymycobot.common] _write: FE FE 0B B5 01 04 00 00 00 0C F0 0F 46 C2 
2026-03-19 14:19:23.907 DEBU [pymycobot.common] _read : FE FE 20 B5 01 04 18 3E 54 36 6C BD C5 2A AE 3E B5 36 45 BC 85 26 AF BB 4A 57 5F BB A9 3C 3B FD A9 50 44
2026-03-19 14:19:23.908 DEBU [pymycobot.common] _write: FE FE 0B B5 01 04 00 00 00 0C F0 0F 46 C2 
2026-03-19 14:19:23.932 DEBU [pymycobot.common] _read : FE FE 20 B5 01 04 18 3E 54 26 C4 BD C5 1B 97 3E B0 18 68 BC 85 1C B7 BB 4A 50 6F BB A9 1C 79 94 75 50 44
2026-03-19 14:19:23.933 DEBU [pymycobot.common] _write: FE FE 0B B5 01 04 00 00 00 0C F0 0F 46 C2 
2026-03-19 14:19:23.960 DEBU [pymycobot.common] _read : FE FE 20 B5 01 04 18 3E 49 F2 2C BD B0 7E 86 3E B0 0C 9B BC 85 28 00 BB 4A 7F 82 BB A9 25 D4 99 2B 50 44
2026-03-19 14:19:23.961 DEBU [pymycobot.common] _write: FE FE 0B B5 01 04 00 00 00 0C F0 0F 46 C2 
2026-03-19 14:19:23.986 DEBU [pymycobot.common] _read : FE FE 20 B5 01 04 18 3E 49 F4 7A BD C5 0B 1F 3E B5 29 DA BC 85 2B AB BB 4A 7D 47 BB A9 5D 50 EA 53 50 44
2026-03-19 14:19:23.987 DEBU [pymycobot.common] _write: FE FE 0B B5 01 04 00 00 00 0C F0 0F 46 C2 
2026-03-19 14:19:24.010 DEBU [pymycobot.common] _read : FE FE 20 B5 01 04 18 3E 49 E2 84 BD B0 6F 6F 3E AA EE BD BC 85 1E 08 BB 4A 78 92 BB A9 06 12 A3 20 50 44
2026-03-19 14:19:24.012 DEBU [pymycobot.common] _write: FE FE 0B B5 01 04 00 00 00 0C F0 0F 46 C2 
2026-03-19 14:19:24.039 DEBU [pymycobot.common] _read : FE FE 20 B5 01 04 18 3E 4A 01 D4 BD B0 8D 9D 3E B5 2A 78 BC 85 31 F9 BB 4A 86 71 BB A9 45 96 0B 43 50 44
2026-03-19 14:19:24.040 DEBU [pymycobot.common] _write: FE FE 0B B5 01 04 00 00 00 0C F0 0F 46 C2 
2026-03-19 14:19:24.066 DEBU [pymycobot.common] _read : FE FE 20 B5 01 04 18 3E 49 E4 D1 BD C4 FC 08 3E B0 0B FC BC 85 21 B3 BB 4A 76 57 BB A9 3D 8E 8A 86 50 44
2026-03-19 14:19:24.068 DEBU [pymycobot.common] _write: FE FE 0B B5 01 04 00 00 00 0C F0 0F 46 C2 
2026-03-19 14:19:24.093 DEBU [pymycobot.common] _read : FE FE 20 B5 01 04 18 3E 54 26 C4 BD C5 1B 97 3E B0 18 68 BC 85 1C B7 BB 4A 50 6F BB A9 1C 79 94 75 50 44
2026-03-19 14:19:24.094 DEBU [pymycobot.common] _write: FE FE 0B B5 01 04 00 00 00 0C F0 0F 46 C2 
2026-03-19 14:19:24.120 DEBU [pymycobot.common] _read : FE FE 20 B5 01 04 18 3E 49 E4 D1 BD C4 FC 08 3E B0 0B FC BC 85 21 B3 BB 4A 76 57 BB A9 3D 8E 8A 86 50 44
2026-03-19 14:19:24.121 DEBU [pymycobot.common] _write: FE FE 0B B5 01 04 00 00 00 0C F0 0F 46 C2 
2026-03-19 14:19:24.143 DEBU [pymycobot.common] _read : FE FE 20 B5 01 04 18 3E 49 F4 7A BD C5 0B 1F 3E B5 29 DA BC 85 2B AB BB 4A 7D 47 BB A9 5D 50 EA 53 50 44
2026-03-19 14:19:24.144 DEBU [pymycobot.common] _write: FE FE 0B B5 01 04 00 00 00 0C F0 0F 46 C2 
2026-03-19 14:19:24.173 DEBU [pymycobot.common] _read : FE FE 20 B5 01 04 18 3E 54 26 C4 BD C5 1B 97 3E B0 18 68 BC 85 1C B7 BB 4A 50 6F BB A9 1C 79 94 75 50 44
2026-03-19 14:19:24.174 DEBU [pymycobot.common] _write: FE FE 0B B5 01 04 00 00 00 0C F0 0F 46 C2 
2026-03-19 14:19:24.198 DEBU [pymycobot.common] _read : FE FE 20 B5 01 04 18 3E 49 E4 D1 BD C4 FC 08 3E B0 0B FC BC 85 21 B3 BB 4A 76 57 BB A9 3D 8E 8A 86 50 44
2026-03-19 14:19:24.199 DEBU [pymycobot.common] _write: FE FE 0B B5 01 04 00 00 00 0C F0 0F 46 C2 
2026-03-19 14:19:24.226 DEBU [pymycobot.common] _read : FE FE 20 B5 01 04 18 3E 54 26 C4 BD C5 1B 97 3E B0 18 68 BC 85 1C B7 BB 4A 50 6F BB A9 1C 79 94 75 50 44
2026-03-19 14:19:24.227 DEBU [pymycobot.common] _write: FE FE 0B B5 01 04 00 00 00 0C F0 0F 46 C2 
2026-03-19 14:19:24.251 DEBU [pymycobot.common] _read : FE FE 20 B5 01 04 18 3E 54 43 C6 BD B0 AD 2D 3E B5 36 E4 BC 85 2C FC BB 4A 60 8A BB A9 24 80 9B 22 50 44
2026-03-19 14:19:24.252 DEBU [pymycobot.common] _write: FE FE 0B B5 01 04 00 00 00 0C F0 0F 46 C2 
2026-03-19 14:19:24.277 DEBU [pymycobot.common] _read : FE FE 20 B5 01 04 18 3E 49 E4 D1 BD C4 FC 08 3E B0 0B FC BC 85 21 B3 BB 4A 76 57 BB A9 3D 8E 8A 86 50 44
2026-03-19 14:19:24.278 DEBU [pymycobot.common] _write: FE FE 0B B5 01 04 00 00 00 0C F0 0F 46 C2 
2026-03-19 14:19:24.300 DEBU [pymycobot.common] _read : FE FE 20 B5 01 04 18 3E 54 36 6C BD C5 2A AE 3E B5 36 45 BC 85 26 AF BB 4A 57 5F BB A9 3C 3B FD A9 50 44
2026-03-19 14:19:24.301 DEBU [pymycobot.common] _write: FE FE 0B B5 01 04 00 00 00 0C F0 0F 46 C2 
2026-03-19 14:19:24.328 DEBU [pymycobot.common] _read : FE FE 20 B5 01 04 18 3E 49 F2 2C BD B0 7E 86 3E B0 0C 9B BC 85 28 00 BB 4A 7F 82 BB A9 25 D4 99 2B 50 44
2026-03-19 14:19:24.329 DEBU [pymycobot.common] _write: FE FE 0B B5 01 04 00 00 00 0C F0 0F 46 C2 
2026-03-19 14:19:24.353 DEBU [pymycobot.common] _read : FE FE 20 B5 01 04 18 3E 49 E4 D1 BD C4 FC 08 3E B0 0B FC BC 85 21 B3 BB 4A 76 57 BB A9 3D 8E 8A 86 50 44
2026-03-19 14:19:24.354 DEBU [pymycobot.common] _write: FE FE 0B B5 01 04 00 00 00 0C F0 0F 46 C2 
2026-03-19 14:19:24.380 DEBU [pymycobot.common] _read : FE FE 20 B5 01 04 18 3E 49 F4 7A BD C5 0B 1F 3E B5 29 DA BC 85 2B AB BB 4A 7D 47 BB A9 5D 50 EA 53 50 44
2026-03-19 14:19:24.381 DEBU [pymycobot.common] _write: FE FE 0B B5 01 04 00 00 00 0C F0 0F 46 C2 
2026-03-19 14:19:24.408 DEBU [pymycobot.common] _read : FE FE 20 B5 01 04 18 3E 54 34 1F BD B0 9E 16 3E B0 19 06 BC 85 23 04 BB 4A 59 9A BB A9 04 BE 81 14 50 44
2026-03-19 14:19:24.409 DEBU [pymycobot.common] _write: FE FE 0B B5 01 04 00 00 00 0C F0 0F 46 C2 
2026-03-19 14:19:24.435 DEBU [pymycobot.common] _read : FE FE 20 B5 01 04 18 3E 4A 01 D4 BD B0 8D 9D 3E B5 2A 78 BC 85 31 F9 BB 4A 86 71 BB A9 45 96 0B 43 50 44
2026-03-19 14:19:24.436 DEBU [pymycobot.common] _write: FE FE 0B B5 01 04 00 00 00 0C F0 0F 46 C2 
2026-03-19 14:19:24.460 DEBU [pymycobot.common] _read : FE FE 20 B5 01 04 18 3E 49 E4 D1 BD C4 FC 08 3E B0 0B FC BC 85 21 B3 BB 4A 76 57 BB A9 3D 8E 8A 86 50 44
2026-03-19 14:19:24.461 DEBU [pymycobot.common] _write: FE FE 0B B5 01 04 00 00 00 0C F0 0F 46 C2 
2026-03-19 14:19:24.487 DEBU [pymycobot.common] _read : FE FE 20 B5 01 04 18 3E 54 26 C4 BD C5 1B 97 3E B0 18 68 BC 85 1C B7 BB 4A 50 6F BB A9 1C 79 94 75 50 44
2026-03-19 14:19:24.488 DEBU [pymycobot.common] _write: FE FE 0B B5 01 04 00 00 00 0C F0 0F 46 C2 
2026-03-19 14:19:24.512 DEBU [pymycobot.common] _read : FE FE 20 B5 01 04 18 3E 49 E4 D1 BD C4 FC 08 3E B0 0B FC BC 85 21 B3 BB 4A 76 57 BB A9 3D 8E 8A 86 50 44
2026-03-19 14:19:24.513 DEBU [pymycobot.common] _write: FE FE 0B B5 01 04 00 00 00 0C F0 0F 46 C2 
2026-03-19 14:19:24.537 DEBU [pymycobot.common] _read : FE FE 20 B5 01 04 18 3E 54 26 C4 BD C5 1B 97 3E B0 18 68 BC 85 1C B7 BB 4A 50 6F BB A9 1C 79 94 75 50 44
2026-03-19 14:19:24.538 DEBU [pymycobot.common] _write: FE FE 0B B5 01 04 00 00 00 0C F0 0F 46 C2 
2026-03-19 14:19:24.566 DEBU [pymycobot.common] _read : FE FE 20 B5 01 04 18 3E 54 26 C4 BD C5 1B 97 3E B0 18 68 BC 85 1C B7 BB 4A 50 6F BB A9 1C 79 94 75 50 44
2026-03-19 14:19:24.567 DEBU [pymycobot.common] _write: FE FE 0B B5 01 04 00 00 00 0C F0 0F 46 C2 
2026-03-19 14:19:24.592 DEBU [pymycobot.common] _read : FE FE 20 B5 01 04 18 3E 54 26 C4 BD C5 1B 97 3E B0 18 68 BC 85 1C B7 BB 4A 50 6F BB A9 1C 79 94 75 50 44
2026-03-19 14:19:24.593 DEBU [pymycobot.common] _write: FE FE 0B B5 01 04 00 00 00 0C F0 0F 46 C2 
2026-03-19 14:19:24.617 DEBU [pymycobot.common] _read : FE FE 20 B5 01 04 18 3E 49 F4 7A BD C5 0B 1F 3E B5 29 DA BC 85 2B AB BB 4A 7D 47 BB A9 5D 50 EA 53 50 44
2026-03-19 14:19:24.618 DEBU [pymycobot.common] _write: FE FE 0B B5 01 04 00 00 00 0C F0 0F 46 C2 
2026-03-19 14:19:24.645 DEBU [pymycobot.common] _read : FE FE 20 B5 01 04 18 3E 54 26 C4 BD C5 1B 97 3E B0 18 68 BC 85 1C B7 BB 4A 50 6F BB A9 1C 79 94 75 50 44
2026-03-19 14:19:24.646 DEBU [pymycobot.common] _write: FE FE 0B B5 01 04 00 00 00 0C F0 0F 46 C2 
2026-03-19 14:19:24.670 DEBU [pymycobot.common] _read : FE FE 20 B5 01 04 18 3E 54 29 12 BD D9 A8 2E 3E B5 35 A5 BC 85 20 61 BB 4A 4E 34 BB A9 53 F6 B3 6A 50 44
2026-03-19 14:19:24.671 DEBU [pymycobot.common] _write: FE FE 0B B5 01 04 00 00 00 0C F0 0F 46 C2 
2026-03-19 14:19:24.696 DEBU [pymycobot.common] _read : FE FE 20 B5 01 04 18 3E 49 E4 D1 BD C4 FC 08 3E B0 0B FC BC 85 21 B3 BB 4A 76 57 BB A9 3D 8E 8A 86 50 44
2026-03-19 14:19:24.697 DEBU [pymycobot.common] _write: FE FE 0B B5 01 04 00 00 00 0C F0 0F 46 C2 
2026-03-19 14:19:24.724 DEBU [pymycobot.common] _read : FE FE 20 B5 01 04 18 3E 54 26 C4 BD C5 1B 97 3E B0 18 68 BC 85 1C B7 BB 4A 50 6F BB A9 1C 79 94 75 50 44
2026-03-19 14:19:24.725 DEBU [pymycobot.common] _write: FE FE 0B B5 01 04 00 00 00 0C F0 0F 46 C2 
2026-03-19 14:19:24.751 DEBU [pymycobot.common] _read : FE FE 20 B5 01 04 18 3E 54 19 6A BD D9 99 17 3E B0 17 C8 BC 85 16 69 BB 4A 47 45 BB A9 34 34 CB 73 50 44
2026-03-19 14:19:24.752 DEBU [pymycobot.common] _write: FE FE 0B B5 01 04 00 00 00 0C F0 0F 46 C2 
2026-03-19 14:19:24.776 DEBU [pymycobot.common] _read : FE FE 20 B5 01 04 18 3E 49 E4 D1 BD C4 FC 08 3E B0 0B FC BC 85 21 B3 BB 4A 76 57 BB A9 3D 8E 8A 86 50 44
2026-03-19 14:19:24.777 DEBU [pymycobot.common] _write: FE FE 0B B5 01 04 00 00 00 0C F0 0F 46 C2 
2026-03-19 14:19:24.800 DEBU [pymycobot.common] _read : FE FE 20 B5 01 04 18 3E 49 F2 2C BD B0 7E 86 3E B0 0C 9B BC 85 28 00 BB 4A 7F 82 BB A9 25 D4 99 2B 50 44
2026-03-19 14:19:24.801 DEBU [pymycobot.common] _write: FE FE 0B B5 01 04 00 00 00 0C F0 0F 46 C2 
2026-03-19 14:19:24.828 DEBU [pymycobot.common] _read : FE FE 20 B5 01 04 18 3E 49 F4 7A BD C5 0B 1F 3E B5 29 DA BC 85 2B AB BB 4A 7D 47 BB A9 5D 50 EA 53 50 44
2026-03-19 14:19:24.829 DEBU [pymycobot.common] _write: FE FE 0B B5 01 04 00 00 00 0C F0 0F 46 C2 
2026-03-19 14:19:24.853 DEBU [pymycobot.common] _read : FE FE 20 B5 01 04 18 3E 54 36 6C BD C5 2A AE 3E B5 36 45 BC 85 26 AF BB 4A 57 5F BB A9 3C 3B FD A9 50 44
2026-03-19 14:19:24.855 DEBU [pymycobot.common] _write: FE FE 0B B5 01 04 00 00 00 0C F0 0F 46 C2 
2026-03-19 14:19:24.881 DEBU [pymycobot.common] _read : FE FE 20 B5 01 04 18 3E 49 E4 D1 BD C4 FC 08 3E B0 0B FC BC 85 21 B3 BB 4A 76 57 BB A9 3D 8E 8A 86 50 44
2026-03-19 14:19:24.882 DEBU [pymycobot.common] _write: FE FE 0B B5 01 04 00 00 00 0C F0 0F 46 C2 
2026-03-19 14:19:24.906 DEBU [pymycobot.common] _read : FE FE 20 B5 01 04 18 3E 49 9D 94 BD AD 6F 72 3E B5 38 BD BC 85 35 B3 BB 86 33 3D BB A9 A3 F9 58 3C 50 44
2026-03-19 14:19:24.908 DEBU [pymycobot.common] _write: FE FE 0B B5 01 04 00 00 00 0C F0 0F 46 C2 
2026-03-19 14:19:24.931 DEBU [pymycobot.common] _read : FE FE 20 B5 01 04 18 3E 54 26 C4 BD C5 1B 97 3E B0 18 68 BC 85 1C B7 BB 4A 50 6F BB A9 1C 79 94 75 50 44
2026-03-19 14:19:24.933 DEBU [pymycobot.common] _write: FE FE 0B B5 01 04 00 00 00 0C F0 0F 46 C2 
2026-03-19 14:19:24.960 DEBU [pymycobot.common] _read : FE FE 20 B5 01 04 18 3E 49 E4 D1 BD C4 FC 08 3E B0 0B FC BC 85 21 B3 BB 4A 76 57 BB A9 3D 8E 8A 86 50 44
2026-03-19 14:19:24.961 DEBU [pymycobot.common] _write: FE FE 0B B5 01 04 00 00 00 0C F0 0F 46 C2 
2026-03-19 14:19:24.987 DEBU [pymycobot.common] _read : FE FE 20 B5 01 04 18 3E 49 E4 D1 BD C4 FC 08 3E B0 0B FC BC 85 21 B3 BB 4A 76 57 BB A9 3D 8E 8A 86 50 44
2026-03-19 14:19:24.988 DEBU [pymycobot.common] _write: FE FE 0B B5 01 04 00 00 00 0C F0 0F 46 C2 
2026-03-19 14:19:25.013 DEBU [pymycobot.common] _read : FE FE 20 B5 01 04 18 3E 49 E4 D1 BD C4 FC 08 3E B0 0B FC BC 85 21 B3 BB 4A 76 57 BB A9 3D 8E 8A 86 50 44
2026-03-19 14:19:25.015 DEBU [pymycobot.common] _write: FE FE 0B B5 01 04 00 00 00 0C F0 0F 46 C2 
2026-03-19 14:19:25.041 DEBU [pymycobot.common] _read : FE FE 20 B5 01 04 18 3E 49 D5 29 BD C4 EC F1 3E AA EE 1F BC 85 17 BB BB 4A 6F 68 BB A9 1D CC 9F 1F 50 44
2026-03-19 14:19:25.042 DEBU [pymycobot.common] _write: FE FE 0B B5 01 04 00 00 00 0C F0 0F 46 C2 
2026-03-19 14:19:25.067 DEBU [pymycobot.common] _read : FE FE 20 B5 01 04 18 3E 49 E4 D1 BD C4 FC 08 3E B0 0B FC BC 85 21 B3 BB 4A 76 57 BB A9 3D 8E 8A 86 50 44
2026-03-19 14:19:25.069 DEBU [pymycobot.common] _write: FE FE 0B B5 01 04 00 00 00 0C F0 0F 46 C2 
2026-03-19 14:19:25.094 DEBU [pymycobot.common] _read : FE FE 20 B5 01 04 18 3E 54 34 1F BD B0 9E 16 3E B0 19 06 BC 85 23 04 BB 4A 59 9A BB A9 04 BE 81 14 50 44
2026-03-19 14:19:25.095 DEBU [pymycobot.common] _write: FE FE 0B B5 01 04 00 00 00 0C F0 0F 46 C2 
2026-03-19 14:19:25.117 DEBU [pymycobot.common] _read : FE FE 20 B5 01 04 18 3E 54 36 6C BD C5 2A AE 3E B5 36 45 BC 85 26 AF BB 4A 57 5F BB A9 3C 3B FD A9 50 44
2026-03-19 14:19:25.119 DEBU [pymycobot.common] _write: FE FE 0B B5 01 04 00 00 00 0C F0 0F 46 C2 
2026-03-19 14:19:25.145 DEBU [pymycobot.common] _read : FE FE 20 B5 01 04 18 3E 49 E4 D1 BD C4 FC 08 3E B0 0B FC BC 85 21 B3 BB 4A 76 57 BB A9 3D 8E 8A 86 50 44
2026-03-19 14:19:25.146 DEBU [pymycobot.common] _write: FE FE 0B B5 01 04 00 00 00 0C F0 0F 46 C2 
2026-03-19 14:19:25.174 DEBU [pymycobot.common] _read : FE FE 20 B5 01 04 18 3E 49 E4 D1 BD C4 FC 08 3E B0 0B FC BC 85 21 B3 BB 4A 76 57 BB A9 3D 8E 8A 86 50 44
2026-03-19 14:19:25.175 DEBU [pymycobot.common] _write: FE FE 0B B5 01 04 00 00 00 0C F0 0F 46 C2 
2026-03-19 14:19:25.200 DEBU [pymycobot.common] _read : FE FE 20 B5 01 04 18 3E 49 80 91 BD C1 DD DC 3E B0 1A 43 BC 85 25 6D BB 86 2B 30 BB A9 9B F2 0B CA 50 44
2026-03-19 14:19:25.202 DEBU [pymycobot.common] _write: FE FE 0B B5 01 04 00 00 00 0C F0 0F 46 C2 
2026-03-19 14:19:25.228 DEBU [pymycobot.common] _read : FE FE 20 B5 01 04 18 3E 54 36 6C BD C5 2A AE 3E B5 36 45 BC 85 26 AF BB 4A 57 5F BB A9 3C 3B FD A9 50 44
2026-03-19 14:19:25.229 DEBU [pymycobot.common] _write: FE FE 0B B5 01 04 00 00 00 0C F0 0F 46 C2 
2026-03-19 14:19:25.256 DEBU [pymycobot.common] _read : FE FE 20 B5 01 04 18 3E 49 90 3A BD C1 EC F3 3E B5 38 1F BC 85 2F 65 BB 86 2E A8 BB A9 BB B4 A2 3A 50 44
2026-03-19 14:19:25.256 DEBU [pymycobot.common] _write: FE FE 0B B5 01 04 00 00 00 0C F0 0F 46 C2 
2026-03-19 14:19:25.280 DEBU [pymycobot.common] _read : FE FE 20 B5 01 04 18 3E 54 26 C4 BD C5 1B 97 3E B0 18 68 BC 85 1C B7 BB 4A 50 6F BB A9 1C 79 94 75 50 44
2026-03-19 14:19:25.281 DEBU [pymycobot.common] _write: FE FE 0B B5 01 04 00 00 00 0C F0 0F 46 C2 
2026-03-19 14:19:25.306 DEBU [pymycobot.common] _read : FE FE 20 B5 01 04 18 3E 49 E4 D1 BD C4 FC 08 3E B0 0B FC BC 85 21 B3 BB 4A 76 57 BB A9 3D 8E 8A 86 50 44
2026-03-19 14:19:25.307 DEBU [pymycobot.common] _write: FE FE 0B B5 01 04 00 00 00 0C F0 0F 46 C2 
2026-03-19 14:19:25.334 DEBU [pymycobot.common] _read : FE FE 20 B5 01 04 18 3E 49 E4 D1 BD C4 FC 08 3E B0 0B FC BC 85 21 B3 BB 4A 76 57 BB A9 3D 8E 8A 86 50 44
2026-03-19 14:19:25.336 DEBU [pymycobot.common] _write: FE FE 0B B5 01 04 00 00 00 0C F0 0F 46 C2 
2026-03-19 14:19:25.358 DEBU [pymycobot.common] _read : FE FE 20 B5 01 04 18 3E 54 26 C4 BD C5 1B 97 3E B0 18 68 BC 85 1C B7 BB 4A 50 6F BB A9 1C 79 94 75 50 44
2026-03-19 14:19:25.359 DEBU [pymycobot.common] _write: FE FE 0B B5 01 04 00 00 00 0C F0 0F 46 C2 
2026-03-19 14:19:25.385 DEBU [pymycobot.common] _read : FE FE 20 B5 01 04 18 3E 49 E4 D1 BD C4 FC 08 3E B0 0B FC BC 85 21 B3 BB 4A 76 57 BB A9 3D 8E 8A 86 50 44
2026-03-19 14:19:25.386 DEBU [pymycobot.common] _write: FE FE 0B B5 01 04 00 00 00 0C F0 0F 46 C2 
2026-03-19 14:19:25.410 DEBU [pymycobot.common] _read : FE FE 20 B5 01 04 18 3E 54 26 C4 BD C5 1B 97 3E B0 18 68 BC 85 1C B7 BB 4A 50 6F BB A9 1C 79 94 75 50 44
2026-03-19 14:19:25.411 DEBU [pymycobot.common] _write: FE FE 0B B5 01 04 00 00 00 0C F0 0F 46 C2 
2026-03-19 14:19:25.438 DEBU [pymycobot.common] _read : FE FE 20 B5 01 04 18 3E 54 26 C4 BD C5 1B 97 3E B0 18 68 BC 85 1C B7 BB 4A 50 6F BB A9 1C 79 94 75 50 44
2026-03-19 14:19:25.439 DEBU [pymycobot.common] _write: FE FE 0B B5 01 04 00 00 00 0C F0 0F 46 C2 
2026-03-19 14:19:25.464 DEBU [pymycobot.common] _read : FE FE 20 B5 01 04 18 3E 49 F4 7A BD C5 0B 1F 3E B5 29 DA BC 85 2B AB BB 4A 7D 47 BB A9 5D 50 EA 53 50 44
2026-03-19 14:19:25.465 DEBU [pymycobot.common] _write: FE FE 0B B5 01 04 00 00 00 0C F0 0F 46 C2 
2026-03-19 14:19:25.492 DEBU [pymycobot.common] _read : FE FE 20 B5 01 04 18 3E 53 DF 86 BD AD 8F 01 3E B5 45 2A BC 85 30 B6 BB 86 20 49 BB A9 82 E4 AD 76 50 44
2026-03-19 14:19:25.493 DEBU [pymycobot.common] _write: FE FE 0B B5 01 04 00 00 00 0C F0 0F 46 C2 
2026-03-19 14:19:25.517 DEBU [pymycobot.common] _read : FE FE 20 B5 01 04 18 3E 49 F4 7A BD C5 0B 1F 3E B5 29 DA BC 85 2B AB BB 4A 7D 47 BB A9 5D 50 EA 53 50 44
2026-03-19 14:19:25.518 DEBU [pymycobot.common] _write: FE FE 0B B5 01 04 00 00 00 0C F0 0F 46 C2 
2026-03-19 14:19:25.542 DEBU [pymycobot.common] _read : FE FE 20 B5 01 04 18 3E 49 E4 D1 BD C4 FC 08 3E B0 0B FC BC 85 21 B3 BB 4A 76 57 BB A9 3D 8E 8A 86 50 44
2026-03-19 14:19:25.543 DEBU [pymycobot.common] _write: FE FE 0B B5 01 04 00 00 00 0C F0 0F 46 C2 
2026-03-19 14:19:25.570 DEBU [pymycobot.common] _read : FE FE 20 B5 01 04 18 3E 53 D2 2C BD C2 0C 83 3E B5 44 8C BC 85 2A 69 BB 86 1B B4 BB A9 9A 9F 24 8C 50 44
2026-03-19 14:19:25.571 DEBU [pymycobot.common] _write: FE FE 0B B5 01 04 00 00 00 0C F0 0F 46 C2 
2026-03-19 14:19:25.599 DEBU [pymycobot.common] _read : FE FE 20 B5 01 04 18 3E 54 29 12 BD D9 A8 2E 3E B5 35 A5 BC 85 20 61 BB 4A 4E 34 BB A9 53 F6 B3 6A 50 44
2026-03-19 14:19:25.599 DEBU [pymycobot.common] _write: FE FE 0B B5 01 04 00 00 00 0C F0 0F 46 C2 
2026-03-19 14:19:25.624 DEBU [pymycobot.common] _read : FE FE 20 B5 01 04 18 3E 49 F4 7A BD C5 0B 1F 3E B5 29 DA BC 85 2B AB BB 4A 7D 47 BB A9 5D 50 EA 53 50 44
2026-03-19 14:19:25.625 DEBU [pymycobot.common] _write: FE FE 0B B5 01 04 00 00 00 0C F0 0F 46 C2 
2026-03-19 14:19:25.651 DEBU [pymycobot.common] _read : FE FE 20 B5 01 04 18 3E 49 E4 D1 BD C4 FC 08 3E B0 0B FC BC 85 21 B3 BB 4A 76 57 BB A9 3D 8E 8A 86 50 44
2026-03-19 14:19:25.652 DEBU [pymycobot.common] _write: FE FE 0B B5 01 04 00 00 00 0C F0 0F 46 C2 
2026-03-19 14:19:25.676 DEBU [pymycobot.common] _read : FE FE 20 B5 01 04 18 3E 4A 01 D4 BD B0 8D 9D 3E B5 2A 78 BC 85 31 F9 BB 4A 86 71 BB A9 45 96 0B 43 50 44
2026-03-19 14:19:25.678 DEBU [pymycobot.common] _write: FE FE 0B B5 01 04 00 00 00 0C F0 0F 46 C2 
2026-03-19 14:19:25.702 DEBU [pymycobot.common] _read : FE FE 20 B5 01 04 18 3E 49 E4 D1 BD C4 FC 08 3E B0 0B FC BC 85 21 B3 BB 4A 76 57 BB A9 3D 8E 8A 86 50 44
2026-03-19 14:19:25.703 DEBU [pymycobot.common] _write: FE FE 0B B5 01 04 00 00 00 0C F0 0F 46 C2 
2026-03-19 14:19:25.728 DEBU [pymycobot.common] _read : FE FE 20 B5 01 04 18 3E 54 26 C4 BD C5 1B 97 3E B0 18 68 BC 85 1C B7 BB 4A 50 6F BB A9 1C 79 94 75 50 44
2026-03-19 14:19:25.728 DEBU [pymycobot.common] _write: FE FE 0B B5 01 04 00 00 00 0C F0 0F 46 C2 
2026-03-19 14:19:25.755 DEBU [pymycobot.common] _read : FE FE 20 B5 01 04 18 3E 4A 01 D4 BD B0 8D 9D 3E B5 2A 78 BC 85 31 F9 BB 4A 86 71 BB A9 45 96 0B 43 50 44
2026-03-19 14:19:25.756 DEBU [pymycobot.common] _write: FE FE 0B B5 01 04 00 00 00 0C F0 0F 46 C2 
2026-03-19 14:19:25.780 DEBU [pymycobot.common] _read : FE FE 20 B5 01 04 18 3E 49 E4 D1 BD C4 FC 08 3E B0 0B FC BC 85 21 B3 BB 4A 76 57 BB A9 3D 8E 8A 86 50 44
2026-03-19 14:19:25.781 DEBU [pymycobot.common] _write: FE FE 0B B5 01 04 00 00 00 0C F0 0F 46 C2 
2026-03-19 14:19:25.808 DEBU [pymycobot.common] _read : FE FE 20 B5 01 04 18 3E 54 26 C4 BD C5 1B 97 3E B0 18 68 BC 85 1C B7 BB 4A 50 6F BB A9 1C 79 94 75 50 44
2026-03-19 14:19:25.808 DEBU [pymycobot.common] _write: FE FE 0B B5 01 04 00 00 00 0C F0 0F 46 C2 
2026-03-19 14:19:25.835 DEBU [pymycobot.common] _read : FE FE 20 B5 01 04 18 3E 49 E4 D1 BD C4 FC 08 3E B0 0B FC BC 85 21 B3 BB 4A 76 57 BB A9 3D 8E 8A 86 50 44
2026-03-19 14:19:25.836 DEBU [pymycobot.common] _write: FE FE 0B B5 01 04 00 00 00 0C F0 0F 46 C2 
2026-03-19 14:19:25.860 DEBU [pymycobot.common] _read : FE FE 20 B5 01 04 18 3E 54 36 6C BD C5 2A AE 3E B5 36 45 BC 85 26 AF BB 4A 57 5F BB A9 3C 3B FD A9 50 44
2026-03-19 14:19:25.861 DEBU [pymycobot.common] _write: FE FE 0B B5 01 04 00 00 00 0C F0 0F 46 C2 
2026-03-19 14:19:25.885 DEBU [pymycobot.common] _read : FE FE 20 B5 01 04 18 3E 49 F4 7A BD C5 0B 1F 3E B5 29 DA BC 85 2B AB BB 4A 7D 47 BB A9 5D 50 EA 53 50 44
2026-03-19 14:19:25.886 DEBU [pymycobot.common] _write: FE FE 0B B5 01 04 00 00 00 0C F0 0F 46 C2 
2026-03-19 14:19:25.912 DEBU [pymycobot.common] _read : FE FE 20 B5 01 04 18 3E 54 36 6C BD C5 2A AE 3E B5 36 45 BC 85 26 AF BB 4A 57 5F BB A9 3C 3B FD A9 50 44
2026-03-19 14:19:25.913 DEBU [pymycobot.common] _write: FE FE 0B B5 01 04 00 00 00 0C F0 0F 46 C2 
2026-03-19 14:19:25.938 DEBU [pymycobot.common] _read : FE FE 20 B5 01 04 18 3E 54 36 6C BD C5 2A AE 3E B5 36 45 BC 85 26 AF BB 4A 57 5F BB A9 3C 3B FD A9 50 44
2026-03-19 14:19:25.939 DEBU [pymycobot.common] _write: FE FE 0B B5 01 04 00 00 00 0C F0 0F 46 C2 
2026-03-19 14:19:25.966 DEBU [pymycobot.common] _read : FE FE 20 B5 01 04 18 3E 54 36 6C BD C5 2A AE 3E B5 36 45 BC 85 26 AF BB 4A 57 5F BB A9 3C 3B FD A9 50 44
2026-03-19 14:19:25.967 DEBU [pymycobot.common] _write: FE FE 0B B5 01 04 00 00 00 0C F0 0F 46 C2 
2026-03-19 14:19:25.993 DEBU [pymycobot.common] _read : FE FE 20 B5 01 04 18 3E 54 43 C6 BD B0 AD 2D 3E B5 36 E4 BC 85 2C FC BB 4A 60 8A BB A9 24 80 9B 22 50 44
2026-03-19 14:19:25.994 DEBU [pymycobot.common] _write: FE FE 0B B5 01 04 00 00 00 0C F0 0F 46 C2 
2026-03-19 14:19:26.017 DEBU [pymycobot.common] _read : FE FE 20 B5 01 04 18 3E 49 E4 D1 BD C4 FC 08 3E B0 0B FC BC 85 21 B3 BB 4A 76 57 BB A9 3D 8E 8A 86 50 44
2026-03-19 14:19:26.018 DEBU [pymycobot.common] _write: FE FE 0B B5 01 04 00 00 00 0C F0 0F 46 C2 
2026-03-19 14:19:26.045 DEBU [pymycobot.common] _read : FE FE 20 B5 01 04 18 3E 49 F2 2C BD B0 7E 86 3E B0 0C 9B BC 85 28 00 BB 4A 7F 82 BB A9 25 D4 99 2B 50 44
2026-03-19 14:19:26.046 DEBU [pymycobot.common] _write: FE FE 0B B5 01 04 00 00 00 0C F0 0F 46 C2 
2026-03-19 14:19:26.073 DEBU [pymycobot.common] _read : FE FE 20 B5 01 04 18 3E 54 29 12 BD D9 A8 2E 3E B5 35 A5 BC 85 20 61 BB 4A 4E 34 BB A9 53 F6 B3 6A 50 44
2026-03-19 14:19:26.074 DEBU [pymycobot.common] _write: FE FE 0B B5 01 04 00 00 00 0C F0 0F 46 C2 
2026-03-19 14:19:26.097 DEBU [pymycobot.common] _read : FE FE 20 B5 01 04 18 3E 54 19 6A BD D9 99 17 3E B0 17 C8 BC 85 16 69 BB 4A 47 45 BB A9 34 34 CB 73 50 44
2026-03-19 14:19:26.098 DEBU [pymycobot.common] _write: FE FE 0B B5 01 04 00 00 00 0C F0 0F 46 C2 
2026-03-19 14:19:26.124 DEBU [pymycobot.common] _read : FE FE 20 B5 01 04 18 3E 49 80 91 BD C1 DD DC 3E B0 1A 43 BC 85 25 6D BB 86 2B 30 BB A9 9B F2 0B CA 50 44
2026-03-19 14:19:26.126 DEBU [pymycobot.common] _write: FE FE 0B B5 01 04 00 00 00 0C F0 0F 46 C2 
2026-03-19 14:19:26.151 DEBU [pymycobot.common] _read : FE FE 20 B5 01 04 18 3E 49 E4 D1 BD C4 FC 08 3E B0 0B FC BC 85 21 B3 BB 4A 76 57 BB A9 3D 8E 8A 86 50 44
2026-03-19 14:19:26.152 DEBU [pymycobot.common] _write: FE FE 0B B5 01 04 00 00 00 0C F0 0F 46 C2 
2026-03-19 14:19:26.179 DEBU [pymycobot.common] _read : FE FE 20 B5 01 04 18 3E 49 E4 D1 BD C4 FC 08 3E B0 0B FC BC 85 21 B3 BB 4A 76 57 BB A9 3D 8E 8A 86 50 44
2026-03-19 14:19:26.180 DEBU [pymycobot.common] _write: FE FE 0B B5 01 04 00 00 00 0C F0 0F 46 C2 
2026-03-19 14:19:26.204 DEBU [pymycobot.common] _read : FE FE 20 B5 01 04 18 3E 49 80 91 BD C1 DD DC 3E B0 1A 43 BC 85 25 6D BB 86 2B 30 BB A9 9B F2 0B CA 50 44
2026-03-19 14:19:26.205 DEBU [pymycobot.common] _write: FE FE 0B B5 01 04 00 00 00 0C F0 0F 46 C2 
2026-03-19 14:19:26.231 DEBU [pymycobot.common] _read : FE FE 20 B5 01 04 18 3E 54 26 C4 BD C5 1B 97 3E B0 18 68 BC 85 1C B7 BB 4A 50 6F BB A9 1C 79 94 75 50 44
2026-03-19 14:19:26.232 DEBU [pymycobot.common] _write: FE FE 0B B5 01 04 00 00 00 0C F0 0F 46 C2 
2026-03-19 14:19:26.258 DEBU [pymycobot.common] _read : FE FE 20 B5 01 04 18 3E 49 80 91 BD C1 DD DC 3E B0 1A 43 BC 85 25 6D BB 86 2B 30 BB A9 9B F2 0B CA 50 44
2026-03-19 14:19:26.259 DEBU [pymycobot.common] _write: FE FE 0B B5 01 04 00 00 00 0C F0 0F 46 C2 
2026-03-19 14:19:26.285 DEBU [pymycobot.common] _read : FE FE 20 B5 01 04 18 3E 54 26 C4 BD C5 1B 97 3E B0 18 68 BC 85 1C B7 BB 4A 50 6F BB A9 1C 79 94 75 50 44
2026-03-19 14:19:26.286 DEBU [pymycobot.common] _write: FE FE 0B B5 01 04 00 00 00 0C F0 0F 46 C2 
2026-03-19 14:19:26.313 DEBU [pymycobot.common] _read : FE FE 20 B5 01 04 18 3E 49 F2 2C BD B0 7E 86 3E B0 0C 9B BC 85 28 00 BB 4A 7F 82 BB A9 25 D4 99 2B 50 44
2026-03-19 14:19:26.314 DEBU [pymycobot.common] _write: FE FE 0B B5 01 04 00 00 00 0C F0 0F 46 C2 
2026-03-19 14:19:26.338 DEBU [pymycobot.common] _read : FE FE 20 B5 01 04 18 3E 54 26 C4 BD C5 1B 97 3E B0 18 68 BC 85 1C B7 BB 4A 50 6F BB A9 1C 79 94 75 50 44
2026-03-19 14:19:26.340 DEBU [pymycobot.common] _write: FE FE 0B B5 01 04 00 00 00 0C F0 0F 46 C2 
2026-03-19 14:19:26.365 DEBU [pymycobot.common] _read : FE FE 20 B5 01 04 18 3E 54 26 C4 BD C5 1B 97 3E B0 18 68 BC 85 1C B7 BB 4A 50 6F BB A9 1C 79 94 75 50 44
2026-03-19 14:19:26.367 DEBU [pymycobot.common] _write: FE FE 0B B5 01 04 00 00 00 0C F0 0F 46 C2 
2026-03-19 14:19:26.393 DEBU [pymycobot.common] _read : FE FE 20 B5 01 04 18 3E 49 F4 7A BD C5 0B 1F 3E B5 29 DA BC 85 2B AB BB 4A 7D 47 BB A9 5D 50 EA 53 50 44
2026-03-19 14:19:26.394 DEBU [pymycobot.common] _write: FE FE 0B B5 01 04 00 00 00 0C F0 0F 46 C2 
2026-03-19 14:19:26.417 DEBU [pymycobot.common] _read : FE FE 20 B5 01 04 18 3E 54 26 C4 BD C5 1B 97 3E B0 18 68 BC 85 1C B7 BB 4A 50 6F BB A9 1C 79 94 75 50 44
2026-03-19 14:19:26.418 DEBU [pymycobot.common] _write: FE FE 0B B5 01 04 00 00 00 0C F0 0F 46 C2 
2026-03-19 14:19:26.445 DEBU [pymycobot.common] _read : FE FE 20 B5 01 04 18 3E 54 26 C4 BD C5 1B 97 3E B0 18 68 BC 85 1C B7 BB 4A 50 6F BB A9 1C 79 94 75 50 44
2026-03-19 14:19:26.446 DEBU [pymycobot.common] _write: FE FE 0B B5 01 04 00 00 00 0C F0 0F 46 C2 
2026-03-19 14:19:26.469 DEBU [pymycobot.common] _read : FE FE 20 B5 01 04 18 3E 54 26 C4 BD C5 1B 97 3E B0 18 68 BC 85 1C B7 BB 4A 50 6F BB A9 1C 79 94 75 50 44
2026-03-19 14:19:26.470 DEBU [pymycobot.common] _write: FE FE 0B B5 01 04 00 00 00 0C F0 0F 46 C2 
2026-03-19 14:19:26.496 DEBU [pymycobot.common] _read : FE FE 20 B5 01 04 18 3E 49 D7 77 BD D9 79 88 3E B0 0B 5C BC 85 1B 65 BB 4A 6D 2D BB A9 55 49 04 83 50 44
2026-03-19 14:19:26.496 DEBU [pymycobot.common] _write: FE FE 0B B5 01 04 00 00 00 0C F0 0F 46 C2 
2026-03-19 14:19:26.520 DEBU [pymycobot.common] _read : FE FE 20 B5 01 04 18 3E 54 26 C4 BD C5 1B 97 3E B0 18 68 BC 85 1C B7 BB 4A 50 6F BB A9 1C 79 94 75 50 44
2026-03-19 14:19:26.521 DEBU [pymycobot.common] _write: FE FE 0B B5 01 04 00 00 00 0C F0 0F 46 C2 
2026-03-19 14:19:26.544 DEBU [pymycobot.common] _read : FE FE 20 B5 01 04 18 3E 49 80 91 BD C1 DD DC 3E B0 1A 43 BC 85 25 6D BB 86 2B 30 BB A9 9B F2 0B CA 50 44
2026-03-19 14:19:26.545 DEBU [pymycobot.common] _write: FE FE 0B B5 01 04 00 00 00 0C F0 0F 46 C2 
2026-03-19 14:19:26.569 DEBU [pymycobot.common] _read : FE FE 20 B5 01 04 18 3E 54 36 6C BD C5 2A AE 3E B5 36 45 BC 85 26 AF BB 4A 57 5F BB A9 3C 3B FD A9 50 44
2026-03-19 14:19:26.570 DEBU [pymycobot.common] _write: FE FE 0B B5 01 04 00 00 00 0C F0 0F 46 C2 
2026-03-19 14:19:26.595 DEBU [pymycobot.common] _read : FE FE 20 B5 01 04 18 3E 49 E4 D1 BD C4 FC 08 3E B0 0B FC BC 85 21 B3 BB 4A 76 57 BB A9 3D 8E 8A 86 50 44
2026-03-19 14:19:26.596 DEBU [pymycobot.common] _write: FE FE 0B B5 01 04 00 00 00 0C F0 0F 46 C2 
2026-03-19 14:19:26.620 DEBU [pymycobot.common] _read : FE FE 20 B5 01 04 18 3E 49 F4 7A BD C5 0B 1F 3E B5 29 DA BC 85 2B AB BB 4A 7D 47 BB A9 5D 50 EA 53 50 44
2026-03-19 14:19:26.621 DEBU [pymycobot.common] _write: FE FE 0B B5 01 04 00 00 00 0C F0 0F 46 C2 
2026-03-19 14:19:26.643 DEBU [pymycobot.common] _read : FE FE 20 B5 01 04 18 3E 49 F2 2C BD B0 7E 86 3E B0 0C 9B BC 85 28 00 BB 4A 7F 82 BB A9 25 D4 99 2B 50 44
2026-03-19 14:19:26.644 DEBU [pymycobot.common] _write: FE FE 0B B5 01 04 00 00 00 0C F0 0F 46 C2 
2026-03-19 14:19:26.667 DEBU [pymycobot.common] _read : FE FE 20 B5 01 04 18 3E 49 F4 7A BD C5 0B 1F 3E B5 29 DA BC 85 2B AB BB 4A 7D 47 BB A9 5D 50 EA 53 50 44
2026-03-19 14:19:26.668 DEBU [pymycobot.common] _write: FE FE 0B B5 01 04 00 00 00 0C F0 0F 46 C2 
2026-03-19 14:19:26.691 DEBU [pymycobot.common] _read : FE FE 20 B5 01 04 18 3E 54 26 C4 BD C5 1B 97 3E B0 18 68 BC 85 1C B7 BB 4A 50 6F BB A9 1C 79 94 75 50 44
2026-03-19 14:19:26.693 DEBU [pymycobot.common] _write: FE FE 0B B5 01 04 00 00 00 0C F0 0F 46 C2 
2026-03-19 14:19:26.718 DEBU [pymycobot.common] _read : FE FE 20 B5 01 04 18 3E 49 F4 7A BD C5 0B 1F 3E B5 29 DA BC 85 2B AB BB 4A 7D 47 BB A9 5D 50 EA 53 50 44
2026-03-19 14:19:26.719 DEBU [pymycobot.common] _write: FE FE 0B B5 01 04 00 00 00 0C F0 0F 46 C2 
2026-03-19 14:19:26.742 DEBU [pymycobot.common] _read : FE FE 20 B5 01 04 18 3E 49 E4 D1 BD C4 FC 08 3E B0 0B FC BC 85 21 B3 BB 4A 76 57 BB A9 3D 8E 8A 86 50 44
2026-03-19 14:19:26.743 DEBU [pymycobot.common] _write: FE FE 0B B5 01 04 00 00 00 0C F0 0F 46 C2 
2026-03-19 14:19:26.765 DEBU [pymycobot.common] _read : FE FE 20 B5 01 04 18 3E 49 E4 D1 BD C4 FC 08 3E B0 0B FC BC 85 21 B3 BB 4A 76 57 BB A9 3D 8E 8A 86 50 44
2026-03-19 14:19:26.766 DEBU [pymycobot.common] _write: FE FE 0B B5 01 04 00 00 00 0C F0 0F 46 C2 
2026-03-19 14:19:26.792 DEBU [pymycobot.common] _read : FE FE 20 B5 01 04 18 3E 49 F4 7A BD C5 0B 1F 3E B5 29 DA BC 85 2B AB BB 4A 7D 47 BB A9 5D 50 EA 53 50 44
2026-03-19 14:19:26.793 DEBU [pymycobot.common] _write: FE FE 0B B5 01 04 00 00 00 0C F0 0F 46 C2 
2026-03-19 14:19:26.820 DEBU [pymycobot.common] _read : FE FE 20 B5 01 04 18 3E 49 D7 77 BD D9 79 88 3E B0 0B 5C BC 85 1B 65 BB 4A 6D 2D BB A9 55 49 04 83 50 44
2026-03-19 14:19:26.821 DEBU [pymycobot.common] _write: FE FE 0B B5 01 04 00 00 00 0C F0 0F 46 C2 
2026-03-19 14:19:26.843 DEBU [pymycobot.common] _read : FE FE 20 B5 01 04 18 3E 54 26 C4 BD C5 1B 97 3E B0 18 68 BC 85 1C B7 BB 4A 50 6F BB A9 1C 79 94 75 50 44
2026-03-19 14:19:26.844 DEBU [pymycobot.common] _write: FE FE 0B B5 01 04 00 00 00 0C F0 0F 46 C2 
2026-03-19 14:19:26.868 DEBU [pymycobot.common] _read : FE FE 20 B5 01 04 18 3E 54 29 12 BD D9 A8 2E 3E B5 35 A5 BC 85 20 61 BB 4A 4E 34 BB A9 53 F6 B3 6A 50 44
2026-03-19 14:19:26.870 DEBU [pymycobot.common] _write: FE FE 0B B5 01 04 00 00 00 0C F0 0F 46 C2 
2026-03-19 14:19:26.895 DEBU [pymycobot.common] _read : FE FE 20 B5 01 04 18 3E 49 F4 7A BD C5 0B 1F 3E B5 29 DA BC 85 2B AB BB 4A 7D 47 BB A9 5D 50 EA 53 50 44
2026-03-19 14:19:26.896 DEBU [pymycobot.common] _write: FE FE 0B B5 01 04 00 00 00 0C F0 0F 46 C2 
2026-03-19 14:19:26.920 DEBU [pymycobot.common] _read : FE FE 20 B5 01 04 18 3E 4A 00 20 BD C4 CD 29 3E B0 06 8C BC 85 11 B9 BB 4B 17 F6 BB C9 EC 98 22 1B 50 44
2026-03-19 14:19:26.922 DEBU [pymycobot.common] _write: FE FE 0B B5 01 04 00 00 00 0C F0 0F 46 C2 
2026-03-19 14:19:26.947 DEBU [pymycobot.common] _read : FE FE 20 B5 01 04 18 3E 54 46 14 BD C5 39 C5 3E BA 54 23 BC 85 30 A7 BB 4A 5E 4F BB A9 5B FD 9A EA 50 44
2026-03-19 14:19:26.949 DEBU [pymycobot.common] _write: FE FE 0B B5 01 04 00 00 00 0C F0 0F 46 C2 
2026-03-19 14:19:26.972 DEBU [pymycobot.common] _read : FE FE 20 B5 01 04 18 3E 49 8D EC BD AD 60 5B 3E B0 1A E1 BC 85 2B BA BB 86 2F C5 BB A9 84 37 42 A0 50 44
2026-03-19 14:19:26.973 DEBU [pymycobot.common] _write: FE FE 0B B5 01 04 00 00 00 0C F0 0F 46 C2 
2026-03-19 14:19:26.995 DEBU [pymycobot.common] _read : FE FE 20 B5 01 04 18 3E 49 F4 7A BD C5 0B 1F 3E B5 29 DA BC 85 2B AB BB 4A 7D 47 BB A9 5D 50 EA 53 50 44
2026-03-19 14:19:26.997 DEBU [pymycobot.common] _write: FE FE 0B B5 01 04 00 00 00 0C F0 0F 46 C2 
2026-03-19 14:19:27.020 DEBU [pymycobot.common] _read : FE FE 20 B5 01 04 18 3E 54 36 6C BD C5 2A AE 3E B5 36 45 BC 85 26 AF BB 4A 57 5F BB A9 3C 3B FD A9 50 44
2026-03-19 14:19:27.021 DEBU [pymycobot.common] _write: FE FE 0B B5 01 04 00 00 00 0C F0 0F 46 C2 
2026-03-19 14:19:27.044 DEBU [pymycobot.common] _read : FE FE 20 B5 01 04 18 3E 54 26 C4 BD C5 1B 97 3E B0 18 68 BC 85 1C B7 BB 4A 50 6F BB A9 1C 79 94 75 50 44
2026-03-19 14:19:27.045 DEBU [pymycobot.common] _write: FE FE 0B B5 01 04 00 00 00 0C F0 0F 46 C2 
2026-03-19 14:19:27.069 DEBU [pymycobot.common] _read : FE FE 20 B5 01 04 18 3E 54 43 C6 BD B0 AD 2D 3E B5 36 E4 BC 85 2C FC BB 4A 60 8A BB A9 24 80 9B 22 50 44
2026-03-19 14:19:27.070 DEBU [pymycobot.common] _write: FE FE 0B B5 01 04 00 00 00 0C F0 0F 46 C2 
2026-03-19 14:19:27.093 DEBU [pymycobot.common] _read : FE FE 20 B5 01 04 18 3E 49 E4 D1 BD C4 FC 08 3E B0 0B FC BC 85 21 B3 BB 4A 76 57 BB A9 3D 8E 8A 86 50 44
2026-03-19 14:19:27.094 DEBU [pymycobot.common] _write: FE FE 0B B5 01 04 00 00 00 0C F0 0F 46 C2 
2026-03-19 14:19:27.118 DEBU [pymycobot.common] _read : FE FE 20 B5 01 04 18 3E 54 36 6C BD C5 2A AE 3E B5 36 45 BC 85 26 AF BB 4A 57 5F BB A9 3C 3B FD A9 50 44
2026-03-19 14:19:27.119 DEBU [pymycobot.common] _write: FE FE 0B B5 01 04 00 00 00 0C F0 0F 46 C2 
2026-03-19 14:19:27.145 DEBU [pymycobot.common] _read : FE FE 20 B5 01 04 18 3E 49 F4 7A BD C5 0B 1F 3E B5 29 DA BC 85 2B AB BB 4A 7D 47 BB A9 5D 50 EA 53 50 44
2026-03-19 14:19:27.146 DEBU [pymycobot.common] _write: FE FE 0B B5 01 04 00 00 00 0C F0 0F 46 C2 
2026-03-19 14:19:27.172 DEBU [pymycobot.common] _read : FE FE 20 B5 01 04 18 3E 4A 01 D4 BD B0 8D 9D 3E B5 2A 78 BC 85 31 F9 BB 4A 86 71 BB A9 45 96 0B 43 50 44
2026-03-19 14:19:27.173 DEBU [pymycobot.common] _write: FE FE 0B B5 01 04 00 00 00 0C F0 0F 46 C2 
2026-03-19 14:19:27.196 DEBU [pymycobot.common] _read : FE FE 20 B5 01 04 18 3E 49 E4 D1 BD C4 FC 08 3E B0 0B FC BC 85 21 B3 BB 4A 76 57 BB A9 3D 8E 8A 86 50 44
2026-03-19 14:19:27.198 DEBU [pymycobot.common] _write: FE FE 0B B5 01 04 00 00 00 0C F0 0F 46 C2 
2026-03-19 14:19:27.222 DEBU [pymycobot.common] _read : FE FE 20 B5 01 04 18 3E 54 24 77 BD B0 8E FD 3E AA FB 2A BC 85 19 0C BB 4A 52 AA BB A8 E4 FC C2 E2 50 44
2026-03-19 14:19:27.223 DEBU [pymycobot.common] _write: FE FE 0B B5 01 04 00 00 00 0C F0 0F 46 C2 
2026-03-19 14:19:27.248 DEBU [pymycobot.common] _read : FE FE 20 B5 01 04 18 3E 53 C2 84 BD C1 FD 6C 3E B0 26 AE BC 85 20 71 BB 86 18 3C BB A9 7A DD 23 93 50 44
2026-03-19 14:19:27.250 DEBU [pymycobot.common] _write: FE FE 0B B5 01 04 00 00 00 0C F0 0F 46 C2 
2026-03-19 14:19:27.274 DEBU [pymycobot.common] _read : FE FE 20 B5 01 04 18 3E 49 E4 D1 BD C4 FC 08 3E B0 0B FC BC 85 21 B3 BB 4A 76 57 BB A9 3D 8E 8A 86 50 44
2026-03-19 14:19:27.276 DEBU [pymycobot.common] _write: FE FE 0B B5 01 04 00 00 00 0C F0 0F 46 C2 
2026-03-19 14:19:27.300 DEBU [pymycobot.common] _read : FE FE 20 B5 01 04 18 3E 49 F4 7A BD C5 0B 1F 3E B5 29 DA BC 85 2B AB BB 4A 7D 47 BB A9 5D 50 EA 53 50 44
2026-03-19 14:19:27.302 DEBU [pymycobot.common] _write: FE FE 0B B5 01 04 00 00 00 0C F0 0F 46 C2 
2026-03-19 14:19:27.325 DEBU [pymycobot.common] _read : FE FE 20 B5 01 04 18 3E 49 90 3A BD C1 EC F3 3E B5 38 1F BC 85 2F 65 BB 86 2E A8 BB A9 BB B4 A2 3A 50 44
2026-03-19 14:19:27.326 DEBU [pymycobot.common] _write: FE FE 0B B5 01 04 00 00 00 0C F0 0F 46 C2 
2026-03-19 14:19:27.351 DEBU [pymycobot.common] _read : FE FE 20 B5 01 04 18 3E 49 F4 7A BD C5 0B 1F 3E B5 29 DA BC 85 2B AB BB 4A 7D 47 BB A9 5D 50 EA 53 50 44
2026-03-19 14:19:27.353 DEBU [pymycobot.common] _write: FE FE 0B B5 01 04 00 00 00 0C F0 0F 46 C2 
2026-03-19 14:19:27.377 DEBU [pymycobot.common] _read : FE FE 20 B5 01 04 18 3E 54 34 1F BD B0 9E 16 3E B0 19 06 BC 85 23 04 BB 4A 59 9A BB A9 04 BE 81 14 50 44
2026-03-19 14:19:27.378 DEBU [pymycobot.common] _write: FE FE 0B B5 01 04 00 00 00 0C F0 0F 46 C2 
2026-03-19 14:19:27.404 DEBU [pymycobot.common] _read : FE FE 20 B5 01 04 18 3E 49 E4 D1 BD C4 FC 08 3E B0 0B FC BC 85 21 B3 BB 4A 76 57 BB A9 3D 8E 8A 86 50 44
2026-03-19 14:19:27.406 DEBU [pymycobot.common] _write: FE FE 0B B5 01 04 00 00 00 0C F0 0F 46 C2 
2026-03-19 14:19:27.430 DEBU [pymycobot.common] _read : FE FE 20 B5 01 04 18 3E 54 34 1F BD B0 9E 16 3E B0 19 06 BC 85 23 04 BB 4A 59 9A BB A9 04 BE 81 14 50 44
2026-03-19 14:19:27.431 DEBU [pymycobot.common] _write: FE FE 0B B5 01 04 00 00 00 0C F0 0F 46 C2 
2026-03-19 14:19:27.456 DEBU [pymycobot.common] _read : FE FE 20 B5 01 04 18 3E 54 26 C4 BD C5 1B 97 3E B0 18 68 BC 85 1C B7 BB 4A 50 6F BB A9 1C 79 94 75 50 44
2026-03-19 14:19:27.457 DEBU [pymycobot.common] _write: FE FE 0B B5 01 04 00 00 00 0C F0 0F 46 C2 
2026-03-19 14:19:27.483 DEBU [pymycobot.common] _read : FE FE 20 B5 01 04 18 3E 49 F4 7A BD C5 0B 1F 3E B5 29 DA BC 85 2B AB BB 4A 7D 47 BB A9 5D 50 EA 53 50 44
2026-03-19 14:19:27.484 DEBU [pymycobot.common] _write: FE FE 0B B5 01 04 00 00 00 0C F0 0F 46 C2 
2026-03-19 14:19:27.508 DEBU [pymycobot.common] _read : FE FE 20 B5 01 04 18 3E 49 D7 77 BD D9 79 88 3E B0 0B 5C BC 85 1B 65 BB 4A 6D 2D BB A9 55 49 04 83 50 44
2026-03-19 14:19:27.509 DEBU [pymycobot.common] _write: FE FE 0B B5 01 04 00 00 00 0C F0 0F 46 C2 
2026-03-19 14:19:27.535 DEBU [pymycobot.common] _read : FE FE 20 B5 01 04 18 3E 49 F4 7A BD C5 0B 1F 3E B5 29 DA BC 85 2B AB BB 4A 7D 47 BB A9 5D 50 EA 53 50 44
2026-03-19 14:19:27.536 DEBU [pymycobot.common] _write: FE FE 0B B5 01 04 00 00 00 0C F0 0F 46 C2 
2026-03-19 14:19:27.559 DEBU [pymycobot.common] _read : FE FE 20 B5 01 04 18 3E 54 36 6C BD C5 2A AE 3E B5 36 45 BC 85 26 AF BB 4A 57 5F BB A9 3C 3B FD A9 50 44
2026-03-19 14:19:27.561 DEBU [pymycobot.common] _write: FE FE 0B B5 01 04 00 00 00 0C F0 0F 46 C2 
2026-03-19 14:19:27.586 DEBU [pymycobot.common] _read : FE FE 20 B5 01 04 18 3E 54 36 6C BD C5 2A AE 3E B5 36 45 BC 85 26 AF BB 4A 57 5F BB A9 3C 3B FD A9 50 44
2026-03-19 14:19:27.587 DEBU [pymycobot.common] _write: FE FE 0B B5 01 04 00 00 00 0C F0 0F 46 C2 
2026-03-19 14:19:27.610 DEBU [pymycobot.common] _read : FE FE 20 B5 01 04 18 3E 49 F4 7A BD C5 0B 1F 3E B5 29 DA BC 85 2B AB BB 4A 7D 47 BB A9 5D 50 EA 53 50 44
2026-03-19 14:19:27.611 DEBU [pymycobot.common] _write: FE FE 0B B5 01 04 00 00 00 0C F0 0F 46 C2 
2026-03-19 14:19:27.634 DEBU [pymycobot.common] _read : FE FE 20 B5 01 04 18 3E 49 E4 D1 BD C4 FC 08 3E B0 0B FC BC 85 21 B3 BB 4A 76 57 BB A9 3D 8E 8A 86 50 44
2026-03-19 14:19:27.636 DEBU [pymycobot.common] _write: FE FE 0B B5 01 04 00 00 00 0C F0 0F 46 C2 
2026-03-19 14:19:27.658 DEBU [pymycobot.common] _read : FE FE 20 B5 01 04 18 3E 54 43 C6 BD B0 AD 2D 3E B5 36 E4 BC 85 2C FC BB 4A 60 8A BB A9 24 80 9B 22 50 44
2026-03-19 14:19:27.659 DEBU [pymycobot.common] _write: FE FE 0B B5 01 04 00 00 00 0C F0 0F 46 C2 
2026-03-19 14:19:27.682 DEBU [pymycobot.common] _read : FE FE 20 B5 01 04 18 3E 54 42 13 BD C4 EC B8 3E B0 12 F8 BC 85 0C BD BB 4A F2 0E BB C9 CB 83 5E 48 50 44
2026-03-19 14:19:27.684 DEBU [pymycobot.common] _write: FE FE 0B B5 01 04 00 00 00 0C F0 0F 46 C2 
2026-03-19 14:19:27.707 DEBU [pymycobot.common] _read : FE FE 20 B5 01 04 18 3E 49 F4 7A BD C5 0B 1F 3E B5 29 DA BC 85 2B AB BB 4A 7D 47 BB A9 5D 50 EA 53 50 44
2026-03-19 14:19:27.708 DEBU [pymycobot.common] _write: FE FE 0B B5 01 04 00 00 00 0C F0 0F 46 C2 
2026-03-19 14:19:27.734 DEBU [pymycobot.common] _read : FE FE 20 B5 01 04 18 3E 49 F4 7A BD C5 0B 1F 3E B5 29 DA BC 85 2B AB BB 4A 7D 47 BB A9 5D 50 EA 53 50 44
2026-03-19 14:19:27.735 DEBU [pymycobot.common] _write: FE FE 0B B5 01 04 00 00 00 0C F0 0F 46 C2 
2026-03-19 14:19:27.758 DEBU [pymycobot.common] _read : FE FE 20 B5 01 04 18 3E 49 E4 D1 BD C4 FC 08 3E B0 0B FC BC 85 21 B3 BB 4A 76 57 BB A9 3D 8E 8A 86 50 44
2026-03-19 14:19:27.759 DEBU [pymycobot.common] _write: FE FE 0B B5 01 04 00 00 00 0C F0 0F 46 C2 
2026-03-19 14:19:27.785 DEBU [pymycobot.common] _read : FE FE 20 B5 01 04 18 3E 49 90 3A BD C1 EC F3 3E B5 38 1F BC 85 2F 65 BB 86 2E A8 BB A9 BB B4 A2 3A 50 44
2026-03-19 14:19:27.786 DEBU [pymycobot.common] _write: FE FE 0B B5 01 04 00 00 00 0C F0 0F 46 C2 
2026-03-19 14:19:27.808 DEBU [pymycobot.common] _read : FE FE 20 B5 01 04 18 3E 49 F4 7A BD C5 0B 1F 3E B5 29 DA BC 85 2B AB BB 4A 7D 47 BB A9 5D 50 EA 53 50 44
2026-03-19 14:19:27.809 DEBU [pymycobot.common] _write: FE FE 0B B5 01 04 00 00 00 0C F0 0F 46 C2 
2026-03-19 14:19:27.833 DEBU [pymycobot.common] _read : FE FE 20 B5 01 04 18 3E 54 26 C4 BD C5 1B 97 3E B0 18 68 BC 85 1C B7 BB 4A 50 6F BB A9 1C 79 94 75 50 44
2026-03-19 14:19:27.835 DEBU [pymycobot.common] _write: FE FE 0B B5 01 04 00 00 00 0C F0 0F 46 C2 
2026-03-19 14:19:27.858 DEBU [pymycobot.common] _read : FE FE 20 B5 01 04 18 3E 49 E4 D1 BD C4 FC 08 3E B0 0B FC BC 85 21 B3 BB 4A 76 57 BB A9 3D 8E 8A 86 50 44
2026-03-19 14:19:27.859 DEBU [pymycobot.common] _write: FE FE 0B B5 01 04 00 00 00 0C F0 0F 46 C2 
2026-03-19 14:19:27.883 DEBU [pymycobot.common] _read : FE FE 20 B5 01 04 18 3E 49 F4 7A BD C5 0B 1F 3E B5 29 DA BC 85 2B AB BB 4A 7D 47 BB A9 5D 50 EA 53 50 44
2026-03-19 14:19:27.885 DEBU [pymycobot.common] _write: FE FE 0B B5 01 04 00 00 00 0C F0 0F 46 C2 
2026-03-19 14:19:27.911 DEBU [pymycobot.common] _read : FE FE 20 B5 01 04 18 3E 49 F2 2C BD B0 7E 86 3E B0 0C 9B BC 85 28 00 BB 4A 7F 82 BB A9 25 D4 99 2B 50 44
2026-03-19 14:19:27.912 DEBU [pymycobot.common] _write: FE FE 0B B5 01 04 00 00 00 0C F0 0F 46 C2 
2026-03-19 14:19:27.938 DEBU [pymycobot.common] _read : FE FE 20 B5 01 04 18 3E 54 26 C4 BD C5 1B 97 3E B0 18 68 BC 85 1C B7 BB 4A 50 6F BB A9 1C 79 94 75 50 44
2026-03-19 14:19:27.939 DEBU [pymycobot.common] _write: FE FE 0B B5 01 04 00 00 00 0C F0 0F 46 C2 
2026-03-19 14:19:27.962 DEBU [pymycobot.common] _read : FE FE 20 B5 01 04 18 3E 54 26 C4 BD C5 1B 97 3E B0 18 68 BC 85 1C B7 BB 4A 50 6F BB A9 1C 79 94 75 50 44
2026-03-19 14:19:27.963 DEBU [pymycobot.common] _write: FE FE 0B B5 01 04 00 00 00 0C F0 0F 46 C2 
2026-03-19 14:19:27.989 DEBU [pymycobot.common] _read : FE FE 20 B5 01 04 18 3E 53 D2 2C BD C2 0C 83 3E B5 44 8C BC 85 2A 69 BB 86 1B B4 BB A9 9A 9F 24 8C 50 44
2026-03-19 14:19:27.990 DEBU [pymycobot.common] _write: FE FE 0B B5 01 04 00 00 00 0C F0 0F 46 C2 
2026-03-19 14:19:28.014 DEBU [pymycobot.common] _read : FE FE 20 B5 01 04 18 3E 54 43 C6 BD B0 AD 2D 3E B5 36 E4 BC 85 2C FC BB 4A 60 8A BB A9 24 80 9B 22 50 44
2026-03-19 14:19:28.015 DEBU [pymycobot.common] _write: FE FE 0B B5 01 04 00 00 00 0C F0 0F 46 C2 
2026-03-19 14:19:28.040 DEBU [pymycobot.common] _read : FE FE 20 B5 01 04 18 3E 4A 01 D4 BD B0 8D 9D 3E B5 2A 78 BC 85 31 F9 BB 4A 86 71 BB A9 45 96 0B 43 50 44
2026-03-19 14:19:28.041 DEBU [pymycobot.common] _write: FE FE 0B B5 01 04 00 00 00 0C F0 0F 46 C2 
2026-03-19 14:19:28.065 DEBU [pymycobot.common] _read : FE FE 20 B5 01 04 18 3E 49 E4 D1 BD C4 FC 08 3E B0 0B FC BC 85 21 B3 BB 4A 76 57 BB A9 3D 8E 8A 86 50 44
2026-03-19 14:19:28.066 DEBU [pymycobot.common] _write: FE FE 0B B5 01 04 00 00 00 0C F0 0F 46 C2 
2026-03-19 14:19:28.092 DEBU [pymycobot.common] _read : FE FE 20 B5 01 04 18 3E 49 F4 7A BD C5 0B 1F 3E B5 29 DA BC 85 2B AB BB 4A 7D 47 BB A9 5D 50 EA 53 50 44
2026-03-19 14:19:28.093 DEBU [pymycobot.common] _write: FE FE 0B B5 01 04 00 00 00 0C F0 0F 46 C2 
2026-03-19 14:19:28.119 DEBU [pymycobot.common] _read : FE FE 20 B5 01 04 18 3E 54 26 C4 BD C5 1B 97 3E B0 18 68 BC 85 1C B7 BB 4A 50 6F BB A9 1C 79 94 75 50 44
2026-03-19 14:19:28.120 DEBU [pymycobot.common] _write: FE FE 0B B5 01 04 00 00 00 0C F0 0F 46 C2 
2026-03-19 14:19:28.143 DEBU [pymycobot.common] _read : FE FE 20 B5 01 04 18 3E 49 D7 77 BD D9 79 88 3E B0 0B 5C BC 85 1B 65 BB 4A 6D 2D BB A9 55 49 04 83 50 44
2026-03-19 14:19:28.145 DEBU [pymycobot.common] _write: FE FE 0B B5 01 04 00 00 00 0C F0 0F 46 C2 
2026-03-19 14:19:28.169 DEBU [pymycobot.common] _read : FE FE 20 B5 01 04 18 3E 49 E4 D1 BD C4 FC 08 3E B0 0B FC BC 85 21 B3 BB 4A 76 57 BB A9 3D 8E 8A 86 50 44
2026-03-19 14:19:28.170 DEBU [pymycobot.common] _write: FE FE 0B B5 01 04 00 00 00 0C F0 0F 46 C2 
2026-03-19 14:19:28.196 DEBU [pymycobot.common] _read : FE FE 20 B5 01 04 18 3E 54 34 1F BD B0 9E 16 3E B0 19 06 BC 85 23 04 BB 4A 59 9A BB A9 04 BE 81 14 50 44
2026-03-19 14:19:28.197 DEBU [pymycobot.common] _write: FE FE 0B B5 01 04 00 00 00 0C F0 0F 46 C2 
2026-03-19 14:19:28.222 DEBU [pymycobot.common] _read : FE FE 20 B5 01 04 18 3E 4A 04 21 BD C5 1A 36 3E BA 47 B7 BC 85 35 A3 BB 4A 84 36 BB A9 7D 12 79 06 50 44
2026-03-19 14:19:28.223 DEBU [pymycobot.common] _write: FE FE 0B B5 01 04 00 00 00 0C F0 0F 46 C2 
2026-03-19 14:19:28.248 DEBU [pymycobot.common] _read : FE FE 20 B5 01 04 18 3E 49 E4 D1 BD C4 FC 08 3E B0 0B FC BC 85 21 B3 BB 4A 76 57 BB A9 3D 8E 8A 86 50 44
2026-03-19 14:19:28.249 DEBU [pymycobot.common] _write: FE FE 0B B5 01 04 00 00 00 0C F0 0F 46 C2 
2026-03-19 14:19:28.276 DEBU [pymycobot.common] _read : FE FE 20 B5 01 04 18 3E 54 26 C4 BD C5 1B 97 3E B0 18 68 BC 85 1C B7 BB 4A 50 6F BB A9 1C 79 94 75 50 44
2026-03-19 14:19:28.277 DEBU [pymycobot.common] _write: FE FE 0B B5 01 04 00 00 00 0C F0 0F 46 C2 
2026-03-19 14:19:28.302 DEBU [pymycobot.common] _read : FE FE 20 B5 01 04 18 3E 54 46 14 BD C5 39 C5 3E BA 54 23 BC 85 30 A7 BB 4A 5E 4F BB A9 5B FD 9A EA 50 44
2026-03-19 14:19:28.303 DEBU [pymycobot.common] _write: FE FE 0B B5 01 04 00 00 00 0C F0 0F 46 C2 
2026-03-19 14:19:28.327 DEBU [pymycobot.common] _read : FE FE 20 B5 01 04 18 3E 4A 0D 7B BD B0 4F A8 3E B0 07 2C BC 85 18 06 BB 4B 21 21 BB C9 D4 DE 0C B1 50 44
2026-03-19 14:19:28.328 DEBU [pymycobot.common] _write: FE FE 0B B5 01 04 00 00 00 0C F0 0F 46 C2 
2026-03-19 14:19:28.352 DEBU [pymycobot.common] _read : FE FE 20 B5 01 04 18 3E 54 26 C4 BD C5 1B 97 3E B0 18 68 BC 85 1C B7 BB 4A 50 6F BB A9 1C 79 94 75 50 44
2026-03-19 14:19:28.352 DEBU [pymycobot.common] _write: FE FE 0B B5 01 04 00 00 00 0C F0 0F 46 C2 
2026-03-19 14:19:28.379 DEBU [pymycobot.common] _read : FE FE 20 B5 01 04 18 3E 54 26 C4 BD C5 1B 97 3E B0 18 68 BC 85 1C B7 BB 4A 50 6F BB A9 1C 79 94 75 50 44
2026-03-19 14:19:28.380 DEBU [pymycobot.common] _write: FE FE 0B B5 01 04 00 00 00 0C F0 0F 46 C2 
2026-03-19 14:19:28.400 DEBU [pymycobot.common] _read : FE FE 20 B5 01 04 18 3E 49 D7 77 BD D9 79 88 3E B0 0B 5C BC 85 1B 65 BB 4A 6D 2D BB A9 55 49 04 83 50 44
2026-03-19 14:19:28.401 DEBU [pymycobot.common] _write: FE FE 0B B5 01 04 00 00 00 0C F0 0F 46 C2 
2026-03-19 14:19:28.426 DEBU [pymycobot.common] _read : FE FE 20 B5 01 04 18 3E 49 E4 D1 BD C4 FC 08 3E B0 0B FC BC 85 21 B3 BB 4A 76 57 BB A9 3D 8E 8A 86 50 44
2026-03-19 14:19:28.427 DEBU [pymycobot.common] _write: FE FE 0B B5 01 04 00 00 00 0C F0 0F 46 C2 
2026-03-19 14:19:28.452 DEBU [pymycobot.common] _read : FE FE 20 B5 01 04 18 3E 49 F2 2C BD B0 7E 86 3E B0 0C 9B BC 85 28 00 BB 4A 7F 82 BB A9 25 D4 99 2B 50 44
2026-03-19 14:19:28.453 DEBU [pymycobot.common] _write: FE FE 0B B5 01 04 00 00 00 0C F0 0F 46 C2 
2026-03-19 14:19:28.478 DEBU [pymycobot.common] _read : FE FE 20 B5 01 04 18 3E 49 E4 D1 BD C4 FC 08 3E B0 0B FC BC 85 21 B3 BB 4A 76 57 BB A9 3D 8E 8A 86 50 44
2026-03-19 14:19:28.478 DEBU [pymycobot.common] _write: FE FE 0B B5 01 04 00 00 00 0C F0 0F 46 C2 
2026-03-19 14:19:28.503 DEBU [pymycobot.common] _read : FE FE 20 B5 01 04 18 3E 4A 01 D4 BD B0 8D 9D 3E B5 2A 78 BC 85 31 F9 BB 4A 86 71 BB A9 45 96 0B 43 50 44
2026-03-19 14:19:28.504 DEBU [pymycobot.common] _write: FE FE 0B B5 01 04 00 00 00 0C F0 0F 46 C2 
2026-03-19 14:19:28.526 DEBU [pymycobot.common] _read : FE FE 20 B5 01 04 18 3E 49 E4 D1 BD C4 FC 08 3E B0 0B FC BC 85 21 B3 BB 4A 76 57 BB A9 3D 8E 8A 86 50 44
2026-03-19 14:19:28.527 DEBU [pymycobot.common] _write: FE FE 0B B5 01 04 00 00 00 0C F0 0F 46 C2 
2026-03-19 14:19:28.550 DEBU [pymycobot.common] _read : FE FE 20 B5 01 04 18 3E 49 F4 7A BD C5 0B 1F 3E B5 29 DA BC 85 2B AB BB 4A 7D 47 BB A9 5D 50 EA 53 50 44
2026-03-19 14:19:28.551 DEBU [pymycobot.common] _write: FE FE 0B B5 01 04 00 00 00 0C F0 0F 46 C2 
2026-03-19 14:19:28.573 DEBU [pymycobot.common] _read : FE FE 20 B5 01 04 18 3E 49 F4 7A BD C5 0B 1F 3E B5 29 DA BC 85 2B AB BB 4A 7D 47 BB A9 5D 50 EA 53 50 44
2026-03-19 14:19:28.574 DEBU [pymycobot.common] _write: FE FE 0B B5 01 04 00 00 00 0C F0 0F 46 C2 
2026-03-19 14:19:28.598 DEBU [pymycobot.common] _read : FE FE 20 B5 01 04 18 3E 54 09 C3 BD D9 89 FF 3E AA F9 EC BC 85 0C 71 BB 4A 40 55 BB A9 14 72 E7 4E 50 44
2026-03-19 14:19:28.599 DEBU [pymycobot.common] _write: FE FE 0B B5 01 04 00 00 00 0C F0 0F 46 C2 
2026-03-19 14:19:28.624 DEBU [pymycobot.common] _read : FE FE 20 B5 01 04 18 3E 49 F4 7A BD C5 0B 1F 3E B5 29 DA BC 85 2B AB BB 4A 7D 47 BB A9 5D 50 EA 53 50 44
2026-03-19 14:19:28.625 DEBU [pymycobot.common] _write: FE FE 0B B5 01 04 00 00 00 0C F0 0F 46 C2 
2026-03-19 14:19:28.650 DEBU [pymycobot.common] _read : FE FE 20 B5 01 04 18 3E 4A 01 D4 BD B0 8D 9D 3E B5 2A 78 BC 85 31 F9 BB 4A 86 71 BB A9 45 96 0B 43 50 44
2026-03-19 14:19:28.650 DEBU [pymycobot.common] _write: FE FE 0B B5 01 04 00 00 00 0C F0 0F 46 C2 
2026-03-19 14:19:28.673 DEBU [pymycobot.common] _read : FE FE 20 B5 01 04 18 3E 4A 01 D4 BD B0 8D 9D 3E B5 2A 78 BC 85 31 F9 BB 4A 86 71 BB A9 45 96 0B 43 50 44
2026-03-19 14:19:28.674 DEBU [pymycobot.common] _write: FE FE 0B B5 01 04 00 00 00 0C F0 0F 46 C2 
2026-03-19 14:19:28.697 DEBU [pymycobot.common] _read : FE FE 20 B5 01 04 18 3E 54 36 6C BD C5 2A AE 3E B5 36 45 BC 85 26 AF BB 4A 57 5F BB A9 3C 3B FD A9 50 44
2026-03-19 14:19:28.698 DEBU [pymycobot.common] _write: FE FE 0B B5 01 04 00 00 00 0C F0 0F 46 C2 
2026-03-19 14:19:28.722 DEBU [pymycobot.common] _read : FE FE 20 B5 01 04 18 3E 49 D5 29 BD C4 EC F1 3E AA EE 1F BC 85 17 BB BB 4A 6F 68 BB A9 1D CC 9F 1F 50 44
2026-03-19 14:19:28.723 DEBU [pymycobot.common] _write: FE FE 0B B5 01 04 00 00 00 0C F0 0F 46 C2 
2026-03-19 14:19:28.746 DEBU [pymycobot.common] _read : FE FE 20 B5 01 04 18 3E 49 F2 2C BD B0 7E 86 3E B0 0C 9B BC 85 28 00 BB 4A 7F 82 BB A9 25 D4 99 2B 50 44
2026-03-19 14:19:28.747 DEBU [pymycobot.common] _write: FE FE 0B B5 01 04 00 00 00 0C F0 0F 46 C2 
2026-03-19 14:19:28.770 DEBU [pymycobot.common] _read : FE FE 20 B5 01 04 18 3E 49 F2 2C BD B0 7E 86 3E B0 0C 9B BC 85 28 00 BB 4A 7F 82 BB A9 25 D4 99 2B 50 44
2026-03-19 14:19:28.771 DEBU [pymycobot.common] _write: FE FE 0B B5 01 04 00 00 00 0C F0 0F 46 C2 
2026-03-19 14:19:28.796 DEBU [pymycobot.common] _read : FE FE 20 B5 01 04 18 3E 54 36 6C BD C5 2A AE 3E B5 36 45 BC 85 26 AF BB 4A 57 5F BB A9 3C 3B FD A9 50 44
2026-03-19 14:19:28.797 DEBU [pymycobot.common] _write: FE FE 0B B5 01 04 00 00 00 0C F0 0F 46 C2 
2026-03-19 14:19:28.822 DEBU [pymycobot.common] _read : FE FE 20 B5 01 04 18 3E 49 F4 7A BD C5 0B 1F 3E B5 29 DA BC 85 2B AB BB 4A 7D 47 BB A9 5D 50 EA 53 50 44
2026-03-19 14:19:28.823 DEBU [pymycobot.common] _write: FE FE 0B B5 01 04 00 00 00 0C F0 0F 46 C2 
2026-03-19 14:19:28.848 DEBU [pymycobot.common] _read : FE FE 20 B5 01 04 18 3E 49 E4 D1 BD C4 FC 08 3E B0 0B FC BC 85 21 B3 BB 4A 76 57 BB A9 3D 8E 8A 86 50 44
2026-03-19 14:19:28.849 DEBU [pymycobot.common] _write: FE FE 0B B5 01 04 00 00 00 0C F0 0F 46 C2 
2026-03-19 14:19:28.874 DEBU [pymycobot.common] _read : FE FE 20 B5 01 04 18 3E 49 F4 7A BD C5 0B 1F 3E B5 29 DA BC 85 2B AB BB 4A 7D 47 BB A9 5D 50 EA 53 50 44
2026-03-19 14:19:28.874 DEBU [pymycobot.common] _write: FE FE 0B B5 01 04 00 00 00 0C F0 0F 46 C2 
2026-03-19 14:19:28.899 DEBU [pymycobot.common] _read : FE FE 20 B5 01 04 18 3E 49 F2 2C BD B0 7E 86 3E B0 0C 9B BC 85 28 00 BB 4A 7F 82 BB A9 25 D4 99 2B 50 44
2026-03-19 14:19:28.900 DEBU [pymycobot.common] _write: FE FE 0B B5 01 04 00 00 00 0C F0 0F 46 C2 
2026-03-19 14:19:28.927 DEBU [pymycobot.common] _read : FE FE 20 B5 01 04 18 3E 49 E4 D1 BD C4 FC 08 3E B0 0B FC BC 85 21 B3 BB 4A 76 57 BB A9 3D 8E 8A 86 50 44
2026-03-19 14:19:28.928 DEBU [pymycobot.common] _write: FE FE 0B B5 01 04 00 00 00 0C F0 0F 46 C2 
2026-03-19 14:19:28.952 DEBU [pymycobot.common] _read : FE FE 20 B5 01 04 18 3E 54 36 6C BD C5 2A AE 3E B5 36 45 BC 85 26 AF BB 4A 57 5F BB A9 3C 3B FD A9 50 44
2026-03-19 14:19:28.953 DEBU [pymycobot.common] _write: FE FE 0B B5 01 04 00 00 00 0C F0 0F 46 C2 
2026-03-19 14:19:28.978 DEBU [pymycobot.common] _read : FE FE 20 B5 01 04 18 3E 49 E4 D1 BD C4 FC 08 3E B0 0B FC BC 85 21 B3 BB 4A 76 57 BB A9 3D 8E 8A 86 50 44
2026-03-19 14:19:28.979 DEBU [pymycobot.common] _write: FE FE 0B B5 01 04 00 00 00 0C F0 0F 46 C2 
2026-03-19 14:19:29.005 DEBU [pymycobot.common] _read : FE FE 20 B5 01 04 18 3E 49 E4 D1 BD C4 FC 08 3E B0 0B FC BC 85 21 B3 BB 4A 76 57 BB A9 3D 8E 8A 86 50 44
2026-03-19 14:19:29.007 DEBU [pymycobot.common] _write: FE FE 0B B5 01 04 00 00 00 0C F0 0F 46 C2 
2026-03-19 14:19:29.029 DEBU [pymycobot.common] _read : FE FE 20 B5 01 04 18 3E 54 19 6A BD D9 99 17 3E B0 17 C8 BC 85 16 69 BB 4A 47 45 BB A9 34 34 CB 73 50 44
2026-03-19 14:19:29.030 DEBU [pymycobot.common] _write: FE FE 0B B5 01 04 00 00 00 0C F0 0F 46 C2 
2026-03-19 14:19:29.054 DEBU [pymycobot.common] _read : FE FE 20 B5 01 04 18 3E 49 F4 7A BD C5 0B 1F 3E B5 29 DA BC 85 2B AB BB 4A 7D 47 BB A9 5D 50 EA 53 50 44
2026-03-19 14:19:29.055 DEBU [pymycobot.common] _write: FE FE 0B B5 01 04 00 00 00 0C F0 0F 46 C2 
2026-03-19 14:19:29.082 DEBU [pymycobot.common] _read : FE FE 20 B5 01 04 18 3E 49 E4 D1 BD C4 FC 08 3E B0 0B FC BC 85 21 B3 BB 4A 76 57 BB A9 3D 8E 8A 86 50 44
2026-03-19 14:19:29.083 DEBU [pymycobot.common] _write: FE FE 0B B5 01 04 00 00 00 0C F0 0F 46 C2 
2026-03-19 14:19:29.107 DEBU [pymycobot.common] _read : FE FE 20 B5 01 04 18 3E 49 E4 D1 BD C4 FC 08 3E B0 0B FC BC 85 21 B3 BB 4A 76 57 BB A9 3D 8E 8A 86 50 44
2026-03-19 14:19:29.107 DEBU [pymycobot.common] _write: FE FE 0B B5 01 04 00 00 00 0C F0 0F 46 C2 
2026-03-19 14:19:29.130 DEBU [pymycobot.common] _read : FE FE 20 B5 01 04 18 3E 49 E4 D1 BD C4 FC 08 3E B0 0B FC BC 85 21 B3 BB 4A 76 57 BB A9 3D 8E 8A 86 50 44
2026-03-19 14:19:29.130 DEBU [pymycobot.common] _write: FE FE 0B B5 01 04 00 00 00 0C F0 0F 46 C2 
2026-03-19 14:19:29.154 DEBU [pymycobot.common] _read : FE FE 20 B5 01 04 18 3E 49 E4 D1 BD C4 FC 08 3E B0 0B FC BC 85 21 B3 BB 4A 76 57 BB A9 3D 8E 8A 86 50 44
2026-03-19 14:19:29.156 DEBU [pymycobot.common] _write: FE FE 0B B5 01 04 00 00 00 0C F0 0F 46 C2 
2026-03-19 14:19:29.180 DEBU [pymycobot.common] _read : FE FE 20 B5 01 04 18 3E 54 29 12 BD D9 A8 2E 3E B5 35 A5 BC 85 20 61 BB 4A 4E 34 BB A9 53 F6 B3 6A 50 44
2026-03-19 14:19:29.181 DEBU [pymycobot.common] _write: FE FE 0B B5 01 04 00 00 00 0C F0 0F 46 C2 
2026-03-19 14:19:29.206 DEBU [pymycobot.common] _read : FE FE 20 B5 01 04 18 3E 49 E2 84 BD B0 6F 6F 3E AA EE BD BC 85 1E 08 BB 4A 78 92 BB A9 06 12 A3 20 50 44
2026-03-19 14:19:29.207 DEBU [pymycobot.common] _write: FE FE 0B B5 01 04 00 00 00 0C F0 0F 46 C2 
2026-03-19 14:19:29.230 DEBU [pymycobot.common] _read : FE FE 20 B5 01 04 18 3E 54 34 1F BD B0 9E 16 3E B0 19 06 BC 85 23 04 BB 4A 59 9A BB A9 04 BE 81 14 50 44
2026-03-19 14:19:29.232 DEBU [pymycobot.common] _write: FE FE 0B B5 01 04 00 00 00 0C F0 0F 46 C2 
2026-03-19 14:19:29.255 DEBU [pymycobot.common] _read : FE FE 20 B5 01 04 18 3E 3F B2 86 BD C4 EB 91 3E B5 1D 6D BC 85 30 A7 BB 4A A3 2F BB A9 7E 65 A8 F1 50 44
2026-03-19 14:19:29.256 DEBU [pymycobot.common] _write: FE FE 0B B5 01 04 00 00 00 0C F0 0F 46 C2 
2026-03-19 14:19:29.278 DEBU [pymycobot.common] _read : FE FE 20 B5 01 04 18 3E 49 8D EC BD AD 60 5B 3E B0 1A E1 BC 85 2B BA BB 86 2F C5 BB A9 84 37 42 A0 50 44
2026-03-19 14:19:29.278 DEBU [pymycobot.common] _write: FE FE 0B B5 01 04 00 00 00 0C F0 0F 46 C2 
2026-03-19 14:19:29.304 DEBU [pymycobot.common] _read : FE FE 20 B5 01 04 18 3E 49 E7 1F BD D9 88 9F 3E B5 29 3A BC 85 25 5E BB 4A 74 1C BB A9 75 0B C5 01 50 44
2026-03-19 14:19:29.305 DEBU [pymycobot.common] _write: FE FE 0B B5 01 04 00 00 00 0C F0 0F 46 C2 
2026-03-19 14:19:29.328 DEBU [pymycobot.common] _read : FE FE 20 B5 01 04 18 3E 54 36 6C BD C5 2A AE 3E B5 36 45 BC 85 26 AF BB 4A 57 5F BB A9 3C 3B FD A9 50 44
2026-03-19 14:19:29.329 DEBU [pymycobot.common] _write: FE FE 0B B5 01 04 00 00 00 0C F0 0F 46 C2 
2026-03-19 14:19:29.352 DEBU [pymycobot.common] _read : FE FE 20 B5 01 04 18 3E 49 E4 D1 BD C4 FC 08 3E B0 0B FC BC 85 21 B3 BB 4A 76 57 BB A9 3D 8E 8A 86 50 44
2026-03-19 14:19:29.352 DEBU [pymycobot.common] _write: FE FE 0B B5 01 04 00 00 00 0C F0 0F 46 C2 
2026-03-19 14:19:29.378 DEBU [pymycobot.common] _read : FE FE 20 B5 01 04 18 3E 49 F4 7A BD C5 0B 1F 3E B5 29 DA BC 85 2B AB BB 4A 7D 47 BB A9 5D 50 EA 53 50 44
2026-03-19 14:19:29.379 DEBU [pymycobot.common] _write: FE FE 0B B5 01 04 00 00 00 0C F0 0F 46 C2 
2026-03-19 14:19:29.403 DEBU [pymycobot.common] _read : FE FE 20 B5 01 04 18 3E 49 F2 2C BD B0 7E 86 3E B0 0C 9B BC 85 28 00 BB 4A 7F 82 BB A9 25 D4 99 2B 50 44
2026-03-19 14:19:29.405 DEBU [pymycobot.common] _write: FE FE 0B B5 01 04 00 00 00 0C F0 0F 46 C2 
2026-03-19 14:19:29.431 DEBU [pymycobot.common] _read : FE FE 20 B5 01 04 18 3E 49 E4 D1 BD C4 FC 08 3E B0 0B FC BC 85 21 B3 BB 4A 76 57 BB A9 3D 8E 8A 86 50 44
2026-03-19 14:19:29.432 DEBU [pymycobot.common] _write: FE FE 0B B5 01 04 00 00 00 0C F0 0F 46 C2 
2026-03-19 14:19:29.454 DEBU [pymycobot.common] _read : FE FE 20 B5 01 04 18 3E 54 34 1F BD B0 9E 16 3E B0 19 06 BC 85 23 04 BB 4A 59 9A BB A9 04 BE 81 14 50 44
2026-03-19 14:19:29.456 DEBU [pymycobot.common] _write: FE FE 0B B5 01 04 00 00 00 0C F0 0F 46 C2 
2026-03-19 14:19:29.480 DEBU [pymycobot.common] _read : FE FE 20 B5 01 04 18 3E 54 43 C6 BD B0 AD 2D 3E B5 36 E4 BC 85 2C FC BB 4A 60 8A BB A9 24 80 9B 22 50 44
2026-03-19 14:19:29.481 DEBU [pymycobot.common] _write: FE FE 0B B5 01 04 00 00 00 0C F0 0F 46 C2 
2026-03-19 14:19:29.503 DEBU [pymycobot.common] _read : FE FE 20 B5 01 04 18 3E 4A 01 D4 BD B0 8D 9D 3E B5 2A 78 BC 85 31 F9 BB 4A 86 71 BB A9 45 96 0B 43 50 44
2026-03-19 14:19:29.504 DEBU [pymycobot.common] _write: FE FE 0B B5 01 04 00 00 00 0C F0 0F 46 C2 
2026-03-19 14:19:29.527 DEBU [pymycobot.common] _read : FE FE 20 B5 01 04 18 3E 49 E4 D1 BD C4 FC 08 3E B0 0B FC BC 85 21 B3 BB 4A 76 57 BB A9 3D 8E 8A 86 50 44
2026-03-19 14:19:29.528 DEBU [pymycobot.common] _write: FE FE 0B B5 01 04 00 00 00 0C F0 0F 46 C2 
2026-03-19 14:19:29.554 DEBU [pymycobot.common] _read : FE FE 20 B5 01 04 18 3E 49 F4 7A BD C5 0B 1F 3E B5 29 DA BC 85 2B AB BB 4A 7D 47 BB A9 5D 50 EA 53 50 44
2026-03-19 14:19:29.556 DEBU [pymycobot.common] _write: FE FE 0B B5 01 04 00 00 00 0C F0 0F 46 C2 
2026-03-19 14:19:29.578 DEBU [pymycobot.common] _read : FE FE 20 B5 01 04 18 3E 54 26 C4 BD C5 1B 97 3E B0 18 68 BC 85 1C B7 BB 4A 50 6F BB A9 1C 79 94 75 50 44
2026-03-19 14:19:29.579 DEBU [pymycobot.common] _write: FE FE 0B B5 01 04 00 00 00 0C F0 0F 46 C2 
2026-03-19 14:19:29.604 DEBU [pymycobot.common] _read : FE FE 20 B5 01 04 18 3E 54 34 1F BD B0 9E 16 3E B0 19 06 BC 85 23 04 BB 4A 59 9A BB A9 04 BE 81 14 50 44
2026-03-19 14:19:29.605 DEBU [pymycobot.common] _write: FE FE 0B B5 01 04 00 00 00 0C F0 0F 46 C2 
2026-03-19 14:19:29.628 DEBU [pymycobot.common] _read : FE FE 20 B5 01 04 18 3E 49 F4 7A BD C5 0B 1F 3E B5 29 DA BC 85 2B AB BB 4A 7D 47 BB A9 5D 50 EA 53 50 44
2026-03-19 14:19:29.629 DEBU [pymycobot.common] _write: FE FE 0B B5 01 04 00 00 00 0C F0 0F 46 C2 
2026-03-19 14:19:29.654 DEBU [pymycobot.common] _read : FE FE 20 B5 01 04 18 3E 49 E4 D1 BD C4 FC 08 3E B0 0B FC BC 85 21 B3 BB 4A 76 57 BB A9 3D 8E 8A 86 50 44
2026-03-19 14:19:29.655 DEBU [pymycobot.common] _write: FE FE 0B B5 01 04 00 00 00 0C F0 0F 46 C2 
2026-03-19 14:19:29.679 DEBU [pymycobot.common] _read : FE FE 20 B5 01 04 18 3E 3F B2 86 BD C4 EB 91 3E B5 1D 6D BC 85 30 A7 BB 4A A3 2F BB A9 7E 65 A8 F1 50 44
2026-03-19 14:19:29.679 DEBU [pymycobot.common] _write: FE FE 0B B5 01 04 00 00 00 0C F0 0F 46 C2 
2026-03-19 14:19:29.703 DEBU [pymycobot.common] _read : FE FE 20 B5 01 04 18 3E 49 F4 7A BD C5 0B 1F 3E B5 29 DA BC 85 2B AB BB 4A 7D 47 BB A9 5D 50 EA 53 50 44
2026-03-19 14:19:29.704 DEBU [pymycobot.common] _write: FE FE 0B B5 01 04 00 00 00 0C F0 0F 46 C2 
2026-03-19 14:19:29.731 DEBU [pymycobot.common] _read : FE FE 20 B5 01 04 18 3E 49 F2 2C BD B0 7E 86 3E B0 0C 9B BC 85 28 00 BB 4A 7F 82 BB A9 25 D4 99 2B 50 44
2026-03-19 14:19:29.733 DEBU [pymycobot.common] _write: FE FE 0B B5 01 04 00 00 00 0C F0 0F 46 C2 
2026-03-19 14:19:29.757 DEBU [pymycobot.common] _read : FE FE 20 B5 01 04 18 3E 54 34 1F BD B0 9E 16 3E B0 19 06 BC 85 23 04 BB 4A 59 9A BB A9 04 BE 81 14 50 44
2026-03-19 14:19:29.758 DEBU [pymycobot.common] _write: FE FE 0B B5 01 04 00 00 00 0C F0 0F 46 C2 
2026-03-19 14:19:29.784 DEBU [pymycobot.common] _read : FE FE 20 B5 01 04 18 3E 49 E4 D1 BD C4 FC 08 3E B0 0B FC BC 85 21 B3 BB 4A 76 57 BB A9 3D 8E 8A 86 50 44
2026-03-19 14:19:29.785 DEBU [pymycobot.common] _write: FE FE 0B B5 01 04 00 00 00 0C F0 0F 46 C2 
2026-03-19 14:19:29.809 DEBU [pymycobot.common] _read : FE FE 20 B5 01 04 18 3E 54 26 C4 BD C5 1B 97 3E B0 18 68 BC 85 1C B7 BB 4A 50 6F BB A9 1C 79 94 75 50 44
2026-03-19 14:19:29.810 DEBU [pymycobot.common] _write: FE FE 0B B5 01 04 00 00 00 0C F0 0F 46 C2 
2026-03-19 14:19:29.834 DEBU [pymycobot.common] _read : FE FE 20 B5 01 04 18 3E 49 E4 D1 BD C4 FC 08 3E B0 0B FC BC 85 21 B3 BB 4A 76 57 BB A9 3D 8E 8A 86 50 44
2026-03-19 14:19:29.835 DEBU [pymycobot.common] _write: FE FE 0B B5 01 04 00 00 00 0C F0 0F 46 C2 
2026-03-19 14:19:29.858 DEBU [pymycobot.common] _read : FE FE 20 B5 01 04 18 3E 49 E4 D1 BD C4 FC 08 3E B0 0B FC BC 85 21 B3 BB 4A 76 57 BB A9 3D 8E 8A 86 50 44
2026-03-19 14:19:29.859 DEBU [pymycobot.common] _write: FE FE 0B B5 01 04 00 00 00 0C F0 0F 46 C2 
2026-03-19 14:19:29.883 DEBU [pymycobot.common] _read : FE FE 20 B5 01 04 18 3E 49 F2 2C BD B0 7E 86 3E B0 0C 9B BC 85 28 00 BB 4A 7F 82 BB A9 25 D4 99 2B 50 44
2026-03-19 14:19:29.884 DEBU [pymycobot.common] _write: FE FE 0B B5 01 04 00 00 00 0C F0 0F 46 C2 
2026-03-19 14:19:29.906 DEBU [pymycobot.common] _read : FE FE 20 B5 01 04 18 3E 49 E4 D1 BD C4 FC 08 3E B0 0B FC BC 85 21 B3 BB 4A 76 57 BB A9 3D 8E 8A 86 50 44
2026-03-19 14:19:29.908 DEBU [pymycobot.common] _write: FE FE 0B B5 01 04 00 00 00 0C F0 0F 46 C2 
2026-03-19 14:19:29.930 DEBU [pymycobot.common] _read : FE FE 20 B5 01 04 18 3E 49 F4 7A BD C5 0B 1F 3E B5 29 DA BC 85 2B AB BB 4A 7D 47 BB A9 5D 50 EA 53 50 44
2026-03-19 14:19:29.931 DEBU [pymycobot.common] _write: FE FE 0B B5 01 04 00 00 00 0C F0 0F 46 C2 
2026-03-19 14:19:29.955 DEBU [pymycobot.common] _read : FE FE 20 B5 01 04 18 3E 49 F4 7A BD C5 0B 1F 3E B5 29 DA BC 85 2B AB BB 4A 7D 47 BB A9 5D 50 EA 53 50 44
2026-03-19 14:19:29.957 DEBU [pymycobot.common] _write: FE FE 0B B5 01 04 00 00 00 0C F0 0F 46 C2 
2026-03-19 14:19:29.983 DEBU [pymycobot.common] _read : FE FE 20 B5 01 04 18 3E 49 8D EC BD AD 60 5B 3E B0 1A E1 BC 85 2B BA BB 86 2F C5 BB A9 84 37 42 A0 50 44
2026-03-19 14:19:29.984 DEBU [pymycobot.common] _write: FE FE 0B B5 01 04 00 00 00 0C F0 0F 46 C2 
2026-03-19 14:19:30.008 DEBU [pymycobot.common] _read : FE FE 20 B5 01 04 18 3E 49 F4 7A BD C5 0B 1F 3E B5 29 DA BC 85 2B AB BB 4A 7D 47 BB A9 5D 50 EA 53 50 44
2026-03-19 14:19:30.009 DEBU [pymycobot.common] _write: FE FE 0B B5 01 04 00 00 00 0C F0 0F 46 C2 
2026-03-19 14:19:30.033 DEBU [pymycobot.common] _read : FE FE 20 B5 01 04 18 3E 49 F2 2C BD B0 7E 86 3E B0 0C 9B BC 85 28 00 BB 4A 7F 82 BB A9 25 D4 99 2B 50 44
2026-03-19 14:19:30.034 DEBU [pymycobot.common] _write: FE FE 0B B5 01 04 00 00 00 0C F0 0F 46 C2 
2026-03-19 14:19:30.059 DEBU [pymycobot.common] _read : FE FE 20 B5 01 04 18 3E 49 F2 2C BD B0 7E 86 3E B0 0C 9B BC 85 28 00 BB 4A 7F 82 BB A9 25 D4 99 2B 50 44
2026-03-19 14:19:30.060 DEBU [pymycobot.common] _write: FE FE 0B B5 01 04 00 00 00 0C F0 0F 46 C2 
2026-03-19 14:19:30.085 DEBU [pymycobot.common] _read : FE FE 20 B5 01 04 18 3E 4A 01 D4 BD B0 8D 9D 3E B5 2A 78 BC 85 31 F9 BB 4A 86 71 BB A9 45 96 0B 43 50 44
2026-03-19 14:19:30.087 DEBU [pymycobot.common] _write: FE FE 0B B5 01 04 00 00 00 0C F0 0F 46 C2 
2026-03-19 14:19:30.112 DEBU [pymycobot.common] _read : FE FE 20 B5 01 04 18 3E 49 E4 D1 BD C4 FC 08 3E B0 0B FC BC 85 21 B3 BB 4A 76 57 BB A9 3D 8E 8A 86 50 44
2026-03-19 14:19:30.113 DEBU [pymycobot.common] _write: FE FE 0B B5 01 04 00 00 00 0C F0 0F 46 C2 
2026-03-19 14:19:30.138 DEBU [pymycobot.common] _read : FE FE 20 B5 01 04 18 3E 49 E4 D1 BD C4 FC 08 3E B0 0B FC BC 85 21 B3 BB 4A 76 57 BB A9 3D 8E 8A 86 50 44
2026-03-19 14:19:30.139 DEBU [pymycobot.common] _write: FE FE 0B B5 01 04 00 00 00 0C F0 0F 46 C2 
2026-03-19 14:19:30.162 DEBU [pymycobot.common] _read : FE FE 20 B5 01 04 18 3E 49 70 E9 BD C1 CE C4 3E AA FC 65 BC 85 1B 75 BB 86 27 B8 BB A9 7C 30 92 4B 50 44
2026-03-19 14:19:30.163 DEBU [pymycobot.common] _write: FE FE 0B B5 01 04 00 00 00 0C F0 0F 46 C2 
2026-03-19 14:19:30.188 DEBU [pymycobot.common] _read : FE FE 20 B5 01 04 18 3E 4A 01 D4 BD B0 8D 9D 3E B5 2A 78 BC 85 31 F9 BB 4A 86 71 BB A9 45 96 0B 43 50 44
2026-03-19 14:19:30.190 DEBU [pymycobot.common] _write: FE FE 0B B5 01 04 00 00 00 0C F0 0F 46 C2 
2026-03-19 14:19:30.216 DEBU [pymycobot.common] _read : FE FE 20 B5 01 04 18 3E 3F A2 DF BD C4 DC 7A 3E AF FF 8F BC 85 26 AF BB 4A 9C 3F BB A9 5E A3 26 50 50 44
2026-03-19 14:19:30.217 DEBU [pymycobot.common] _write: FE FE 0B B5 01 04 00 00 00 0C F0 0F 46 C2 
2026-03-19 14:19:30.240 DEBU [pymycobot.common] _read : FE FE 20 B5 01 04 18 3E 49 E4 D1 BD C4 FC 08 3E B0 0B FC BC 85 21 B3 BB 4A 76 57 BB A9 3D 8E 8A 86 50 44
2026-03-19 14:19:30.241 DEBU [pymycobot.common] _write: FE FE 0B B5 01 04 00 00 00 0C F0 0F 46 C2 
2026-03-19 14:19:30.264 DEBU [pymycobot.common] _read : FE FE 20 B5 01 04 18 3E 49 E4 D1 BD C4 FC 08 3E B0 0B FC BC 85 21 B3 BB 4A 76 57 BB A9 3D 8E 8A 86 50 44
2026-03-19 14:19:30.265 DEBU [pymycobot.common] _write: FE FE 0B B5 01 04 00 00 00 0C F0 0F 46 C2 
2026-03-19 14:19:30.290 DEBU [pymycobot.common] _read : FE FE 20 B5 01 04 18 3E 49 E4 D1 BD C4 FC 08 3E B0 0B FC BC 85 21 B3 BB 4A 76 57 BB A9 3D 8E 8A 86 50 44
2026-03-19 14:19:30.291 DEBU [pymycobot.common] _write: FE FE 0B B5 01 04 00 00 00 0C F0 0F 46 C2 
2026-03-19 14:19:30.318 DEBU [pymycobot.common] _read : FE FE 20 B5 01 04 18 3E 3F B2 86 BD C4 EB 91 3E B5 1D 6D BC 85 30 A7 BB 4A A3 2F BB A9 7E 65 A8 F1 50 44
2026-03-19 14:19:30.319 DEBU [pymycobot.common] _write: FE FE 0B B5 01 04 00 00 00 0C F0 0F 46 C2 
2026-03-19 14:19:30.344 DEBU [pymycobot.common] _read : FE FE 20 B5 01 04 18 3E 49 D7 77 BD D9 79 88 3E B0 0B 5C BC 85 1B 65 BB 4A 6D 2D BB A9 55 49 04 83 50 44
2026-03-19 14:19:30.345 DEBU [pymycobot.common] _write: FE FE 0B B5 01 04 00 00 00 0C F0 0F 46 C2 
2026-03-19 14:19:30.367 DEBU [pymycobot.common] _read : FE FE 20 B5 01 04 18 3E 49 E4 D1 BD C4 FC 08 3E B0 0B FC BC 85 21 B3 BB 4A 76 57 BB A9 3D 8E 8A 86 50 44
2026-03-19 14:19:30.368 DEBU [pymycobot.common] _write: FE FE 0B B5 01 04 00 00 00 0C F0 0F 46 C2 
2026-03-19 14:19:30.396 DEBU [pymycobot.common] _read : FE FE 20 B5 01 04 18 3E 49 E4 D1 BD C4 FC 08 3E B0 0B FC BC 85 21 B3 BB 4A 76 57 BB A9 3D 8E 8A 86 50 44
2026-03-19 14:19:30.397 DEBU [pymycobot.common] _write: FE FE 0B B5 01 04 00 00 00 0C F0 0F 46 C2 
2026-03-19 14:19:30.421 DEBU [pymycobot.common] _read : FE FE 20 B5 01 04 18 3E 54 26 C4 BD C5 1B 97 3E B0 18 68 BC 85 1C B7 BB 4A 50 6F BB A9 1C 79 94 75 50 44
2026-03-19 14:19:30.422 DEBU [pymycobot.common] _write: FE FE 0B B5 01 04 00 00 00 0C F0 0F 46 C2 
2026-03-19 14:19:30.447 DEBU [pymycobot.common] _read : FE FE 20 B5 01 04 18 3E 54 26 C4 BD C5 1B 97 3E B0 18 68 BC 85 1C B7 BB 4A 50 6F BB A9 1C 79 94 75 50 44
2026-03-19 14:19:30.448 DEBU [pymycobot.common] _write: FE FE 0B B5 01 04 00 00 00 0C F0 0F 46 C2 
2026-03-19 14:19:30.472 DEBU [pymycobot.common] _read : FE FE 20 B5 01 04 18 3E 49 D5 29 BD C4 EC F1 3E AA EE 1F BC 85 17 BB BB 4A 6F 68 BB A9 1D CC 9F 1F 50 44
2026-03-19 14:19:30.473 DEBU [pymycobot.common] _write: FE FE 0B B5 01 04 00 00 00 0C F0 0F 46 C2 
2026-03-19 14:19:30.499 DEBU [pymycobot.common] _read : FE FE 20 B5 01 04 18 3E 49 F2 2C BD B0 7E 86 3E B0 0C 9B BC 85 28 00 BB 4A 7F 82 BB A9 25 D4 99 2B 50 44
2026-03-19 14:19:30.500 DEBU [pymycobot.common] _write: FE FE 0B B5 01 04 00 00 00 0C F0 0F 46 C2 
2026-03-19 14:19:30.526 DEBU [pymycobot.common] _read : FE FE 20 B5 01 04 18 3E 49 E4 D1 BD C4 FC 08 3E B0 0B FC BC 85 21 B3 BB 4A 76 57 BB A9 3D 8E 8A 86 50 44
2026-03-19 14:19:30.527 DEBU [pymycobot.common] _write: FE FE 0B B5 01 04 00 00 00 0C F0 0F 46 C2 
2026-03-19 14:19:30.550 DEBU [pymycobot.common] _read : FE FE 20 B5 01 04 18 3E 49 E4 D1 BD C4 FC 08 3E B0 0B FC BC 85 21 B3 BB 4A 76 57 BB A9 3D 8E 8A 86 50 44
2026-03-19 14:19:30.551 DEBU [pymycobot.common] _write: FE FE 0B B5 01 04 00 00 00 0C F0 0F 46 C2 
2026-03-19 14:19:30.578 DEBU [pymycobot.common] _read : FE FE 20 B5 01 04 18 3E 54 26 C4 BD C5 1B 97 3E B0 18 68 BC 85 1C B7 BB 4A 50 6F BB A9 1C 79 94 75 50 44
2026-03-19 14:19:30.578 DEBU [pymycobot.common] _write: FE FE 0B B5 01 04 00 00 00 0C F0 0F 46 C2 
2026-03-19 14:19:30.604 DEBU [pymycobot.common] _read : FE FE 20 B5 01 04 18 3E 49 E4 D1 BD C4 FC 08 3E B0 0B FC BC 85 21 B3 BB 4A 76 57 BB A9 3D 8E 8A 86 50 44
2026-03-19 14:19:30.606 DEBU [pymycobot.common] _write: FE FE 0B B5 01 04 00 00 00 0C F0 0F 46 C2 
2026-03-19 14:19:30.630 DEBU [pymycobot.common] _read : FE FE 20 B5 01 04 18 3E 49 E4 D1 BD C4 FC 08 3E B0 0B FC BC 85 21 B3 BB 4A 76 57 BB A9 3D 8E 8A 86 50 44
2026-03-19 14:19:30.631 DEBU [pymycobot.common] _write: FE FE 0B B5 01 04 00 00 00 0C F0 0F 46 C2 
2026-03-19 14:19:30.656 DEBU [pymycobot.common] _read : FE FE 20 B5 01 04 18 3E 49 E4 D1 BD C4 FC 08 3E B0 0B FC BC 85 21 B3 BB 4A 76 57 BB A9 3D 8E 8A 86 50 44
2026-03-19 14:19:30.657 DEBU [pymycobot.common] _write: FE FE 0B B5 01 04 00 00 00 0C F0 0F 46 C2 
2026-03-19 14:19:30.681 DEBU [pymycobot.common] _read : FE FE 20 B5 01 04 18 3E 49 E4 D1 BD C4 FC 08 3E B0 0B FC BC 85 21 B3 BB 4A 76 57 BB A9 3D 8E 8A 86 50 44
2026-03-19 14:19:30.682 DEBU [pymycobot.common] _write: FE FE 0B B5 01 04 00 00 00 0C F0 0F 46 C2 
2026-03-19 14:19:30.706 DEBU [pymycobot.common] _read : FE FE 20 B5 01 04 18 3E 49 E4 D1 BD C4 FC 08 3E B0 0B FC BC 85 21 B3 BB 4A 76 57 BB A9 3D 8E 8A 86 50 44
2026-03-19 14:19:30.707 DEBU [pymycobot.common] _write: FE FE 0B B5 01 04 00 00 00 0C F0 0F 46 C2 
2026-03-19 14:19:30.731 DEBU [pymycobot.common] _read : FE FE 20 B5 01 04 18 3E 49 D7 77 BD D9 79 88 3E B0 0B 5C BC 85 1B 65 BB 4A 6D 2D BB A9 55 49 04 83 50 44
2026-03-19 14:19:30.732 DEBU [pymycobot.common] _write: FE FE 0B B5 01 04 00 00 00 0C F0 0F 46 C2 
2026-03-19 14:19:30.755 DEBU [pymycobot.common] _read : FE FE 20 B5 01 04 18 3E 49 D5 29 BD C4 EC F1 3E AA EE 1F BC 85 17 BB BB 4A 6F 68 BB A9 1D CC 9F 1F 50 44
2026-03-19 14:19:30.756 DEBU [pymycobot.common] _write: FE FE 0B B5 01 04 00 00 00 0C F0 0F 46 C2 
2026-03-19 14:19:30.781 DEBU [pymycobot.common] _read : FE FE 20 B5 01 04 18 3E 49 F4 7A BD C5 0B 1F 3E B5 29 DA BC 85 2B AB BB 4A 7D 47 BB A9 5D 50 EA 53 50 44
2026-03-19 14:19:30.783 DEBU [pymycobot.common] _write: FE FE 0B B5 01 04 00 00 00 0C F0 0F 46 C2 
2026-03-19 14:19:30.807 DEBU [pymycobot.common] _read : FE FE 20 B5 01 04 18 3E 49 90 3A BD C1 EC F3 3E B5 38 1F BC 85 2F 65 BB 86 2E A8 BB A9 BB B4 A2 3A 50 44
2026-03-19 14:19:30.808 DEBU [pymycobot.common] _write: FE FE 0B B5 01 04 00 00 00 0C F0 0F 46 C2 
2026-03-19 14:19:30.832 DEBU [pymycobot.common] _read : FE FE 20 B5 01 04 18 3E 54 26 C4 BD C5 1B 97 3E B0 18 68 BC 85 1C B7 BB 4A 50 6F BB A9 1C 79 94 75 50 44
2026-03-19 14:19:30.833 DEBU [pymycobot.common] _write: FE FE 0B B5 01 04 00 00 00 0C F0 0F 46 C2 
2026-03-19 14:19:30.857 DEBU [pymycobot.common] _read : FE FE 20 B5 01 04 18 3E 49 E4 D1 BD C4 FC 08 3E B0 0B FC BC 85 21 B3 BB 4A 76 57 BB A9 3D 8E 8A 86 50 44
2026-03-19 14:19:30.858 DEBU [pymycobot.common] _write: FE FE 0B B5 01 04 00 00 00 0C F0 0F 46 C2 
2026-03-19 14:19:30.880 DEBU [pymycobot.common] _read : FE FE 20 B5 01 04 18 3E 49 80 91 BD C1 DD DC 3E B0 1A 43 BC 85 25 6D BB 86 2B 30 BB A9 9B F2 0B CA 50 44
2026-03-19 14:19:30.881 DEBU [pymycobot.common] _write: FE FE 0B B5 01 04 00 00 00 0C F0 0F 46 C2 
2026-03-19 14:19:30.906 DEBU [pymycobot.common] _read : FE FE 20 B5 01 04 18 3E 49 80 91 BD C1 DD DC 3E B0 1A 43 BC 85 25 6D BB 86 2B 30 BB A9 9B F2 0B CA 50 44
2026-03-19 14:19:30.907 DEBU [pymycobot.common] _write: FE FE 0B B5 01 04 00 00 00 0C F0 0F 46 C2 
2026-03-19 14:19:30.930 DEBU [pymycobot.common] _read : FE FE 20 B5 01 04 18 3E 49 80 91 BD C1 DD DC 3E B0 1A 43 BC 85 25 6D BB 86 2B 30 BB A9 9B F2 0B CA 50 44
2026-03-19 14:19:30.931 DEBU [pymycobot.common] _write: FE FE 0B B5 01 04 00 00 00 0C F0 0F 46 C2 
2026-03-19 14:19:30.957 DEBU [pymycobot.common] _read : FE FE 20 B5 01 04 18 3E 49 E4 D1 BD C4 FC 08 3E B0 0B FC BC 85 21 B3 BB 4A 76 57 BB A9 3D 8E 8A 86 50 44
2026-03-19 14:19:30.958 DEBU [pymycobot.common] _write: FE FE 0B B5 01 04 00 00 00 0C F0 0F 46 C2 
2026-03-19 14:19:30.980 DEBU [pymycobot.common] _read : FE FE 20 B5 01 04 18 3E 49 E4 D1 BD C4 FC 08 3E B0 0B FC BC 85 21 B3 BB 4A 76 57 BB A9 3D 8E 8A 86 50 44
2026-03-19 14:19:30.981 DEBU [pymycobot.common] _write: FE FE 0B B5 01 04 00 00 00 0C F0 0F 46 C2 
2026-03-19 14:19:31.005 DEBU [pymycobot.common] _read : FE FE 20 B5 01 04 18 3E 49 E4 D1 BD C4 FC 08 3E B0 0B FC BC 85 21 B3 BB 4A 76 57 BB A9 3D 8E 8A 86 50 44
2026-03-19 14:19:31.006 DEBU [pymycobot.common] _write: FE FE 0B B5 01 04 00 00 00 0C F0 0F 46 C2 
2026-03-19 14:19:31.029 DEBU [pymycobot.common] _read : FE FE 20 B5 01 04 18 3E 49 F2 2C BD B0 7E 86 3E B0 0C 9B BC 85 28 00 BB 4A 7F 82 BB A9 25 D4 99 2B 50 44
2026-03-19 14:19:31.030 DEBU [pymycobot.common] _write: FE FE 0B B5 01 04 00 00 00 0C F0 0F 46 C2 
2026-03-19 14:19:31.056 DEBU [pymycobot.common] _read : FE FE 20 B5 01 04 18 3E 49 F2 2C BD B0 7E 86 3E B0 0C 9B BC 85 28 00 BB 4A 7F 82 BB A9 25 D4 99 2B 50 44
2026-03-19 14:19:31.057 DEBU [pymycobot.common] _write: FE FE 0B B5 01 04 00 00 00 0C F0 0F 46 C2 
2026-03-19 14:19:31.080 DEBU [pymycobot.common] _read : FE FE 20 B5 01 04 18 3E 49 E4 D1 BD C4 FC 08 3E B0 0B FC BC 85 21 B3 BB 4A 76 57 BB A9 3D 8E 8A 86 50 44
2026-03-19 14:19:31.081 DEBU [pymycobot.common] _write: FE FE 0B B5 01 04 00 00 00 0C F0 0F 46 C2 
2026-03-19 14:19:31.103 DEBU [pymycobot.common] _read : FE FE 20 B5 01 04 18 3E 49 E4 D1 BD C4 FC 08 3E B0 0B FC BC 85 21 B3 BB 4A 76 57 BB A9 3D 8E 8A 86 50 44
2026-03-19 14:19:31.104 DEBU [pymycobot.common] _write: FE FE 0B B5 01 04 00 00 00 0C F0 0F 46 C2 
2026-03-19 14:19:31.128 DEBU [pymycobot.common] _read : FE FE 20 B5 01 04 18 3E 54 24 77 BD B0 8E FD 3E AA FB 2A BC 85 19 0C BB 4A 52 AA BB A8 E4 FC C2 E2 50 44
2026-03-19 14:19:31.129 DEBU [pymycobot.common] _write: FE FE 0B B5 01 04 00 00 00 0C F0 0F 46 C2 
2026-03-19 14:19:31.155 DEBU [pymycobot.common] _read : FE FE 20 B5 01 04 18 3E 4A 01 D4 BD B0 8D 9D 3E B5 2A 78 BC 85 31 F9 BB 4A 86 71 BB A9 45 96 0B 43 50 44
2026-03-19 14:19:31.157 DEBU [pymycobot.common] _write: FE FE 0B B5 01 04 00 00 00 0C F0 0F 46 C2 
2026-03-19 14:19:31.182 DEBU [pymycobot.common] _read : FE FE 20 B5 01 04 18 3E 49 E4 D1 BD C4 FC 08 3E B0 0B FC BC 85 21 B3 BB 4A 76 57 BB A9 3D 8E 8A 86 50 44
2026-03-19 14:19:31.183 DEBU [pymycobot.common] _write: FE FE 0B B5 01 04 00 00 00 0C F0 0F 46 C2 
2026-03-19 14:19:31.206 DEBU [pymycobot.common] _read : FE FE 20 B5 01 04 18 3E 49 E4 D1 BD C4 FC 08 3E B0 0B FC BC 85 21 B3 BB 4A 76 57 BB A9 3D 8E 8A 86 50 44
2026-03-19 14:19:31.207 DEBU [pymycobot.common] _write: FE FE 0B B5 01 04 00 00 00 0C F0 0F 46 C2 
2026-03-19 14:19:31.231 DEBU [pymycobot.common] _read : FE FE 20 B5 01 04 18 3E 49 D5 29 BD C4 EC F1 3E AA EE 1F BC 85 17 BB BB 4A 6F 68 BB A9 1D CC 9F 1F 50 44
2026-03-19 14:19:31.232 DEBU [pymycobot.common] _write: FE FE 0B B5 01 04 00 00 00 0C F0 0F 46 C2 
2026-03-19 14:19:31.254 DEBU [pymycobot.common] _read : FE FE 20 B5 01 04 18 3E 49 F2 2C BD B0 7E 86 3E B0 0C 9B BC 85 28 00 BB 4A 7F 82 BB A9 25 D4 99 2B 50 44
2026-03-19 14:19:31.256 DEBU [pymycobot.common] _write: FE FE 0B B5 01 04 00 00 00 0C F0 0F 46 C2 
2026-03-19 14:19:31.278 DEBU [pymycobot.common] _read : FE FE 20 B5 01 04 18 3E 49 E4 D1 BD C4 FC 08 3E B0 0B FC BC 85 21 B3 BB 4A 76 57 BB A9 3D 8E 8A 86 50 44
2026-03-19 14:19:31.279 DEBU [pymycobot.common] _write: FE FE 0B B5 01 04 00 00 00 0C F0 0F 46 C2 
2026-03-19 14:19:31.302 DEBU [pymycobot.common] _read : FE FE 20 B5 01 04 18 3E 49 F4 7A BD C5 0B 1F 3E B5 29 DA BC 85 2B AB BB 4A 7D 47 BB A9 5D 50 EA 53 50 44
2026-03-19 14:19:31.304 DEBU [pymycobot.common] _write: FE FE 0B B5 01 04 00 00 00 0C F0 0F 46 C2 
2026-03-19 14:19:31.327 DEBU [pymycobot.common] _read : FE FE 20 B5 01 04 18 3E 49 E4 D1 BD C4 FC 08 3E B0 0B FC BC 85 21 B3 BB 4A 76 57 BB A9 3D 8E 8A 86 50 44
2026-03-19 14:19:31.328 DEBU [pymycobot.common] _write: FE FE 0B B5 01 04 00 00 00 0C F0 0F 46 C2 
2026-03-19 14:19:31.354 DEBU [pymycobot.common] _read : FE FE 20 B5 01 04 18 3E 49 F4 7A BD C5 0B 1F 3E B5 29 DA BC 85 2B AB BB 4A 7D 47 BB A9 5D 50 EA 53 50 44
2026-03-19 14:19:31.355 DEBU [pymycobot.common] _write: FE FE 0B B5 01 04 00 00 00 0C F0 0F 46 C2 
2026-03-19 14:19:31.378 DEBU [pymycobot.common] _read : FE FE 20 B5 01 04 18 3E 49 E4 D1 BD C4 FC 08 3E B0 0B FC BC 85 21 B3 BB 4A 76 57 BB A9 3D 8E 8A 86 50 44
2026-03-19 14:19:31.379 DEBU [pymycobot.common] _write: FE FE 0B B5 01 04 00 00 00 0C F0 0F 46 C2 
2026-03-19 14:19:31.401 DEBU [pymycobot.common] _read : FE FE 20 B5 01 04 18 3E 4A 01 D4 BD B0 8D 9D 3E B5 2A 78 BC 85 31 F9 BB 4A 86 71 BB A9 45 96 0B 43 50 44
2026-03-19 14:19:31.402 DEBU [pymycobot.common] _write: FE FE 0B B5 01 04 00 00 00 0C F0 0F 46 C2 
2026-03-19 14:19:31.424 DEBU [pymycobot.common] _read : FE FE 20 B5 01 04 18 3E 54 43 C6 BD B0 AD 2D 3E B5 36 E4 BC 85 2C FC BB 4A 60 8A BB A9 24 80 9B 22 50 44
2026-03-19 14:19:31.426 DEBU [pymycobot.common] _write: FE FE 0B B5 01 04 00 00 00 0C F0 0F 46 C2 
2026-03-19 14:19:31.451 DEBU [pymycobot.common] _read : FE FE 20 B5 01 04 18 3E 54 26 C4 BD C5 1B 97 3E B0 18 68 BC 85 1C B7 BB 4A 50 6F BB A9 1C 79 94 75 50 44
2026-03-19 14:19:31.453 DEBU [pymycobot.common] _write: FE FE 0B B5 01 04 00 00 00 0C F0 0F 46 C2 
2026-03-19 14:19:31.477 DEBU [pymycobot.common] _read : FE FE 20 B5 01 04 18 3E 49 F4 7A BD C5 0B 1F 3E B5 29 DA BC 85 2B AB BB 4A 7D 47 BB A9 5D 50 EA 53 50 44
2026-03-19 14:19:31.478 DEBU [pymycobot.common] _write: FE FE 0B B5 01 04 00 00 00 0C F0 0F 46 C2 
2026-03-19 14:19:31.504 DEBU [pymycobot.common] _read : FE FE 20 B5 01 04 18 3E 49 80 91 BD C1 DD DC 3E B0 1A 43 BC 85 25 6D BB 86 2B 30 BB A9 9B F2 0B CA 50 44
2026-03-19 14:19:31.505 DEBU [pymycobot.common] _write: FE FE 0B B5 01 04 00 00 00 0C F0 0F 46 C2 
2026-03-19 14:19:31.529 DEBU [pymycobot.common] _read : FE FE 20 B5 01 04 18 3E 49 E4 D1 BD C4 FC 08 3E B0 0B FC BC 85 21 B3 BB 4A 76 57 BB A9 3D 8E 8A 86 50 44
2026-03-19 14:19:31.530 DEBU [pymycobot.common] _write: FE FE 0B B5 01 04 00 00 00 0C F0 0F 46 C2 
2026-03-19 14:19:31.556 DEBU [pymycobot.common] _read : FE FE 20 B5 01 04 18 3E 49 F2 2C BD B0 7E 86 3E B0 0C 9B BC 85 28 00 BB 4A 7F 82 BB A9 25 D4 99 2B 50 44
2026-03-19 14:19:31.557 DEBU [pymycobot.common] _write: FE FE 0B B5 01 04 00 00 00 0C F0 0F 46 C2 
2026-03-19 14:19:31.581 DEBU [pymycobot.common] _read : FE FE 20 B5 01 04 18 3E 54 26 C4 BD C5 1B 97 3E B0 18 68 BC 85 1C B7 BB 4A 50 6F BB A9 1C 79 94 75 50 44
2026-03-19 14:19:31.582 DEBU [pymycobot.common] _write: FE FE 0B B5 01 04 00 00 00 0C F0 0F 46 C2 
2026-03-19 14:19:31.607 DEBU [pymycobot.common] _read : FE FE 20 B5 01 04 18 3E 54 43 C6 BD B0 AD 2D 3E B5 36 E4 BC 85 2C FC BB 4A 60 8A BB A9 24 80 9B 22 50 44
2026-03-19 14:19:31.610 DEBU [pymycobot.common] _write: FE FE 0B B5 01 04 00 00 00 0C F0 0F 46 C2 
2026-03-19 14:19:31.633 DEBU [pymycobot.common] _read : FE FE 20 B5 01 04 18 3E 3F A2 DF BD C4 DC 7A 3E AF FF 8F BC 85 26 AF BB 4A 9C 3F BB A9 5E A3 26 50 50 44
2026-03-19 14:19:31.634 DEBU [pymycobot.common] _write: FE FE 0B B5 01 04 00 00 00 0C F0 0F 46 C2 
2026-03-19 14:19:31.660 DEBU [pymycobot.common] _read : FE FE 20 B5 01 04 18 3E 49 F4 7A BD C5 0B 1F 3E B5 29 DA BC 85 2B AB BB 4A 7D 47 BB A9 5D 50 EA 53 50 44
2026-03-19 14:19:31.661 DEBU [pymycobot.common] _write: FE FE 0B B5 01 04 00 00 00 0C F0 0F 46 C2 
2026-03-19 14:19:31.684 DEBU [pymycobot.common] _read : FE FE 20 B5 01 04 18 3E 49 80 91 BD C1 DD DC 3E B0 1A 43 BC 85 25 6D BB 86 2B 30 BB A9 9B F2 0B CA 50 44
2026-03-19 14:19:31.685 DEBU [pymycobot.common] _write: FE FE 0B B5 01 04 00 00 00 0C F0 0F 46 C2 
2026-03-19 14:19:31.712 DEBU [pymycobot.common] _read : FE FE 20 B5 01 04 18 3E 49 E4 D1 BD C4 FC 08 3E B0 0B FC BC 85 21 B3 BB 4A 76 57 BB A9 3D 8E 8A 86 50 44
2026-03-19 14:19:31.713 DEBU [pymycobot.common] _write: FE FE 0B B5 01 04 00 00 00 0C F0 0F 46 C2 
2026-03-19 14:19:31.736 DEBU [pymycobot.common] _read : FE FE 20 B5 01 04 18 3E 49 E4 D1 BD C4 FC 08 3E B0 0B FC BC 85 21 B3 BB 4A 76 57 BB A9 3D 8E 8A 86 50 44
2026-03-19 14:19:31.737 DEBU [pymycobot.common] _write: FE FE 0B B5 01 04 00 00 00 0C F0 0F 46 C2 
2026-03-19 14:19:31.761 DEBU [pymycobot.common] _read : FE FE 20 B5 01 04 18 3E 49 80 91 BD C1 DD DC 3E B0 1A 43 BC 85 25 6D BB 86 2B 30 BB A9 9B F2 0B CA 50 44
2026-03-19 14:19:31.762 DEBU [pymycobot.common] _write: FE FE 0B B5 01 04 00 00 00 0C F0 0F 46 C2 
2026-03-19 14:19:31.789 DEBU [pymycobot.common] _read : FE FE 20 B5 01 04 18 3E 49 E4 D1 BD C4 FC 08 3E B0 0B FC BC 85 21 B3 BB 4A 76 57 BB A9 3D 8E 8A 86 50 44
2026-03-19 14:19:31.790 DEBU [pymycobot.common] _write: FE FE 0B B5 01 04 00 00 00 0C F0 0F 46 C2 
2026-03-19 14:19:31.814 DEBU [pymycobot.common] _read : FE FE 20 B5 01 04 18 3E 49 80 91 BD C1 DD DC 3E B0 1A 43 BC 85 25 6D BB 86 2B 30 BB A9 9B F2 0B CA 50 44
2026-03-19 14:19:31.815 DEBU [pymycobot.common] _write: FE FE 0B B5 01 04 00 00 00 0C F0 0F 46 C2 
2026-03-19 14:19:31.840 DEBU [pymycobot.common] _read : FE FE 20 B5 01 04 18 3E 49 E4 D1 BD C4 FC 08 3E B0 0B FC BC 85 21 B3 BB 4A 76 57 BB A9 3D 8E 8A 86 50 44
2026-03-19 14:19:31.842 DEBU [pymycobot.common] _write: FE FE 0B B5 01 04 00 00 00 0C F0 0F 46 C2 
2026-03-19 14:19:31.866 DEBU [pymycobot.common] _read : FE FE 20 B5 01 04 18 3E 54 34 1F BD B0 9E 16 3E B0 19 06 BC 85 23 04 BB 4A 59 9A BB A9 04 BE 81 14 50 44
2026-03-19 14:19:31.867 DEBU [pymycobot.common] _write: FE FE 0B B5 01 04 00 00 00 0C F0 0F 46 C2 
2026-03-19 14:19:31.891 DEBU [pymycobot.common] _read : FE FE 20 B5 01 04 18 3E 49 E4 D1 BD C4 FC 08 3E B0 0B FC BC 85 21 B3 BB 4A 76 57 BB A9 3D 8E 8A 86 50 44
2026-03-19 14:19:31.892 DEBU [pymycobot.common] _write: FE FE 0B B5 01 04 00 00 00 0C F0 0F 46 C2 
2026-03-19 14:19:31.916 DEBU [pymycobot.common] _read : FE FE 20 B5 01 04 18 3E 4A 01 D4 BD B0 8D 9D 3E B5 2A 78 BC 85 31 F9 BB 4A 86 71 BB A9 45 96 0B 43 50 44
2026-03-19 14:19:31.917 DEBU [pymycobot.common] _write: FE FE 0B B5 01 04 00 00 00 0C F0 0F 46 C2 
2026-03-19 14:19:31.941 DEBU [pymycobot.common] _read : FE FE 20 B5 01 04 18 3E 49 E4 D1 BD C4 FC 08 3E B0 0B FC BC 85 21 B3 BB 4A 76 57 BB A9 3D 8E 8A 86 50 44
2026-03-19 14:19:31.943 DEBU [pymycobot.common] _write: FE FE 0B B5 01 04 00 00 00 0C F0 0F 46 C2 
2026-03-19 14:19:31.966 DEBU [pymycobot.common] _read : FE FE 20 B5 01 04 18 3E 49 E4 D1 BD C4 FC 08 3E B0 0B FC BC 85 21 B3 BB 4A 76 57 BB A9 3D 8E 8A 86 50 44
2026-03-19 14:19:31.967 DEBU [pymycobot.common] _write: FE FE 0B B5 01 04 00 00 00 0C F0 0F 46 C2 
2026-03-19 14:19:31.993 DEBU [pymycobot.common] _read : FE FE 20 B5 01 04 18 3E 4A 04 21 BD C5 1A 36 3E BA 47 B7 BC 85 35 A3 BB 4A 84 36 BB A9 7D 12 79 06 50 44
2026-03-19 14:19:31.994 DEBU [pymycobot.common] _write: FE FE 0B B5 01 04 00 00 00 0C F0 0F 46 C2 
2026-03-19 14:19:32.017 DEBU [pymycobot.common] _read : FE FE 20 B5 01 04 18 3E 49 80 91 BD C1 DD DC 3E B0 1A 43 BC 85 25 6D BB 86 2B 30 BB A9 9B F2 0B CA 50 44
2026-03-19 14:19:32.018 DEBU [pymycobot.common] _write: FE FE 0B B5 01 04 00 00 00 0C F0 0F 46 C2 
2026-03-19 14:19:32.044 DEBU [pymycobot.common] _read : FE FE 20 B5 01 04 18 3E 54 26 C4 BD C5 1B 97 3E B0 18 68 BC 85 1C B7 BB 4A 50 6F BB A9 1C 79 94 75 50 44
2026-03-19 14:19:32.045 DEBU [pymycobot.common] _write: FE FE 0B B5 01 04 00 00 00 0C F0 0F 46 C2 
2026-03-19 14:19:32.070 DEBU [pymycobot.common] _read : FE FE 20 B5 01 04 18 3E 49 E4 D1 BD C4 FC 08 3E B0 0B FC BC 85 21 B3 BB 4A 76 57 BB A9 3D 8E 8A 86 50 44
2026-03-19 14:19:32.071 DEBU [pymycobot.common] _write: FE FE 0B B5 01 04 00 00 00 0C F0 0F 46 C2 
2026-03-19 14:19:32.095 DEBU [pymycobot.common] _read : FE FE 20 B5 01 04 18 3E 49 F2 2C BD B0 7E 86 3E B0 0C 9B BC 85 28 00 BB 4A 7F 82 BB A9 25 D4 99 2B 50 44
2026-03-19 14:19:32.096 DEBU [pymycobot.common] _write: FE FE 0B B5 01 04 00 00 00 0C F0 0F 46 C2 
2026-03-19 14:19:32.120 DEBU [pymycobot.common] _read : FE FE 20 B5 01 04 18 3E 49 F4 7A BD C5 0B 1F 3E B5 29 DA BC 85 2B AB BB 4A 7D 47 BB A9 5D 50 EA 53 50 44
2026-03-19 14:19:32.121 DEBU [pymycobot.common] _write: FE FE 0B B5 01 04 00 00 00 0C F0 0F 46 C2 
2026-03-19 14:19:32.147 DEBU [pymycobot.common] _read : FE FE 20 B5 01 04 18 3E 4A 00 20 BD C4 CD 29 3E B0 06 8C BC 85 11 B9 BB 4B 17 F6 BB C9 EC 98 22 1B 50 44
2026-03-19 14:19:32.148 DEBU [pymycobot.common] _write: FE FE 0B B5 01 04 00 00 00 0C F0 0F 46 C2 
2026-03-19 14:19:32.174 DEBU [pymycobot.common] _read : FE FE 20 B5 01 04 18 3E 49 F4 7A BD C5 0B 1F 3E B5 29 DA BC 85 2B AB BB 4A 7D 47 BB A9 5D 50 EA 53 50 44
2026-03-19 14:19:32.175 DEBU [pymycobot.common] _write: FE FE 0B B5 01 04 00 00 00 0C F0 0F 46 C2 
2026-03-19 14:19:32.201 DEBU [pymycobot.common] _read : FE FE 20 B5 01 04 18 3E 49 9D 94 BD AD 6F 72 3E B5 38 BD BC 85 35 B3 BB 86 33 3D BB A9 A3 F9 58 3C 50 44
2026-03-19 14:19:32.202 DEBU [pymycobot.common] _write: FE FE 0B B5 01 04 00 00 00 0C F0 0F 46 C2 
2026-03-19 14:19:32.225 DEBU [pymycobot.common] _read : FE FE 20 B5 01 04 18 3E 54 36 6C BD C5 2A AE 3E B5 36 45 BC 85 26 AF BB 4A 57 5F BB A9 3C 3B FD A9 50 44
2026-03-19 14:19:32.226 DEBU [pymycobot.common] _write: FE FE 0B B5 01 04 00 00 00 0C F0 0F 46 C2 
2026-03-19 14:19:32.252 DEBU [pymycobot.common] _read : FE FE 20 B5 01 04 18 3E 49 F4 7A BD C5 0B 1F 3E B5 29 DA BC 85 2B AB BB 4A 7D 47 BB A9 5D 50 EA 53 50 44
2026-03-19 14:19:32.253 DEBU [pymycobot.common] _write: FE FE 0B B5 01 04 00 00 00 0C F0 0F 46 C2 
2026-03-19 14:19:32.278 DEBU [pymycobot.common] _read : FE FE 20 B5 01 04 18 3E 49 E4 D1 BD C4 FC 08 3E B0 0B FC BC 85 21 B3 BB 4A 76 57 BB A9 3D 8E 8A 86 50 44
2026-03-19 14:19:32.279 DEBU [pymycobot.common] _write: FE FE 0B B5 01 04 00 00 00 0C F0 0F 46 C2 
2026-03-19 14:19:32.303 DEBU [pymycobot.common] _read : FE FE 20 B5 01 04 18 3E 49 F4 7A BD C5 0B 1F 3E B5 29 DA BC 85 2B AB BB 4A 7D 47 BB A9 5D 50 EA 53 50 44
2026-03-19 14:19:32.304 DEBU [pymycobot.common] _write: FE FE 0B B5 01 04 00 00 00 0C F0 0F 46 C2 
2026-03-19 14:19:32.329 DEBU [pymycobot.common] _read : FE FE 20 B5 01 04 18 3E 49 E4 D1 BD C4 FC 08 3E B0 0B FC BC 85 21 B3 BB 4A 76 57 BB A9 3D 8E 8A 86 50 44
2026-03-19 14:19:32.330 DEBU [pymycobot.common] _write: FE FE 0B B5 01 04 00 00 00 0C F0 0F 46 C2 
2026-03-19 14:19:32.356 DEBU [pymycobot.common] _read : FE FE 20 B5 01 04 18 3E 49 E4 D1 BD C4 FC 08 3E B0 0B FC BC 85 21 B3 BB 4A 76 57 BB A9 3D 8E 8A 86 50 44
2026-03-19 14:19:32.357 DEBU [pymycobot.common] _write: FE FE 0B B5 01 04 00 00 00 0C F0 0F 46 C2 
2026-03-19 14:19:32.380 DEBU [pymycobot.common] _read : FE FE 20 B5 01 04 18 3E 49 E4 D1 BD C4 FC 08 3E B0 0B FC BC 85 21 B3 BB 4A 76 57 BB A9 3D 8E 8A 86 50 44
2026-03-19 14:19:32.381 DEBU [pymycobot.common] _write: FE FE 0B B5 01 04 00 00 00 0C F0 0F 46 C2 
2026-03-19 14:19:32.406 DEBU [pymycobot.common] _read : FE FE 20 B5 01 04 18 3E 49 F4 7A BD C5 0B 1F 3E B5 29 DA BC 85 2B AB BB 4A 7D 47 BB A9 5D 50 EA 53 50 44
2026-03-19 14:19:32.407 DEBU [pymycobot.common] _write: FE FE 0B B5 01 04 00 00 00 0C F0 0F 46 C2 
2026-03-19 14:19:32.431 DEBU [pymycobot.common] _read : FE FE 20 B5 01 04 18 3E 54 26 C4 BD C5 1B 97 3E B0 18 68 BC 85 1C B7 BB 4A 50 6F BB A9 1C 79 94 75 50 44
2026-03-19 14:19:32.432 DEBU [pymycobot.common] _write: FE FE 0B B5 01 04 00 00 00 0C F0 0F 46 C2 
2026-03-19 14:19:32.454 DEBU [pymycobot.common] _read : FE FE 20 B5 01 04 18 3E 49 F4 7A BD C5 0B 1F 3E B5 29 DA BC 85 2B AB BB 4A 7D 47 BB A9 5D 50 EA 53 50 44
2026-03-19 14:19:32.454 DEBU [pymycobot.common] _write: FE FE 0B B5 01 04 00 00 00 0C F0 0F 46 C2 
2026-03-19 14:19:32.476 DEBU [pymycobot.common] _read : FE FE 20 B5 01 04 18 3E 49 E4 D1 BD C4 FC 08 3E B0 0B FC BC 85 21 B3 BB 4A 76 57 BB A9 3D 8E 8A 86 50 44
2026-03-19 14:19:32.478 DEBU [pymycobot.common] _write: FE FE 0B B5 01 04 00 00 00 0C F0 0F 46 C2 
2026-03-19 14:19:32.500 DEBU [pymycobot.common] _read : FE FE 20 B5 01 04 18 3E 49 F4 7A BD C5 0B 1F 3E B5 29 DA BC 85 2B AB BB 4A 7D 47 BB A9 5D 50 EA 53 50 44
2026-03-19 14:19:32.502 DEBU [pymycobot.common] _write: FE FE 0B B5 01 04 00 00 00 0C F0 0F 46 C2 
2026-03-19 14:19:32.523 DEBU [pymycobot.common] _read : FE FE 20 B5 01 04 18 3E 49 D5 29 BD C4 EC F1 3E AA EE 1F BC 85 17 BB BB 4A 6F 68 BB A9 1D CC 9F 1F 50 44
2026-03-19 14:19:32.524 DEBU [pymycobot.common] _write: FE FE 0B B5 01 04 00 00 00 0C F0 0F 46 C2 
2026-03-19 14:19:32.550 DEBU [pymycobot.common] _read : FE FE 20 B5 01 04 18 3E 49 E4 D1 BD C4 FC 08 3E B0 0B FC BC 85 21 B3 BB 4A 76 57 BB A9 3D 8E 8A 86 50 44
2026-03-19 14:19:32.550 DEBU [pymycobot.common] _write: FE FE 0B B5 01 04 00 00 00 0C F0 0F 46 C2 
2026-03-19 14:19:32.574 DEBU [pymycobot.common] _read : FE FE 20 B5 01 04 18 3E 49 8D EC BD AD 60 5B 3E B0 1A E1 BC 85 2B BA BB 86 2F C5 BB A9 84 37 42 A0 50 44
2026-03-19 14:19:32.575 DEBU [pymycobot.common] _write: FE FE 0B B5 01 04 00 00 00 0C F0 0F 46 C2 
2026-03-19 14:19:32.599 DEBU [pymycobot.common] _read : FE FE 20 B5 01 04 18 3E 49 F2 2C BD B0 7E 86 3E B0 0C 9B BC 85 28 00 BB 4A 7F 82 BB A9 25 D4 99 2B 50 44
2026-03-19 14:19:32.600 DEBU [pymycobot.common] _write: FE FE 0B B5 01 04 00 00 00 0C F0 0F 46 C2 
2026-03-19 14:19:32.624 DEBU [pymycobot.common] _read : FE FE 20 B5 01 04 18 3E 49 D5 29 BD C4 EC F1 3E AA EE 1F BC 85 17 BB BB 4A 6F 68 BB A9 1D CC 9F 1F 50 44
2026-03-19 14:19:32.626 DEBU [pymycobot.common] _write: FE FE 0B B5 01 04 00 00 00 0C F0 0F 46 C2 
2026-03-19 14:19:32.648 DEBU [pymycobot.common] _read : FE FE 20 B5 01 04 18 3E 49 90 3A BD C1 EC F3 3E B5 38 1F BC 85 2F 65 BB 86 2E A8 BB A9 BB B4 A2 3A 50 44
2026-03-19 14:19:32.650 DEBU [pymycobot.common] _write: FE FE 0B B5 01 04 00 00 00 0C F0 0F 46 C2 
2026-03-19 14:19:32.673 DEBU [pymycobot.common] _read : FE FE 20 B5 01 04 18 3E 49 F2 2C BD B0 7E 86 3E B0 0C 9B BC 85 28 00 BB 4A 7F 82 BB A9 25 D4 99 2B 50 44
2026-03-19 14:19:32.674 DEBU [pymycobot.common] _write: FE FE 0B B5 01 04 00 00 00 0C F0 0F 46 C2 
2026-03-19 14:19:32.700 DEBU [pymycobot.common] _read : FE FE 20 B5 01 04 18 3E 49 D7 77 BD D9 79 88 3E B0 0B 5C BC 85 1B 65 BB 4A 6D 2D BB A9 55 49 04 83 50 44
2026-03-19 14:19:32.701 DEBU [pymycobot.common] _write: FE FE 0B B5 01 04 00 00 00 0C F0 0F 46 C2 
2026-03-19 14:19:32.726 DEBU [pymycobot.common] _read : FE FE 20 B5 01 04 18 3E 3F 3E 9F BD C1 BE 4E 3E B0 0D D6 BC 85 2A 69 BB 86 3E 24 BB A9 BD 07 EB FE 50 44
2026-03-19 14:19:32.728 DEBU [pymycobot.common] _write: FE FE 0B B5 01 04 00 00 00 0C F0 0F 46 C2 
2026-03-19 14:19:32.751 DEBU [pymycobot.common] _read : FE FE 20 B5 01 04 18 3E 49 F4 7A BD C5 0B 1F 3E B5 29 DA BC 85 2B AB BB 4A 7D 47 BB A9 5D 50 EA 53 50 44
2026-03-19 14:19:32.752 DEBU [pymycobot.common] _write: FE FE 0B B5 01 04 00 00 00 0C F0 0F 46 C2 
2026-03-19 14:19:32.778 DEBU [pymycobot.common] _read : FE FE 20 B5 01 04 18 3E 54 36 6C BD C5 2A AE 3E B5 36 45 BC 85 26 AF BB 4A 57 5F BB A9 3C 3B FD A9 50 44
2026-03-19 14:19:32.779 DEBU [pymycobot.common] _write: FE FE 0B B5 01 04 00 00 00 0C F0 0F 46 C2 
2026-03-19 14:19:32.804 DEBU [pymycobot.common] _read : FE FE 20 B5 01 04 18 3E 54 43 C6 BD B0 AD 2D 3E B5 36 E4 BC 85 2C FC BB 4A 60 8A BB A9 24 80 9B 22 50 44
2026-03-19 14:19:32.805 DEBU [pymycobot.common] _write: FE FE 0B B5 01 04 00 00 00 0C F0 0F 46 C2 
2026-03-19 14:19:32.829 DEBU [pymycobot.common] _read : FE FE 20 B5 01 04 18 3E 49 E4 D1 BD C4 FC 08 3E B0 0B FC BC 85 21 B3 BB 4A 76 57 BB A9 3D 8E 8A 86 50 44
2026-03-19 14:19:32.830 DEBU [pymycobot.common] _write: FE FE 0B B5 01 04 00 00 00 0C F0 0F 46 C2 
2026-03-19 14:19:32.851 DEBU [pymycobot.common] _read : FE FE 20 B5 01 04 18 3E 49 F4 7A BD C5 0B 1F 3E B5 29 DA BC 85 2B AB BB 4A 7D 47 BB A9 5D 50 EA 53 50 44
2026-03-19 14:19:32.852 DEBU [pymycobot.common] _write: FE FE 0B B5 01 04 00 00 00 0C F0 0F 46 C2 
2026-03-19 14:19:32.877 DEBU [pymycobot.common] _read : FE FE 20 B5 01 04 18 3E 49 F2 2C BD B0 7E 86 3E B0 0C 9B BC 85 28 00 BB 4A 7F 82 BB A9 25 D4 99 2B 50 44
2026-03-19 14:19:32.878 DEBU [pymycobot.common] _write: FE FE 0B B5 01 04 00 00 00 0C F0 0F 46 C2 
2026-03-19 14:19:32.904 DEBU [pymycobot.common] _read : FE FE 20 B5 01 04 18 3E 49 80 91 BD C1 DD DC 3E B0 1A 43 BC 85 25 6D BB 86 2B 30 BB A9 9B F2 0B CA 50 44
2026-03-19 14:19:32.905 DEBU [pymycobot.common] _write: FE FE 0B B5 01 04 00 00 00 0C F0 0F 46 C2 
2026-03-19 14:19:32.929 DEBU [pymycobot.common] _read : FE FE 20 B5 01 04 18 3E 49 F4 7A BD C5 0B 1F 3E B5 29 DA BC 85 2B AB BB 4A 7D 47 BB A9 5D 50 EA 53 50 44
2026-03-19 14:19:32.929 DEBU [pymycobot.common] _write: FE FE 0B B5 01 04 00 00 00 0C F0 0F 46 C2 
2026-03-19 14:19:32.955 DEBU [pymycobot.common] _read : FE FE 20 B5 01 04 18 3E 53 C2 84 BD C1 FD 6C 3E B0 26 AE BC 85 20 71 BB 86 18 3C BB A9 7A DD 23 93 50 44
2026-03-19 14:19:32.956 DEBU [pymycobot.common] _write: FE FE 0B B5 01 04 00 00 00 0C F0 0F 46 C2 
2026-03-19 14:19:32.981 DEBU [pymycobot.common] _read : FE FE 20 B5 01 04 18 3E 49 F4 7A BD C5 0B 1F 3E B5 29 DA BC 85 2B AB BB 4A 7D 47 BB A9 5D 50 EA 53 50 44
2026-03-19 14:19:32.982 DEBU [pymycobot.common] _write: FE FE 0B B5 01 04 00 00 00 0C F0 0F 46 C2 
2026-03-19 14:19:33.005 DEBU [pymycobot.common] _read : FE FE 20 B5 01 04 18 3E 54 36 6C BD C5 2A AE 3E B5 36 45 BC 85 26 AF BB 4A 57 5F BB A9 3C 3B FD A9 50 44
2026-03-19 14:19:33.007 DEBU [pymycobot.common] _write: FE FE 0B B5 01 04 00 00 00 0C F0 0F 46 C2 
2026-03-19 14:19:33.032 DEBU [pymycobot.common] _read : FE FE 20 B5 01 04 18 3E 49 E2 84 BD B0 6F 6F 3E AA EE BD BC 85 1E 08 BB 4A 78 92 BB A9 06 12 A3 20 50 44
2026-03-19 14:19:33.033 DEBU [pymycobot.common] _write: FE FE 0B B5 01 04 00 00 00 0C F0 0F 46 C2 
2026-03-19 14:19:33.056 DEBU [pymycobot.common] _read : FE FE 20 B5 01 04 18 3E 49 F2 2C BD B0 7E 86 3E B0 0C 9B BC 85 28 00 BB 4A 7F 82 BB A9 25 D4 99 2B 50 44
2026-03-19 14:19:33.056 DEBU [pymycobot.common] _write: FE FE 0B B5 01 04 00 00 00 0C F0 0F 46 C2 
2026-03-19 14:19:33.081 DEBU [pymycobot.common] _read : FE FE 20 B5 01 04 18 3E 54 36 6C BD C5 2A AE 3E B5 36 45 BC 85 26 AF BB 4A 57 5F BB A9 3C 3B FD A9 50 44
2026-03-19 14:19:33.082 DEBU [pymycobot.common] _write: FE FE 0B B5 01 04 00 00 00 0C F0 0F 46 C2 
2026-03-19 14:19:33.105 DEBU [pymycobot.common] _read : FE FE 20 B5 01 04 18 3E 49 E4 D1 BD C4 FC 08 3E B0 0B FC BC 85 21 B3 BB 4A 76 57 BB A9 3D 8E 8A 86 50 44
2026-03-19 14:19:33.106 DEBU [pymycobot.common] _write: FE FE 0B B5 01 04 00 00 00 0C F0 0F 46 C2 
2026-03-19 14:19:33.132 DEBU [pymycobot.common] _read : FE FE 20 B5 01 04 18 3E 49 E4 D1 BD C4 FC 08 3E B0 0B FC BC 85 21 B3 BB 4A 76 57 BB A9 3D 8E 8A 86 50 44
2026-03-19 14:19:33.133 DEBU [pymycobot.common] _write: FE FE 0B B5 01 04 00 00 00 0C F0 0F 46 C2 
2026-03-19 14:19:33.159 DEBU [pymycobot.common] _read : FE FE 20 B5 01 04 18 3E 49 90 3A BD C1 EC F3 3E B5 38 1F BC 85 2F 65 BB 86 2E A8 BB A9 BB B4 A2 3A 50 44
2026-03-19 14:19:33.161 DEBU [pymycobot.common] _write: FE FE 0B B5 01 04 00 00 00 0C F0 0F 46 C2 
2026-03-19 14:19:33.184 DEBU [pymycobot.common] _read : FE FE 20 B5 01 04 18 3E 49 F4 7A BD C5 0B 1F 3E B5 29 DA BC 85 2B AB BB 4A 7D 47 BB A9 5D 50 EA 53 50 44
2026-03-19 14:19:33.185 DEBU [pymycobot.common] _write: FE FE 0B B5 01 04 00 00 00 0C F0 0F 46 C2 
2026-03-19 14:19:33.210 DEBU [pymycobot.common] _read : FE FE 20 B5 01 04 18 3E 49 E4 D1 BD C4 FC 08 3E B0 0B FC BC 85 21 B3 BB 4A 76 57 BB A9 3D 8E 8A 86 50 44
2026-03-19 14:19:33.211 DEBU [pymycobot.common] _write: FE FE 0B B5 01 04 00 00 00 0C F0 0F 46 C2 
2026-03-19 14:19:33.236 DEBU [pymycobot.common] _read : FE FE 20 B5 01 04 18 3E 54 43 C6 BD B0 AD 2D 3E B5 36 E4 BC 85 2C FC BB 4A 60 8A BB A9 24 80 9B 22 50 44
2026-03-19 14:19:33.237 DEBU [pymycobot.common] _write: FE FE 0B B5 01 04 00 00 00 0C F0 0F 46 C2 
2026-03-19 14:19:33.258 DEBU [pymycobot.common] _read : FE FE 20 B5 01 04 18 3E 49 E4 D1 BD C4 FC 08 3E B0 0B FC BC 85 21 B3 BB 4A 76 57 BB A9 3D 8E 8A 86 50 44
2026-03-19 14:19:33.259 DEBU [pymycobot.common] _write: FE FE 0B B5 01 04 00 00 00 0C F0 0F 46 C2 
2026-03-19 14:19:33.283 DEBU [pymycobot.common] _read : FE FE 20 B5 01 04 18 3E 4A 01 D4 BD B0 8D 9D 3E B5 2A 78 BC 85 31 F9 BB 4A 86 71 BB A9 45 96 0B 43 50 44
2026-03-19 14:19:33.284 DEBU [pymycobot.common] _write: FE FE 0B B5 01 04 00 00 00 0C F0 0F 46 C2 
2026-03-19 14:19:33.309 DEBU [pymycobot.common] _read : FE FE 20 B5 01 04 18 3E 49 F2 2C BD B0 7E 86 3E B0 0C 9B BC 85 28 00 BB 4A 7F 82 BB A9 25 D4 99 2B 50 44
2026-03-19 14:19:33.310 DEBU [pymycobot.common] _write: FE FE 0B B5 01 04 00 00 00 0C F0 0F 46 C2 
2026-03-19 14:19:33.334 DEBU [pymycobot.common] _read : FE FE 20 B5 01 04 18 3E 49 E4 D1 BD C4 FC 08 3E B0 0B FC BC 85 21 B3 BB 4A 76 57 BB A9 3D 8E 8A 86 50 44
2026-03-19 14:19:33.336 DEBU [pymycobot.common] _write: FE FE 0B B5 01 04 00 00 00 0C F0 0F 46 C2 
2026-03-19 14:19:33.360 DEBU [pymycobot.common] _read : FE FE 20 B5 01 04 18 3E 49 E4 D1 BD C4 FC 08 3E B0 0B FC BC 85 21 B3 BB 4A 76 57 BB A9 3D 8E 8A 86 50 44
2026-03-19 14:19:33.361 DEBU [pymycobot.common] _write: FE FE 0B B5 01 04 00 00 00 0C F0 0F 46 C2 
2026-03-19 14:19:33.384 DEBU [pymycobot.common] _read : FE FE 20 B5 01 04 18 3E 49 E4 D1 BD C4 FC 08 3E B0 0B FC BC 85 21 B3 BB 4A 76 57 BB A9 3D 8E 8A 86 50 44
2026-03-19 14:19:33.385 DEBU [pymycobot.common] _write: FE FE 0B B5 01 04 00 00 00 0C F0 0F 46 C2 
2026-03-19 14:19:33.407 DEBU [pymycobot.common] _read : FE FE 20 B5 01 04 18 3E 49 F4 7A BD C5 0B 1F 3E B5 29 DA BC 85 2B AB BB 4A 7D 47 BB A9 5D 50 EA 53 50 44
2026-03-19 14:19:33.408 DEBU [pymycobot.common] _write: FE FE 0B B5 01 04 00 00 00 0C F0 0F 46 C2 
2026-03-19 14:19:33.432 DEBU [pymycobot.common] _read : FE FE 20 B5 01 04 18 3E 49 E4 D1 BD C4 FC 08 3E B0 0B FC BC 85 21 B3 BB 4A 76 57 BB A9 3D 8E 8A 86 50 44
2026-03-19 14:19:33.433 DEBU [pymycobot.common] _write: FE FE 0B B5 01 04 00 00 00 0C F0 0F 46 C2 
2026-03-19 14:19:33.460 DEBU [pymycobot.common] _read : FE FE 20 B5 01 04 18 3E 54 34 1F BD B0 9E 16 3E B0 19 06 BC 85 23 04 BB 4A 59 9A BB A9 04 BE 81 14 50 44
2026-03-19 14:19:33.462 DEBU [pymycobot.common] _write: FE FE 0B B5 01 04 00 00 00 0C F0 0F 46 C2 
2026-03-19 14:19:33.484 DEBU [pymycobot.common] _read : FE FE 20 B5 01 04 18 3E 49 E4 D1 BD C4 FC 08 3E B0 0B FC BC 85 21 B3 BB 4A 76 57 BB A9 3D 8E 8A 86 50 44
2026-03-19 14:19:33.486 DEBU [pymycobot.common] _write: FE FE 0B B5 01 04 00 00 00 0C F0 0F 46 C2 
2026-03-19 14:19:33.511 DEBU [pymycobot.common] _read : FE FE 20 B5 01 04 18 3E 49 E4 D1 BD C4 FC 08 3E B0 0B FC BC 85 21 B3 BB 4A 76 57 BB A9 3D 8E 8A 86 50 44
2026-03-19 14:19:33.512 DEBU [pymycobot.common] _write: FE FE 0B B5 01 04 00 00 00 0C F0 0F 46 C2 
2026-03-19 14:19:33.535 DEBU [pymycobot.common] _read : FE FE 20 B5 01 04 18 3E 49 E4 D1 BD C4 FC 08 3E B0 0B FC BC 85 21 B3 BB 4A 76 57 BB A9 3D 8E 8A 86 50 44
2026-03-19 14:19:33.536 DEBU [pymycobot.common] _write: FE FE 0B B5 01 04 00 00 00 0C F0 0F 46 C2 
2026-03-19 14:19:33.558 DEBU [pymycobot.common] _read : FE FE 20 B5 01 04 18 3E 54 36 6C BD C5 2A AE 3E B5 36 45 BC 85 26 AF BB 4A 57 5F BB A9 3C 3B FD A9 50 44
2026-03-19 14:19:33.559 DEBU [pymycobot.common] _write: FE FE 0B B5 01 04 00 00 00 0C F0 0F 46 C2 
2026-03-19 14:19:33.585 DEBU [pymycobot.common] _read : FE FE 20 B5 01 04 18 3E 54 26 C4 BD C5 1B 97 3E B0 18 68 BC 85 1C B7 BB 4A 50 6F BB A9 1C 79 94 75 50 44
2026-03-19 14:19:33.586 DEBU [pymycobot.common] _write: FE FE 0B B5 01 04 00 00 00 0C F0 0F 46 C2 
2026-03-19 14:19:33.611 DEBU [pymycobot.common] _read : FE FE 20 B5 01 04 18 3E 49 F2 2C BD B0 7E 86 3E B0 0C 9B BC 85 28 00 BB 4A 7F 82 BB A9 25 D4 99 2B 50 44
2026-03-19 14:19:33.612 DEBU [pymycobot.common] _write: FE FE 0B B5 01 04 00 00 00 0C F0 0F 46 C2 
2026-03-19 14:19:33.636 DEBU [pymycobot.common] _read : FE FE 20 B5 01 04 18 3E 49 E4 D1 BD C4 FC 08 3E B0 0B FC BC 85 21 B3 BB 4A 76 57 BB A9 3D 8E 8A 86 50 44
2026-03-19 14:19:33.637 DEBU [pymycobot.common] _write: FE FE 0B B5 01 04 00 00 00 0C F0 0F 46 C2 
2026-03-19 14:19:33.662 DEBU [pymycobot.common] _read : FE FE 20 B5 01 04 18 3E 49 E4 D1 BD C4 FC 08 3E B0 0B FC BC 85 21 B3 BB 4A 76 57 BB A9 3D 8E 8A 86 50 44
2026-03-19 14:19:33.663 DEBU [pymycobot.common] _write: FE FE 0B B5 01 04 00 00 00 0C F0 0F 46 C2 
2026-03-19 14:19:33.689 DEBU [pymycobot.common] _read : FE FE 20 B5 01 04 18 3E 49 90 3A BD C1 EC F3 3E B5 38 1F BC 85 2F 65 BB 86 2E A8 BB A9 BB B4 A2 3A 50 44
2026-03-19 14:19:33.690 DEBU [pymycobot.common] _write: FE FE 0B B5 01 04 00 00 00 0C F0 0F 46 C2 
2026-03-19 14:19:33.714 DEBU [pymycobot.common] _read : FE FE 20 B5 01 04 18 3E 49 E4 D1 BD C4 FC 08 3E B0 0B FC BC 85 21 B3 BB 4A 76 57 BB A9 3D 8E 8A 86 50 44
2026-03-19 14:19:33.715 DEBU [pymycobot.common] _write: FE FE 0B B5 01 04 00 00 00 0C F0 0F 46 C2 
2026-03-19 14:19:33.741 DEBU [pymycobot.common] _read : FE FE 20 B5 01 04 18 3E 54 36 6C BD C5 2A AE 3E B5 36 45 BC 85 26 AF BB 4A 57 5F BB A9 3C 3B FD A9 50 44
2026-03-19 14:19:33.742 DEBU [pymycobot.common] _write: FE FE 0B B5 01 04 00 00 00 0C F0 0F 46 C2 
2026-03-19 14:19:33.766 DEBU [pymycobot.common] _read : FE FE 20 B5 01 04 18 3E 49 E4 D1 BD C4 FC 08 3E B0 0B FC BC 85 21 B3 BB 4A 76 57 BB A9 3D 8E 8A 86 50 44
2026-03-19 14:19:33.767 DEBU [pymycobot.common] _write: FE FE 0B B5 01 04 00 00 00 0C F0 0F 46 C2 
2026-03-19 14:19:33.792 DEBU [pymycobot.common] _read : FE FE 20 B5 01 04 18 3E 3F B2 86 BD C4 EB 91 3E B5 1D 6D BC 85 30 A7 BB 4A A3 2F BB A9 7E 65 A8 F1 50 44
2026-03-19 14:19:33.793 DEBU [pymycobot.common] _write: FE FE 0B B5 01 04 00 00 00 0C F0 0F 46 C2 
2026-03-19 14:19:33.818 DEBU [pymycobot.common] _read : FE FE 20 B5 01 04 18 3E 49 F4 7A BD C5 0B 1F 3E B5 29 DA BC 85 2B AB BB 4A 7D 47 BB A9 5D 50 EA 53 50 44
2026-03-19 14:19:33.820 DEBU [pymycobot.common] _write: FE FE 0B B5 01 04 00 00 00 0C F0 0F 46 C2 
2026-03-19 14:19:33.843 DEBU [pymycobot.common] _read : FE FE 20 B5 01 04 18 3E 49 F4 7A BD C5 0B 1F 3E B5 29 DA BC 85 2B AB BB 4A 7D 47 BB A9 5D 50 EA 53 50 44
2026-03-19 14:19:33.844 DEBU [pymycobot.common] _write: FE FE 0B B5 01 04 00 00 00 0C F0 0F 46 C2 
2026-03-19 14:19:33.866 DEBU [pymycobot.common] _read : FE FE 20 B5 01 04 18 3E 54 34 1F BD B0 9E 16 3E B0 19 06 BC 85 23 04 BB 4A 59 9A BB A9 04 BE 81 14 50 44
2026-03-19 14:19:33.867 DEBU [pymycobot.common] _write: FE FE 0B B5 01 04 00 00 00 0C F0 0F 46 C2 
2026-03-19 14:19:33.890 DEBU [pymycobot.common] _read : FE FE 20 B5 01 04 18 3E 49 E4 D1 BD C4 FC 08 3E B0 0B FC BC 85 21 B3 BB 4A 76 57 BB A9 3D 8E 8A 86 50 44
2026-03-19 14:19:33.891 DEBU [pymycobot.common] _write: FE FE 0B B5 01 04 00 00 00 0C F0 0F 46 C2 
2026-03-19 14:19:33.913 DEBU [pymycobot.common] _read : FE FE 20 B5 01 04 18 3E 49 F4 7A BD C5 0B 1F 3E B5 29 DA BC 85 2B AB BB 4A 7D 47 BB A9 5D 50 EA 53 50 44
2026-03-19 14:19:33.914 DEBU [pymycobot.common] _write: FE FE 0B B5 01 04 00 00 00 0C F0 0F 46 C2 
2026-03-19 14:19:33.938 DEBU [pymycobot.common] _read : FE FE 20 B5 01 04 18 3E 4A 01 D4 BD B0 8D 9D 3E B5 2A 78 BC 85 31 F9 BB 4A 86 71 BB A9 45 96 0B 43 50 44
2026-03-19 14:19:33.939 DEBU [pymycobot.common] _write: FE FE 0B B5 01 04 00 00 00 0C F0 0F 46 C2 
2026-03-19 14:19:33.965 DEBU [pymycobot.common] _read : FE FE 20 B5 01 04 18 3E 49 E4 D1 BD C4 FC 08 3E B0 0B FC BC 85 21 B3 BB 4A 76 57 BB A9 3D 8E 8A 86 50 44
2026-03-19 14:19:33.967 DEBU [pymycobot.common] _write: FE FE 0B B5 01 04 00 00 00 0C F0 0F 46 C2 
2026-03-19 14:19:33.989 DEBU [pymycobot.common] _read : FE FE 20 B5 01 04 18 3E 54 36 6C BD C5 2A AE 3E B5 36 45 BC 85 26 AF BB 4A 57 5F BB A9 3C 3B FD A9 50 44
2026-03-19 14:19:33.990 DEBU [pymycobot.common] _write: FE FE 0B B5 01 04 00 00 00 0C F0 0F 46 C2 
2026-03-19 14:19:34.013 DEBU [pymycobot.common] _read : FE FE 20 B5 01 04 18 3E 54 17 1C BD C5 0C 7F 3E AA FA 8C BC 85 12 BE BB 4A 49 80 BB A8 FC B7 0B 1C 50 44
2026-03-19 14:19:34.014 DEBU [pymycobot.common] _write: FE FE 0B B5 01 04 00 00 00 0C F0 0F 46 C2 
2026-03-19 14:19:34.037 DEBU [pymycobot.common] _read : FE FE 20 B5 01 04 18 3E 54 43 C6 BD B0 AD 2D 3E B5 36 E4 BC 85 2C FC BB 4A 60 8A BB A9 24 80 9B 22 50 44
2026-03-19 14:19:34.039 DEBU [pymycobot.common] _write: FE FE 0B B5 01 04 00 00 00 0C F0 0F 46 C2 
2026-03-19 14:19:34.064 DEBU [pymycobot.common] _read : FE FE 20 B5 01 04 18 3E 49 E4 D1 BD C4 FC 08 3E B0 0B FC BC 85 21 B3 BB 4A 76 57 BB A9 3D 8E 8A 86 50 44
2026-03-19 14:19:34.065 DEBU [pymycobot.common] _write: FE FE 0B B5 01 04 00 00 00 0C F0 0F 46 C2 
2026-03-19 14:19:34.089 DEBU [pymycobot.common] _read : FE FE 20 B5 01 04 18 3E 49 D5 29 BD C4 EC F1 3E AA EE 1F BC 85 17 BB BB 4A 6F 68 BB A9 1D CC 9F 1F 50 44
2026-03-19 14:19:34.091 DEBU [pymycobot.common] _write: FE FE 0B B5 01 04 00 00 00 0C F0 0F 46 C2 
2026-03-19 14:19:34.114 DEBU [pymycobot.common] _read : FE FE 20 B5 01 04 18 3E 49 E4 D1 BD C4 FC 08 3E B0 0B FC BC 85 21 B3 BB 4A 76 57 BB A9 3D 8E 8A 86 50 44
2026-03-19 14:19:34.116 DEBU [pymycobot.common] _write: FE FE 0B B5 01 04 00 00 00 0C F0 0F 46 C2 
2026-03-19 14:19:34.141 DEBU [pymycobot.common] _read : FE FE 20 B5 01 04 18 3E 49 E4 D1 BD C4 FC 08 3E B0 0B FC BC 85 21 B3 BB 4A 76 57 BB A9 3D 8E 8A 86 50 44
2026-03-19 14:19:34.142 DEBU [pymycobot.common] _write: FE FE 0B B5 01 04 00 00 00 0C F0 0F 46 C2 
2026-03-19 14:19:34.168 DEBU [pymycobot.common] _read : FE FE 20 B5 01 04 18 3E 54 19 6A BD D9 99 17 3E B0 17 C8 BC 85 16 69 BB 4A 47 45 BB A9 34 34 CB 73 50 44
2026-03-19 14:19:34.169 DEBU [pymycobot.common] _write: FE FE 0B B5 01 04 00 00 00 0C F0 0F 46 C2 
2026-03-19 14:19:34.190 DEBU [pymycobot.common] _read : FE FE 20 B5 01 04 18 3E 49 F4 7A BD C5 0B 1F 3E B5 29 DA BC 85 2B AB BB 4A 7D 47 BB A9 5D 50 EA 53 50 44
2026-03-19 14:19:34.191 DEBU [pymycobot.common] _write: FE FE 0B B5 01 04 00 00 00 0C F0 0F 46 C2 
2026-03-19 14:19:34.214 DEBU [pymycobot.common] _read : FE FE 20 B5 01 04 18 3E 49 E4 D1 BD C4 FC 08 3E B0 0B FC BC 85 21 B3 BB 4A 76 57 BB A9 3D 8E 8A 86 50 44
2026-03-19 14:19:34.216 DEBU [pymycobot.common] _write: FE FE 0B B5 01 04 00 00 00 0C F0 0F 46 C2 
2026-03-19 14:19:34.241 DEBU [pymycobot.common] _read : FE FE 20 B5 01 04 18 3E 49 E4 D1 BD C4 FC 08 3E B0 0B FC BC 85 21 B3 BB 4A 76 57 BB A9 3D 8E 8A 86 50 44
2026-03-19 14:19:34.242 DEBU [pymycobot.common] _write: FE FE 0B B5 01 04 00 00 00 0C F0 0F 46 C2 
2026-03-19 14:19:34.265 DEBU [pymycobot.common] _read : FE FE 20 B5 01 04 18 3E 49 E4 D1 BD C4 FC 08 3E B0 0B FC BC 85 21 B3 BB 4A 76 57 BB A9 3D 8E 8A 86 50 44
2026-03-19 14:19:34.266 DEBU [pymycobot.common] _write: FE FE 0B B5 01 04 00 00 00 0C F0 0F 46 C2 
2026-03-19 14:19:34.291 DEBU [pymycobot.common] _read : FE FE 20 B5 01 04 18 3E 49 90 3A BD C1 EC F3 3E B5 38 1F BC 85 2F 65 BB 86 2E A8 BB A9 BB B4 A2 3A 50 44
2026-03-19 14:19:34.293 DEBU [pymycobot.common] _write: FE FE 0B B5 01 04 00 00 00 0C F0 0F 46 C2 
2026-03-19 14:19:34.318 DEBU [pymycobot.common] _read : FE FE 20 B5 01 04 18 3E 49 F2 2C BD B0 7E 86 3E B0 0C 9B BC 85 28 00 BB 4A 7F 82 BB A9 25 D4 99 2B 50 44
2026-03-19 14:19:34.319 DEBU [pymycobot.common] _write: FE FE 0B B5 01 04 00 00 00 0C F0 0F 46 C2 
2026-03-19 14:19:34.344 DEBU [pymycobot.common] _read : FE FE 20 B5 01 04 18 3E 49 F4 7A BD C5 0B 1F 3E B5 29 DA BC 85 2B AB BB 4A 7D 47 BB A9 5D 50 EA 53 50 44
2026-03-19 14:19:34.345 DEBU [pymycobot.common] _write: FE FE 0B B5 01 04 00 00 00 0C F0 0F 46 C2 
2026-03-19 14:19:34.370 DEBU [pymycobot.common] _read : FE FE 20 B5 01 04 18 3E 54 26 C4 BD C5 1B 97 3E B0 18 68 BC 85 1C B7 BB 4A 50 6F BB A9 1C 79 94 75 50 44
2026-03-19 14:19:34.371 DEBU [pymycobot.common] _write: FE FE 0B B5 01 04 00 00 00 0C F0 0F 46 C2 
2026-03-19 14:19:34.395 DEBU [pymycobot.common] _read : FE FE 20 B5 01 04 18 3E 49 F4 7A BD C5 0B 1F 3E B5 29 DA BC 85 2B AB BB 4A 7D 47 BB A9 5D 50 EA 53 50 44
2026-03-19 14:19:34.396 DEBU [pymycobot.common] _write: FE FE 0B B5 01 04 00 00 00 0C F0 0F 46 C2 
2026-03-19 14:19:34.419 DEBU [pymycobot.common] _read : FE FE 20 B5 01 04 18 3E 49 F4 7A BD C5 0B 1F 3E B5 29 DA BC 85 2B AB BB 4A 7D 47 BB A9 5D 50 EA 53 50 44
2026-03-19 14:19:34.420 DEBU [pymycobot.common] _write: FE FE 0B B5 01 04 00 00 00 0C F0 0F 46 C2 
2026-03-19 14:19:34.444 DEBU [pymycobot.common] _read : FE FE 20 B5 01 04 18 3E 49 F2 2C BD B0 7E 86 3E B0 0C 9B BC 85 28 00 BB 4A 7F 82 BB A9 25 D4 99 2B 50 44
2026-03-19 14:19:34.445 DEBU [pymycobot.common] _write: FE FE 0B B5 01 04 00 00 00 0C F0 0F 46 C2 
2026-03-19 14:19:34.469 DEBU [pymycobot.common] _read : FE FE 20 B5 01 04 18 3E 49 E4 D1 BD C4 FC 08 3E B0 0B FC BC 85 21 B3 BB 4A 76 57 BB A9 3D 8E 8A 86 50 44
2026-03-19 14:19:34.470 DEBU [pymycobot.common] _write: FE FE 0B B5 01 04 00 00 00 0C F0 0F 46 C2 
2026-03-19 14:19:34.493 DEBU [pymycobot.common] _read : FE FE 20 B5 01 04 18 3E 49 E4 D1 BD C4 FC 08 3E B0 0B FC BC 85 21 B3 BB 4A 76 57 BB A9 3D 8E 8A 86 50 44
2026-03-19 14:19:34.495 DEBU [pymycobot.common] _write: FE FE 0B B5 01 04 00 00 00 0C F0 0F 46 C2 
2026-03-19 14:19:34.515 DEBU [pymycobot.common] _read : FE FE 20 B5 01 04 18 3E 49 F2 2C BD B0 7E 86 3E B0 0C 9B BC 85 28 00 BB 4A 7F 82 BB A9 25 D4 99 2B 50 44
2026-03-19 14:19:34.517 DEBU [pymycobot.common] _write: FE FE 0B B5 01 04 00 00 00 0C F0 0F 46 C2 
2026-03-19 14:19:34.541 DEBU [pymycobot.common] _read : FE FE 20 B5 01 04 18 3E 4A 01 D4 BD B0 8D 9D 3E B5 2A 78 BC 85 31 F9 BB 4A 86 71 BB A9 45 96 0B 43 50 44
2026-03-19 14:19:34.542 DEBU [pymycobot.common] _write: FE FE 0B B5 01 04 00 00 00 0C F0 0F 46 C2 
2026-03-19 14:19:34.566 DEBU [pymycobot.common] _read : FE FE 20 B5 01 04 18 3E 4A 01 D4 BD B0 8D 9D 3E B5 2A 78 BC 85 31 F9 BB 4A 86 71 BB A9 45 96 0B 43 50 44
2026-03-19 14:19:34.567 DEBU [pymycobot.common] _write: FE FE 0B B5 01 04 00 00 00 0C F0 0F 46 C2 
2026-03-19 14:19:34.593 DEBU [pymycobot.common] _read : FE FE 20 B5 01 04 18 3E 49 F4 7A BD C5 0B 1F 3E B5 29 DA BC 85 2B AB BB 4A 7D 47 BB A9 5D 50 EA 53 50 44
2026-03-19 14:19:34.594 DEBU [pymycobot.common] _write: FE FE 0B B5 01 04 00 00 00 0C F0 0F 46 C2 
2026-03-19 14:19:34.619 DEBU [pymycobot.common] _read : FE FE 20 B5 01 04 18 3E 4A 0D 7B BD B0 4F A8 3E B0 07 2C BC 85 18 06 BB 4B 21 21 BB C9 D4 DE 0C B1 50 44
2026-03-19 14:19:34.621 DEBU [pymycobot.common] _write: FE FE 0B B5 01 04 00 00 00 0C F0 0F 46 C2 
2026-03-19 14:19:34.645 DEBU [pymycobot.common] _read : FE FE 20 B5 01 04 18 3E 49 F4 7A BD C5 0B 1F 3E B5 29 DA BC 85 2B AB BB 4A 7D 47 BB A9 5D 50 EA 53 50 44
2026-03-19 14:19:34.647 DEBU [pymycobot.common] _write: FE FE 0B B5 01 04 00 00 00 0C F0 0F 46 C2 
2026-03-19 14:19:34.672 DEBU [pymycobot.common] _read : FE FE 20 B5 01 04 18 3E 54 36 6C BD C5 2A AE 3E B5 36 45 BC 85 26 AF BB 4A 57 5F BB A9 3C 3B FD A9 50 44
2026-03-19 14:19:34.673 DEBU [pymycobot.common] _write: FE FE 0B B5 01 04 00 00 00 0C F0 0F 46 C2 
2026-03-19 14:19:34.697 DEBU [pymycobot.common] _read : FE FE 20 B5 01 04 18 3E 49 F4 7A BD C5 0B 1F 3E B5 29 DA BC 85 2B AB BB 4A 7D 47 BB A9 5D 50 EA 53 50 44
2026-03-19 14:19:34.699 DEBU [pymycobot.common] _write: FE FE 0B B5 01 04 00 00 00 0C F0 0F 46 C2 
2026-03-19 14:19:34.723 DEBU [pymycobot.common] _read : FE FE 20 B5 01 04 18 3E 49 F2 2C BD B0 7E 86 3E B0 0C 9B BC 85 28 00 BB 4A 7F 82 BB A9 25 D4 99 2B 50 44
2026-03-19 14:19:34.724 DEBU [pymycobot.common] _write: FE FE 0B B5 01 04 00 00 00 0C F0 0F 46 C2 
2026-03-19 14:19:34.745 DEBU [pymycobot.common] _read : FE FE 20 B5 01 04 18 3E 49 E4 D1 BD C4 FC 08 3E B0 0B FC BC 85 21 B3 BB 4A 76 57 BB A9 3D 8E 8A 86 50 44
2026-03-19 14:19:34.746 DEBU [pymycobot.common] _write: FE FE 0B B5 01 04 00 00 00 0C F0 0F 46 C2 
2026-03-19 14:19:34.770 DEBU [pymycobot.common] _read : FE FE 20 B5 01 04 18 3E 49 F2 2C BD B0 7E 86 3E B0 0C 9B BC 85 28 00 BB 4A 7F 82 BB A9 25 D4 99 2B 50 44
2026-03-19 14:19:34.771 DEBU [pymycobot.common] _write: FE FE 0B B5 01 04 00 00 00 0C F0 0F 46 C2 
2026-03-19 14:19:34.796 DEBU [pymycobot.common] _read : FE FE 20 B5 01 04 18 3E 49 E4 D1 BD C4 FC 08 3E B0 0B FC BC 85 21 B3 BB 4A 76 57 BB A9 3D 8E 8A 86 50 44
2026-03-19 14:19:34.797 DEBU [pymycobot.common] _write: FE FE 0B B5 01 04 00 00 00 0C F0 0F 46 C2 
2026-03-19 14:19:34.822 DEBU [pymycobot.common] _read : FE FE 20 B5 01 04 18 3E 49 F2 2C BD B0 7E 86 3E B0 0C 9B BC 85 28 00 BB 4A 7F 82 BB A9 25 D4 99 2B 50 44
2026-03-19 14:19:34.823 DEBU [pymycobot.common] _write: FE FE 0B B5 01 04 00 00 00 0C F0 0F 46 C2 
2026-03-19 14:19:34.847 DEBU [pymycobot.common] _read : FE FE 20 B5 01 04 18 3E 49 8D EC BD AD 60 5B 3E B0 1A E1 BC 85 2B BA BB 86 2F C5 BB A9 84 37 42 A0 50 44
2026-03-19 14:19:34.848 DEBU [pymycobot.common] _write: FE FE 0B B5 01 04 00 00 00 0C F0 0F 46 C2 
2026-03-19 14:19:34.874 DEBU [pymycobot.common] _read : FE FE 20 B5 01 04 18 3E 49 F4 7A BD C5 0B 1F 3E B5 29 DA BC 85 2B AB BB 4A 7D 47 BB A9 5D 50 EA 53 50 44
2026-03-19 14:19:34.875 DEBU [pymycobot.common] _write: FE FE 0B B5 01 04 00 00 00 0C F0 0F 46 C2 
2026-03-19 14:19:34.898 DEBU [pymycobot.common] _read : FE FE 20 B5 01 04 18 3E 54 34 1F BD B0 9E 16 3E B0 19 06 BC 85 23 04 BB 4A 59 9A BB A9 04 BE 81 14 50 44
2026-03-19 14:19:34.899 DEBU [pymycobot.common] _write: FE FE 0B B5 01 04 00 00 00 0C F0 0F 46 C2 
2026-03-19 14:19:34.926 DEBU [pymycobot.common] _read : FE FE 20 B5 01 04 18 3E 49 90 3A BD C1 EC F3 3E B5 38 1F BC 85 2F 65 BB 86 2E A8 BB A9 BB B4 A2 3A 50 44
2026-03-19 14:19:34.927 DEBU [pymycobot.common] _write: FE FE 0B B5 01 04 00 00 00 0C F0 0F 46 C2 
2026-03-19 14:19:34.950 DEBU [pymycobot.common] _read : FE FE 20 B5 01 04 18 3E 54 26 C4 BD C5 1B 97 3E B0 18 68 BC 85 1C B7 BB 4A 50 6F BB A9 1C 79 94 75 50 44
2026-03-19 14:19:34.951 DEBU [pymycobot.common] _write: FE FE 0B B5 01 04 00 00 00 0C F0 0F 46 C2 
2026-03-19 14:19:34.975 DEBU [pymycobot.common] _read : FE FE 20 B5 01 04 18 3E 54 36 6C BD C5 2A AE 3E B5 36 45 BC 85 26 AF BB 4A 57 5F BB A9 3C 3B FD A9 50 44
2026-03-19 14:19:34.976 DEBU [pymycobot.common] _write: FE FE 0B B5 01 04 00 00 00 0C F0 0F 46 C2 
2026-03-19 14:19:35.003 DEBU [pymycobot.common] _read : FE FE 20 B5 01 04 18 3E 49 E4 D1 BD C4 FC 08 3E B0 0B FC BC 85 21 B3 BB 4A 76 57 BB A9 3D 8E 8A 86 50 44
2026-03-19 14:19:35.004 DEBU [pymycobot.common] _write: FE FE 0B B5 01 04 00 00 00 0C F0 0F 46 C2 
2026-03-19 14:19:35.027 DEBU [pymycobot.common] _read : FE FE 20 B5 01 04 18 3E 53 B2 DC BD C1 EE 53 3E AB 08 D1 BC 85 16 78 BB 86 14 C4 BB A9 5B 1B 39 60 50 44
2026-03-19 14:19:35.028 DEBU [pymycobot.common] _write: FE FE 0B B5 01 04 00 00 00 0C F0 0F 46 C2 
2026-03-19 14:19:35.055 DEBU [pymycobot.common] _read : FE FE 20 B5 01 04 18 3E 49 E4 D1 BD C4 FC 08 3E B0 0B FC BC 85 21 B3 BB 4A 76 57 BB A9 3D 8E 8A 86 50 44
2026-03-19 14:19:35.056 DEBU [pymycobot.common] _write: FE FE 0B B5 01 04 00 00 00 0C F0 0F 46 C2 
2026-03-19 14:19:35.079 DEBU [pymycobot.common] _read : FE FE 20 B5 01 04 18 3E 54 36 6C BD C5 2A AE 3E B5 36 45 BC 85 26 AF BB 4A 57 5F BB A9 3C 3B FD A9 50 44
2026-03-19 14:19:35.080 DEBU [pymycobot.common] _write: FE FE 0B B5 01 04 00 00 00 0C F0 0F 46 C2 
2026-03-19 14:19:35.101 DEBU [pymycobot.common] _read : FE FE 20 B5 01 04 18 3E 54 36 6C BD C5 2A AE 3E B5 36 45 BC 85 26 AF BB 4A 57 5F BB A9 3C 3B FD A9 50 44
2026-03-19 14:19:35.102 DEBU [pymycobot.common] _write: FE FE 0B B5 01 04 00 00 00 0C F0 0F 46 C2 
2026-03-19 14:19:35.127 DEBU [pymycobot.common] _read : FE FE 20 B5 01 04 18 3E 54 34 1F BD B0 9E 16 3E B0 19 06 BC 85 23 04 BB 4A 59 9A BB A9 04 BE 81 14 50 44
2026-03-19 14:19:35.128 DEBU [pymycobot.common] _write: FE FE 0B B5 01 04 00 00 00 0C F0 0F 46 C2 
2026-03-19 14:19:35.151 DEBU [pymycobot.common] _read : FE FE 20 B5 01 04 18 3E 54 34 1F BD B0 9E 16 3E B0 19 06 BC 85 23 04 BB 4A 59 9A BB A9 04 BE 81 14 50 44
2026-03-19 14:19:35.152 DEBU [pymycobot.common] _write: FE FE 0B B5 01 04 00 00 00 0C F0 0F 46 C2 
2026-03-19 14:19:35.175 DEBU [pymycobot.common] _read : FE FE 20 B5 01 04 18 3E 49 F4 7A BD C5 0B 1F 3E B5 29 DA BC 85 2B AB BB 4A 7D 47 BB A9 5D 50 EA 53 50 44
2026-03-19 14:19:35.176 DEBU [pymycobot.common] _write: FE FE 0B B5 01 04 00 00 00 0C F0 0F 46 C2 
2026-03-19 14:19:35.202 DEBU [pymycobot.common] _read : FE FE 20 B5 01 04 18 3E 49 E4 D1 BD C4 FC 08 3E B0 0B FC BC 85 21 B3 BB 4A 76 57 BB A9 3D 8E 8A 86 50 44
2026-03-19 14:19:35.203 DEBU [pymycobot.common] _write: FE FE 0B B5 01 04 00 00 00 0C F0 0F 46 C2 
2026-03-19 14:19:35.226 DEBU [pymycobot.common] _read : FE FE 20 B5 01 04 18 3E 49 E4 D1 BD C4 FC 08 3E B0 0B FC BC 85 21 B3 BB 4A 76 57 BB A9 3D 8E 8A 86 50 44
2026-03-19 14:19:35.227 DEBU [pymycobot.common] _write: FE FE 0B B5 01 04 00 00 00 0C F0 0F 46 C2 
2026-03-19 14:19:35.251 DEBU [pymycobot.common] _read : FE FE 20 B5 01 04 18 3E 49 F2 2C BD B0 7E 86 3E B0 0C 9B BC 85 28 00 BB 4A 7F 82 BB A9 25 D4 99 2B 50 44
2026-03-19 14:19:35.253 DEBU [pymycobot.common] _write: FE FE 0B B5 01 04 00 00 00 0C F0 0F 46 C2 
2026-03-19 14:19:35.277 DEBU [pymycobot.common] _read : FE FE 20 B5 01 04 18 3E 4A 01 D4 BD B0 8D 9D 3E B5 2A 78 BC 85 31 F9 BB 4A 86 71 BB A9 45 96 0B 43 50 44
2026-03-19 14:19:35.278 DEBU [pymycobot.common] _write: FE FE 0B B5 01 04 00 00 00 0C F0 0F 46 C2 
2026-03-19 14:19:35.302 DEBU [pymycobot.common] _read : FE FE 20 B5 01 04 18 3E 49 E4 D1 BD C4 FC 08 3E B0 0B FC BC 85 21 B3 BB 4A 76 57 BB A9 3D 8E 8A 86 50 44
2026-03-19 14:19:35.303 DEBU [pymycobot.common] _write: FE FE 0B B5 01 04 00 00 00 0C F0 0F 46 C2 
2026-03-19 14:19:35.329 DEBU [pymycobot.common] _read : FE FE 20 B5 01 04 18 3E 49 E4 D1 BD C4 FC 08 3E B0 0B FC BC 85 21 B3 BB 4A 76 57 BB A9 3D 8E 8A 86 50 44
2026-03-19 14:19:35.330 DEBU [pymycobot.common] _write: FE FE 0B B5 01 04 00 00 00 0C F0 0F 46 C2 
2026-03-19 14:19:35.356 DEBU [pymycobot.common] _read : FE FE 20 B5 01 04 18 3E 49 E4 D1 BD C4 FC 08 3E B0 0B FC BC 85 21 B3 BB 4A 76 57 BB A9 3D 8E 8A 86 50 44
2026-03-19 14:19:35.357 DEBU [pymycobot.common] _write: FE FE 0B B5 01 04 00 00 00 0C F0 0F 46 C2 
2026-03-19 14:19:35.380 DEBU [pymycobot.common] _read : FE FE 20 B5 01 04 18 3E 49 F4 7A BD C5 0B 1F 3E B5 29 DA BC 85 2B AB BB 4A 7D 47 BB A9 5D 50 EA 53 50 44
2026-03-19 14:19:35.382 DEBU [pymycobot.common] _write: FE FE 0B B5 01 04 00 00 00 0C F0 0F 46 C2 
2026-03-19 14:19:35.407 DEBU [pymycobot.common] _read : FE FE 20 B5 01 04 18 3E 49 E4 D1 BD C4 FC 08 3E B0 0B FC BC 85 21 B3 BB 4A 76 57 BB A9 3D 8E 8A 86 50 44
2026-03-19 14:19:35.408 DEBU [pymycobot.common] _write: FE FE 0B B5 01 04 00 00 00 0C F0 0F 46 C2 
2026-03-19 14:19:35.430 DEBU [pymycobot.common] _read : FE FE 20 B5 01 04 18 3E 49 E4 D1 BD C4 FC 08 3E B0 0B FC BC 85 21 B3 BB 4A 76 57 BB A9 3D 8E 8A 86 50 44
2026-03-19 14:19:35.431 DEBU [pymycobot.common] _write: FE FE 0B B5 01 04 00 00 00 0C F0 0F 46 C2 
2026-03-19 14:19:35.455 DEBU [pymycobot.common] _read : FE FE 20 B5 01 04 18 3E 54 26 C4 BD C5 1B 97 3E B0 18 68 BC 85 1C B7 BB 4A 50 6F BB A9 1C 79 94 75 50 44
2026-03-19 14:19:35.456 DEBU [pymycobot.common] _write: FE FE 0B B5 01 04 00 00 00 0C F0 0F 46 C2 
2026-03-19 14:19:35.479 DEBU [pymycobot.common] _read : FE FE 20 B5 01 04 18 3E 54 34 1F BD B0 9E 16 3E B0 19 06 BC 85 23 04 BB 4A 59 9A BB A9 04 BE 81 14 50 44
2026-03-19 14:19:35.480 DEBU [pymycobot.common] _write: FE FE 0B B5 01 04 00 00 00 0C F0 0F 46 C2 
2026-03-19 14:19:35.506 DEBU [pymycobot.common] _read : FE FE 20 B5 01 04 18 3E 49 90 3A BD C1 EC F3 3E B5 38 1F BC 85 2F 65 BB 86 2E A8 BB A9 BB B4 A2 3A 50 44
2026-03-19 14:19:35.507 DEBU [pymycobot.common] _write: FE FE 0B B5 01 04 00 00 00 0C F0 0F 46 C2 
2026-03-19 14:19:35.530 DEBU [pymycobot.common] _read : FE FE 20 B5 01 04 18 3E 49 E4 D1 BD C4 FC 08 3E B0 0B FC BC 85 21 B3 BB 4A 76 57 BB A9 3D 8E 8A 86 50 44
2026-03-19 14:19:35.531 DEBU [pymycobot.common] _write: FE FE 0B B5 01 04 00 00 00 0C F0 0F 46 C2 
2026-03-19 14:19:35.557 DEBU [pymycobot.common] _read : FE FE 20 B5 01 04 18 3E 4A 01 D4 BD B0 8D 9D 3E B5 2A 78 BC 85 31 F9 BB 4A 86 71 BB A9 45 96 0B 43 50 44
2026-03-19 14:19:35.558 DEBU [pymycobot.common] _write: FE FE 0B B5 01 04 00 00 00 0C F0 0F 46 C2 
2026-03-19 14:19:35.581 DEBU [pymycobot.common] _read : FE FE 20 B5 01 04 18 3E 49 E4 D1 BD C4 FC 08 3E B0 0B FC BC 85 21 B3 BB 4A 76 57 BB A9 3D 8E 8A 86 50 44
2026-03-19 14:19:35.582 DEBU [pymycobot.common] _write: FE FE 0B B5 01 04 00 00 00 0C F0 0F 46 C2 
2026-03-19 14:19:35.604 DEBU [pymycobot.common] _read : FE FE 20 B5 01 04 18 3E 49 E4 D1 BD C4 FC 08 3E B0 0B FC BC 85 21 B3 BB 4A 76 57 BB A9 3D 8E 8A 86 50 44
2026-03-19 14:19:35.605 DEBU [pymycobot.common] _write: FE FE 0B B5 01 04 00 00 00 0C F0 0F 46 C2 
2026-03-19 14:19:35.630 DEBU [pymycobot.common] _read : FE FE 20 B5 01 04 18 3E 49 E4 D1 BD C4 FC 08 3E B0 0B FC BC 85 21 B3 BB 4A 76 57 BB A9 3D 8E 8A 86 50 44
2026-03-19 14:19:35.631 DEBU [pymycobot.common] _write: FE FE 0B B5 01 04 00 00 00 0C F0 0F 46 C2 
2026-03-19 14:19:35.655 DEBU [pymycobot.common] _read : FE FE 20 B5 01 04 18 3E 4A 01 D4 BD B0 8D 9D 3E B5 2A 78 BC 85 31 F9 BB 4A 86 71 BB A9 45 96 0B 43 50 44
2026-03-19 14:19:35.656 DEBU [pymycobot.common] _write: FE FE 0B B5 01 04 00 00 00 0C F0 0F 46 C2 
2026-03-19 14:19:35.682 DEBU [pymycobot.common] _read : FE FE 20 B5 01 04 18 3E 49 E4 D1 BD C4 FC 08 3E B0 0B FC BC 85 21 B3 BB 4A 76 57 BB A9 3D 8E 8A 86 50 44
2026-03-19 14:19:35.683 DEBU [pymycobot.common] _write: FE FE 0B B5 01 04 00 00 00 0C F0 0F 46 C2 
2026-03-19 14:19:35.707 DEBU [pymycobot.common] _read : FE FE 20 B5 01 04 18 3E 49 E4 D1 BD C4 FC 08 3E B0 0B FC BC 85 21 B3 BB 4A 76 57 BB A9 3D 8E 8A 86 50 44
2026-03-19 14:19:35.708 DEBU [pymycobot.common] _write: FE FE 0B B5 01 04 00 00 00 0C F0 0F 46 C2 
2026-03-19 14:19:35.734 DEBU [pymycobot.common] _read : FE FE 20 B5 01 04 18 3E 49 F2 2C BD B0 7E 86 3E B0 0C 9B BC 85 28 00 BB 4A 7F 82 BB A9 25 D4 99 2B 50 44
2026-03-19 14:19:35.735 DEBU [pymycobot.common] _write: FE FE 0B B5 01 04 00 00 00 0C F0 0F 46 C2 
2026-03-19 14:19:35.759 DEBU [pymycobot.common] _read : FE FE 20 B5 01 04 18 3E 49 E4 D1 BD C4 FC 08 3E B0 0B FC BC 85 21 B3 BB 4A 76 57 BB A9 3D 8E 8A 86 50 44
2026-03-19 14:19:35.760 DEBU [pymycobot.common] _write: FE FE 0B B5 01 04 00 00 00 0C F0 0F 46 C2 
2026-03-19 14:19:35.787 DEBU [pymycobot.common] _read : FE FE 20 B5 01 04 18 3E 49 E4 D1 BD C4 FC 08 3E B0 0B FC BC 85 21 B3 BB 4A 76 57 BB A9 3D 8E 8A 86 50 44
2026-03-19 14:19:35.788 DEBU [pymycobot.common] _write: FE FE 0B B5 01 04 00 00 00 0C F0 0F 46 C2 
2026-03-19 14:19:35.812 DEBU [pymycobot.common] _read : FE FE 20 B5 01 04 18 3E 54 26 C4 BD C5 1B 97 3E B0 18 68 BC 85 1C B7 BB 4A 50 6F BB A9 1C 79 94 75 50 44
2026-03-19 14:19:35.813 DEBU [pymycobot.common] _write: FE FE 0B B5 01 04 00 00 00 0C F0 0F 46 C2 
2026-03-19 14:19:35.838 DEBU [pymycobot.common] _read : FE FE 20 B5 01 04 18 3E 49 F2 2C BD B0 7E 86 3E B0 0C 9B BC 85 28 00 BB 4A 7F 82 BB A9 25 D4 99 2B 50 44
2026-03-19 14:19:35.839 DEBU [pymycobot.common] _write: FE FE 0B B5 01 04 00 00 00 0C F0 0F 46 C2 
2026-03-19 14:19:35.862 DEBU [pymycobot.common] _read : FE FE 20 B5 01 04 18 3E 49 E4 D1 BD C4 FC 08 3E B0 0B FC BC 85 21 B3 BB 4A 76 57 BB A9 3D 8E 8A 86 50 44
2026-03-19 14:19:35.862 DEBU [pymycobot.common] _write: FE FE 0B B5 01 04 00 00 00 0C F0 0F 46 C2 
2026-03-19 14:19:35.884 DEBU [pymycobot.common] _read : FE FE 20 B5 01 04 18 3E 49 E2 84 BD B0 6F 6F 3E AA EE BD BC 85 1E 08 BB 4A 78 92 BB A9 06 12 A3 20 50 44
2026-03-19 14:19:35.885 DEBU [pymycobot.common] _write: FE FE 0B B5 01 04 00 00 00 0C F0 0F 46 C2 
2026-03-19 14:19:35.910 DEBU [pymycobot.common] _read : FE FE 20 B5 01 04 18 3E 54 26 C4 BD C5 1B 97 3E B0 18 68 BC 85 1C B7 BB 4A 50 6F BB A9 1C 79 94 75 50 44
2026-03-19 14:19:35.911 DEBU [pymycobot.common] _write: FE FE 0B B5 01 04 00 00 00 0C F0 0F 46 C2 
2026-03-19 14:19:35.936 DEBU [pymycobot.common] _read : FE FE 20 B5 01 04 18 3E 54 36 6C BD C5 2A AE 3E B5 36 45 BC 85 26 AF BB 4A 57 5F BB A9 3C 3B FD A9 50 44
2026-03-19 14:19:35.937 DEBU [pymycobot.common] _write: FE FE 0B B5 01 04 00 00 00 0C F0 0F 46 C2 
2026-03-19 14:19:35.959 DEBU [pymycobot.common] _read : FE FE 20 B5 01 04 18 3E 49 E4 D1 BD C4 FC 08 3E B0 0B FC BC 85 21 B3 BB 4A 76 57 BB A9 3D 8E 8A 86 50 44
2026-03-19 14:19:35.960 DEBU [pymycobot.common] _write: FE FE 0B B5 01 04 00 00 00 0C F0 0F 46 C2 
2026-03-19 14:19:35.983 DEBU [pymycobot.common] _read : FE FE 20 B5 01 04 18 3E 49 D6 DD BD B0 AD 66 3E B0 12 0C BC 85 37 FA BB 49 DD E2 BB 88 76 CC D2 14 50 44
2026-03-19 14:19:35.984 DEBU [pymycobot.common] _write: FE FE 0B B5 01 04 00 00 00 0C F0 0F 46 C2 
2026-03-19 14:19:36.008 DEBU [pymycobot.common] _read : FE FE 20 B5 01 04 18 3E 49 E4 D1 BD C4 FC 08 3E B0 0B FC BC 85 21 B3 BB 4A 76 57 BB A9 3D 8E 8A 86 50 44
2026-03-19 14:19:36.009 DEBU [pymycobot.common] _write: FE FE 0B B5 01 04 00 00 00 0C F0 0F 46 C2 
2026-03-19 14:19:36.035 DEBU [pymycobot.common] _read : FE FE 20 B5 01 04 18 3E 54 26 C4 BD C5 1B 97 3E B0 18 68 BC 85 1C B7 BB 4A 50 6F BB A9 1C 79 94 75 50 44
2026-03-19 14:19:36.035 DEBU [pymycobot.common] _write: FE FE 0B B5 01 04 00 00 00 0C F0 0F 46 C2 
2026-03-19 14:19:36.061 DEBU [pymycobot.common] _read : FE FE 20 B5 01 04 18 3E 54 26 C4 BD C5 1B 97 3E B0 18 68 BC 85 1C B7 BB 4A 50 6F BB A9 1C 79 94 75 50 44
2026-03-19 14:19:36.062 DEBU [pymycobot.common] _write: FE FE 0B B5 01 04 00 00 00 0C F0 0F 46 C2 
2026-03-19 14:19:36.088 DEBU [pymycobot.common] _read : FE FE 20 B5 01 04 18 3E 49 80 91 BD C1 DD DC 3E B0 1A 43 BC 85 25 6D BB 86 2B 30 BB A9 9B F2 0B CA 50 44
2026-03-19 14:19:36.089 DEBU [pymycobot.common] _write: FE FE 0B B5 01 04 00 00 00 0C F0 0F 46 C2 
2026-03-19 14:19:36.113 DEBU [pymycobot.common] _read : FE FE 20 B5 01 04 18 3E 49 F4 7A BD C5 0B 1F 3E B5 29 DA BC 85 2B AB BB 4A 7D 47 BB A9 5D 50 EA 53 50 44
2026-03-19 14:19:36.114 DEBU [pymycobot.common] _write: FE FE 0B B5 01 04 00 00 00 0C F0 0F 46 C2 
2026-03-19 14:19:36.139 DEBU [pymycobot.common] _read : FE FE 20 B5 01 04 18 3E 49 F2 2C BD B0 7E 86 3E B0 0C 9B BC 85 28 00 BB 4A 7F 82 BB A9 25 D4 99 2B 50 44
2026-03-19 14:19:36.140 DEBU [pymycobot.common] _write: FE FE 0B B5 01 04 00 00 00 0C F0 0F 46 C2 
2026-03-19 14:19:36.165 DEBU [pymycobot.common] _read : FE FE 20 B5 01 04 18 3E 49 E4 D1 BD C4 FC 08 3E B0 0B FC BC 85 21 B3 BB 4A 76 57 BB A9 3D 8E 8A 86 50 44
2026-03-19 14:19:36.166 DEBU [pymycobot.common] _write: FE FE 0B B5 01 04 00 00 00 0C F0 0F 46 C2 
2026-03-19 14:19:36.190 DEBU [pymycobot.common] _read : FE FE 20 B5 01 04 18 3E 49 E4 D1 BD C4 FC 08 3E B0 0B FC BC 85 21 B3 BB 4A 76 57 BB A9 3D 8E 8A 86 50 44
2026-03-19 14:19:36.191 DEBU [pymycobot.common] _write: FE FE 0B B5 01 04 00 00 00 0C F0 0F 46 C2 
2026-03-19 14:19:36.217 DEBU [pymycobot.common] _read : FE FE 20 B5 01 04 18 3E 54 26 C4 BD C5 1B 97 3E B0 18 68 BC 85 1C B7 BB 4A 50 6F BB A9 1C 79 94 75 50 44
2026-03-19 14:19:36.218 DEBU [pymycobot.common] _write: FE FE 0B B5 01 04 00 00 00 0C F0 0F 46 C2 
2026-03-19 14:19:36.241 DEBU [pymycobot.common] _read : FE FE 20 B5 01 04 18 3E 49 F4 7A BD C5 0B 1F 3E B5 29 DA BC 85 2B AB BB 4A 7D 47 BB A9 5D 50 EA 53 50 44
2026-03-19 14:19:36.242 DEBU [pymycobot.common] _write: FE FE 0B B5 01 04 00 00 00 0C F0 0F 46 C2 
2026-03-19 14:19:36.264 DEBU [pymycobot.common] _read : FE FE 20 B5 01 04 18 3E 3F B2 86 BD C4 EB 91 3E B5 1D 6D BC 85 30 A7 BB 4A A3 2F BB A9 7E 65 A8 F1 50 44
2026-03-19 14:19:36.265 DEBU [pymycobot.common] _write: FE FE 0B B5 01 04 00 00 00 0C F0 0F 46 C2 
2026-03-19 14:19:36.290 DEBU [pymycobot.common] _read : FE FE 20 B5 01 04 18 3E 49 80 91 BD C1 DD DC 3E B0 1A 43 BC 85 25 6D BB 86 2B 30 BB A9 9B F2 0B CA 50 44
2026-03-19 14:19:36.290 DEBU [pymycobot.common] _write: FE FE 0B B5 01 04 00 00 00 0C F0 0F 46 C2 
2026-03-19 14:19:36.314 DEBU [pymycobot.common] _read : FE FE 20 B5 01 04 18 3E 49 F4 7A BD C5 0B 1F 3E B5 29 DA BC 85 2B AB BB 4A 7D 47 BB A9 5D 50 EA 53 50 44
2026-03-19 14:19:36.315 DEBU [pymycobot.common] _write: FE FE 0B B5 01 04 00 00 00 0C F0 0F 46 C2 
2026-03-19 14:19:36.341 DEBU [pymycobot.common] _read : FE FE 20 B5 01 04 18 3E 49 F2 2C BD B0 7E 86 3E B0 0C 9B BC 85 28 00 BB 4A 7F 82 BB A9 25 D4 99 2B 50 44
2026-03-19 14:19:36.342 DEBU [pymycobot.common] _write: FE FE 0B B5 01 04 00 00 00 0C F0 0F 46 C2 
2026-03-19 14:19:36.368 DEBU [pymycobot.common] _read : FE FE 20 B5 01 04 18 3E 54 26 C4 BD C5 1B 97 3E B0 18 68 BC 85 1C B7 BB 4A 50 6F BB A9 1C 79 94 75 50 44
2026-03-19 14:19:36.369 DEBU [pymycobot.common] _write: FE FE 0B B5 01 04 00 00 00 0C F0 0F 46 C2 
2026-03-19 14:19:36.394 DEBU [pymycobot.common] _read : FE FE 20 B5 01 04 18 3E 49 F4 7A BD C5 0B 1F 3E B5 29 DA BC 85 2B AB BB 4A 7D 47 BB A9 5D 50 EA 53 50 44
2026-03-19 14:19:36.396 DEBU [pymycobot.common] _write: FE FE 0B B5 01 04 00 00 00 0C F0 0F 46 C2 
2026-03-19 14:19:36.420 DEBU [pymycobot.common] _read : FE FE 20 B5 01 04 18 3E 49 F4 7A BD C5 0B 1F 3E B5 29 DA BC 85 2B AB BB 4A 7D 47 BB A9 5D 50 EA 53 50 44
2026-03-19 14:19:36.421 DEBU [pymycobot.common] _write: FE FE 0B B5 01 04 00 00 00 0C F0 0F 46 C2 
2026-03-19 14:19:36.445 DEBU [pymycobot.common] _read : FE FE 20 B5 01 04 18 3E 54 36 6C BD C5 2A AE 3E B5 36 45 BC 85 26 AF BB 4A 57 5F BB A9 3C 3B FD A9 50 44
2026-03-19 14:19:36.446 DEBU [pymycobot.common] _write: FE FE 0B B5 01 04 00 00 00 0C F0 0F 46 C2 
2026-03-19 14:19:36.471 DEBU [pymycobot.common] _read : FE FE 20 B5 01 04 18 3E 49 E4 D1 BD C4 FC 08 3E B0 0B FC BC 85 21 B3 BB 4A 76 57 BB A9 3D 8E 8A 86 50 44
2026-03-19 14:19:36.473 DEBU [pymycobot.common] _write: FE FE 0B B5 01 04 00 00 00 0C F0 0F 46 C2 
2026-03-19 14:19:36.493 DEBU [pymycobot.common] _read : FE FE 20 B5 01 04 18 3E 54 26 C4 BD C5 1B 97 3E B0 18 68 BC 85 1C B7 BB 4A 50 6F BB A9 1C 79 94 75 50 44
2026-03-19 14:19:36.495 DEBU [pymycobot.common] _write: FE FE 0B B5 01 04 00 00 00 0C F0 0F 46 C2 
2026-03-19 14:19:36.519 DEBU [pymycobot.common] _read : FE FE 20 B5 01 04 18 3E 49 F2 2C BD B0 7E 86 3E B0 0C 9B BC 85 28 00 BB 4A 7F 82 BB A9 25 D4 99 2B 50 44
2026-03-19 14:19:36.519 DEBU [pymycobot.common] _write: FE FE 0B B5 01 04 00 00 00 0C F0 0F 46 C2 
2026-03-19 14:19:36.544 DEBU [pymycobot.common] _read : FE FE 20 B5 01 04 18 3E 49 F2 2C BD B0 7E 86 3E B0 0C 9B BC 85 28 00 BB 4A 7F 82 BB A9 25 D4 99 2B 50 44
2026-03-19 14:19:36.545 DEBU [pymycobot.common] _write: FE FE 0B B5 01 04 00 00 00 0C F0 0F 46 C2 
2026-03-19 14:19:36.566 DEBU [pymycobot.common] _read : FE FE 20 B5 01 04 18 3E 49 E4 D1 BD C4 FC 08 3E B0 0B FC BC 85 21 B3 BB 4A 76 57 BB A9 3D 8E 8A 86 50 44
2026-03-19 14:19:36.567 DEBU [pymycobot.common] _write: FE FE 0B B5 01 04 00 00 00 0C F0 0F 46 C2 
2026-03-19 14:19:36.592 DEBU [pymycobot.common] _read : FE FE 20 B5 01 04 18 3E 49 F2 2C BD B0 7E 86 3E B0 0C 9B BC 85 28 00 BB 4A 7F 82 BB A9 25 D4 99 2B 50 44
2026-03-19 14:19:36.593 DEBU [pymycobot.common] _write: FE FE 0B B5 01 04 00 00 00 0C F0 0F 46 C2 
2026-03-19 14:19:36.615 DEBU [pymycobot.common] _read : FE FE 20 B5 01 04 18 3E 49 E4 D1 BD C4 FC 08 3E B0 0B FC BC 85 21 B3 BB 4A 76 57 BB A9 3D 8E 8A 86 50 44
2026-03-19 14:19:36.616 DEBU [pymycobot.common] _write: FE FE 0B B5 01 04 00 00 00 0C F0 0F 46 C2 
2026-03-19 14:19:36.639 DEBU [pymycobot.common] _read : FE FE 20 B5 01 04 18 3E 3F A2 DF BD C4 DC 7A 3E AF FF 8F BC 85 26 AF BB 4A 9C 3F BB A9 5E A3 26 50 50 44
2026-03-19 14:19:36.640 DEBU [pymycobot.common] _write: FE FE 0B B5 01 04 00 00 00 0C F0 0F 46 C2 
2026-03-19 14:19:36.663 DEBU [pymycobot.common] _read : FE FE 20 B5 01 04 18 3E 49 F4 7A BD C5 0B 1F 3E B5 29 DA BC 85 2B AB BB 4A 7D 47 BB A9 5D 50 EA 53 50 44
2026-03-19 14:19:36.664 DEBU [pymycobot.common] _write: FE FE 0B B5 01 04 00 00 00 0C F0 0F 46 C2 
2026-03-19 14:19:36.688 DEBU [pymycobot.common] _read : FE FE 20 B5 01 04 18 3E 54 36 6C BD C5 2A AE 3E B5 36 45 BC 85 26 AF BB 4A 57 5F BB A9 3C 3B FD A9 50 44
2026-03-19 14:19:36.689 DEBU [pymycobot.common] _write: FE FE 0B B5 01 04 00 00 00 0C F0 0F 46 C2 
2026-03-19 14:19:36.715 DEBU [pymycobot.common] _read : FE FE 20 B5 01 04 18 3E 49 F4 7A BD C5 0B 1F 3E B5 29 DA BC 85 2B AB BB 4A 7D 47 BB A9 5D 50 EA 53 50 44
2026-03-19 14:19:36.716 DEBU [pymycobot.common] _write: FE FE 0B B5 01 04 00 00 00 0C F0 0F 46 C2 
2026-03-19 14:19:36.742 DEBU [pymycobot.common] _read : FE FE 20 B5 01 04 18 3E 49 F4 7A BD C5 0B 1F 3E B5 29 DA BC 85 2B AB BB 4A 7D 47 BB A9 5D 50 EA 53 50 44
2026-03-19 14:19:36.743 DEBU [pymycobot.common] _write: FE FE 0B B5 01 04 00 00 00 0C F0 0F 46 C2 
2026-03-19 14:19:36.766 DEBU [pymycobot.common] _read : FE FE 20 B5 01 04 18 3E 49 F4 7A BD C5 0B 1F 3E B5 29 DA BC 85 2B AB BB 4A 7D 47 BB A9 5D 50 EA 53 50 44
2026-03-19 14:19:36.768 DEBU [pymycobot.common] _write: FE FE 0B B5 01 04 00 00 00 0C F0 0F 46 C2 
2026-03-19 14:19:36.793 DEBU [pymycobot.common] _read : FE FE 20 B5 01 04 18 3E 4A 01 D4 BD B0 8D 9D 3E B5 2A 78 BC 85 31 F9 BB 4A 86 71 BB A9 45 96 0B 43 50 44
2026-03-19 14:19:36.794 DEBU [pymycobot.common] _write: FE FE 0B B5 01 04 00 00 00 0C F0 0F 46 C2 
2026-03-19 14:19:36.818 DEBU [pymycobot.common] _read : FE FE 20 B5 01 04 18 3E 4A 01 D4 BD B0 8D 9D 3E B5 2A 78 BC 85 31 F9 BB 4A 86 71 BB A9 45 96 0B 43 50 44
2026-03-19 14:19:36.819 DEBU [pymycobot.common] _write: FE FE 0B B5 01 04 00 00 00 0C F0 0F 46 C2 
2026-03-19 14:19:36.842 DEBU [pymycobot.common] _read : FE FE 20 B5 01 04 18 3E 49 E4 D1 BD C4 FC 08 3E B0 0B FC BC 85 21 B3 BB 4A 76 57 BB A9 3D 8E 8A 86 50 44
2026-03-19 14:19:36.843 DEBU [pymycobot.common] _write: FE FE 0B B5 01 04 00 00 00 0C F0 0F 46 C2 
2026-03-19 14:19:36.866 DEBU [pymycobot.common] _read : FE FE 20 B5 01 04 18 3E 49 F4 7A BD C5 0B 1F 3E B5 29 DA BC 85 2B AB BB 4A 7D 47 BB A9 5D 50 EA 53 50 44
2026-03-19 14:19:36.867 DEBU [pymycobot.common] _write: FE FE 0B B5 01 04 00 00 00 0C F0 0F 46 C2 
2026-03-19 14:19:36.891 DEBU [pymycobot.common] _read : FE FE 20 B5 01 04 18 3E 49 F4 7A BD C5 0B 1F 3E B5 29 DA BC 85 2B AB BB 4A 7D 47 BB A9 5D 50 EA 53 50 44
2026-03-19 14:19:36.892 DEBU [pymycobot.common] _write: FE FE 0B B5 01 04 00 00 00 0C F0 0F 46 C2 
2026-03-19 14:19:36.915 DEBU [pymycobot.common] _read : FE FE 20 B5 01 04 18 3E 49 F4 7A BD C5 0B 1F 3E B5 29 DA BC 85 2B AB BB 4A 7D 47 BB A9 5D 50 EA 53 50 44
2026-03-19 14:19:36.916 DEBU [pymycobot.common] _write: FE FE 0B B5 01 04 00 00 00 0C F0 0F 46 C2 
2026-03-19 14:19:36.940 DEBU [pymycobot.common] _read : FE FE 20 B5 01 04 18 3E 54 26 C4 BD C5 1B 97 3E B0 18 68 BC 85 1C B7 BB 4A 50 6F BB A9 1C 79 94 75 50 44
2026-03-19 14:19:36.941 DEBU [pymycobot.common] _write: FE FE 0B B5 01 04 00 00 00 0C F0 0F 46 C2 
2026-03-19 14:19:36.964 DEBU [pymycobot.common] _read : FE FE 20 B5 01 04 18 3E 49 E4 D1 BD C4 FC 08 3E B0 0B FC BC 85 21 B3 BB 4A 76 57 BB A9 3D 8E 8A 86 50 44
2026-03-19 14:19:36.965 DEBU [pymycobot.common] _write: FE FE 0B B5 01 04 00 00 00 0C F0 0F 46 C2 
2026-03-19 14:19:36.988 DEBU [pymycobot.common] _read : FE FE 20 B5 01 04 18 3E 49 F4 7A BD C5 0B 1F 3E B5 29 DA BC 85 2B AB BB 4A 7D 47 BB A9 5D 50 EA 53 50 44
2026-03-19 14:19:36.990 DEBU [pymycobot.common] _write: FE FE 0B B5 01 04 00 00 00 0C F0 0F 46 C2 
2026-03-19 14:19:37.012 DEBU [pymycobot.common] _read : FE FE 20 B5 01 04 18 3E 49 F4 7A BD C5 0B 1F 3E B5 29 DA BC 85 2B AB BB 4A 7D 47 BB A9 5D 50 EA 53 50 44
2026-03-19 14:19:37.014 DEBU [pymycobot.common] _write: FE FE 0B B5 01 04 00 00 00 0C F0 0F 46 C2 
2026-03-19 14:19:37.037 DEBU [pymycobot.common] _read : FE FE 20 B5 01 04 18 3E 49 F4 7A BD C5 0B 1F 3E B5 29 DA BC 85 2B AB BB 4A 7D 47 BB A9 5D 50 EA 53 50 44
2026-03-19 14:19:37.039 DEBU [pymycobot.common] _write: FE FE 0B B5 01 04 00 00 00 0C F0 0F 46 C2 
2026-03-19 14:19:37.061 DEBU [pymycobot.common] _read : FE FE 20 B5 01 04 18 3E 49 F4 7A BD C5 0B 1F 3E B5 29 DA BC 85 2B AB BB 4A 7D 47 BB A9 5D 50 EA 53 50 44
2026-03-19 14:19:37.062 DEBU [pymycobot.common] _write: FE FE 0B B5 01 04 00 00 00 0C F0 0F 46 C2 
2026-03-19 14:19:37.086 DEBU [pymycobot.common] _read : FE FE 20 B5 01 04 18 3E 49 E4 D1 BD C4 FC 08 3E B0 0B FC BC 85 21 B3 BB 4A 76 57 BB A9 3D 8E 8A 86 50 44
2026-03-19 14:19:37.087 DEBU [pymycobot.common] _write: FE FE 0B B5 01 04 00 00 00 0C F0 0F 46 C2 
2026-03-19 14:19:37.110 DEBU [pymycobot.common] _read : FE FE 20 B5 01 04 18 3E 49 F4 7A BD C5 0B 1F 3E B5 29 DA BC 85 2B AB BB 4A 7D 47 BB A9 5D 50 EA 53 50 44
2026-03-19 14:19:37.111 DEBU [pymycobot.common] _write: FE FE 0B B5 01 04 00 00 00 0C F0 0F 46 C2 
2026-03-19 14:19:37.137 DEBU [pymycobot.common] _read : FE FE 20 B5 01 04 18 3E 49 E4 D1 BD C4 FC 08 3E B0 0B FC BC 85 21 B3 BB 4A 76 57 BB A9 3D 8E 8A 86 50 44
2026-03-19 14:19:37.138 DEBU [pymycobot.common] _write: FE FE 0B B5 01 04 00 00 00 0C F0 0F 46 C2 
2026-03-19 14:19:37.162 DEBU [pymycobot.common] _read : FE FE 20 B5 01 04 18 3E 49 90 3A BD C1 EC F3 3E B5 38 1F BC 85 2F 65 BB 86 2E A8 BB A9 BB B4 A2 3A 50 44
2026-03-19 14:19:37.163 DEBU [pymycobot.common] _write: FE FE 0B B5 01 04 00 00 00 0C F0 0F 46 C2 
2026-03-19 14:19:37.189 DEBU [pymycobot.common] _read : FE FE 20 B5 01 04 18 3E 49 F4 7A BD C5 0B 1F 3E B5 29 DA BC 85 2B AB BB 4A 7D 47 BB A9 5D 50 EA 53 50 44
2026-03-19 14:19:37.190 DEBU [pymycobot.common] _write: FE FE 0B B5 01 04 00 00 00 0C F0 0F 46 C2 
2026-03-19 14:19:37.214 DEBU [pymycobot.common] _read : FE FE 20 B5 01 04 18 3E 49 E4 D1 BD C4 FC 08 3E B0 0B FC BC 85 21 B3 BB 4A 76 57 BB A9 3D 8E 8A 86 50 44
2026-03-19 14:19:37.215 DEBU [pymycobot.common] _write: FE FE 0B B5 01 04 00 00 00 0C F0 0F 46 C2 
2026-03-19 14:19:37.240 DEBU [pymycobot.common] _read : FE FE 20 B5 01 04 18 3E 54 26 C4 BD C5 1B 97 3E B0 18 68 BC 85 1C B7 BB 4A 50 6F BB A9 1C 79 94 75 50 44
2026-03-19 14:19:37.241 DEBU [pymycobot.common] _write: FE FE 0B B5 01 04 00 00 00 0C F0 0F 46 C2 
2026-03-19 14:19:37.266 DEBU [pymycobot.common] _read : FE FE 20 B5 01 04 18 3E 49 E4 D1 BD C4 FC 08 3E B0 0B FC BC 85 21 B3 BB 4A 76 57 BB A9 3D 8E 8A 86 50 44
2026-03-19 14:19:37.268 DEBU [pymycobot.common] _write: FE FE 0B B5 01 04 00 00 00 0C F0 0F 46 C2 
2026-03-19 14:19:37.293 DEBU [pymycobot.common] _read : FE FE 20 B5 01 04 18 3E 49 E4 D1 BD C4 FC 08 3E B0 0B FC BC 85 21 B3 BB 4A 76 57 BB A9 3D 8E 8A 86 50 44
2026-03-19 14:19:37.294 DEBU [pymycobot.common] _write: FE FE 0B B5 01 04 00 00 00 0C F0 0F 46 C2 
2026-03-19 14:19:37.319 DEBU [pymycobot.common] _read : FE FE 20 B5 01 04 18 3E 49 E4 D1 BD C4 FC 08 3E B0 0B FC BC 85 21 B3 BB 4A 76 57 BB A9 3D 8E 8A 86 50 44
2026-03-19 14:19:37.321 DEBU [pymycobot.common] _write: FE FE 0B B5 01 04 00 00 00 0C F0 0F 46 C2 
2026-03-19 14:19:37.343 DEBU [pymycobot.common] _read : FE FE 20 B5 01 04 18 3E 49 F4 7A BD C5 0B 1F 3E B5 29 DA BC 85 2B AB BB 4A 7D 47 BB A9 5D 50 EA 53 50 44
2026-03-19 14:19:37.344 DEBU [pymycobot.common] _write: FE FE 0B B5 01 04 00 00 00 0C F0 0F 46 C2 
2026-03-19 14:19:37.368 DEBU [pymycobot.common] _read : FE FE 20 B5 01 04 18 3E 49 E4 D1 BD C4 FC 08 3E B0 0B FC BC 85 21 B3 BB 4A 76 57 BB A9 3D 8E 8A 86 50 44
2026-03-19 14:19:37.369 DEBU [pymycobot.common] _write: FE FE 0B B5 01 04 00 00 00 0C F0 0F 46 C2 
2026-03-19 14:19:37.391 DEBU [pymycobot.common] _read : FE FE 20 B5 01 04 18 3E 49 E4 D1 BD C4 FC 08 3E B0 0B FC BC 85 21 B3 BB 4A 76 57 BB A9 3D 8E 8A 86 50 44
2026-03-19 14:19:37.392 DEBU [pymycobot.common] _write: FE FE 0B B5 01 04 00 00 00 0C F0 0F 46 C2 
2026-03-19 14:19:37.417 DEBU [pymycobot.common] _read : FE FE 20 B5 01 04 18 3E 49 F4 7A BD C5 0B 1F 3E B5 29 DA BC 85 2B AB BB 4A 7D 47 BB A9 5D 50 EA 53 50 44
2026-03-19 14:19:37.418 DEBU [pymycobot.common] _write: FE FE 0B B5 01 04 00 00 00 0C F0 0F 46 C2 
2026-03-19 14:19:37.444 DEBU [pymycobot.common] _read : FE FE 20 B5 01 04 18 3E 49 E4 D1 BD C4 FC 08 3E B0 0B FC BC 85 21 B3 BB 4A 76 57 BB A9 3D 8E 8A 86 50 44
2026-03-19 14:19:37.445 DEBU [pymycobot.common] _write: FE FE 0B B5 01 04 00 00 00 0C F0 0F 46 C2 
2026-03-19 14:19:37.468 DEBU [pymycobot.common] _read : FE FE 20 B5 01 04 18 3E 49 F4 7A BD C5 0B 1F 3E B5 29 DA BC 85 2B AB BB 4A 7D 47 BB A9 5D 50 EA 53 50 44
2026-03-19 14:19:37.469 DEBU [pymycobot.common] _write: FE FE 0B B5 01 04 00 00 00 0C F0 0F 46 C2 
2026-03-19 14:19:37.495 DEBU [pymycobot.common] _read : FE FE 20 B5 01 04 18 3E 54 43 C6 BD B0 AD 2D 3E B5 36 E4 BC 85 2C FC BB 4A 60 8A BB A9 24 80 9B 22 50 44
2026-03-19 14:19:37.496 DEBU [pymycobot.common] _write: FE FE 0B B5 01 04 00 00 00 0C F0 0F 46 C2 
2026-03-19 14:19:37.523 DEBU [pymycobot.common] _read : FE FE 20 B5 01 04 18 3E 54 36 6C BD C5 2A AE 3E B5 36 45 BC 85 26 AF BB 4A 57 5F BB A9 3C 3B FD A9 50 44
2026-03-19 14:19:37.524 DEBU [pymycobot.common] _write: FE FE 0B B5 01 04 00 00 00 0C F0 0F 46 C2 
2026-03-19 14:19:37.546 DEBU [pymycobot.common] _read : FE FE 20 B5 01 04 18 3E 49 F4 7A BD C5 0B 1F 3E B5 29 DA BC 85 2B AB BB 4A 7D 47 BB A9 5D 50 EA 53 50 44
2026-03-19 14:19:37.547 DEBU [pymycobot.common] _write: FE FE 0B B5 01 04 00 00 00 0C F0 0F 46 C2 
2026-03-19 14:19:37.571 DEBU [pymycobot.common] _read : FE FE 20 B5 01 04 18 3E 49 90 3A BD C1 EC F3 3E B5 38 1F BC 85 2F 65 BB 86 2E A8 BB A9 BB B4 A2 3A 50 44
2026-03-19 14:19:37.572 DEBU [pymycobot.common] _write: FE FE 0B B5 01 04 00 00 00 0C F0 0F 46 C2 
2026-03-19 14:19:37.595 DEBU [pymycobot.common] _read : FE FE 20 B5 01 04 18 3E 49 F4 7A BD C5 0B 1F 3E B5 29 DA BC 85 2B AB BB 4A 7D 47 BB A9 5D 50 EA 53 50 44
2026-03-19 14:19:37.596 DEBU [pymycobot.common] _write: FE FE 0B B5 01 04 00 00 00 0C F0 0F 46 C2 
2026-03-19 14:19:37.621 DEBU [pymycobot.common] _read : FE FE 20 B5 01 04 18 3E 49 D7 77 BD D9 79 88 3E B0 0B 5C BC 85 1B 65 BB 4A 6D 2D BB A9 55 49 04 83 50 44
2026-03-19 14:19:37.623 DEBU [pymycobot.common] _write: FE FE 0B B5 01 04 00 00 00 0C F0 0F 46 C2 
2026-03-19 14:19:37.645 DEBU [pymycobot.common] _read : FE FE 20 B5 01 04 18 3E 49 E4 D1 BD C4 FC 08 3E B0 0B FC BC 85 21 B3 BB 4A 76 57 BB A9 3D 8E 8A 86 50 44
2026-03-19 14:19:37.647 DEBU [pymycobot.common] _write: FE FE 0B B5 01 04 00 00 00 0C F0 0F 46 C2 
2026-03-19 14:19:37.672 DEBU [pymycobot.common] _read : FE FE 20 B5 01 04 18 3E 54 26 C4 BD C5 1B 97 3E B0 18 68 BC 85 1C B7 BB 4A 50 6F BB A9 1C 79 94 75 50 44
2026-03-19 14:19:37.673 DEBU [pymycobot.common] _write: FE FE 0B B5 01 04 00 00 00 0C F0 0F 46 C2 
2026-03-19 14:19:37.699 DEBU [pymycobot.common] _read : FE FE 20 B5 01 04 18 3E 49 F4 7A BD C5 0B 1F 3E B5 29 DA BC 85 2B AB BB 4A 7D 47 BB A9 5D 50 EA 53 50 44
2026-03-19 14:19:37.700 DEBU [pymycobot.common] _write: FE FE 0B B5 01 04 00 00 00 0C F0 0F 46 C2 
2026-03-19 14:19:37.725 DEBU [pymycobot.common] _read : FE FE 20 B5 01 04 18 3E 54 36 6C BD C5 2A AE 3E B5 36 45 BC 85 26 AF BB 4A 57 5F BB A9 3C 3B FD A9 50 44
2026-03-19 14:19:37.726 DEBU [pymycobot.common] _write: FE FE 0B B5 01 04 00 00 00 0C F0 0F 46 C2 
2026-03-19 14:19:37.752 DEBU [pymycobot.common] _read : FE FE 20 B5 01 04 18 3E 49 E4 D1 BD C4 FC 08 3E B0 0B FC BC 85 21 B3 BB 4A 76 57 BB A9 3D 8E 8A 86 50 44
2026-03-19 14:19:37.753 DEBU [pymycobot.common] _write: FE FE 0B B5 01 04 00 00 00 0C F0 0F 46 C2 
2026-03-19 14:19:37.776 DEBU [pymycobot.common] _read : FE FE 20 B5 01 04 18 3E 49 F2 2C BD B0 7E 86 3E B0 0C 9B BC 85 28 00 BB 4A 7F 82 BB A9 25 D4 99 2B 50 44
2026-03-19 14:19:37.777 DEBU [pymycobot.common] _write: FE FE 0B B5 01 04 00 00 00 0C F0 0F 46 C2 
2026-03-19 14:19:37.804 DEBU [pymycobot.common] _read : FE FE 20 B5 01 04 18 3E 49 E4 D1 BD C4 FC 08 3E B0 0B FC BC 85 21 B3 BB 4A 76 57 BB A9 3D 8E 8A 86 50 44
2026-03-19 14:19:37.805 DEBU [pymycobot.common] _write: FE FE 0B B5 01 04 00 00 00 0C F0 0F 46 C2 
2026-03-19 14:19:37.828 DEBU [pymycobot.common] _read : FE FE 20 B5 01 04 18 3E 49 F4 7A BD C5 0B 1F 3E B5 29 DA BC 85 2B AB BB 4A 7D 47 BB A9 5D 50 EA 53 50 44
2026-03-19 14:19:37.829 DEBU [pymycobot.common] _write: FE FE 0B B5 01 04 00 00 00 0C F0 0F 46 C2 
2026-03-19 14:19:37.855 DEBU [pymycobot.common] _read : FE FE 20 B5 01 04 18 3E 53 D2 2C BD C2 0C 83 3E B5 44 8C BC 85 2A 69 BB 86 1B B4 BB A9 9A 9F 24 8C 50 44
2026-03-19 14:19:37.856 DEBU [pymycobot.common] _write: FE FE 0B B5 01 04 00 00 00 0C F0 0F 46 C2 
2026-03-19 14:19:37.882 DEBU [pymycobot.common] _read : FE FE 20 B5 01 04 18 3E 54 36 6C BD C5 2A AE 3E B5 36 45 BC 85 26 AF BB 4A 57 5F BB A9 3C 3B FD A9 50 44
2026-03-19 14:19:37.883 DEBU [pymycobot.common] _write: FE FE 0B B5 01 04 00 00 00 0C F0 0F 46 C2 
2026-03-19 14:19:37.907 DEBU [pymycobot.common] _read : FE FE 20 B5 01 04 18 3E 49 E4 D1 BD C4 FC 08 3E B0 0B FC BC 85 21 B3 BB 4A 76 57 BB A9 3D 8E 8A 86 50 44
2026-03-19 14:19:37.908 DEBU [pymycobot.common] _write: FE FE 0B B5 01 04 00 00 00 0C F0 0F 46 C2 
2026-03-19 14:19:37.933 DEBU [pymycobot.common] _read : FE FE 20 B5 01 04 18 3E 49 F2 2C BD B0 7E 86 3E B0 0C 9B BC 85 28 00 BB 4A 7F 82 BB A9 25 D4 99 2B 50 44
2026-03-19 14:19:37.935 DEBU [pymycobot.common] _write: FE FE 0B B5 01 04 00 00 00 0C F0 0F 46 C2 
2026-03-19 14:19:37.958 DEBU [pymycobot.common] _read : FE FE 20 B5 01 04 18 3E 49 E4 D1 BD C4 FC 08 3E B0 0B FC BC 85 21 B3 BB 4A 76 57 BB A9 3D 8E 8A 86 50 44
2026-03-19 14:19:37.959 DEBU [pymycobot.common] _write: FE FE 0B B5 01 04 00 00 00 0C F0 0F 46 C2 
2026-03-19 14:19:37.986 DEBU [pymycobot.common] _read : FE FE 20 B5 01 04 18 3E 49 E4 D1 BD C4 FC 08 3E B0 0B FC BC 85 21 B3 BB 4A 76 57 BB A9 3D 8E 8A 86 50 44
2026-03-19 14:19:37.987 DEBU [pymycobot.common] _write: FE FE 0B B5 01 04 00 00 00 0C F0 0F 46 C2 
2026-03-19 14:19:38.010 DEBU [pymycobot.common] _read : FE FE 20 B5 01 04 18 3E 49 F2 2C BD B0 7E 86 3E B0 0C 9B BC 85 28 00 BB 4A 7F 82 BB A9 25 D4 99 2B 50 44
2026-03-19 14:19:38.011 DEBU [pymycobot.common] _write: FE FE 0B B5 01 04 00 00 00 0C F0 0F 46 C2 
2026-03-19 14:19:38.037 DEBU [pymycobot.common] _read : FE FE 20 B5 01 04 18 3E 54 36 6C BD C5 2A AE 3E B5 36 45 BC 85 26 AF BB 4A 57 5F BB A9 3C 3B FD A9 50 44
2026-03-19 14:19:38.038 DEBU [pymycobot.common] _write: FE FE 0B B5 01 04 00 00 00 0C F0 0F 46 C2 
2026-03-19 14:19:38.061 DEBU [pymycobot.common] _read : FE FE 20 B5 01 04 18 3E 49 E4 D1 BD C4 FC 08 3E B0 0B FC BC 85 21 B3 BB 4A 76 57 BB A9 3D 8E 8A 86 50 44
2026-03-19 14:19:38.063 DEBU [pymycobot.common] _write: FE FE 0B B5 01 04 00 00 00 0C F0 0F 46 C2 
2026-03-19 14:19:38.086 DEBU [pymycobot.common] _read : FE FE 20 B5 01 04 18 3E 49 E4 D1 BD C4 FC 08 3E B0 0B FC BC 85 21 B3 BB 4A 76 57 BB A9 3D 8E 8A 86 50 44
2026-03-19 14:19:38.087 DEBU [pymycobot.common] _write: FE FE 0B B5 01 04 00 00 00 0C F0 0F 46 C2 
2026-03-19 14:19:38.112 DEBU [pymycobot.common] _read : FE FE 20 B5 01 04 18 3E 49 E4 D1 BD C4 FC 08 3E B0 0B FC BC 85 21 B3 BB 4A 76 57 BB A9 3D 8E 8A 86 50 44
2026-03-19 14:19:38.113 DEBU [pymycobot.common] _write: FE FE 0B B5 01 04 00 00 00 0C F0 0F 46 C2 
2026-03-19 14:19:38.138 DEBU [pymycobot.common] _read : FE FE 20 B5 01 04 18 3E 49 F2 2C BD B0 7E 86 3E B0 0C 9B BC 85 28 00 BB 4A 7F 82 BB A9 25 D4 99 2B 50 44
2026-03-19 14:19:38.139 DEBU [pymycobot.common] _write: FE FE 0B B5 01 04 00 00 00 0C F0 0F 46 C2 
2026-03-19 14:19:38.165 DEBU [pymycobot.common] _read : FE FE 20 B5 01 04 18 3E 4A 01 D4 BD B0 8D 9D 3E B5 2A 78 BC 85 31 F9 BB 4A 86 71 BB A9 45 96 0B 43 50 44
2026-03-19 14:19:38.167 DEBU [pymycobot.common] _write: FE FE 0B B5 01 04 00 00 00 0C F0 0F 46 C2 
2026-03-19 14:19:38.190 DEBU [pymycobot.common] _read : FE FE 20 B5 01 04 18 3E 49 E4 D1 BD C4 FC 08 3E B0 0B FC BC 85 21 B3 BB 4A 76 57 BB A9 3D 8E 8A 86 50 44
2026-03-19 14:19:38.191 DEBU [pymycobot.common] _write: FE FE 0B B5 01 04 00 00 00 0C F0 0F 46 C2 
2026-03-19 14:19:38.213 DEBU [pymycobot.common] _read : FE FE 20 B5 01 04 18 3E 4A 01 D4 BD B0 8D 9D 3E B5 2A 78 BC 85 31 F9 BB 4A 86 71 BB A9 45 96 0B 43 50 44
2026-03-19 14:19:38.214 DEBU [pymycobot.common] _write: FE FE 0B B5 01 04 00 00 00 0C F0 0F 46 C2 
2026-03-19 14:19:38.239 DEBU [pymycobot.common] _read : FE FE 20 B5 01 04 18 3E 49 E4 D1 BD C4 FC 08 3E B0 0B FC BC 85 21 B3 BB 4A 76 57 BB A9 3D 8E 8A 86 50 44
2026-03-19 14:19:38.240 DEBU [pymycobot.common] _write: FE FE 0B B5 01 04 00 00 00 0C F0 0F 46 C2 
2026-03-19 14:19:38.263 DEBU [pymycobot.common] _read : FE FE 20 B5 01 04 18 3E 49 F4 7A BD C5 0B 1F 3E B5 29 DA BC 85 2B AB BB 4A 7D 47 BB A9 5D 50 EA 53 50 44
2026-03-19 14:19:38.264 DEBU [pymycobot.common] _write: FE FE 0B B5 01 04 00 00 00 0C F0 0F 46 C2 
2026-03-19 14:19:38.289 DEBU [pymycobot.common] _read : FE FE 20 B5 01 04 18 3E 49 80 91 BD C1 DD DC 3E B0 1A 43 BC 85 25 6D BB 86 2B 30 BB A9 9B F2 0B CA 50 44
2026-03-19 14:19:38.291 DEBU [pymycobot.common] _write: FE FE 0B B5 01 04 00 00 00 0C F0 0F 46 C2 
2026-03-19 14:19:38.316 DEBU [pymycobot.common] _read : FE FE 20 B5 01 04 18 3E 49 82 DF BD D6 6A 73 3E B5 37 7F BC 85 29 18 BB 86 2A 13 BB A9 D3 6F B3 0D 50 44
2026-03-19 14:19:38.317 DEBU [pymycobot.common] _write: FE FE 0B B5 01 04 00 00 00 0C F0 0F 46 C2 
2026-03-19 14:19:38.341 DEBU [pymycobot.common] _read : FE FE 20 B5 01 04 18 3E 49 E4 D1 BD C4 FC 08 3E B0 0B FC BC 85 21 B3 BB 4A 76 57 BB A9 3D 8E 8A 86 50 44
2026-03-19 14:19:38.342 DEBU [pymycobot.common] _write: FE FE 0B B5 01 04 00 00 00 0C F0 0F 46 C2 
2026-03-19 14:19:38.369 DEBU [pymycobot.common] _read : FE FE 20 B5 01 04 18 3E 4A 04 21 BD C5 1A 36 3E BA 47 B7 BC 85 35 A3 BB 4A 84 36 BB A9 7D 12 79 06 50 44
2026-03-19 14:19:38.370 DEBU [pymycobot.common] _write: FE FE 0B B5 01 04 00 00 00 0C F0 0F 46 C2 
2026-03-19 14:19:38.392 DEBU [pymycobot.common] _read : FE FE 20 B5 01 04 18 3E 49 E4 D1 BD C4 FC 08 3E B0 0B FC BC 85 21 B3 BB 4A 76 57 BB A9 3D 8E 8A 86 50 44
2026-03-19 14:19:38.393 DEBU [pymycobot.common] _write: FE FE 0B B5 01 04 00 00 00 0C F0 0F 46 C2 
2026-03-19 14:19:38.415 DEBU [pymycobot.common] _read : FE FE 20 B5 01 04 18 3E 49 8D EC BD AD 60 5B 3E B0 1A E1 BC 85 2B BA BB 86 2F C5 BB A9 84 37 42 A0 50 44
2026-03-19 14:19:38.417 DEBU [pymycobot.common] _write: FE FE 0B B5 01 04 00 00 00 0C F0 0F 46 C2 
2026-03-19 14:19:38.439 DEBU [pymycobot.common] _read : FE FE 20 B5 01 04 18 3E 54 26 C4 BD C5 1B 97 3E B0 18 68 BC 85 1C B7 BB 4A 50 6F BB A9 1C 79 94 75 50 44
2026-03-19 14:19:38.440 DEBU [pymycobot.common] _write: FE FE 0B B5 01 04 00 00 00 0C F0 0F 46 C2 
2026-03-19 14:19:38.465 DEBU [pymycobot.common] _read : FE FE 20 B5 01 04 18 3E 49 E4 D1 BD C4 FC 08 3E B0 0B FC BC 85 21 B3 BB 4A 76 57 BB A9 3D 8E 8A 86 50 44
2026-03-19 14:19:38.466 DEBU [pymycobot.common] _write: FE FE 0B B5 01 04 00 00 00 0C F0 0F 46 C2 
2026-03-19 14:19:38.488 DEBU [pymycobot.common] _read : FE FE 20 B5 01 04 18 3E 54 36 6C BD C5 2A AE 3E B5 36 45 BC 85 26 AF BB 4A 57 5F BB A9 3C 3B FD A9 50 44
2026-03-19 14:19:38.489 DEBU [pymycobot.common] _write: FE FE 0B B5 01 04 00 00 00 0C F0 0F 46 C2 
2026-03-19 14:19:38.512 DEBU [pymycobot.common] _read : FE FE 20 B5 01 04 18 3E 49 F4 7A BD C5 0B 1F 3E B5 29 DA BC 85 2B AB BB 4A 7D 47 BB A9 5D 50 EA 53 50 44
2026-03-19 14:19:38.513 DEBU [pymycobot.common] _write: FE FE 0B B5 01 04 00 00 00 0C F0 0F 46 C2 
2026-03-19 14:19:38.539 DEBU [pymycobot.common] _read : FE FE 20 B5 01 04 18 3E 49 F4 7A BD C5 0B 1F 3E B5 29 DA BC 85 2B AB BB 4A 7D 47 BB A9 5D 50 EA 53 50 44
2026-03-19 14:19:38.541 DEBU [pymycobot.common] _write: FE FE 0B B5 01 04 00 00 00 0C F0 0F 46 C2 
2026-03-19 14:19:38.564 DEBU [pymycobot.common] _read : FE FE 20 B5 01 04 18 3E 49 E4 D1 BD C4 FC 08 3E B0 0B FC BC 85 21 B3 BB 4A 76 57 BB A9 3D 8E 8A 86 50 44
2026-03-19 14:19:38.565 DEBU [pymycobot.common] _write: FE FE 0B B5 01 04 00 00 00 0C F0 0F 46 C2 
2026-03-19 14:19:38.589 DEBU [pymycobot.common] _read : FE FE 20 B5 01 04 18 3E 49 E4 D1 BD C4 FC 08 3E B0 0B FC BC 85 21 B3 BB 4A 76 57 BB A9 3D 8E 8A 86 50 44
2026-03-19 14:19:38.590 DEBU [pymycobot.common] _write: FE FE 0B B5 01 04 00 00 00 0C F0 0F 46 C2 
2026-03-19 14:19:38.611 DEBU [pymycobot.common] _read : FE FE 20 B5 01 04 18 3E 49 E4 D1 BD C4 FC 08 3E B0 0B FC BC 85 21 B3 BB 4A 76 57 BB A9 3D 8E 8A 86 50 44
2026-03-19 14:19:38.612 DEBU [pymycobot.common] _write: FE FE 0B B5 01 04 00 00 00 0C F0 0F 46 C2 
2026-03-19 14:19:38.636 DEBU [pymycobot.common] _read : FE FE 20 B5 01 04 18 3E 54 26 C4 BD C5 1B 97 3E B0 18 68 BC 85 1C B7 BB 4A 50 6F BB A9 1C 79 94 75 50 44
2026-03-19 14:19:38.637 DEBU [pymycobot.common] _write: FE FE 0B B5 01 04 00 00 00 0C F0 0F 46 C2 
2026-03-19 14:19:38.663 DEBU [pymycobot.common] _read : FE FE 20 B5 01 04 18 3E 49 E4 D1 BD C4 FC 08 3E B0 0B FC BC 85 21 B3 BB 4A 76 57 BB A9 3D 8E 8A 86 50 44
2026-03-19 14:19:38.664 DEBU [pymycobot.common] _write: FE FE 0B B5 01 04 00 00 00 0C F0 0F 46 C2 
2026-03-19 14:19:38.685 DEBU [pymycobot.common] _read : FE FE 20 B5 01 04 18 3E 49 E7 1F BD D9 88 9F 3E B5 29 3A BC 85 25 5E BB 4A 74 1C BB A9 75 0B C5 01 50 44
2026-03-19 14:19:38.686 DEBU [pymycobot.common] _write: FE FE 0B B5 01 04 00 00 00 0C F0 0F 46 C2 
2026-03-19 14:19:38.710 DEBU [pymycobot.common] _read : FE FE 20 B5 01 04 18 3E 49 F4 7A BD C5 0B 1F 3E B5 29 DA BC 85 2B AB BB 4A 7D 47 BB A9 5D 50 EA 53 50 44
2026-03-19 14:19:38.712 DEBU [pymycobot.common] _write: FE FE 0B B5 01 04 00 00 00 0C F0 0F 46 C2 
2026-03-19 14:19:38.738 DEBU [pymycobot.common] _read : FE FE 20 B5 01 04 18 3E 54 26 C4 BD C5 1B 97 3E B0 18 68 BC 85 1C B7 BB 4A 50 6F BB A9 1C 79 94 75 50 44
2026-03-19 14:19:38.739 DEBU [pymycobot.common] _write: FE FE 0B B5 01 04 00 00 00 0C F0 0F 46 C2 
2026-03-19 14:19:38.762 DEBU [pymycobot.common] _read : FE FE 20 B5 01 04 18 3E 49 F2 2C BD B0 7E 86 3E B0 0C 9B BC 85 28 00 BB 4A 7F 82 BB A9 25 D4 99 2B 50 44
2026-03-19 14:19:38.763 DEBU [pymycobot.common] _write: FE FE 0B B5 01 04 00 00 00 0C F0 0F 46 C2 
2026-03-19 14:19:38.789 DEBU [pymycobot.common] _read : FE FE 20 B5 01 04 18 3E 4A 1D 23 BD B0 5E BF 3E B5 25 08 BC 85 21 FF BB 4B 28 10 BB C9 F4 A0 EE 90 50 44
2026-03-19 14:19:38.791 DEBU [pymycobot.common] _write: FE FE 0B B5 01 04 00 00 00 0C F0 0F 46 C2 
2026-03-19 14:19:38.814 DEBU [pymycobot.common] _read : FE FE 20 B5 01 04 18 3E 49 F4 7A BD C5 0B 1F 3E B5 29 DA BC 85 2B AB BB 4A 7D 47 BB A9 5D 50 EA 53 50 44
2026-03-19 14:19:38.815 DEBU [pymycobot.common] _write: FE FE 0B B5 01 04 00 00 00 0C F0 0F 46 C2 
2026-03-19 14:19:38.841 DEBU [pymycobot.common] _read : FE FE 20 B5 01 04 18 3E 49 F4 7A BD C5 0B 1F 3E B5 29 DA BC 85 2B AB BB 4A 7D 47 BB A9 5D 50 EA 53 50 44
2026-03-19 14:19:38.842 DEBU [pymycobot.common] _write: FE FE 0B B5 01 04 00 00 00 0C F0 0F 46 C2 
2026-03-19 14:19:38.865 DEBU [pymycobot.common] _read : FE FE 20 B5 01 04 18 3E 4A 01 D4 BD B0 8D 9D 3E B5 2A 78 BC 85 31 F9 BB 4A 86 71 BB A9 45 96 0B 43 50 44
2026-03-19 14:19:38.867 DEBU [pymycobot.common] _write: FE FE 0B B5 01 04 00 00 00 0C F0 0F 46 C2 
2026-03-19 14:19:38.892 DEBU [pymycobot.common] _read : FE FE 20 B5 01 04 18 3E 54 36 6C BD C5 2A AE 3E B5 36 45 BC 85 26 AF BB 4A 57 5F BB A9 3C 3B FD A9 50 44
2026-03-19 14:19:38.893 DEBU [pymycobot.common] _write: FE FE 0B B5 01 04 00 00 00 0C F0 0F 46 C2 
2026-03-19 14:19:38.917 DEBU [pymycobot.common] _read : FE FE 20 B5 01 04 18 3E 54 36 6C BD C5 2A AE 3E B5 36 45 BC 85 26 AF BB 4A 57 5F BB A9 3C 3B FD A9 50 44
2026-03-19 14:19:38.919 DEBU [pymycobot.common] _write: FE FE 0B B5 01 04 00 00 00 0C F0 0F 46 C2 
2026-03-19 14:19:38.944 DEBU [pymycobot.common] _read : FE FE 20 B5 01 04 18 3E 54 34 1F BD B0 9E 16 3E B0 19 06 BC 85 23 04 BB 4A 59 9A BB A9 04 BE 81 14 50 44
2026-03-19 14:19:38.944 DEBU [pymycobot.common] _write: FE FE 0B B5 01 04 00 00 00 0C F0 0F 46 C2 
2026-03-19 14:19:38.969 DEBU [pymycobot.common] _read : FE FE 20 B5 01 04 18 3E 3F B2 86 BD C4 EB 91 3E B5 1D 6D BC 85 30 A7 BB 4A A3 2F BB A9 7E 65 A8 F1 50 44
2026-03-19 14:19:38.970 DEBU [pymycobot.common] _write: FE FE 0B B5 01 04 00 00 00 0C F0 0F 46 C2 
2026-03-19 14:19:38.995 DEBU [pymycobot.common] _read : FE FE 20 B5 01 04 18 3E 49 90 3A BD C1 EC F3 3E B5 38 1F BC 85 2F 65 BB 86 2E A8 BB A9 BB B4 A2 3A 50 44
2026-03-19 14:19:38.996 DEBU [pymycobot.common] _write: FE FE 0B B5 01 04 00 00 00 0C F0 0F 46 C2 
2026-03-19 14:19:39.021 DEBU [pymycobot.common] _read : FE FE 20 B5 01 04 18 3E 49 E4 D1 BD C4 FC 08 3E B0 0B FC BC 85 21 B3 BB 4A 76 57 BB A9 3D 8E 8A 86 50 44
2026-03-19 14:19:39.022 DEBU [pymycobot.common] _write: FE FE 0B B5 01 04 00 00 00 0C F0 0F 46 C2 
2026-03-19 14:19:39.047 DEBU [pymycobot.common] _read : FE FE 20 B5 01 04 18 3E 49 E4 D1 BD C4 FC 08 3E B0 0B FC BC 85 21 B3 BB 4A 76 57 BB A9 3D 8E 8A 86 50 44
2026-03-19 14:19:39.048 DEBU [pymycobot.common] _write: FE FE 0B B5 01 04 00 00 00 0C F0 0F 46 C2 
2026-03-19 14:19:39.073 DEBU [pymycobot.common] _read : FE FE 20 B5 01 04 18 3E 49 E4 D1 BD C4 FC 08 3E B0 0B FC BC 85 21 B3 BB 4A 76 57 BB A9 3D 8E 8A 86 50 44
2026-03-19 14:19:39.074 DEBU [pymycobot.common] _write: FE FE 0B B5 01 04 00 00 00 0C F0 0F 46 C2 
2026-03-19 14:19:39.098 DEBU [pymycobot.common] _read : FE FE 20 B5 01 04 18 3E 49 E4 D1 BD C4 FC 08 3E B0 0B FC BC 85 21 B3 BB 4A 76 57 BB A9 3D 8E 8A 86 50 44
2026-03-19 14:19:39.099 DEBU [pymycobot.common] _write: FE FE 0B B5 01 04 00 00 00 0C F0 0F 46 C2 
2026-03-19 14:19:39.124 DEBU [pymycobot.common] _read : FE FE 20 B5 01 04 18 3E 49 E4 D1 BD C4 FC 08 3E B0 0B FC BC 85 21 B3 BB 4A 76 57 BB A9 3D 8E 8A 86 50 44
2026-03-19 14:19:39.125 DEBU [pymycobot.common] _write: FE FE 0B B5 01 04 00 00 00 0C F0 0F 46 C2 
2026-03-19 14:19:39.152 DEBU [pymycobot.common] _read : FE FE 20 B5 01 04 18 3E 49 E4 D1 BD C4 FC 08 3E B0 0B FC BC 85 21 B3 BB 4A 76 57 BB A9 3D 8E 8A 86 50 44
2026-03-19 14:19:39.153 DEBU [pymycobot.common] _write: FE FE 0B B5 01 04 00 00 00 0C F0 0F 46 C2 
2026-03-19 14:19:39.177 DEBU [pymycobot.common] _read : FE FE 20 B5 01 04 18 3E 4A 01 D4 BD B0 8D 9D 3E B5 2A 78 BC 85 31 F9 BB 4A 86 71 BB A9 45 96 0B 43 50 44
2026-03-19 14:19:39.178 DEBU [pymycobot.common] _write: FE FE 0B B5 01 04 00 00 00 0C F0 0F 46 C2 
2026-03-19 14:19:39.202 DEBU [pymycobot.common] _read : FE FE 20 B5 01 04 18 3E 49 E4 D1 BD C4 FC 08 3E B0 0B FC BC 85 21 B3 BB 4A 76 57 BB A9 3D 8E 8A 86 50 44
2026-03-19 14:19:39.203 DEBU [pymycobot.common] _write: FE FE 0B B5 01 04 00 00 00 0C F0 0F 46 C2 
2026-03-19 14:19:39.227 DEBU [pymycobot.common] _read : FE FE 20 B5 01 04 18 3E 49 F4 7A BD C5 0B 1F 3E B5 29 DA BC 85 2B AB BB 4A 7D 47 BB A9 5D 50 EA 53 50 44
2026-03-19 14:19:39.228 DEBU [pymycobot.common] _write: FE FE 0B B5 01 04 00 00 00 0C F0 0F 46 C2 
2026-03-19 14:19:39.254 DEBU [pymycobot.common] _read : FE FE 20 B5 01 04 18 3E 49 E4 D1 BD C4 FC 08 3E B0 0B FC BC 85 21 B3 BB 4A 76 57 BB A9 3D 8E 8A 86 50 44
2026-03-19 14:19:39.255 DEBU [pymycobot.common] _write: FE FE 0B B5 01 04 00 00 00 0C F0 0F 46 C2 
2026-03-19 14:19:39.282 DEBU [pymycobot.common] _read : FE FE 20 B5 01 04 18 3E 49 E4 D1 BD C4 FC 08 3E B0 0B FC BC 85 21 B3 BB 4A 76 57 BB A9 3D 8E 8A 86 50 44
2026-03-19 14:19:39.283 DEBU [pymycobot.common] _write: FE FE 0B B5 01 04 00 00 00 0C F0 0F 46 C2 
2026-03-19 14:19:39.307 DEBU [pymycobot.common] _read : FE FE 20 B5 01 04 18 3E 49 F4 7A BD C5 0B 1F 3E B5 29 DA BC 85 2B AB BB 4A 7D 47 BB A9 5D 50 EA 53 50 44
2026-03-19 14:19:39.307 DEBU [pymycobot.common] _write: FE FE 0B B5 01 04 00 00 00 0C F0 0F 46 C2 
2026-03-19 14:19:39.333 DEBU [pymycobot.common] _read : FE FE 20 B5 01 04 18 3E 49 E4 D1 BD C4 FC 08 3E B0 0B FC BC 85 21 B3 BB 4A 76 57 BB A9 3D 8E 8A 86 50 44
2026-03-19 14:19:39.334 DEBU [pymycobot.common] _write: FE FE 0B B5 01 04 00 00 00 0C F0 0F 46 C2 
2026-03-19 14:19:39.359 DEBU [pymycobot.common] _read : FE FE 20 B5 01 04 18 3E 49 E4 D1 BD C4 FC 08 3E B0 0B FC BC 85 21 B3 BB 4A 76 57 BB A9 3D 8E 8A 86 50 44
2026-03-19 14:19:39.360 DEBU [pymycobot.common] _write: FE FE 0B B5 01 04 00 00 00 0C F0 0F 46 C2 
2026-03-19 14:19:39.382 DEBU [pymycobot.common] _read : FE FE 20 B5 01 04 18 3E 49 E4 D1 BD C4 FC 08 3E B0 0B FC BC 85 21 B3 BB 4A 76 57 BB A9 3D 8E 8A 86 50 44
2026-03-19 14:19:39.383 DEBU [pymycobot.common] _write: FE FE 0B B5 01 04 00 00 00 0C F0 0F 46 C2 
2026-03-19 14:19:39.407 DEBU [pymycobot.common] _read : FE FE 20 B5 01 04 18 3E 54 29 12 BD D9 A8 2E 3E B5 35 A5 BC 85 20 61 BB 4A 4E 34 BB A9 53 F6 B3 6A 50 44
2026-03-19 14:19:39.408 DEBU [pymycobot.common] _write: FE FE 0B B5 01 04 00 00 00 0C F0 0F 46 C2 
2026-03-19 14:19:39.432 DEBU [pymycobot.common] _read : FE FE 20 B5 01 04 18 3E 54 26 C4 BD C5 1B 97 3E B0 18 68 BC 85 1C B7 BB 4A 50 6F BB A9 1C 79 94 75 50 44
2026-03-19 14:19:39.433 DEBU [pymycobot.common] _write: FE FE 0B B5 01 04 00 00 00 0C F0 0F 46 C2 
2026-03-19 14:19:39.457 DEBU [pymycobot.common] _read : FE FE 20 B5 01 04 18 3E 49 F4 7A BD C5 0B 1F 3E B5 29 DA BC 85 2B AB BB 4A 7D 47 BB A9 5D 50 EA 53 50 44
2026-03-19 14:19:39.458 DEBU [pymycobot.common] _write: FE FE 0B B5 01 04 00 00 00 0C F0 0F 46 C2 
2026-03-19 14:19:39.483 DEBU [pymycobot.common] _read : FE FE 20 B5 01 04 18 3E 49 E7 1F BD D9 88 9F 3E B5 29 3A BC 85 25 5E BB 4A 74 1C BB A9 75 0B C5 01 50 44
2026-03-19 14:19:39.484 DEBU [pymycobot.common] _write: FE FE 0B B5 01 04 00 00 00 0C F0 0F 46 C2 
2026-03-19 14:19:39.508 DEBU [pymycobot.common] _read : FE FE 20 B5 01 04 18 3E 54 36 6C BD C5 2A AE 3E B5 36 45 BC 85 26 AF BB 4A 57 5F BB A9 3C 3B FD A9 50 44
2026-03-19 14:19:39.508 DEBU [pymycobot.common] _write: FE FE 0B B5 01 04 00 00 00 0C F0 0F 46 C2 
2026-03-19 14:19:39.530 DEBU [pymycobot.common] _read : FE FE 20 B5 01 04 18 3E 53 CF DF BD AD 7F EA 3E B0 27 4D BC 85 26 BE BB 86 1C D1 BB A9 63 22 32 AE 50 44
2026-03-19 14:19:39.531 DEBU [pymycobot.common] _write: FE FE 0B B5 01 04 00 00 00 0C F0 0F 46 C2 
2026-03-19 14:19:39.557 DEBU [pymycobot.common] _read : FE FE 20 B5 01 04 18 3E 49 E4 D1 BD C4 FC 08 3E B0 0B FC BC 85 21 B3 BB 4A 76 57 BB A9 3D 8E 8A 86 50 44
2026-03-19 14:19:39.558 DEBU [pymycobot.common] _write: FE FE 0B B5 01 04 00 00 00 0C F0 0F 46 C2 
2026-03-19 14:19:39.583 DEBU [pymycobot.common] _read : FE FE 20 B5 01 04 18 3E 54 36 6C BD C5 2A AE 3E B5 36 45 BC 85 26 AF BB 4A 57 5F BB A9 3C 3B FD A9 50 44
2026-03-19 14:19:39.584 DEBU [pymycobot.common] _write: FE FE 0B B5 01 04 00 00 00 0C F0 0F 46 C2 
2026-03-19 14:19:39.608 DEBU [pymycobot.common] _read : FE FE 20 B5 01 04 18 3E 4A 01 D4 BD B0 8D 9D 3E B5 2A 78 BC 85 31 F9 BB 4A 86 71 BB A9 45 96 0B 43 50 44
2026-03-19 14:19:39.609 DEBU [pymycobot.common] _write: FE FE 0B B5 01 04 00 00 00 0C F0 0F 46 C2 
2026-03-19 14:19:39.634 DEBU [pymycobot.common] _read : FE FE 20 B5 01 04 18 3E 4A 01 D4 BD B0 8D 9D 3E B5 2A 78 BC 85 31 F9 BB 4A 86 71 BB A9 45 96 0B 43 50 44
2026-03-19 14:19:39.636 DEBU [pymycobot.common] _write: FE FE 0B B5 01 04 00 00 00 0C F0 0F 46 C2 
2026-03-19 14:19:39.661 DEBU [pymycobot.common] _read : FE FE 20 B5 01 04 18 3E 49 E4 D1 BD C4 FC 08 3E B0 0B FC BC 85 21 B3 BB 4A 76 57 BB A9 3D 8E 8A 86 50 44
2026-03-19 14:19:39.662 DEBU [pymycobot.common] _write: FE FE 0B B5 01 04 00 00 00 0C F0 0F 46 C2 
2026-03-19 14:19:39.685 DEBU [pymycobot.common] _read : FE FE 20 B5 01 04 18 3E 49 F4 7A BD C5 0B 1F 3E B5 29 DA BC 85 2B AB BB 4A 7D 47 BB A9 5D 50 EA 53 50 44
2026-03-19 14:19:39.686 DEBU [pymycobot.common] _write: FE FE 0B B5 01 04 00 00 00 0C F0 0F 46 C2 
2026-03-19 14:19:39.708 DEBU [pymycobot.common] _read : FE FE 20 B5 01 04 18 3E 49 E4 D1 BD C4 FC 08 3E B0 0B FC BC 85 21 B3 BB 4A 76 57 BB A9 3D 8E 8A 86 50 44
2026-03-19 14:19:39.709 DEBU [pymycobot.common] _write: FE FE 0B B5 01 04 00 00 00 0C F0 0F 46 C2 
2026-03-19 14:19:39.732 DEBU [pymycobot.common] _read : FE FE 20 B5 01 04 18 3E 49 E4 D1 BD C4 FC 08 3E B0 0B FC BC 85 21 B3 BB 4A 76 57 BB A9 3D 8E 8A 86 50 44
2026-03-19 14:19:39.733 DEBU [pymycobot.common] _write: FE FE 0B B5 01 04 00 00 00 0C F0 0F 46 C2 
2026-03-19 14:19:39.759 DEBU [pymycobot.common] _read : FE FE 20 B5 01 04 18 3E 4A 01 D4 BD B0 8D 9D 3E B5 2A 78 BC 85 31 F9 BB 4A 86 71 BB A9 45 96 0B 43 50 44
2026-03-19 14:19:39.760 DEBU [pymycobot.common] _write: FE FE 0B B5 01 04 00 00 00 0C F0 0F 46 C2 
2026-03-19 14:19:39.783 DEBU [pymycobot.common] _read : FE FE 20 B5 01 04 18 3E 4A 01 D4 BD B0 8D 9D 3E B5 2A 78 BC 85 31 F9 BB 4A 86 71 BB A9 45 96 0B 43 50 44
2026-03-19 14:19:39.784 DEBU [pymycobot.common] _write: FE FE 0B B5 01 04 00 00 00 0C F0 0F 46 C2 
2026-03-19 14:19:39.811 DEBU [pymycobot.common] _read : FE FE 20 B5 01 04 18 3E 49 F4 7A BD C5 0B 1F 3E B5 29 DA BC 85 2B AB BB 4A 7D 47 BB A9 5D 50 EA 53 50 44
2026-03-19 14:19:39.812 DEBU [pymycobot.common] _write: FE FE 0B B5 01 04 00 00 00 0C F0 0F 46 C2 
2026-03-19 14:19:39.837 DEBU [pymycobot.common] _read : FE FE 20 B5 01 04 18 3E 54 26 C4 BD C5 1B 97 3E B0 18 68 BC 85 1C B7 BB 4A 50 6F BB A9 1C 79 94 75 50 44
2026-03-19 14:19:39.838 DEBU [pymycobot.common] _write: FE FE 0B B5 01 04 00 00 00 0C F0 0F 46 C2 
2026-03-19 14:19:39.862 DEBU [pymycobot.common] _read : FE FE 20 B5 01 04 18 3E 49 E4 D1 BD C4 FC 08 3E B0 0B FC BC 85 21 B3 BB 4A 76 57 BB A9 3D 8E 8A 86 50 44
2026-03-19 14:19:39.863 DEBU [pymycobot.common] _write: FE FE 0B B5 01 04 00 00 00 0C F0 0F 46 C2 
2026-03-19 14:19:39.889 DEBU [pymycobot.common] _read : FE FE 20 B5 01 04 18 3E 49 F4 7A BD C5 0B 1F 3E B5 29 DA BC 85 2B AB BB 4A 7D 47 BB A9 5D 50 EA 53 50 44
2026-03-19 14:19:39.890 DEBU [pymycobot.common] _write: FE FE 0B B5 01 04 00 00 00 0C F0 0F 46 C2 
2026-03-19 14:19:39.915 DEBU [pymycobot.common] _read : FE FE 20 B5 01 04 18 3E 49 E4 D1 BD C4 FC 08 3E B0 0B FC BC 85 21 B3 BB 4A 76 57 BB A9 3D 8E 8A 86 50 44
2026-03-19 14:19:39.916 DEBU [pymycobot.common] _write: FE FE 0B B5 01 04 00 00 00 0C F0 0F 46 C2 
2026-03-19 14:19:39.939 DEBU [pymycobot.common] _read : FE FE 20 B5 01 04 18 3E 49 90 3A BD C1 EC F3 3E B5 38 1F BC 85 2F 65 BB 86 2E A8 BB A9 BB B4 A2 3A 50 44
2026-03-19 14:19:39.940 DEBU [pymycobot.common] _write: FE FE 0B B5 01 04 00 00 00 0C F0 0F 46 C2 
2026-03-19 14:19:39.961 DEBU [pymycobot.common] _read : FE FE 20 B5 01 04 18 3E 49 F4 7A BD C5 0B 1F 3E B5 29 DA BC 85 2B AB BB 4A 7D 47 BB A9 5D 50 EA 53 50 44
2026-03-19 14:19:39.962 DEBU [pymycobot.common] _write: FE FE 0B B5 01 04 00 00 00 0C F0 0F 46 C2 
2026-03-19 14:19:39.987 DEBU [pymycobot.common] _read : FE FE 20 B5 01 04 18 3E 49 E4 D1 BD C4 FC 08 3E B0 0B FC BC 85 21 B3 BB 4A 76 57 BB A9 3D 8E 8A 86 50 44
2026-03-19 14:19:39.988 DEBU [pymycobot.common] _write: FE FE 0B B5 01 04 00 00 00 0C F0 0F 46 C2 
2026-03-19 14:19:40.014 DEBU [pymycobot.common] _read : FE FE 20 B5 01 04 18 3E 54 26 C4 BD C5 1B 97 3E B0 18 68 BC 85 1C B7 BB 4A 50 6F BB A9 1C 79 94 75 50 44
2026-03-19 14:19:40.016 DEBU [pymycobot.common] _write: FE FE 0B B5 01 04 00 00 00 0C F0 0F 46 C2 
2026-03-19 14:19:40.039 DEBU [pymycobot.common] _read : FE FE 20 B5 01 04 18 3E 49 E4 D1 BD C4 FC 08 3E B0 0B FC BC 85 21 B3 BB 4A 76 57 BB A9 3D 8E 8A 86 50 44
2026-03-19 14:19:40.040 DEBU [pymycobot.common] _write: FE FE 0B B5 01 04 00 00 00 0C F0 0F 46 C2 
2026-03-19 14:19:40.065 DEBU [pymycobot.common] _read : FE FE 20 B5 01 04 18 3E 49 F4 7A BD C5 0B 1F 3E B5 29 DA BC 85 2B AB BB 4A 7D 47 BB A9 5D 50 EA 53 50 44
2026-03-19 14:19:40.066 DEBU [pymycobot.common] _write: FE FE 0B B5 01 04 00 00 00 0C F0 0F 46 C2 
2026-03-19 14:19:40.092 DEBU [pymycobot.common] _read : FE FE 20 B5 01 04 18 3E 54 36 6C BD C5 2A AE 3E B5 36 45 BC 85 26 AF BB 4A 57 5F BB A9 3C 3B FD A9 50 44
2026-03-19 14:19:40.094 DEBU [pymycobot.common] _write: FE FE 0B B5 01 04 00 00 00 0C F0 0F 46 C2 
2026-03-19 14:19:40.117 DEBU [pymycobot.common] _read : FE FE 20 B5 01 04 18 3E 49 E4 D1 BD C4 FC 08 3E B0 0B FC BC 85 21 B3 BB 4A 76 57 BB A9 3D 8E 8A 86 50 44
2026-03-19 14:19:40.118 DEBU [pymycobot.common] _write: FE FE 0B B5 01 04 00 00 00 0C F0 0F 46 C2 
2026-03-19 14:19:40.142 DEBU [pymycobot.common] _read : FE FE 20 B5 01 04 18 3E 54 36 6C BD C5 2A AE 3E B5 36 45 BC 85 26 AF BB 4A 57 5F BB A9 3C 3B FD A9 50 44
2026-03-19 14:19:40.143 DEBU [pymycobot.common] _write: FE FE 0B B5 01 04 00 00 00 0C F0 0F 46 C2 
2026-03-19 14:19:40.169 DEBU [pymycobot.common] _read : FE FE 20 B5 01 04 18 3E 49 E4 D1 BD C4 FC 08 3E B0 0B FC BC 85 21 B3 BB 4A 76 57 BB A9 3D 8E 8A 86 50 44
2026-03-19 14:19:40.170 DEBU [pymycobot.common] _write: FE FE 0B B5 01 04 00 00 00 0C F0 0F 46 C2 
2026-03-19 14:19:40.195 DEBU [pymycobot.common] _read : FE FE 20 B5 01 04 18 3E 4A 01 D4 BD B0 8D 9D 3E B5 2A 78 BC 85 31 F9 BB 4A 86 71 BB A9 45 96 0B 43 50 44
2026-03-19 14:19:40.197 DEBU [pymycobot.common] _write: FE FE 0B B5 01 04 00 00 00 0C F0 0F 46 C2 
2026-03-19 14:19:40.220 DEBU [pymycobot.common] _read : FE FE 20 B5 01 04 18 3E 54 34 1F BD B0 9E 16 3E B0 19 06 BC 85 23 04 BB 4A 59 9A BB A9 04 BE 81 14 50 44
2026-03-19 14:19:40.221 DEBU [pymycobot.common] _write: FE FE 0B B5 01 04 00 00 00 0C F0 0F 46 C2 
2026-03-19 14:19:40.245 DEBU [pymycobot.common] _read : FE FE 20 B5 01 04 18 3E 54 26 C4 BD C5 1B 97 3E B0 18 68 BC 85 1C B7 BB 4A 50 6F BB A9 1C 79 94 75 50 44
2026-03-19 14:19:40.247 DEBU [pymycobot.common] _write: FE FE 0B B5 01 04 00 00 00 0C F0 0F 46 C2 
2026-03-19 14:19:40.272 DEBU [pymycobot.common] _read : FE FE 20 B5 01 04 18 3E 49 F4 7A BD C5 0B 1F 3E B5 29 DA BC 85 2B AB BB 4A 7D 47 BB A9 5D 50 EA 53 50 44
2026-03-19 14:19:40.273 DEBU [pymycobot.common] _write: FE FE 0B B5 01 04 00 00 00 0C F0 0F 46 C2 
2026-03-19 14:19:40.299 DEBU [pymycobot.common] _read : FE FE 20 B5 01 04 18 3E 4A 01 D4 BD B0 8D 9D 3E B5 2A 78 BC 85 31 F9 BB 4A 86 71 BB A9 45 96 0B 43 50 44
2026-03-19 14:19:40.300 DEBU [pymycobot.common] _write: FE FE 0B B5 01 04 00 00 00 0C F0 0F 46 C2 
2026-03-19 14:19:40.327 DEBU [pymycobot.common] _read : FE FE 20 B5 01 04 18 3E 49 E4 D1 BD C4 FC 08 3E B0 0B FC BC 85 21 B3 BB 4A 76 57 BB A9 3D 8E 8A 86 50 44
2026-03-19 14:19:40.328 DEBU [pymycobot.common] _write: FE FE 0B B5 01 04 00 00 00 0C F0 0F 46 C2 
2026-03-19 14:19:40.352 DEBU [pymycobot.common] _read : FE FE 20 B5 01 04 18 3E 49 F4 7A BD C5 0B 1F 3E B5 29 DA BC 85 2B AB BB 4A 7D 47 BB A9 5D 50 EA 53 50 44
2026-03-19 14:19:40.353 DEBU [pymycobot.common] _write: FE FE 0B B5 01 04 00 00 00 0C F0 0F 46 C2 
2026-03-19 14:19:40.378 DEBU [pymycobot.common] _read : FE FE 20 B5 01 04 18 3E 54 26 C4 BD C5 1B 97 3E B0 18 68 BC 85 1C B7 BB 4A 50 6F BB A9 1C 79 94 75 50 44
2026-03-19 14:19:40.379 DEBU [pymycobot.common] _write: FE FE 0B B5 01 04 00 00 00 0C F0 0F 46 C2 
2026-03-19 14:19:40.405 DEBU [pymycobot.common] _read : FE FE 20 B5 01 04 18 3E 49 E4 D1 BD C4 FC 08 3E B0 0B FC BC 85 21 B3 BB 4A 76 57 BB A9 3D 8E 8A 86 50 44
2026-03-19 14:19:40.406 DEBU [pymycobot.common] _write: FE FE 0B B5 01 04 00 00 00 0C F0 0F 46 C2 
2026-03-19 14:19:40.429 DEBU [pymycobot.common] _read : FE FE 20 B5 01 04 18 3E 49 E4 D1 BD C4 FC 08 3E B0 0B FC BC 85 21 B3 BB 4A 76 57 BB A9 3D 8E 8A 86 50 44
2026-03-19 14:19:40.431 DEBU [pymycobot.common] _write: FE FE 0B B5 01 04 00 00 00 0C F0 0F 46 C2 
2026-03-19 14:19:40.453 DEBU [pymycobot.common] _read : FE FE 20 B5 01 04 18 3E 49 E4 D1 BD C4 FC 08 3E B0 0B FC BC 85 21 B3 BB 4A 76 57 BB A9 3D 8E 8A 86 50 44
2026-03-19 14:19:40.454 DEBU [pymycobot.common] _write: FE FE 0B B5 01 04 00 00 00 0C F0 0F 46 C2 
2026-03-19 14:19:40.478 DEBU [pymycobot.common] _read : FE FE 20 B5 01 04 18 3E 49 F4 7A BD C5 0B 1F 3E B5 29 DA BC 85 2B AB BB 4A 7D 47 BB A9 5D 50 EA 53 50 44
2026-03-19 14:19:40.479 DEBU [pymycobot.common] _write: FE FE 0B B5 01 04 00 00 00 0C F0 0F 46 C2 
2026-03-19 14:19:40.502 DEBU [pymycobot.common] _read : FE FE 20 B5 01 04 18 3E 49 E4 D1 BD C4 FC 08 3E B0 0B FC BC 85 21 B3 BB 4A 76 57 BB A9 3D 8E 8A 86 50 44
2026-03-19 14:19:40.503 DEBU [pymycobot.common] _write: FE FE 0B B5 01 04 00 00 00 0C F0 0F 46 C2 
2026-03-19 14:19:40.529 DEBU [pymycobot.common] _read : FE FE 20 B5 01 04 18 3E 49 F4 7A BD C5 0B 1F 3E B5 29 DA BC 85 2B AB BB 4A 7D 47 BB A9 5D 50 EA 53 50 44
2026-03-19 14:19:40.531 DEBU [pymycobot.common] _write: FE FE 0B B5 01 04 00 00 00 0C F0 0F 46 C2 
2026-03-19 14:19:40.555 DEBU [pymycobot.common] _read : FE FE 20 B5 01 04 18 3E 54 36 6C BD C5 2A AE 3E B5 36 45 BC 85 26 AF BB 4A 57 5F BB A9 3C 3B FD A9 50 44
2026-03-19 14:19:40.556 DEBU [pymycobot.common] _write: FE FE 0B B5 01 04 00 00 00 0C F0 0F 46 C2 
2026-03-19 14:19:40.581 DEBU [pymycobot.common] _read : FE FE 20 B5 01 04 18 3E 49 F2 2C BD B0 7E 86 3E B0 0C 9B BC 85 28 00 BB 4A 7F 82 BB A9 25 D4 99 2B 50 44
2026-03-19 14:19:40.582 DEBU [pymycobot.common] _write: FE FE 0B B5 01 04 00 00 00 0C F0 0F 46 C2 
2026-03-19 14:19:40.608 DEBU [pymycobot.common] _read : FE FE 20 B5 01 04 18 3E 54 36 6C BD C5 2A AE 3E B5 36 45 BC 85 26 AF BB 4A 57 5F BB A9 3C 3B FD A9 50 44
2026-03-19 14:19:40.609 DEBU [pymycobot.common] _write: FE FE 0B B5 01 04 00 00 00 0C F0 0F 46 C2 
2026-03-19 14:19:40.632 DEBU [pymycobot.common] _read : FE FE 20 B5 01 04 18 3E 54 26 C4 BD C5 1B 97 3E B0 18 68 BC 85 1C B7 BB 4A 50 6F BB A9 1C 79 94 75 50 44
2026-03-19 14:19:40.634 DEBU [pymycobot.common] _write: FE FE 0B B5 01 04 00 00 00 0C F0 0F 46 C2 
2026-03-19 14:19:40.659 DEBU [pymycobot.common] _read : FE FE 20 B5 01 04 18 3E 54 26 C4 BD C5 1B 97 3E B0 18 68 BC 85 1C B7 BB 4A 50 6F BB A9 1C 79 94 75 50 44
2026-03-19 14:19:40.661 DEBU [pymycobot.common] _write: FE FE 0B B5 01 04 00 00 00 0C F0 0F 46 C2 
2026-03-19 14:19:40.685 DEBU [pymycobot.common] _read : FE FE 20 B5 01 04 18 3E 4A 01 D4 BD B0 8D 9D 3E B5 2A 78 BC 85 31 F9 BB 4A 86 71 BB A9 45 96 0B 43 50 44
2026-03-19 14:19:40.686 DEBU [pymycobot.common] _write: FE FE 0B B5 01 04 00 00 00 0C F0 0F 46 C2 
2026-03-19 14:19:40.710 DEBU [pymycobot.common] _read : FE FE 20 B5 01 04 18 3E 49 E4 D1 BD C4 FC 08 3E B0 0B FC BC 85 21 B3 BB 4A 76 57 BB A9 3D 8E 8A 86 50 44
2026-03-19 14:19:40.711 DEBU [pymycobot.common] _write: FE FE 0B B5 01 04 00 00 00 0C F0 0F 46 C2 
2026-03-19 14:19:40.732 DEBU [pymycobot.common] _read : FE FE 20 B5 01 04 18 3E 54 36 6C BD C5 2A AE 3E B5 36 45 BC 85 26 AF BB 4A 57 5F BB A9 3C 3B FD A9 50 44
2026-03-19 14:19:40.733 DEBU [pymycobot.common] _write: FE FE 0B B5 01 04 00 00 00 0C F0 0F 46 C2 
2026-03-19 14:19:40.758 DEBU [pymycobot.common] _read : FE FE 20 B5 01 04 18 3E 54 17 1C BD C5 0C 7F 3E AA FA 8C BC 85 12 BE BB 4A 49 80 BB A8 FC B7 0B 1C 50 44
2026-03-19 14:19:40.759 DEBU [pymycobot.common] _write: FE FE 0B B5 01 04 00 00 00 0C F0 0F 46 C2 
2026-03-19 14:19:40.783 DEBU [pymycobot.common] _read : FE FE 20 B5 01 04 18 3E 49 F4 7A BD C5 0B 1F 3E B5 29 DA BC 85 2B AB BB 4A 7D 47 BB A9 5D 50 EA 53 50 44
2026-03-19 14:19:40.785 DEBU [pymycobot.common] _write: FE FE 0B B5 01 04 00 00 00 0C F0 0F 46 C2 
2026-03-19 14:19:40.811 DEBU [pymycobot.common] _read : FE FE 20 B5 01 04 18 3E 54 26 C4 BD C5 1B 97 3E B0 18 68 BC 85 1C B7 BB 4A 50 6F BB A9 1C 79 94 75 50 44
2026-03-19 14:19:40.812 DEBU [pymycobot.common] _write: FE FE 0B B5 01 04 00 00 00 0C F0 0F 46 C2 
2026-03-19 14:19:40.839 DEBU [pymycobot.common] _read : FE FE 20 B5 01 04 18 3E 54 34 1F BD B0 9E 16 3E B0 19 06 BC 85 23 04 BB 4A 59 9A BB A9 04 BE 81 14 50 44
2026-03-19 14:19:40.840 DEBU [pymycobot.common] _write: FE FE 0B B5 01 04 00 00 00 0C F0 0F 46 C2 
2026-03-19 14:19:40.864 DEBU [pymycobot.common] _read : FE FE 20 B5 01 04 18 3E 54 36 6C BD C5 2A AE 3E B5 36 45 BC 85 26 AF BB 4A 57 5F BB A9 3C 3B FD A9 50 44
2026-03-19 14:19:40.865 DEBU [pymycobot.common] _write: FE FE 0B B5 01 04 00 00 00 0C F0 0F 46 C2 
2026-03-19 14:19:40.888 DEBU [pymycobot.common] _read : FE FE 20 B5 01 04 18 3E 49 F4 7A BD C5 0B 1F 3E B5 29 DA BC 85 2B AB BB 4A 7D 47 BB A9 5D 50 EA 53 50 44
2026-03-19 14:19:40.890 DEBU [pymycobot.common] _write: FE FE 0B B5 01 04 00 00 00 0C F0 0F 46 C2 
2026-03-19 14:19:40.914 DEBU [pymycobot.common] _read : FE FE 20 B5 01 04 18 3E 49 F4 7A BD C5 0B 1F 3E B5 29 DA BC 85 2B AB BB 4A 7D 47 BB A9 5D 50 EA 53 50 44
2026-03-19 14:19:40.915 DEBU [pymycobot.common] _write: FE FE 0B B5 01 04 00 00 00 0C F0 0F 46 C2 
2026-03-19 14:19:40.938 DEBU [pymycobot.common] _read : FE FE 20 B5 01 04 18 3E 54 26 C4 BD C5 1B 97 3E B0 18 68 BC 85 1C B7 BB 4A 50 6F BB A9 1C 79 94 75 50 44
2026-03-19 14:19:40.939 DEBU [pymycobot.common] _write: FE FE 0B B5 01 04 00 00 00 0C F0 0F 46 C2 
2026-03-19 14:19:40.962 DEBU [pymycobot.common] _read : FE FE 20 B5 01 04 18 3E 49 E4 D1 BD C4 FC 08 3E B0 0B FC BC 85 21 B3 BB 4A 76 57 BB A9 3D 8E 8A 86 50 44
2026-03-19 14:19:40.963 DEBU [pymycobot.common] _write: FE FE 0B B5 01 04 00 00 00 0C F0 0F 46 C2 
2026-03-19 14:19:40.987 DEBU [pymycobot.common] _read : FE FE 20 B5 01 04 18 3E 49 F4 7A BD C5 0B 1F 3E B5 29 DA BC 85 2B AB BB 4A 7D 47 BB A9 5D 50 EA 53 50 44
2026-03-19 14:19:40.988 DEBU [pymycobot.common] _write: FE FE 0B B5 01 04 00 00 00 0C F0 0F 46 C2 
2026-03-19 14:19:41.011 DEBU [pymycobot.common] _read : FE FE 20 B5 01 04 18 3E 54 34 1F BD B0 9E 16 3E B0 19 06 BC 85 23 04 BB 4A 59 9A BB A9 04 BE 81 14 50 44
2026-03-19 14:19:41.012 DEBU [pymycobot.common] _write: FE FE 0B B5 01 04 00 00 00 0C F0 0F 46 C2 
2026-03-19 14:19:41.036 DEBU [pymycobot.common] _read : FE FE 20 B5 01 04 18 3E 49 F4 7A BD C5 0B 1F 3E B5 29 DA BC 85 2B AB BB 4A 7D 47 BB A9 5D 50 EA 53 50 44
2026-03-19 14:19:41.037 DEBU [pymycobot.common] _write: FE FE 0B B5 01 04 00 00 00 0C F0 0F 46 C2 
2026-03-19 14:19:41.059 DEBU [pymycobot.common] _read : FE FE 20 B5 01 04 18 3E 49 F4 7A BD C5 0B 1F 3E B5 29 DA BC 85 2B AB BB 4A 7D 47 BB A9 5D 50 EA 53 50 44
2026-03-19 14:19:41.060 DEBU [pymycobot.common] _write: FE FE 0B B5 01 04 00 00 00 0C F0 0F 46 C2 
2026-03-19 14:19:41.082 DEBU [pymycobot.common] _read : FE FE 20 B5 01 04 18 3E 54 26 C4 BD C5 1B 97 3E B0 18 68 BC 85 1C B7 BB 4A 50 6F BB A9 1C 79 94 75 50 44
2026-03-19 14:19:41.083 DEBU [pymycobot.common] _write: FE FE 0B B5 01 04 00 00 00 0C F0 0F 46 C2 
2026-03-19 14:19:41.107 DEBU [pymycobot.common] _read : FE FE 20 B5 01 04 18 3E 54 36 6C BD C5 2A AE 3E B5 36 45 BC 85 26 AF BB 4A 57 5F BB A9 3C 3B FD A9 50 44
2026-03-19 14:19:41.108 DEBU [pymycobot.common] _write: FE FE 0B B5 01 04 00 00 00 0C F0 0F 46 C2 
2026-03-19 14:19:41.132 DEBU [pymycobot.common] _read : FE FE 20 B5 01 04 18 3E 54 26 C4 BD C5 1B 97 3E B0 18 68 BC 85 1C B7 BB 4A 50 6F BB A9 1C 79 94 75 50 44
2026-03-19 14:19:41.133 DEBU [pymycobot.common] _write: FE FE 0B B5 01 04 00 00 00 0C F0 0F 46 C2 
2026-03-19 14:19:41.156 DEBU [pymycobot.common] _read : FE FE 20 B5 01 04 18 3E 54 26 C4 BD C5 1B 97 3E B0 18 68 BC 85 1C B7 BB 4A 50 6F BB A9 1C 79 94 75 50 44
2026-03-19 14:19:41.156 DEBU [pymycobot.common] _write: FE FE 0B B5 01 04 00 00 00 0C F0 0F 46 C2 
2026-03-19 14:19:41.182 DEBU [pymycobot.common] _read : FE FE 20 B5 01 04 18 3E 54 26 C4 BD C5 1B 97 3E B0 18 68 BC 85 1C B7 BB 4A 50 6F BB A9 1C 79 94 75 50 44
2026-03-19 14:19:41.183 DEBU [pymycobot.common] _write: FE FE 0B B5 01 04 00 00 00 0C F0 0F 46 C2 
2026-03-19 14:19:41.206 DEBU [pymycobot.common] _read : FE FE 20 B5 01 04 18 3E 49 F4 7A BD C5 0B 1F 3E B5 29 DA BC 85 2B AB BB 4A 7D 47 BB A9 5D 50 EA 53 50 44
2026-03-19 14:19:41.207 DEBU [pymycobot.common] _write: FE FE 0B B5 01 04 00 00 00 0C F0 0F 46 C2 
2026-03-19 14:19:41.230 DEBU [pymycobot.common] _read : FE FE 20 B5 01 04 18 3E 49 E4 D1 BD C4 FC 08 3E B0 0B FC BC 85 21 B3 BB 4A 76 57 BB A9 3D 8E 8A 86 50 44
2026-03-19 14:19:41.231 DEBU [pymycobot.common] _write: FE FE 0B B5 01 04 00 00 00 0C F0 0F 46 C2 
2026-03-19 14:19:41.255 DEBU [pymycobot.common] _read : FE FE 20 B5 01 04 18 3E 54 26 C4 BD C5 1B 97 3E B0 18 68 BC 85 1C B7 BB 4A 50 6F BB A9 1C 79 94 75 50 44
2026-03-19 14:19:41.256 DEBU [pymycobot.common] _write: FE FE 0B B5 01 04 00 00 00 0C F0 0F 46 C2 
2026-03-19 14:19:41.281 DEBU [pymycobot.common] _read : FE FE 20 B5 01 04 18 3E 49 E4 D1 BD C4 FC 08 3E B0 0B FC BC 85 21 B3 BB 4A 76 57 BB A9 3D 8E 8A 86 50 44
2026-03-19 14:19:41.282 DEBU [pymycobot.common] _write: FE FE 0B B5 01 04 00 00 00 0C F0 0F 46 C2 
2026-03-19 14:19:41.306 DEBU [pymycobot.common] _read : FE FE 20 B5 01 04 18 3E 54 34 1F BD B0 9E 16 3E B0 19 06 BC 85 23 04 BB 4A 59 9A BB A9 04 BE 81 14 50 44
2026-03-19 14:19:41.307 DEBU [pymycobot.common] _write: FE FE 0B B5 01 04 00 00 00 0C F0 0F 46 C2 
2026-03-19 14:19:41.329 DEBU [pymycobot.common] _read : FE FE 20 B5 01 04 18 3E 49 F4 7A BD C5 0B 1F 3E B5 29 DA BC 85 2B AB BB 4A 7D 47 BB A9 5D 50 EA 53 50 44
2026-03-19 14:19:41.330 DEBU [pymycobot.common] _write: FE FE 0B B5 01 04 00 00 00 0C F0 0F 46 C2 
2026-03-19 14:19:41.355 DEBU [pymycobot.common] _read : FE FE 20 B5 01 04 18 3E 54 34 1F BD B0 9E 16 3E B0 19 06 BC 85 23 04 BB 4A 59 9A BB A9 04 BE 81 14 50 44
2026-03-19 14:19:41.357 DEBU [pymycobot.common] _write: FE FE 0B B5 01 04 00 00 00 0C F0 0F 46 C2 
2026-03-19 14:19:41.380 DEBU [pymycobot.common] _read : FE FE 20 B5 01 04 18 3E 49 F2 2C BD B0 7E 86 3E B0 0C 9B BC 85 28 00 BB 4A 7F 82 BB A9 25 D4 99 2B 50 44
2026-03-19 14:19:41.381 DEBU [pymycobot.common] _write: FE FE 0B B5 01 04 00 00 00 0C F0 0F 46 C2 
2026-03-19 14:19:41.408 DEBU [pymycobot.common] _read : FE FE 20 B5 01 04 18 3E 49 F2 2C BD B0 7E 86 3E B0 0C 9B BC 85 28 00 BB 4A 7F 82 BB A9 25 D4 99 2B 50 44
2026-03-19 14:19:41.409 DEBU [pymycobot.common] _write: FE FE 0B B5 01 04 00 00 00 0C F0 0F 46 C2 
2026-03-19 14:19:41.434 DEBU [pymycobot.common] _read : FE FE 20 B5 01 04 18 3E 49 F4 7A BD C5 0B 1F 3E B5 29 DA BC 85 2B AB BB 4A 7D 47 BB A9 5D 50 EA 53 50 44
2026-03-19 14:19:41.436 DEBU [pymycobot.common] _write: FE FE 0B B5 01 04 00 00 00 0C F0 0F 46 C2 
2026-03-19 14:19:41.458 DEBU [pymycobot.common] _read : FE FE 20 B5 01 04 18 3E 54 43 C6 BD B0 AD 2D 3E B5 36 E4 BC 85 2C FC BB 4A 60 8A BB A9 24 80 9B 22 50 44
2026-03-19 14:19:41.459 DEBU [pymycobot.common] _write: FE FE 0B B5 01 04 00 00 00 0C F0 0F 46 C2 
2026-03-19 14:19:41.483 DEBU [pymycobot.common] _read : FE FE 20 B5 01 04 18 3E 49 80 91 BD C1 DD DC 3E B0 1A 43 BC 85 25 6D BB 86 2B 30 BB A9 9B F2 0B CA 50 44
2026-03-19 14:19:41.485 DEBU [pymycobot.common] _write: FE FE 0B B5 01 04 00 00 00 0C F0 0F 46 C2 
2026-03-19 14:19:41.510 DEBU [pymycobot.common] _read : FE FE 20 B5 01 04 18 3E 54 34 1F BD B0 9E 16 3E B0 19 06 BC 85 23 04 BB 4A 59 9A BB A9 04 BE 81 14 50 44
2026-03-19 14:19:41.511 DEBU [pymycobot.common] _write: FE FE 0B B5 01 04 00 00 00 0C F0 0F 46 C2 
2026-03-19 14:19:41.533 DEBU [pymycobot.common] _read : FE FE 20 B5 01 04 18 3E 49 D7 77 BD D9 79 88 3E B0 0B 5C BC 85 1B 65 BB 4A 6D 2D BB A9 55 49 04 83 50 44
2026-03-19 14:19:41.534 DEBU [pymycobot.common] _write: FE FE 0B B5 01 04 00 00 00 0C F0 0F 46 C2 
2026-03-19 14:19:41.558 DEBU [pymycobot.common] _read : FE FE 20 B5 01 04 18 3E 54 26 C4 BD C5 1B 97 3E B0 18 68 BC 85 1C B7 BB 4A 50 6F BB A9 1C 79 94 75 50 44
2026-03-19 14:19:41.559 DEBU [pymycobot.common] _write: FE FE 0B B5 01 04 00 00 00 0C F0 0F 46 C2 
2026-03-19 14:19:41.586 DEBU [pymycobot.common] _read : FE FE 20 B5 01 04 18 3E 54 26 C4 BD C5 1B 97 3E B0 18 68 BC 85 1C B7 BB 4A 50 6F BB A9 1C 79 94 75 50 44
2026-03-19 14:19:41.587 DEBU [pymycobot.common] _write: FE FE 0B B5 01 04 00 00 00 0C F0 0F 46 C2 
2026-03-19 14:19:41.612 DEBU [pymycobot.common] _read : FE FE 20 B5 01 04 18 3E 49 E4 D1 BD C4 FC 08 3E B0 0B FC BC 85 21 B3 BB 4A 76 57 BB A9 3D 8E 8A 86 50 44
2026-03-19 14:19:41.613 DEBU [pymycobot.common] _write: FE FE 0B B5 01 04 00 00 00 0C F0 0F 46 C2 
2026-03-19 14:19:41.635 DEBU [pymycobot.common] _read : FE FE 20 B5 01 04 18 3E 49 E4 D1 BD C4 FC 08 3E B0 0B FC BC 85 21 B3 BB 4A 76 57 BB A9 3D 8E 8A 86 50 44
2026-03-19 14:19:41.636 DEBU [pymycobot.common] _write: FE FE 0B B5 01 04 00 00 00 0C F0 0F 46 C2 
2026-03-19 14:19:41.659 DEBU [pymycobot.common] _read : FE FE 20 B5 01 04 18 3E 54 26 C4 BD C5 1B 97 3E B0 18 68 BC 85 1C B7 BB 4A 50 6F BB A9 1C 79 94 75 50 44
2026-03-19 14:19:41.660 DEBU [pymycobot.common] _write: FE FE 0B B5 01 04 00 00 00 0C F0 0F 46 C2 
2026-03-19 14:19:41.682 DEBU [pymycobot.common] _read : FE FE 20 B5 01 04 18 3E 4A 11 7C BD B0 9C B4 3E BA 48 56 BC 85 3B F1 BB 4A 8D 61 BB A9 65 58 EB 49 50 44
2026-03-19 14:19:41.683 DEBU [pymycobot.common] _write: FE FE 0B B5 01 04 00 00 00 0C F0 0F 46 C2 
2026-03-19 14:19:41.707 DEBU [pymycobot.common] _read : FE FE 20 B5 01 04 18 3E 49 E4 D1 BD C4 FC 08 3E B0 0B FC BC 85 21 B3 BB 4A 76 57 BB A9 3D 8E 8A 86 50 44
2026-03-19 14:19:41.708 DEBU [pymycobot.common] _write: FE FE 0B B5 01 04 00 00 00 0C F0 0F 46 C2 
2026-03-19 14:19:41.732 DEBU [pymycobot.common] _read : FE FE 20 B5 01 04 18 3E 49 E4 D1 BD C4 FC 08 3E B0 0B FC BC 85 21 B3 BB 4A 76 57 BB A9 3D 8E 8A 86 50 44
2026-03-19 14:19:41.733 DEBU [pymycobot.common] _write: FE FE 0B B5 01 04 00 00 00 0C F0 0F 46 C2 
2026-03-19 14:19:41.757 DEBU [pymycobot.common] _read : FE FE 20 B5 01 04 18 3E 54 26 C4 BD C5 1B 97 3E B0 18 68 BC 85 1C B7 BB 4A 50 6F BB A9 1C 79 94 75 50 44
2026-03-19 14:19:41.758 DEBU [pymycobot.common] _write: FE FE 0B B5 01 04 00 00 00 0C F0 0F 46 C2 
2026-03-19 14:19:41.779 DEBU [pymycobot.common] _read : FE FE 20 B5 01 04 18 3E 49 C9 83 BD C5 2A E8 3E B0 11 6D BC 85 31 AD BB 49 D4 B7 BB 88 8E 86 B0 9F 50 44
2026-03-19 14:19:41.780 DEBU [pymycobot.common] _write: FE FE 0B B5 01 04 00 00 00 0C F0 0F 46 C2 
2026-03-19 14:19:41.804 DEBU [pymycobot.common] _read : FE FE 20 B5 01 04 18 3E 49 F4 7A BD C5 0B 1F 3E B5 29 DA BC 85 2B AB BB 4A 7D 47 BB A9 5D 50 EA 53 50 44
2026-03-19 14:19:41.805 DEBU [pymycobot.common] _write: FE FE 0B B5 01 04 00 00 00 0C F0 0F 46 C2 
2026-03-19 14:19:41.830 DEBU [pymycobot.common] _read : FE FE 20 B5 01 04 18 3E 49 E4 D1 BD C4 FC 08 3E B0 0B FC BC 85 21 B3 BB 4A 76 57 BB A9 3D 8E 8A 86 50 44
2026-03-19 14:19:41.831 DEBU [pymycobot.common] _write: FE FE 0B B5 01 04 00 00 00 0C F0 0F 46 C2 
2026-03-19 14:19:41.854 DEBU [pymycobot.common] _read : FE FE 20 B5 01 04 18 3E 49 E4 D1 BD C4 FC 08 3E B0 0B FC BC 85 21 B3 BB 4A 76 57 BB A9 3D 8E 8A 86 50 44
2026-03-19 14:19:41.855 DEBU [pymycobot.common] _write: FE FE 0B B5 01 04 00 00 00 0C F0 0F 46 C2 
2026-03-19 14:19:41.878 DEBU [pymycobot.common] _read : FE FE 20 B5 01 04 18 3E 49 E4 D1 BD C4 FC 08 3E B0 0B FC BC 85 21 B3 BB 4A 76 57 BB A9 3D 8E 8A 86 50 44
2026-03-19 14:19:41.880 DEBU [pymycobot.common] _write: FE FE 0B B5 01 04 00 00 00 0C F0 0F 46 C2 
2026-03-19 14:19:41.903 DEBU [pymycobot.common] _read : FE FE 20 B5 01 04 18 3E 49 90 3A BD C1 EC F3 3E B5 38 1F BC 85 2F 65 BB 86 2E A8 BB A9 BB B4 A2 3A 50 44
2026-03-19 14:19:41.904 DEBU [pymycobot.common] _write: FE FE 0B B5 01 04 00 00 00 0C F0 0F 46 C2 
2026-03-19 14:19:41.929 DEBU [pymycobot.common] _read : FE FE 20 B5 01 04 18 3E 54 17 1C BD C5 0C 7F 3E AA FA 8C BC 85 12 BE BB 4A 49 80 BB A8 FC B7 0B 1C 50 44
2026-03-19 14:19:41.930 DEBU [pymycobot.common] _write: FE FE 0B B5 01 04 00 00 00 0C F0 0F 46 C2 
2026-03-19 14:19:41.952 DEBU [pymycobot.common] _read : FE FE 20 B5 01 04 18 3E 54 26 C4 BD C5 1B 97 3E B0 18 68 BC 85 1C B7 BB 4A 50 6F BB A9 1C 79 94 75 50 44
2026-03-19 14:19:41.953 DEBU [pymycobot.common] _write: FE FE 0B B5 01 04 00 00 00 0C F0 0F 46 C2 
2026-03-19 14:19:41.976 DEBU [pymycobot.common] _read : FE FE 20 B5 01 04 18 3E 54 26 C4 BD C5 1B 97 3E B0 18 68 BC 85 1C B7 BB 4A 50 6F BB A9 1C 79 94 75 50 44
2026-03-19 14:19:41.977 DEBU [pymycobot.common] _write: FE FE 0B B5 01 04 00 00 00 0C F0 0F 46 C2 
2026-03-19 14:19:42.001 DEBU [pymycobot.common] _read : FE FE 20 B5 01 04 18 3E 54 36 6C BD C5 2A AE 3E B5 36 45 BC 85 26 AF BB 4A 57 5F BB A9 3C 3B FD A9 50 44
2026-03-19 14:19:42.002 DEBU [pymycobot.common] _write: FE FE 0B B5 01 04 00 00 00 0C F0 0F 46 C2 
2026-03-19 14:19:42.026 DEBU [pymycobot.common] _read : FE FE 20 B5 01 04 18 3E 49 E4 D1 BD C4 FC 08 3E B0 0B FC BC 85 21 B3 BB 4A 76 57 BB A9 3D 8E 8A 86 50 44
2026-03-19 14:19:42.027 DEBU [pymycobot.common] _write: FE FE 0B B5 01 04 00 00 00 0C F0 0F 46 C2 
2026-03-19 14:19:42.054 DEBU [pymycobot.common] _read : FE FE 20 B5 01 04 18 3E 49 F4 7A BD C5 0B 1F 3E B5 29 DA BC 85 2B AB BB 4A 7D 47 BB A9 5D 50 EA 53 50 44
2026-03-19 14:19:42.055 DEBU [pymycobot.common] _write: FE FE 0B B5 01 04 00 00 00 0C F0 0F 46 C2 
2026-03-19 14:19:42.086 DEBU [pymycobot.common] _read : FE FE 20 B5 01 04 18 3E 54 26 C4 BD C5 1B 97 3E B0 18 68 BC 85 1C B7 BB 4A 50 6F BB A9 1C 79 94 75 50 44
2026-03-19 14:19:42.087 DEBU [pymycobot.common] _write: FE FE 0B B5 01 04 00 00 00 0C F0 0F 46 C2 
2026-03-19 14:19:42.111 DEBU [pymycobot.common] _read : FE FE 20 B5 01 04 18 3E 49 F4 7A BD C5 0B 1F 3E B5 29 DA BC 85 2B AB BB 4A 7D 47 BB A9 5D 50 EA 53 50 44
2026-03-19 14:19:42.112 DEBU [pymycobot.common] _write: FE FE 0B B5 01 04 00 00 00 0C F0 0F 46 C2 
2026-03-19 14:19:42.136 DEBU [pymycobot.common] _read : FE FE 20 B5 01 04 18 3E 54 36 6C BD C5 2A AE 3E B5 36 45 BC 85 26 AF BB 4A 57 5F BB A9 3C 3B FD A9 50 44
2026-03-19 14:19:42.137 DEBU [pymycobot.common] _write: FE FE 0B B5 01 04 00 00 00 0C F0 0F 46 C2 
2026-03-19 14:19:42.162 DEBU [pymycobot.common] _read : FE FE 20 B5 01 04 18 3E 49 E4 D1 BD C4 FC 08 3E B0 0B FC BC 85 21 B3 BB 4A 76 57 BB A9 3D 8E 8A 86 50 44
2026-03-19 14:19:42.163 DEBU [pymycobot.common] _write: FE FE 0B B5 01 04 00 00 00 0C F0 0F 46 C2 
2026-03-19 14:19:42.189 DEBU [pymycobot.common] _read : FE FE 20 B5 01 04 18 3E 54 36 6C BD C5 2A AE 3E B5 36 45 BC 85 26 AF BB 4A 57 5F BB A9 3C 3B FD A9 50 44
2026-03-19 14:19:42.190 DEBU [pymycobot.common] _write: FE FE 0B B5 01 04 00 00 00 0C F0 0F 46 C2 
2026-03-19 14:19:42.213 DEBU [pymycobot.common] _read : FE FE 20 B5 01 04 18 3E 49 E4 D1 BD C4 FC 08 3E B0 0B FC BC 85 21 B3 BB 4A 76 57 BB A9 3D 8E 8A 86 50 44
2026-03-19 14:19:42.215 DEBU [pymycobot.common] _write: FE FE 0B B5 01 04 00 00 00 0C F0 0F 46 C2 
2026-03-19 14:19:42.241 DEBU [pymycobot.common] _read : FE FE 20 B5 01 04 18 3E 49 D5 29 BD C4 EC F1 3E AA EE 1F BC 85 17 BB BB 4A 6F 68 BB A9 1D CC 9F 1F 50 44
2026-03-19 14:19:42.242 DEBU [pymycobot.common] _write: FE FE 0B B5 01 04 00 00 00 0C F0 0F 46 C2 
2026-03-19 14:19:42.265 DEBU [pymycobot.common] _read : FE FE 20 B5 01 04 18 3E 49 D7 77 BD D9 79 88 3E B0 0B 5C BC 85 1B 65 BB 4A 6D 2D BB A9 55 49 04 83 50 44
2026-03-19 14:19:42.266 DEBU [pymycobot.common] _write: FE FE 0B B5 01 04 00 00 00 0C F0 0F 46 C2 
2026-03-19 14:19:42.292 DEBU [pymycobot.common] _read : FE FE 20 B5 01 04 18 3E 49 E4 D1 BD C4 FC 08 3E B0 0B FC BC 85 21 B3 BB 4A 76 57 BB A9 3D 8E 8A 86 50 44
2026-03-19 14:19:42.293 DEBU [pymycobot.common] _write: FE FE 0B B5 01 04 00 00 00 0C F0 0F 46 C2 
2026-03-19 14:19:42.318 DEBU [pymycobot.common] _read : FE FE 20 B5 01 04 18 3E 4A 01 D4 BD B0 8D 9D 3E B5 2A 78 BC 85 31 F9 BB 4A 86 71 BB A9 45 96 0B 43 50 44
2026-03-19 14:19:42.319 DEBU [pymycobot.common] _write: FE FE 0B B5 01 04 00 00 00 0C F0 0F 46 C2 
2026-03-19 14:19:42.344 DEBU [pymycobot.common] _read : FE FE 20 B5 01 04 18 3E 54 36 6C BD C5 2A AE 3E B5 36 45 BC 85 26 AF BB 4A 57 5F BB A9 3C 3B FD A9 50 44
2026-03-19 14:19:42.345 DEBU [pymycobot.common] _write: FE FE 0B B5 01 04 00 00 00 0C F0 0F 46 C2 
2026-03-19 14:19:42.371 DEBU [pymycobot.common] _read : FE FE 20 B5 01 04 18 3E 54 26 C4 BD C5 1B 97 3E B0 18 68 BC 85 1C B7 BB 4A 50 6F BB A9 1C 79 94 75 50 44
2026-03-19 14:19:42.372 DEBU [pymycobot.common] _write: FE FE 0B B5 01 04 00 00 00 0C F0 0F 46 C2 
2026-03-19 14:19:42.395 DEBU [pymycobot.common] _read : FE FE 20 B5 01 04 18 3E 49 E4 D1 BD C4 FC 08 3E B0 0B FC BC 85 21 B3 BB 4A 76 57 BB A9 3D 8E 8A 86 50 44
2026-03-19 14:19:42.396 DEBU [pymycobot.common] _write: FE FE 0B B5 01 04 00 00 00 0C F0 0F 46 C2 
2026-03-19 14:19:42.421 DEBU [pymycobot.common] _read : FE FE 20 B5 01 04 18 3E 49 F4 7A BD C5 0B 1F 3E B5 29 DA BC 85 2B AB BB 4A 7D 47 BB A9 5D 50 EA 53 50 44
2026-03-19 14:19:42.422 DEBU [pymycobot.common] _write: FE FE 0B B5 01 04 00 00 00 0C F0 0F 46 C2 
2026-03-19 14:19:42.446 DEBU [pymycobot.common] _read : FE FE 20 B5 01 04 18 3E 4A 01 D4 BD B0 8D 9D 3E B5 2A 78 BC 85 31 F9 BB 4A 86 71 BB A9 45 96 0B 43 50 44
2026-03-19 14:19:42.447 DEBU [pymycobot.common] _write: FE FE 0B B5 01 04 00 00 00 0C F0 0F 46 C2 
2026-03-19 14:19:42.468 DEBU [pymycobot.common] _read : FE FE 20 B5 01 04 18 3E 49 E4 D1 BD C4 FC 08 3E B0 0B FC BC 85 21 B3 BB 4A 76 57 BB A9 3D 8E 8A 86 50 44
2026-03-19 14:19:42.470 DEBU [pymycobot.common] _write: FE FE 0B B5 01 04 00 00 00 0C F0 0F 46 C2 
2026-03-19 14:19:42.491 DEBU [pymycobot.common] _read : FE FE 20 B5 01 04 18 3E 49 90 3A BD C1 EC F3 3E B5 38 1F BC 85 2F 65 BB 86 2E A8 BB A9 BB B4 A2 3A 50 44
2026-03-19 14:19:42.492 DEBU [pymycobot.common] _write: FE FE 0B B5 01 04 00 00 00 0C F0 0F 46 C2 
2026-03-19 14:19:42.516 DEBU [pymycobot.common] _read : FE FE 20 B5 01 04 18 3E 54 36 6C BD C5 2A AE 3E B5 36 45 BC 85 26 AF BB 4A 57 5F BB A9 3C 3B FD A9 50 44
2026-03-19 14:19:42.517 DEBU [pymycobot.common] _write: FE FE 0B B5 01 04 00 00 00 0C F0 0F 46 C2 
2026-03-19 14:19:42.541 DEBU [pymycobot.common] _read : FE FE 20 B5 01 04 18 3E 54 43 C6 BD B0 AD 2D 3E B5 36 E4 BC 85 2C FC BB 4A 60 8A BB A9 24 80 9B 22 50 44
2026-03-19 14:19:42.542 DEBU [pymycobot.common] _write: FE FE 0B B5 01 04 00 00 00 0C F0 0F 46 C2 
2026-03-19 14:19:42.563 DEBU [pymycobot.common] _read : FE FE 20 B5 01 04 18 3E 49 F4 7A BD C5 0B 1F 3E B5 29 DA BC 85 2B AB BB 4A 7D 47 BB A9 5D 50 EA 53 50 44
2026-03-19 14:19:42.564 DEBU [pymycobot.common] _write: FE FE 0B B5 01 04 00 00 00 0C F0 0F 46 C2 
2026-03-19 14:19:42.590 DEBU [pymycobot.common] _read : FE FE 20 B5 01 04 18 3E 54 26 C4 BD C5 1B 97 3E B0 18 68 BC 85 1C B7 BB 4A 50 6F BB A9 1C 79 94 75 50 44
2026-03-19 14:19:42.591 DEBU [pymycobot.common] _write: FE FE 0B B5 01 04 00 00 00 0C F0 0F 46 C2 
2026-03-19 14:19:42.615 DEBU [pymycobot.common] _read : FE FE 20 B5 01 04 18 3E 49 E4 D1 BD C4 FC 08 3E B0 0B FC BC 85 21 B3 BB 4A 76 57 BB A9 3D 8E 8A 86 50 44
2026-03-19 14:19:42.617 DEBU [pymycobot.common] _write: FE FE 0B B5 01 04 00 00 00 0C F0 0F 46 C2 
2026-03-19 14:19:42.642 DEBU [pymycobot.common] _read : FE FE 20 B5 01 04 18 3E 49 E4 D1 BD C4 FC 08 3E B0 0B FC BC 85 21 B3 BB 4A 76 57 BB A9 3D 8E 8A 86 50 44
2026-03-19 14:19:42.644 DEBU [pymycobot.common] _write: FE FE 0B B5 01 04 00 00 00 0C F0 0F 46 C2 
2026-03-19 14:19:42.666 DEBU [pymycobot.common] _read : FE FE 20 B5 01 04 18 3E 54 24 77 BD B0 8E FD 3E AA FB 2A BC 85 19 0C BB 4A 52 AA BB A8 E4 FC C2 E2 50 44
2026-03-19 14:19:42.667 DEBU [pymycobot.common] _write: FE FE 0B B5 01 04 00 00 00 0C F0 0F 46 C2 
2026-03-19 14:19:42.694 DEBU [pymycobot.common] _read : FE FE 20 B5 01 04 18 3E 49 F2 2C BD B0 7E 86 3E B0 0C 9B BC 85 28 00 BB 4A 7F 82 BB A9 25 D4 99 2B 50 44
2026-03-19 14:19:42.695 DEBU [pymycobot.common] _write: FE FE 0B B5 01 04 00 00 00 0C F0 0F 46 C2 
2026-03-19 14:19:42.719 DEBU [pymycobot.common] _read : FE FE 20 B5 01 04 18 3E 54 26 C4 BD C5 1B 97 3E B0 18 68 BC 85 1C B7 BB 4A 50 6F BB A9 1C 79 94 75 50 44
2026-03-19 14:19:42.720 DEBU [pymycobot.common] _write: FE FE 0B B5 01 04 00 00 00 0C F0 0F 46 C2 
2026-03-19 14:19:42.746 DEBU [pymycobot.common] _read : FE FE 20 B5 01 04 18 3E 54 26 C4 BD C5 1B 97 3E B0 18 68 BC 85 1C B7 BB 4A 50 6F BB A9 1C 79 94 75 50 44
2026-03-19 14:19:42.747 DEBU [pymycobot.common] _write: FE FE 0B B5 01 04 00 00 00 0C F0 0F 46 C2 
2026-03-19 14:19:42.770 DEBU [pymycobot.common] _read : FE FE 20 B5 01 04 18 3E 49 E4 D1 BD C4 FC 08 3E B0 0B FC BC 85 21 B3 BB 4A 76 57 BB A9 3D 8E 8A 86 50 44
2026-03-19 14:19:42.771 DEBU [pymycobot.common] _write: FE FE 0B B5 01 04 00 00 00 0C F0 0F 46 C2 
2026-03-19 14:19:42.797 DEBU [pymycobot.common] _read : FE FE 20 B5 01 04 18 3E 49 E4 D1 BD C4 FC 08 3E B0 0B FC BC 85 21 B3 BB 4A 76 57 BB A9 3D 8E 8A 86 50 44
2026-03-19 14:19:42.799 DEBU [pymycobot.common] _write: FE FE 0B B5 01 04 00 00 00 0C F0 0F 46 C2 
2026-03-19 14:19:42.823 DEBU [pymycobot.common] _read : FE FE 20 B5 01 04 18 3E 54 19 6A BD D9 99 17 3E B0 17 C8 BC 85 16 69 BB 4A 47 45 BB A9 34 34 CB 73 50 44
2026-03-19 14:19:42.824 DEBU [pymycobot.common] _write: FE FE 0B B5 01 04 00 00 00 0C F0 0F 46 C2 
2026-03-19 14:19:42.848 DEBU [pymycobot.common] _read : FE FE 20 B5 01 04 18 3E 49 F4 7A BD C5 0B 1F 3E B5 29 DA BC 85 2B AB BB 4A 7D 47 BB A9 5D 50 EA 53 50 44
2026-03-19 14:19:42.849 DEBU [pymycobot.common] _write: FE FE 0B B5 01 04 00 00 00 0C F0 0F 46 C2 
2026-03-19 14:19:42.875 DEBU [pymycobot.common] _read : FE FE 20 B5 01 04 18 3E 54 26 C4 BD C5 1B 97 3E B0 18 68 BC 85 1C B7 BB 4A 50 6F BB A9 1C 79 94 75 50 44
2026-03-19 14:19:42.876 DEBU [pymycobot.common] _write: FE FE 0B B5 01 04 00 00 00 0C F0 0F 46 C2 
2026-03-19 14:19:42.899 DEBU [pymycobot.common] _read : FE FE 20 B5 01 04 18 3E 49 F2 2C BD B0 7E 86 3E B0 0C 9B BC 85 28 00 BB 4A 7F 82 BB A9 25 D4 99 2B 50 44
2026-03-19 14:19:42.900 DEBU [pymycobot.common] _write: FE FE 0B B5 01 04 00 00 00 0C F0 0F 46 C2 
2026-03-19 14:19:42.927 DEBU [pymycobot.common] _read : FE FE 20 B5 01 04 18 3E 49 F2 2C BD B0 7E 86 3E B0 0C 9B BC 85 28 00 BB 4A 7F 82 BB A9 25 D4 99 2B 50 44
2026-03-19 14:19:42.928 DEBU [pymycobot.common] _write: FE FE 0B B5 01 04 00 00 00 0C F0 0F 46 C2 
2026-03-19 14:19:42.952 DEBU [pymycobot.common] _read : FE FE 20 B5 01 04 18 3E 4A 01 D4 BD B0 8D 9D 3E B5 2A 78 BC 85 31 F9 BB 4A 86 71 BB A9 45 96 0B 43 50 44
2026-03-19 14:19:42.953 DEBU [pymycobot.common] _write: FE FE 0B B5 01 04 00 00 00 0C F0 0F 46 C2 
2026-03-19 14:19:42.977 DEBU [pymycobot.common] _read : FE FE 20 B5 01 04 18 3E 54 26 C4 BD C5 1B 97 3E B0 18 68 BC 85 1C B7 BB 4A 50 6F BB A9 1C 79 94 75 50 44
2026-03-19 14:19:42.978 DEBU [pymycobot.common] _write: FE FE 0B B5 01 04 00 00 00 0C F0 0F 46 C2 
2026-03-19 14:19:43.000 DEBU [pymycobot.common] _read : FE FE 20 B5 01 04 18 3E 54 34 1F BD B0 9E 16 3E B0 19 06 BC 85 23 04 BB 4A 59 9A BB A9 04 BE 81 14 50 44
2026-03-19 14:19:43.001 DEBU [pymycobot.common] _write: FE FE 0B B5 01 04 00 00 00 0C F0 0F 46 C2 
2026-03-19 14:19:43.024 DEBU [pymycobot.common] _read : FE FE 20 B5 01 04 18 3E 49 F2 2C BD B0 7E 86 3E B0 0C 9B BC 85 28 00 BB 4A 7F 82 BB A9 25 D4 99 2B 50 44
2026-03-19 14:19:43.025 DEBU [pymycobot.common] _write: FE FE 0B B5 01 04 00 00 00 0C F0 0F 46 C2 
2026-03-19 14:19:43.050 DEBU [pymycobot.common] _read : FE FE 20 B5 01 04 18 3E 49 F4 7A BD C5 0B 1F 3E B5 29 DA BC 85 2B AB BB 4A 7D 47 BB A9 5D 50 EA 53 50 44
2026-03-19 14:19:43.051 DEBU [pymycobot.common] _write: FE FE 0B B5 01 04 00 00 00 0C F0 0F 46 C2 
2026-03-19 14:19:43.077 DEBU [pymycobot.common] _read : FE FE 20 B5 01 04 18 3E 49 F4 7A BD C5 0B 1F 3E B5 29 DA BC 85 2B AB BB 4A 7D 47 BB A9 5D 50 EA 53 50 44
2026-03-19 14:19:43.078 DEBU [pymycobot.common] _write: FE FE 0B B5 01 04 00 00 00 0C F0 0F 46 C2 
2026-03-19 14:19:43.103 DEBU [pymycobot.common] _read : FE FE 20 B5 01 04 18 3E 49 E4 D1 BD C4 FC 08 3E B0 0B FC BC 85 21 B3 BB 4A 76 57 BB A9 3D 8E 8A 86 50 44
2026-03-19 14:19:43.104 DEBU [pymycobot.common] _write: FE FE 0B B5 01 04 00 00 00 0C F0 0F 46 C2 
2026-03-19 14:19:43.128 DEBU [pymycobot.common] _read : FE FE 20 B5 01 04 18 3E 54 29 12 BD D9 A8 2E 3E B5 35 A5 BC 85 20 61 BB 4A 4E 34 BB A9 53 F6 B3 6A 50 44
2026-03-19 14:19:43.129 DEBU [pymycobot.common] _write: FE FE 0B B5 01 04 00 00 00 0C F0 0F 46 C2 
2026-03-19 14:19:43.153 DEBU [pymycobot.common] _read : FE FE 20 B5 01 04 18 3E 49 F2 2C BD B0 7E 86 3E B0 0C 9B BC 85 28 00 BB 4A 7F 82 BB A9 25 D4 99 2B 50 44
2026-03-19 14:19:43.154 DEBU [pymycobot.common] _write: FE FE 0B B5 01 04 00 00 00 0C F0 0F 46 C2 
2026-03-19 14:19:43.180 DEBU [pymycobot.common] _read : FE FE 20 B5 01 04 18 3E 49 F4 7A BD C5 0B 1F 3E B5 29 DA BC 85 2B AB BB 4A 7D 47 BB A9 5D 50 EA 53 50 44
2026-03-19 14:19:43.181 DEBU [pymycobot.common] _write: FE FE 0B B5 01 04 00 00 00 0C F0 0F 46 C2 
2026-03-19 14:19:43.205 DEBU [pymycobot.common] _read : FE FE 20 B5 01 04 18 3E 54 26 C4 BD C5 1B 97 3E B0 18 68 BC 85 1C B7 BB 4A 50 6F BB A9 1C 79 94 75 50 44
2026-03-19 14:19:43.206 DEBU [pymycobot.common] _write: FE FE 0B B5 01 04 00 00 00 0C F0 0F 46 C2 
2026-03-19 14:19:43.232 DEBU [pymycobot.common] _read : FE FE 20 B5 01 04 18 3E 54 34 1F BD B0 9E 16 3E B0 19 06 BC 85 23 04 BB 4A 59 9A BB A9 04 BE 81 14 50 44
2026-03-19 14:19:43.234 DEBU [pymycobot.common] _write: FE FE 0B B5 01 04 00 00 00 0C F0 0F 46 C2 
2026-03-19 14:19:43.256 DEBU [pymycobot.common] _read : FE FE 20 B5 01 04 18 3E 49 F4 7A BD C5 0B 1F 3E B5 29 DA BC 85 2B AB BB 4A 7D 47 BB A9 5D 50 EA 53 50 44
2026-03-19 14:19:43.257 DEBU [pymycobot.common] _write: FE FE 0B B5 01 04 00 00 00 0C F0 0F 46 C2 
2026-03-19 14:19:43.280 DEBU [pymycobot.common] _read : FE FE 20 B5 01 04 18 3E 49 E4 D1 BD C4 FC 08 3E B0 0B FC BC 85 21 B3 BB 4A 76 57 BB A9 3D 8E 8A 86 50 44
2026-03-19 14:19:43.281 DEBU [pymycobot.common] _write: FE FE 0B B5 01 04 00 00 00 0C F0 0F 46 C2 
2026-03-19 14:19:43.306 DEBU [pymycobot.common] _read : FE FE 20 B5 01 04 18 3E 4A 01 D4 BD B0 8D 9D 3E B5 2A 78 BC 85 31 F9 BB 4A 86 71 BB A9 45 96 0B 43 50 44
2026-03-19 14:19:43.307 DEBU [pymycobot.common] _write: FE FE 0B B5 01 04 00 00 00 0C F0 0F 46 C2 
2026-03-19 14:19:43.331 DEBU [pymycobot.common] _read : FE FE 20 B5 01 04 18 3E 54 36 6C BD C5 2A AE 3E B5 36 45 BC 85 26 AF BB 4A 57 5F BB A9 3C 3B FD A9 50 44
2026-03-19 14:19:43.332 DEBU [pymycobot.common] _write: FE FE 0B B5 01 04 00 00 00 0C F0 0F 46 C2 
2026-03-19 14:19:43.357 DEBU [pymycobot.common] _read : FE FE 20 B5 01 04 18 3E 54 26 C4 BD C5 1B 97 3E B0 18 68 BC 85 1C B7 BB 4A 50 6F BB A9 1C 79 94 75 50 44
2026-03-19 14:19:43.358 DEBU [pymycobot.common] _write: FE FE 0B B5 01 04 00 00 00 0C F0 0F 46 C2 
2026-03-19 14:19:43.379 DEBU [pymycobot.common] _read : FE FE 20 B5 01 04 18 3E 49 E4 D1 BD C4 FC 08 3E B0 0B FC BC 85 21 B3 BB 4A 76 57 BB A9 3D 8E 8A 86 50 44
2026-03-19 14:19:43.380 DEBU [pymycobot.common] _write: FE FE 0B B5 01 04 00 00 00 0C F0 0F 46 C2 
2026-03-19 14:19:43.405 DEBU [pymycobot.common] _read : FE FE 20 B5 01 04 18 3E 54 26 C4 BD C5 1B 97 3E B0 18 68 BC 85 1C B7 BB 4A 50 6F BB A9 1C 79 94 75 50 44
2026-03-19 14:19:43.406 DEBU [pymycobot.common] _write: FE FE 0B B5 01 04 00 00 00 0C F0 0F 46 C2 
2026-03-19 14:19:43.431 DEBU [pymycobot.common] _read : FE FE 20 B5 01 04 18 3E 49 F4 7A BD C5 0B 1F 3E B5 29 DA BC 85 2B AB BB 4A 7D 47 BB A9 5D 50 EA 53 50 44
2026-03-19 14:19:43.432 DEBU [pymycobot.common] _write: FE FE 0B B5 01 04 00 00 00 0C F0 0F 46 C2 
2026-03-19 14:19:43.457 DEBU [pymycobot.common] _read : FE FE 20 B5 01 04 18 3E 49 E4 D1 BD C4 FC 08 3E B0 0B FC BC 85 21 B3 BB 4A 76 57 BB A9 3D 8E 8A 86 50 44
2026-03-19 14:19:43.458 DEBU [pymycobot.common] _write: FE FE 0B B5 01 04 00 00 00 0C F0 0F 46 C2 
2026-03-19 14:19:43.482 DEBU [pymycobot.common] _read : FE FE 20 B5 01 04 18 3E 4A 01 D4 BD B0 8D 9D 3E B5 2A 78 BC 85 31 F9 BB 4A 86 71 BB A9 45 96 0B 43 50 44
2026-03-19 14:19:43.484 DEBU [pymycobot.common] _write: FE FE 0B B5 01 04 00 00 00 0C F0 0F 46 C2 
2026-03-19 14:19:43.510 DEBU [pymycobot.common] _read : FE FE 20 B5 01 04 18 3E 49 F4 7A BD C5 0B 1F 3E B5 29 DA BC 85 2B AB BB 4A 7D 47 BB A9 5D 50 EA 53 50 44
2026-03-19 14:19:43.510 DEBU [pymycobot.common] _write: FE FE 0B B5 01 04 00 00 00 0C F0 0F 46 C2 
2026-03-19 14:19:43.534 DEBU [pymycobot.common] _read : FE FE 20 B5 01 04 18 3E 49 F4 7A BD C5 0B 1F 3E B5 29 DA BC 85 2B AB BB 4A 7D 47 BB A9 5D 50 EA 53 50 44
2026-03-19 14:19:43.535 DEBU [pymycobot.common] _write: FE FE 0B B5 01 04 00 00 00 0C F0 0F 46 C2 
2026-03-19 14:19:43.560 DEBU [pymycobot.common] _read : FE FE 20 B5 01 04 18 3E 49 E4 D1 BD C4 FC 08 3E B0 0B FC BC 85 21 B3 BB 4A 76 57 BB A9 3D 8E 8A 86 50 44
2026-03-19 14:19:43.562 DEBU [pymycobot.common] _write: FE FE 0B B5 01 04 00 00 00 0C F0 0F 46 C2 
2026-03-19 14:19:43.585 DEBU [pymycobot.common] _read : FE FE 20 B5 01 04 18 3E 49 F4 7A BD C5 0B 1F 3E B5 29 DA BC 85 2B AB BB 4A 7D 47 BB A9 5D 50 EA 53 50 44
2026-03-19 14:19:43.586 DEBU [pymycobot.common] _write: FE FE 0B B5 01 04 00 00 00 0C F0 0F 46 C2 
2026-03-19 14:19:43.611 DEBU [pymycobot.common] _read : FE FE 20 B5 01 04 18 3E 54 26 C4 BD C5 1B 97 3E B0 18 68 BC 85 1C B7 BB 4A 50 6F BB A9 1C 79 94 75 50 44
2026-03-19 14:19:43.612 DEBU [pymycobot.common] _write: FE FE 0B B5 01 04 00 00 00 0C F0 0F 46 C2 
2026-03-19 14:19:43.634 DEBU [pymycobot.common] _read : FE FE 20 B5 01 04 18 3E 49 E7 1F BD D9 88 9F 3E B5 29 3A BC 85 25 5E BB 4A 74 1C BB A9 75 0B C5 01 50 44
2026-03-19 14:19:43.636 DEBU [pymycobot.common] _write: FE FE 0B B5 01 04 00 00 00 0C F0 0F 46 C2 
2026-03-19 14:19:43.660 DEBU [pymycobot.common] _read : FE FE 20 B5 01 04 18 3E 4A 01 D4 BD B0 8D 9D 3E B5 2A 78 BC 85 31 F9 BB 4A 86 71 BB A9 45 96 0B 43 50 44
2026-03-19 14:19:43.661 DEBU [pymycobot.common] _write: FE FE 0B B5 01 04 00 00 00 0C F0 0F 46 C2 
2026-03-19 14:19:43.684 DEBU [pymycobot.common] _read : FE FE 20 B5 01 04 18 3E 4A 00 20 BD C4 CD 29 3E B0 06 8C BC 85 11 B9 BB 4B 17 F6 BB C9 EC 98 22 1B 50 44
2026-03-19 14:19:43.685 DEBU [pymycobot.common] _write: FE FE 0B B5 01 04 00 00 00 0C F0 0F 46 C2 
2026-03-19 14:19:43.708 DEBU [pymycobot.common] _read : FE FE 20 B5 01 04 18 3E 49 E4 D1 BD C4 FC 08 3E B0 0B FC BC 85 21 B3 BB 4A 76 57 BB A9 3D 8E 8A 86 50 44
2026-03-19 14:19:43.709 DEBU [pymycobot.common] _write: FE FE 0B B5 01 04 00 00 00 0C F0 0F 46 C2 
2026-03-19 14:19:43.731 DEBU [pymycobot.common] _read : FE FE 20 B5 01 04 18 3E 49 F4 7A BD C5 0B 1F 3E B5 29 DA BC 85 2B AB BB 4A 7D 47 BB A9 5D 50 EA 53 50 44
2026-03-19 14:19:43.733 DEBU [pymycobot.common] _write: FE FE 0B B5 01 04 00 00 00 0C F0 0F 46 C2 
2026-03-19 14:19:43.756 DEBU [pymycobot.common] _read : FE FE 20 B5 01 04 18 3E 4A 01 D4 BD B0 8D 9D 3E B5 2A 78 BC 85 31 F9 BB 4A 86 71 BB A9 45 96 0B 43 50 44
2026-03-19 14:19:43.757 DEBU [pymycobot.common] _write: FE FE 0B B5 01 04 00 00 00 0C F0 0F 46 C2 
2026-03-19 14:19:43.781 DEBU [pymycobot.common] _read : FE FE 20 B5 01 04 18 3E 54 36 6C BD C5 2A AE 3E B5 36 45 BC 85 26 AF BB 4A 57 5F BB A9 3C 3B FD A9 50 44
2026-03-19 14:19:43.783 DEBU [pymycobot.common] _write: FE FE 0B B5 01 04 00 00 00 0C F0 0F 46 C2 
2026-03-19 14:19:43.808 DEBU [pymycobot.common] _read : FE FE 20 B5 01 04 18 3E 49 F4 7A BD C5 0B 1F 3E B5 29 DA BC 85 2B AB BB 4A 7D 47 BB A9 5D 50 EA 53 50 44
2026-03-19 14:19:43.809 DEBU [pymycobot.common] _write: FE FE 0B B5 01 04 00 00 00 0C F0 0F 46 C2 
2026-03-19 14:19:43.831 DEBU [pymycobot.common] _read : FE FE 20 B5 01 04 18 3E 49 E4 D1 BD C4 FC 08 3E B0 0B FC BC 85 21 B3 BB 4A 76 57 BB A9 3D 8E 8A 86 50 44
2026-03-19 14:19:43.832 DEBU [pymycobot.common] _write: FE FE 0B B5 01 04 00 00 00 0C F0 0F 46 C2 
2026-03-19 14:19:43.855 DEBU [pymycobot.common] _read : FE FE 20 B5 01 04 18 3E 54 43 C6 BD B0 AD 2D 3E B5 36 E4 BC 85 2C FC BB 4A 60 8A BB A9 24 80 9B 22 50 44
2026-03-19 14:19:43.856 DEBU [pymycobot.common] _write: FE FE 0B B5 01 04 00 00 00 0C F0 0F 46 C2 
2026-03-19 14:19:43.879 DEBU [pymycobot.common] _read : FE FE 20 B5 01 04 18 3E 49 E4 D1 BD C4 FC 08 3E B0 0B FC BC 85 21 B3 BB 4A 76 57 BB A9 3D 8E 8A 86 50 44
2026-03-19 14:19:43.880 DEBU [pymycobot.common] _write: FE FE 0B B5 01 04 00 00 00 0C F0 0F 46 C2 
2026-03-19 14:19:43.905 DEBU [pymycobot.common] _read : FE FE 20 B5 01 04 18 3E 49 C7 CF BD D9 6A 71 3E AA ED 7F BC 85 11 6D BB 4A 66 3D BB A9 35 87 79 5F 50 44
2026-03-19 14:19:43.906 DEBU [pymycobot.common] _write: FE FE 0B B5 01 04 00 00 00 0C F0 0F 46 C2 
2026-03-19 14:19:43.930 DEBU [pymycobot.common] _read : FE FE 20 B5 01 04 18 3E 54 26 C4 BD C5 1B 97 3E B0 18 68 BC 85 1C B7 BB 4A 50 6F BB A9 1C 79 94 75 50 44
2026-03-19 14:19:43.931 DEBU [pymycobot.common] _write: FE FE 0B B5 01 04 00 00 00 0C F0 0F 46 C2 
2026-03-19 14:19:43.956 DEBU [pymycobot.common] _read : FE FE 20 B5 01 04 18 3E 49 90 3A BD C1 EC F3 3E B5 38 1F BC 85 2F 65 BB 86 2E A8 BB A9 BB B4 A2 3A 50 44
2026-03-19 14:19:43.957 DEBU [pymycobot.common] _write: FE FE 0B B5 01 04 00 00 00 0C F0 0F 46 C2 
2026-03-19 14:19:43.980 DEBU [pymycobot.common] _read : FE FE 20 B5 01 04 18 3E 49 E2 84 BD B0 6F 6F 3E AA EE BD BC 85 1E 08 BB 4A 78 92 BB A9 06 12 A3 20 50 44
2026-03-19 14:19:43.981 DEBU [pymycobot.common] _write: FE FE 0B B5 01 04 00 00 00 0C F0 0F 46 C2 
2026-03-19 14:19:44.007 DEBU [pymycobot.common] _read : FE FE 20 B5 01 04 18 3E 54 26 C4 BD C5 1B 97 3E B0 18 68 BC 85 1C B7 BB 4A 50 6F BB A9 1C 79 94 75 50 44
2026-03-19 14:19:44.008 DEBU [pymycobot.common] _write: FE FE 0B B5 01 04 00 00 00 0C F0 0F 46 C2 
2026-03-19 14:19:44.032 DEBU [pymycobot.common] _read : FE FE 20 B5 01 04 18 3E 54 36 6C BD C5 2A AE 3E B5 36 45 BC 85 26 AF BB 4A 57 5F BB A9 3C 3B FD A9 50 44
2026-03-19 14:19:44.034 DEBU [pymycobot.common] _write: FE FE 0B B5 01 04 00 00 00 0C F0 0F 46 C2 
2026-03-19 14:19:44.058 DEBU [pymycobot.common] _read : FE FE 20 B5 01 04 18 3E 54 26 C4 BD C5 1B 97 3E B0 18 68 BC 85 1C B7 BB 4A 50 6F BB A9 1C 79 94 75 50 44
2026-03-19 14:19:44.060 DEBU [pymycobot.common] _write: FE FE 0B B5 01 04 00 00 00 0C F0 0F 46 C2 
2026-03-19 14:19:44.087 DEBU [pymycobot.common] _read : FE FE 20 B5 01 04 18 3E 49 E4 D1 BD C4 FC 08 3E B0 0B FC BC 85 21 B3 BB 4A 76 57 BB A9 3D 8E 8A 86 50 44
2026-03-19 14:19:44.088 DEBU [pymycobot.common] _write: FE FE 0B B5 01 04 00 00 00 0C F0 0F 46 C2 
2026-03-19 14:19:44.111 DEBU [pymycobot.common] _read : FE FE 20 B5 01 04 18 3E 49 F4 7A BD C5 0B 1F 3E B5 29 DA BC 85 2B AB BB 4A 7D 47 BB A9 5D 50 EA 53 50 44
2026-03-19 14:19:44.112 DEBU [pymycobot.common] _write: FE FE 0B B5 01 04 00 00 00 0C F0 0F 46 C2 
2026-03-19 14:19:44.134 DEBU [pymycobot.common] _read : FE FE 20 B5 01 04 18 3E 49 E4 D1 BD C4 FC 08 3E B0 0B FC BC 85 21 B3 BB 4A 76 57 BB A9 3D 8E 8A 86 50 44
2026-03-19 14:19:44.135 DEBU [pymycobot.common] _write: FE FE 0B B5 01 04 00 00 00 0C F0 0F 46 C2 
2026-03-19 14:19:44.158 DEBU [pymycobot.common] _read : FE FE 20 B5 01 04 18 3E 49 AB 88 BD C1 BE 14 3E B5 32 AF BC 85 1F 6A BB 86 7F 78 BB CA 6A BE BC 07 50 44
2026-03-19 14:19:44.160 DEBU [pymycobot.common] _write: FE FE 0B B5 01 04 00 00 00 0C F0 0F 46 C2 
2026-03-19 14:19:44.185 DEBU [pymycobot.common] _read : FE FE 20 B5 01 04 18 3E 54 36 6C BD C5 2A AE 3E B5 36 45 BC 85 26 AF BB 4A 57 5F BB A9 3C 3B FD A9 50 44
2026-03-19 14:19:44.187 DEBU [pymycobot.common] _write: FE FE 0B B5 01 04 00 00 00 0C F0 0F 46 C2 
2026-03-19 14:19:44.210 DEBU [pymycobot.common] _read : FE FE 20 B5 01 04 18 3E 49 F4 7A BD C5 0B 1F 3E B5 29 DA BC 85 2B AB BB 4A 7D 47 BB A9 5D 50 EA 53 50 44
2026-03-19 14:19:44.211 DEBU [pymycobot.common] _write: FE FE 0B B5 01 04 00 00 00 0C F0 0F 46 C2 
2026-03-19 14:19:44.237 DEBU [pymycobot.common] _read : FE FE 20 B5 01 04 18 3E 54 36 6C BD C5 2A AE 3E B5 36 45 BC 85 26 AF BB 4A 57 5F BB A9 3C 3B FD A9 50 44
2026-03-19 14:19:44.238 DEBU [pymycobot.common] _write: FE FE 0B B5 01 04 00 00 00 0C F0 0F 46 C2 
2026-03-19 14:19:44.262 DEBU [pymycobot.common] _read : FE FE 20 B5 01 04 18 3E 4A 01 D4 BD B0 8D 9D 3E B5 2A 78 BC 85 31 F9 BB 4A 86 71 BB A9 45 96 0B 43 50 44
2026-03-19 14:19:44.263 DEBU [pymycobot.common] _write: FE FE 0B B5 01 04 00 00 00 0C F0 0F 46 C2 
2026-03-19 14:19:44.289 DEBU [pymycobot.common] _read : FE FE 20 B5 01 04 18 3E 49 80 91 BD C1 DD DC 3E B0 1A 43 BC 85 25 6D BB 86 2B 30 BB A9 9B F2 0B CA 50 44
2026-03-19 14:19:44.290 DEBU [pymycobot.common] _write: FE FE 0B B5 01 04 00 00 00 0C F0 0F 46 C2 
2026-03-19 14:19:44.313 DEBU [pymycobot.common] _read : FE FE 20 B5 01 04 18 3E 4A 01 D4 BD B0 8D 9D 3E B5 2A 78 BC 85 31 F9 BB 4A 86 71 BB A9 45 96 0B 43 50 44
2026-03-19 14:19:44.314 DEBU [pymycobot.common] _write: FE FE 0B B5 01 04 00 00 00 0C F0 0F 46 C2 
2026-03-19 14:19:44.338 DEBU [pymycobot.common] _read : FE FE 20 B5 01 04 18 3E 49 F2 2C BD B0 7E 86 3E B0 0C 9B BC 85 28 00 BB 4A 7F 82 BB A9 25 D4 99 2B 50 44
2026-03-19 14:19:44.339 DEBU [pymycobot.common] _write: FE FE 0B B5 01 04 00 00 00 0C F0 0F 46 C2 
2026-03-19 14:19:44.365 DEBU [pymycobot.common] _read : FE FE 20 B5 01 04 18 3E 49 E4 D1 BD C4 FC 08 3E B0 0B FC BC 85 21 B3 BB 4A 76 57 BB A9 3D 8E 8A 86 50 44
2026-03-19 14:19:44.366 DEBU [pymycobot.common] _write: FE FE 0B B5 01 04 00 00 00 0C F0 0F 46 C2 
2026-03-19 14:19:44.392 DEBU [pymycobot.common] _read : FE FE 20 B5 01 04 18 3E 49 E4 D1 BD C4 FC 08 3E B0 0B FC BC 85 21 B3 BB 4A 76 57 BB A9 3D 8E 8A 86 50 44
2026-03-19 14:19:44.393 DEBU [pymycobot.common] _write: FE FE 0B B5 01 04 00 00 00 0C F0 0F 46 C2 
2026-03-19 14:19:44.416 DEBU [pymycobot.common] _read : FE FE 20 B5 01 04 18 3E 49 E4 D1 BD C4 FC 08 3E B0 0B FC BC 85 21 B3 BB 4A 76 57 BB A9 3D 8E 8A 86 50 44
2026-03-19 14:19:44.418 DEBU [pymycobot.common] _write: FE FE 0B B5 01 04 00 00 00 0C F0 0F 46 C2 
2026-03-19 14:19:44.443 DEBU [pymycobot.common] _read : FE FE 20 B5 01 04 18 3E 4A 01 D4 BD B0 8D 9D 3E B5 2A 78 BC 85 31 F9 BB 4A 86 71 BB A9 45 96 0B 43 50 44
2026-03-19 14:19:44.444 DEBU [pymycobot.common] _write: FE FE 0B B5 01 04 00 00 00 0C F0 0F 46 C2 
2026-03-19 14:19:44.469 DEBU [pymycobot.common] _read : FE FE 20 B5 01 04 18 3E 49 E4 D1 BD C4 FC 08 3E B0 0B FC BC 85 21 B3 BB 4A 76 57 BB A9 3D 8E 8A 86 50 44
2026-03-19 14:19:44.470 DEBU [pymycobot.common] _write: FE FE 0B B5 01 04 00 00 00 0C F0 0F 46 C2 
2026-03-19 14:19:44.495 DEBU [pymycobot.common] _read : FE FE 20 B5 01 04 18 3E 54 17 1C BD C5 0C 7F 3E AA FA 8C BC 85 12 BE BB 4A 49 80 BB A8 FC B7 0B 1C 50 44
2026-03-19 14:19:44.496 DEBU [pymycobot.common] _write: FE FE 0B B5 01 04 00 00 00 0C F0 0F 46 C2 
2026-03-19 14:19:44.520 DEBU [pymycobot.common] _read : FE FE 20 B5 01 04 18 3E 54 34 1F BD B0 9E 16 3E B0 19 06 BC 85 23 04 BB 4A 59 9A BB A9 04 BE 81 14 50 44
2026-03-19 14:19:44.521 DEBU [pymycobot.common] _write: FE FE 0B B5 01 04 00 00 00 0C F0 0F 46 C2 
2026-03-19 14:19:44.547 DEBU [pymycobot.common] _read : FE FE 20 B5 01 04 18 3E 4A 04 21 BD C5 1A 36 3E BA 47 B7 BC 85 35 A3 BB 4A 84 36 BB A9 7D 12 79 06 50 44
2026-03-19 14:19:44.548 DEBU [pymycobot.common] _write: FE FE 0B B5 01 04 00 00 00 0C F0 0F 46 C2 
2026-03-19 14:19:44.572 DEBU [pymycobot.common] _read : FE FE 20 B5 01 04 18 3E 49 F4 7A BD C5 0B 1F 3E B5 29 DA BC 85 2B AB BB 4A 7D 47 BB A9 5D 50 EA 53 50 44
2026-03-19 14:19:44.573 DEBU [pymycobot.common] _write: FE FE 0B B5 01 04 00 00 00 0C F0 0F 46 C2 
2026-03-19 14:19:44.599 DEBU [pymycobot.common] _read : FE FE 20 B5 01 04 18 3E 4A 01 D4 BD B0 8D 9D 3E B5 2A 78 BC 85 31 F9 BB 4A 86 71 BB A9 45 96 0B 43 50 44
2026-03-19 14:19:44.600 DEBU [pymycobot.common] _write: FE FE 0B B5 01 04 00 00 00 0C F0 0F 46 C2 
2026-03-19 14:19:44.623 DEBU [pymycobot.common] _read : FE FE 20 B5 01 04 18 3E 49 D5 29 BD C4 EC F1 3E AA EE 1F BC 85 17 BB BB 4A 6F 68 BB A9 1D CC 9F 1F 50 44
2026-03-19 14:19:44.624 DEBU [pymycobot.common] _write: FE FE 0B B5 01 04 00 00 00 0C F0 0F 46 C2 
2026-03-19 14:19:44.646 DEBU [pymycobot.common] _read : FE FE 20 B5 01 04 18 3E 49 E4 D1 BD C4 FC 08 3E B0 0B FC BC 85 21 B3 BB 4A 76 57 BB A9 3D 8E 8A 86 50 44
2026-03-19 14:19:44.648 DEBU [pymycobot.common] _write: FE FE 0B B5 01 04 00 00 00 0C F0 0F 46 C2 
2026-03-19 14:19:44.671 DEBU [pymycobot.common] _read : FE FE 20 B5 01 04 18 3E 49 F4 7A BD C5 0B 1F 3E B5 29 DA BC 85 2B AB BB 4A 7D 47 BB A9 5D 50 EA 53 50 44
2026-03-19 14:19:44.672 DEBU [pymycobot.common] _write: FE FE 0B B5 01 04 00 00 00 0C F0 0F 46 C2 
2026-03-19 14:19:44.697 DEBU [pymycobot.common] _read : FE FE 20 B5 01 04 18 3E 3F B0 3A BD B0 5E FA 3E B0 00 2F BC 85 2C FD BB 4A A5 69 BB A9 46 E9 56 7B 50 44
2026-03-19 14:19:44.698 DEBU [pymycobot.common] _write: FE FE 0B B5 01 04 00 00 00 0C F0 0F 46 C2 
2026-03-19 14:19:44.721 DEBU [pymycobot.common] _read : FE FE 20 B5 01 04 18 3E 49 F4 7A BD C5 0B 1F 3E B5 29 DA BC 85 2B AB BB 4A 7D 47 BB A9 5D 50 EA 53 50 44
2026-03-19 14:19:44.722 DEBU [pymycobot.common] _write: FE FE 0B B5 01 04 00 00 00 0C F0 0F 46 C2 
2026-03-19 14:19:44.744 DEBU [pymycobot.common] _read : FE FE 20 B5 01 04 18 3E 54 26 C4 BD C5 1B 97 3E B0 18 68 BC 85 1C B7 BB 4A 50 6F BB A9 1C 79 94 75 50 44
2026-03-19 14:19:44.745 DEBU [pymycobot.common] _write: FE FE 0B B5 01 04 00 00 00 0C F0 0F 46 C2 
2026-03-19 14:19:44.767 DEBU [pymycobot.common] _read : FE FE 20 B5 01 04 18 3E 54 36 6C BD C5 2A AE 3E B5 36 45 BC 85 26 AF BB 4A 57 5F BB A9 3C 3B FD A9 50 44
2026-03-19 14:19:44.768 DEBU [pymycobot.common] _write: FE FE 0B B5 01 04 00 00 00 0C F0 0F 46 C2 
2026-03-19 14:19:44.791 DEBU [pymycobot.common] _read : FE FE 20 B5 01 04 18 3E 49 E4 D1 BD C4 FC 08 3E B0 0B FC BC 85 21 B3 BB 4A 76 57 BB A9 3D 8E 8A 86 50 44
2026-03-19 14:19:44.792 DEBU [pymycobot.common] _write: FE FE 0B B5 01 04 00 00 00 0C F0 0F 46 C2 
2026-03-19 14:19:44.816 DEBU [pymycobot.common] _read : FE FE 20 B5 01 04 18 3E 49 F2 2C BD B0 7E 86 3E B0 0C 9B BC 85 28 00 BB 4A 7F 82 BB A9 25 D4 99 2B 50 44
2026-03-19 14:19:44.817 DEBU [pymycobot.common] _write: FE FE 0B B5 01 04 00 00 00 0C F0 0F 46 C2 
2026-03-19 14:19:44.840 DEBU [pymycobot.common] _read : FE FE 20 B5 01 04 18 3E 49 E4 D1 BD C4 FC 08 3E B0 0B FC BC 85 21 B3 BB 4A 76 57 BB A9 3D 8E 8A 86 50 44
2026-03-19 14:19:44.841 DEBU [pymycobot.common] _write: FE FE 0B B5 01 04 00 00 00 0C F0 0F 46 C2 
2026-03-19 14:19:44.863 DEBU [pymycobot.common] _read : FE FE 20 B5 01 04 18 3E 49 D5 29 BD C4 EC F1 3E AA EE 1F BC 85 17 BB BB 4A 6F 68 BB A9 1D CC 9F 1F 50 44
2026-03-19 14:19:44.865 DEBU [pymycobot.common] _write: FE FE 0B B5 01 04 00 00 00 0C F0 0F 46 C2 
2026-03-19 14:19:44.888 DEBU [pymycobot.common] _read : FE FE 20 B5 01 04 18 3E 49 F4 7A BD C5 0B 1F 3E B5 29 DA BC 85 2B AB BB 4A 7D 47 BB A9 5D 50 EA 53 50 44
2026-03-19 14:19:44.889 DEBU [pymycobot.common] _write: FE FE 0B B5 01 04 00 00 00 0C F0 0F 46 C2 
2026-03-19 14:19:44.913 DEBU [pymycobot.common] _read : FE FE 20 B5 01 04 18 3E 49 E4 D1 BD C4 FC 08 3E B0 0B FC BC 85 21 B3 BB 4A 76 57 BB A9 3D 8E 8A 86 50 44
2026-03-19 14:19:44.914 DEBU [pymycobot.common] _write: FE FE 0B B5 01 04 00 00 00 0C F0 0F 46 C2 
2026-03-19 14:19:44.936 DEBU [pymycobot.common] _read : FE FE 20 B5 01 04 18 3E 54 26 C4 BD C5 1B 97 3E B0 18 68 BC 85 1C B7 BB 4A 50 6F BB A9 1C 79 94 75 50 44
2026-03-19 14:19:44.937 DEBU [pymycobot.common] _write: FE FE 0B B5 01 04 00 00 00 0C F0 0F 46 C2 
2026-03-19 14:19:44.961 DEBU [pymycobot.common] _read : FE FE 20 B5 01 04 18 3E 49 D5 29 BD C4 EC F1 3E AA EE 1F BC 85 17 BB BB 4A 6F 68 BB A9 1D CC 9F 1F 50 44
2026-03-19 14:19:44.962 DEBU [pymycobot.common] _write: FE FE 0B B5 01 04 00 00 00 0C F0 0F 46 C2 
2026-03-19 14:19:44.989 DEBU [pymycobot.common] _read : FE FE 20 B5 01 04 18 3E 49 F4 7A BD C5 0B 1F 3E B5 29 DA BC 85 2B AB BB 4A 7D 47 BB A9 5D 50 EA 53 50 44
2026-03-19 14:19:44.990 DEBU [pymycobot.common] _write: FE FE 0B B5 01 04 00 00 00 0C F0 0F 46 C2 
2026-03-19 14:19:45.013 DEBU [pymycobot.common] _read : FE FE 20 B5 01 04 18 3E 49 E4 D1 BD C4 FC 08 3E B0 0B FC BC 85 21 B3 BB 4A 76 57 BB A9 3D 8E 8A 86 50 44
2026-03-19 14:19:45.014 DEBU [pymycobot.common] _write: FE FE 0B B5 01 04 00 00 00 0C F0 0F 46 C2 
2026-03-19 14:19:45.039 DEBU [pymycobot.common] _read : FE FE 20 B5 01 04 18 3E 49 F4 7A BD C5 0B 1F 3E B5 29 DA BC 85 2B AB BB 4A 7D 47 BB A9 5D 50 EA 53 50 44
2026-03-19 14:19:45.040 DEBU [pymycobot.common] _write: FE FE 0B B5 01 04 00 00 00 0C F0 0F 46 C2 
2026-03-19 14:19:45.065 DEBU [pymycobot.common] _read : FE FE 20 B5 01 04 18 3E 54 46 14 BD C5 39 C5 3E BA 54 23 BC 85 30 A7 BB 4A 5E 4F BB A9 5B FD 9A EA 50 44
2026-03-19 14:19:45.066 DEBU [pymycobot.common] _write: FE FE 0B B5 01 04 00 00 00 0C F0 0F 46 C2 
2026-03-19 14:19:45.090 DEBU [pymycobot.common] _read : FE FE 20 B5 01 04 18 3E 49 F2 2C BD B0 7E 86 3E B0 0C 9B BC 85 28 00 BB 4A 7F 82 BB A9 25 D4 99 2B 50 44
2026-03-19 14:19:45.091 DEBU [pymycobot.common] _write: FE FE 0B B5 01 04 00 00 00 0C F0 0F 46 C2 
2026-03-19 14:19:45.116 DEBU [pymycobot.common] _read : FE FE 20 B5 01 04 18 3E 49 F4 7A BD C5 0B 1F 3E B5 29 DA BC 85 2B AB BB 4A 7D 47 BB A9 5D 50 EA 53 50 44
2026-03-19 14:19:45.117 DEBU [pymycobot.common] _write: FE FE 0B B5 01 04 00 00 00 0C F0 0F 46 C2 
2026-03-19 14:19:45.141 DEBU [pymycobot.common] _read : FE FE 20 B5 01 04 18 3E 3F A2 DF BD C4 DC 7A 3E AF FF 8F BC 85 26 AF BB 4A 9C 3F BB A9 5E A3 26 50 50 44
2026-03-19 14:19:45.142 DEBU [pymycobot.common] _write: FE FE 0B B5 01 04 00 00 00 0C F0 0F 46 C2 
2026-03-19 14:19:45.165 DEBU [pymycobot.common] _read : FE FE 20 B5 01 04 18 3E 54 26 C4 BD C5 1B 97 3E B0 18 68 BC 85 1C B7 BB 4A 50 6F BB A9 1C 79 94 75 50 44
2026-03-19 14:19:45.166 DEBU [pymycobot.common] _write: FE FE 0B B5 01 04 00 00 00 0C F0 0F 46 C2 
2026-03-19 14:19:45.188 DEBU [pymycobot.common] _read : FE FE 20 B5 01 04 18 3E 54 26 C4 BD C5 1B 97 3E B0 18 68 BC 85 1C B7 BB 4A 50 6F BB A9 1C 79 94 75 50 44
2026-03-19 14:19:45.189 DEBU [pymycobot.common] _write: FE FE 0B B5 01 04 00 00 00 0C F0 0F 46 C2 
2026-03-19 14:19:45.214 DEBU [pymycobot.common] _read : FE FE 20 B5 01 04 18 3E 54 36 6C BD C5 2A AE 3E B5 36 45 BC 85 26 AF BB 4A 57 5F BB A9 3C 3B FD A9 50 44
2026-03-19 14:19:45.216 DEBU [pymycobot.common] _write: FE FE 0B B5 01 04 00 00 00 0C F0 0F 46 C2 
2026-03-19 14:19:45.241 DEBU [pymycobot.common] _read : FE FE 20 B5 01 04 18 3E 49 F4 7A BD C5 0B 1F 3E B5 29 DA BC 85 2B AB BB 4A 7D 47 BB A9 5D 50 EA 53 50 44
2026-03-19 14:19:45.242 DEBU [pymycobot.common] _write: FE FE 0B B5 01 04 00 00 00 0C F0 0F 46 C2 
2026-03-19 14:19:45.266 DEBU [pymycobot.common] _read : FE FE 20 B5 01 04 18 3E 49 E4 D1 BD C4 FC 08 3E B0 0B FC BC 85 21 B3 BB 4A 76 57 BB A9 3D 8E 8A 86 50 44
2026-03-19 14:19:45.268 DEBU [pymycobot.common] _write: FE FE 0B B5 01 04 00 00 00 0C F0 0F 46 C2 
2026-03-19 14:19:45.294 DEBU [pymycobot.common] _read : FE FE 20 B5 01 04 18 3E 54 26 C4 BD C5 1B 97 3E B0 18 68 BC 85 1C B7 BB 4A 50 6F BB A9 1C 79 94 75 50 44
2026-03-19 14:19:45.295 DEBU [pymycobot.common] _write: FE FE 0B B5 01 04 00 00 00 0C F0 0F 46 C2 
2026-03-19 14:19:45.318 DEBU [pymycobot.common] _read : FE FE 20 B5 01 04 18 3E 54 26 C4 BD C5 1B 97 3E B0 18 68 BC 85 1C B7 BB 4A 50 6F BB A9 1C 79 94 75 50 44
2026-03-19 14:19:45.319 DEBU [pymycobot.common] _write: FE FE 0B B5 01 04 00 00 00 0C F0 0F 46 C2 
2026-03-19 14:19:45.345 DEBU [pymycobot.common] _read : FE FE 20 B5 01 04 18 3E 53 DF 86 BD AD 8F 01 3E B5 45 2A BC 85 30 B6 BB 86 20 49 BB A9 82 E4 AD 76 50 44
2026-03-19 14:19:45.346 DEBU [pymycobot.common] _write: FE FE 0B B5 01 04 00 00 00 0C F0 0F 46 C2 
2026-03-19 14:19:45.370 DEBU [pymycobot.common] _read : FE FE 20 B5 01 04 18 3E 49 F4 7A BD C5 0B 1F 3E B5 29 DA BC 85 2B AB BB 4A 7D 47 BB A9 5D 50 EA 53 50 44
2026-03-19 14:19:45.371 DEBU [pymycobot.common] _write: FE FE 0B B5 01 04 00 00 00 0C F0 0F 46 C2 
2026-03-19 14:19:45.393 DEBU [pymycobot.common] _read : FE FE 20 B5 01 04 18 3E 49 F4 7A BD C5 0B 1F 3E B5 29 DA BC 85 2B AB BB 4A 7D 47 BB A9 5D 50 EA 53 50 44
2026-03-19 14:19:45.394 DEBU [pymycobot.common] _write: FE FE 0B B5 01 04 00 00 00 0C F0 0F 46 C2 
2026-03-19 14:19:45.417 DEBU [pymycobot.common] _read : FE FE 20 B5 01 04 18 3E 49 E4 D1 BD C4 FC 08 3E B0 0B FC BC 85 21 B3 BB 4A 76 57 BB A9 3D 8E 8A 86 50 44
2026-03-19 14:19:45.418 DEBU [pymycobot.common] _write: FE FE 0B B5 01 04 00 00 00 0C F0 0F 46 C2 
2026-03-19 14:19:45.443 DEBU [pymycobot.common] _read : FE FE 20 B5 01 04 18 3E 49 F2 2C BD B0 7E 86 3E B0 0C 9B BC 85 28 00 BB 4A 7F 82 BB A9 25 D4 99 2B 50 44
2026-03-19 14:19:45.444 DEBU [pymycobot.common] _write: FE FE 0B B5 01 04 00 00 00 0C F0 0F 46 C2 
2026-03-19 14:19:45.470 DEBU [pymycobot.common] _read : FE FE 20 B5 01 04 18 3E 49 E4 D1 BD C4 FC 08 3E B0 0B FC BC 85 21 B3 BB 4A 76 57 BB A9 3D 8E 8A 86 50 44
2026-03-19 14:19:45.471 DEBU [pymycobot.common] _write: FE FE 0B B5 01 04 00 00 00 0C F0 0F 46 C2 
2026-03-19 14:19:45.495 DEBU [pymycobot.common] _read : FE FE 20 B5 01 04 18 3E 4A 00 20 BD C4 CD 29 3E B0 06 8C BC 85 11 B9 BB 4B 17 F6 BB C9 EC 98 22 1B 50 44
2026-03-19 14:19:45.496 DEBU [pymycobot.common] _write: FE FE 0B B5 01 04 00 00 00 0C F0 0F 46 C2 
2026-03-19 14:19:45.520 DEBU [pymycobot.common] _read : FE FE 20 B5 01 04 18 3E 49 E4 D1 BD C4 FC 08 3E B0 0B FC BC 85 21 B3 BB 4A 76 57 BB A9 3D 8E 8A 86 50 44
2026-03-19 14:19:45.521 DEBU [pymycobot.common] _write: FE FE 0B B5 01 04 00 00 00 0C F0 0F 46 C2 
2026-03-19 14:19:45.542 DEBU [pymycobot.common] _read : FE FE 20 B5 01 04 18 3E 49 E4 D1 BD C4 FC 08 3E B0 0B FC BC 85 21 B3 BB 4A 76 57 BB A9 3D 8E 8A 86 50 44
2026-03-19 14:19:45.544 DEBU [pymycobot.common] _write: FE FE 0B B5 01 04 00 00 00 0C F0 0F 46 C2 
2026-03-19 14:19:45.569 DEBU [pymycobot.common] _read : FE FE 20 B5 01 04 18 3E 54 26 C4 BD C5 1B 97 3E B0 18 68 BC 85 1C B7 BB 4A 50 6F BB A9 1C 79 94 75 50 44
2026-03-19 14:19:45.570 DEBU [pymycobot.common] _write: FE FE 0B B5 01 04 00 00 00 0C F0 0F 46 C2 
2026-03-19 14:19:45.594 DEBU [pymycobot.common] _read : FE FE 20 B5 01 04 18 3E 49 F4 7A BD C5 0B 1F 3E B5 29 DA BC 85 2B AB BB 4A 7D 47 BB A9 5D 50 EA 53 50 44
2026-03-19 14:19:45.594 DEBU [pymycobot.common] _write: FE FE 0B B5 01 04 00 00 00 0C F0 0F 46 C2 
2026-03-19 14:19:45.616 DEBU [pymycobot.common] _read : FE FE 20 B5 01 04 18 3E 54 26 C4 BD C5 1B 97 3E B0 18 68 BC 85 1C B7 BB 4A 50 6F BB A9 1C 79 94 75 50 44
2026-03-19 14:19:45.617 DEBU [pymycobot.common] _write: FE FE 0B B5 01 04 00 00 00 0C F0 0F 46 C2 
2026-03-19 14:19:45.641 DEBU [pymycobot.common] _read : FE FE 20 B5 01 04 18 3E 49 F4 7A BD C5 0B 1F 3E B5 29 DA BC 85 2B AB BB 4A 7D 47 BB A9 5D 50 EA 53 50 44
2026-03-19 14:19:45.642 DEBU [pymycobot.common] _write: FE FE 0B B5 01 04 00 00 00 0C F0 0F 46 C2 
2026-03-19 14:19:45.665 DEBU [pymycobot.common] _read : FE FE 20 B5 01 04 18 3E 49 70 E9 BD C1 CE C4 3E AA FC 65 BC 85 1B 75 BB 86 27 B8 BB A9 7C 30 92 4B 50 44
2026-03-19 14:19:45.666 DEBU [pymycobot.common] _write: FE FE 0B B5 01 04 00 00 00 0C F0 0F 46 C2 
2026-03-19 14:19:45.689 DEBU [pymycobot.common] _read : FE FE 20 B5 01 04 18 3E 54 34 1F BD B0 9E 16 3E B0 19 06 BC 85 23 04 BB 4A 59 9A BB A9 04 BE 81 14 50 44
2026-03-19 14:19:45.690 DEBU [pymycobot.common] _write: FE FE 0B B5 01 04 00 00 00 0C F0 0F 46 C2 
2026-03-19 14:19:45.714 DEBU [pymycobot.common] _read : FE FE 20 B5 01 04 18 3E 54 26 C4 BD C5 1B 97 3E B0 18 68 BC 85 1C B7 BB 4A 50 6F BB A9 1C 79 94 75 50 44
2026-03-19 14:19:45.715 DEBU [pymycobot.common] _write: FE FE 0B B5 01 04 00 00 00 0C F0 0F 46 C2 
2026-03-19 14:19:45.740 DEBU [pymycobot.common] _read : FE FE 20 B5 01 04 18 3E 54 36 6C BD C5 2A AE 3E B5 36 45 BC 85 26 AF BB 4A 57 5F BB A9 3C 3B FD A9 50 44
2026-03-19 14:19:45.741 DEBU [pymycobot.common] _write: FE FE 0B B5 01 04 00 00 00 0C F0 0F 46 C2 
2026-03-19 14:19:45.764 DEBU [pymycobot.common] _read : FE FE 20 B5 01 04 18 3E 54 26 C4 BD C5 1B 97 3E B0 18 68 BC 85 1C B7 BB 4A 50 6F BB A9 1C 79 94 75 50 44
2026-03-19 14:19:45.765 DEBU [pymycobot.common] _write: FE FE 0B B5 01 04 00 00 00 0C F0 0F 46 C2 
2026-03-19 14:19:45.789 DEBU [pymycobot.common] _read : FE FE 20 B5 01 04 18 3E 49 F4 7A BD C5 0B 1F 3E B5 29 DA BC 85 2B AB BB 4A 7D 47 BB A9 5D 50 EA 53 50 44
2026-03-19 14:19:45.790 DEBU [pymycobot.common] _write: FE FE 0B B5 01 04 00 00 00 0C F0 0F 46 C2 
2026-03-19 14:19:45.814 DEBU [pymycobot.common] _read : FE FE 20 B5 01 04 18 3E 49 F4 7A BD C5 0B 1F 3E B5 29 DA BC 85 2B AB BB 4A 7D 47 BB A9 5D 50 EA 53 50 44
2026-03-19 14:19:45.815 DEBU [pymycobot.common] _write: FE FE 0B B5 01 04 00 00 00 0C F0 0F 46 C2 
2026-03-19 14:19:45.838 DEBU [pymycobot.common] _read : FE FE 20 B5 01 04 18 3E 49 F2 2C BD B0 7E 86 3E B0 0C 9B BC 85 28 00 BB 4A 7F 82 BB A9 25 D4 99 2B 50 44
2026-03-19 14:19:45.839 DEBU [pymycobot.common] _write: FE FE 0B B5 01 04 00 00 00 0C F0 0F 46 C2 
2026-03-19 14:19:45.863 DEBU [pymycobot.common] _read : FE FE 20 B5 01 04 18 3E 54 36 6C BD C5 2A AE 3E B5 36 45 BC 85 26 AF BB 4A 57 5F BB A9 3C 3B FD A9 50 44
2026-03-19 14:19:45.864 DEBU [pymycobot.common] _write: FE FE 0B B5 01 04 00 00 00 0C F0 0F 46 C2 
2026-03-19 14:19:45.887 DEBU [pymycobot.common] _read : FE FE 20 B5 01 04 18 3E 54 26 C4 BD C5 1B 97 3E B0 18 68 BC 85 1C B7 BB 4A 50 6F BB A9 1C 79 94 75 50 44
2026-03-19 14:19:45.889 DEBU [pymycobot.common] _write: FE FE 0B B5 01 04 00 00 00 0C F0 0F 46 C2 
2026-03-19 14:19:45.911 DEBU [pymycobot.common] _read : FE FE 20 B5 01 04 18 3E 54 36 6C BD C5 2A AE 3E B5 36 45 BC 85 26 AF BB 4A 57 5F BB A9 3C 3B FD A9 50 44
2026-03-19 14:19:45.912 DEBU [pymycobot.common] _write: FE FE 0B B5 01 04 00 00 00 0C F0 0F 46 C2 
2026-03-19 14:19:45.935 DEBU [pymycobot.common] _read : FE FE 20 B5 01 04 18 3E 49 E4 D1 BD C4 FC 08 3E B0 0B FC BC 85 21 B3 BB 4A 76 57 BB A9 3D 8E 8A 86 50 44
2026-03-19 14:19:45.936 DEBU [pymycobot.common] _write: FE FE 0B B5 01 04 00 00 00 0C F0 0F 46 C2 
2026-03-19 14:19:45.960 DEBU [pymycobot.common] _read : FE FE 20 B5 01 04 18 3E 49 E4 D1 BD C4 FC 08 3E B0 0B FC BC 85 21 B3 BB 4A 76 57 BB A9 3D 8E 8A 86 50 44
2026-03-19 14:19:45.961 DEBU [pymycobot.common] _write: FE FE 0B B5 01 04 00 00 00 0C F0 0F 46 C2 
2026-03-19 14:19:45.984 DEBU [pymycobot.common] _read : FE FE 20 B5 01 04 18 3E 49 F4 7A BD C5 0B 1F 3E B5 29 DA BC 85 2B AB BB 4A 7D 47 BB A9 5D 50 EA 53 50 44
2026-03-19 14:19:45.985 DEBU [pymycobot.common] _write: FE FE 0B B5 01 04 00 00 00 0C F0 0F 46 C2 
2026-03-19 14:19:46.008 DEBU [pymycobot.common] _read : FE FE 20 B5 01 04 18 3E 49 E4 D1 BD C4 FC 08 3E B0 0B FC BC 85 21 B3 BB 4A 76 57 BB A9 3D 8E 8A 86 50 44
2026-03-19 14:19:46.009 DEBU [pymycobot.common] _write: FE FE 0B B5 01 04 00 00 00 0C F0 0F 46 C2 
2026-03-19 14:19:46.033 DEBU [pymycobot.common] _read : FE FE 20 B5 01 04 18 3E 49 E4 D1 BD C4 FC 08 3E B0 0B FC BC 85 21 B3 BB 4A 76 57 BB A9 3D 8E 8A 86 50 44
2026-03-19 14:19:46.035 DEBU [pymycobot.common] _write: FE FE 0B B5 01 04 00 00 00 0C F0 0F 46 C2 
2026-03-19 14:19:46.058 DEBU [pymycobot.common] _read : FE FE 20 B5 01 04 18 3E 3F A2 DF BD C4 DC 7A 3E AF FF 8F BC 85 26 AF BB 4A 9C 3F BB A9 5E A3 26 50 50 44
2026-03-19 14:19:46.060 DEBU [pymycobot.common] _write: FE FE 0B B5 01 04 00 00 00 0C F0 0F 46 C2 
2026-03-19 14:19:46.087 DEBU [pymycobot.common] _read : FE FE 20 B5 01 04 18 3E 49 F2 2C BD B0 7E 86 3E B0 0C 9B BC 85 28 00 BB 4A 7F 82 BB A9 25 D4 99 2B 50 44
2026-03-19 14:19:46.087 DEBU [pymycobot.common] _write: FE FE 0B B5 01 04 00 00 00 0C F0 0F 46 C2 
2026-03-19 14:19:46.109 DEBU [pymycobot.common] _read : FE FE 20 B5 01 04 18 3E 54 26 C4 BD C5 1B 97 3E B0 18 68 BC 85 1C B7 BB 4A 50 6F BB A9 1C 79 94 75 50 44
2026-03-19 14:19:46.110 DEBU [pymycobot.common] _write: FE FE 0B B5 01 04 00 00 00 0C F0 0F 46 C2 
2026-03-19 14:19:46.137 DEBU [pymycobot.common] _read : FE FE 20 B5 01 04 18 3E 54 36 6C BD C5 2A AE 3E B5 36 45 BC 85 26 AF BB 4A 57 5F BB A9 3C 3B FD A9 50 44
2026-03-19 14:19:46.138 DEBU [pymycobot.common] _write: FE FE 0B B5 01 04 00 00 00 0C F0 0F 46 C2 
2026-03-19 14:19:46.159 DEBU [pymycobot.common] _read : FE FE 20 B5 01 04 18 3E 49 E4 D1 BD C4 FC 08 3E B0 0B FC BC 85 21 B3 BB 4A 76 57 BB A9 3D 8E 8A 86 50 44
2026-03-19 14:19:46.160 DEBU [pymycobot.common] _write: FE FE 0B B5 01 04 00 00 00 0C F0 0F 46 C2 
2026-03-19 14:19:46.182 DEBU [pymycobot.common] _read : FE FE 20 B5 01 04 18 3E 54 34 1F BD B0 9E 16 3E B0 19 06 BC 85 23 04 BB 4A 59 9A BB A9 04 BE 81 14 50 44
2026-03-19 14:19:46.184 DEBU [pymycobot.common] _write: FE FE 0B B5 01 04 00 00 00 0C F0 0F 46 C2 
2026-03-19 14:19:46.206 DEBU [pymycobot.common] _read : FE FE 20 B5 01 04 18 3E 49 D7 77 BD D9 79 88 3E B0 0B 5C BC 85 1B 65 BB 4A 6D 2D BB A9 55 49 04 83 50 44
2026-03-19 14:19:46.207 DEBU [pymycobot.common] _write: FE FE 0B B5 01 04 00 00 00 0C F0 0F 46 C2 
2026-03-19 14:19:46.230 DEBU [pymycobot.common] _read : FE FE 20 B5 01 04 18 3E 49 F4 7A BD C5 0B 1F 3E B5 29 DA BC 85 2B AB BB 4A 7D 47 BB A9 5D 50 EA 53 50 44
2026-03-19 14:19:46.232 DEBU [pymycobot.common] _write: FE FE 0B B5 01 04 00 00 00 0C F0 0F 46 C2 
2026-03-19 14:19:46.255 DEBU [pymycobot.common] _read : FE FE 20 B5 01 04 18 3E 53 CF DF BD AD 7F EA 3E B0 27 4D BC 85 26 BE BB 86 1C D1 BB A9 63 22 32 AE 50 44
2026-03-19 14:19:46.256 DEBU [pymycobot.common] _write: FE FE 0B B5 01 04 00 00 00 0C F0 0F 46 C2 
2026-03-19 14:19:46.280 DEBU [pymycobot.common] _read : FE FE 20 B5 01 04 18 3E 49 E4 D1 BD C4 FC 08 3E B0 0B FC BC 85 21 B3 BB 4A 76 57 BB A9 3D 8E 8A 86 50 44
2026-03-19 14:19:46.282 DEBU [pymycobot.common] _write: FE FE 0B B5 01 04 00 00 00 0C F0 0F 46 C2 
2026-03-19 14:19:46.308 DEBU [pymycobot.common] _read : FE FE 20 B5 01 04 18 3E 49 80 91 BD C1 DD DC 3E B0 1A 43 BC 85 25 6D BB 86 2B 30 BB A9 9B F2 0B CA 50 44
2026-03-19 14:19:46.308 DEBU [pymycobot.common] _write: FE FE 0B B5 01 04 00 00 00 0C F0 0F 46 C2 
2026-03-19 14:19:46.333 DEBU [pymycobot.common] _read : FE FE 20 B5 01 04 18 3E 49 90 3A BD C1 EC F3 3E B5 38 1F BC 85 2F 65 BB 86 2E A8 BB A9 BB B4 A2 3A 50 44
2026-03-19 14:19:46.334 DEBU [pymycobot.common] _write: FE FE 0B B5 01 04 00 00 00 0C F0 0F 46 C2 
2026-03-19 14:19:46.358 DEBU [pymycobot.common] _read : FE FE 20 B5 01 04 18 3E 49 F4 7A BD C5 0B 1F 3E B5 29 DA BC 85 2B AB BB 4A 7D 47 BB A9 5D 50 EA 53 50 44
2026-03-19 14:19:46.359 DEBU [pymycobot.common] _write: FE FE 0B B5 01 04 00 00 00 0C F0 0F 46 C2 
2026-03-19 14:19:46.380 DEBU [pymycobot.common] _read : FE FE 20 B5 01 04 18 3E 49 F4 7A BD C5 0B 1F 3E B5 29 DA BC 85 2B AB BB 4A 7D 47 BB A9 5D 50 EA 53 50 44
2026-03-19 14:19:46.381 DEBU [pymycobot.common] _write: FE FE 0B B5 01 04 00 00 00 0C F0 0F 46 C2 
2026-03-19 14:19:46.404 DEBU [pymycobot.common] _read : FE FE 20 B5 01 04 18 3E 49 F4 7A BD C5 0B 1F 3E B5 29 DA BC 85 2B AB BB 4A 7D 47 BB A9 5D 50 EA 53 50 44
2026-03-19 14:19:46.405 DEBU [pymycobot.common] _write: FE FE 0B B5 01 04 00 00 00 0C F0 0F 46 C2 
2026-03-19 14:19:46.427 DEBU [pymycobot.common] _read : FE FE 20 B5 01 04 18 3E 49 80 91 BD C1 DD DC 3E B0 1A 43 BC 85 25 6D BB 86 2B 30 BB A9 9B F2 0B CA 50 44
2026-03-19 14:19:46.428 DEBU [pymycobot.common] _write: FE FE 0B B5 01 04 00 00 00 0C F0 0F 46 C2 
2026-03-19 14:19:46.451 DEBU [pymycobot.common] _read : FE FE 20 B5 01 04 18 3E 49 9D 94 BD AD 6F 72 3E B5 38 BD BC 85 35 B3 BB 86 33 3D BB A9 A3 F9 58 3C 50 44
2026-03-19 14:19:46.452 DEBU [pymycobot.common] _write: FE FE 0B B5 01 04 00 00 00 0C F0 0F 46 C2 
2026-03-19 14:19:46.474 DEBU [pymycobot.common] _read : FE FE 20 B5 01 04 18 3E 4A 01 D4 BD B0 8D 9D 3E B5 2A 78 BC 85 31 F9 BB 4A 86 71 BB A9 45 96 0B 43 50 44
2026-03-19 14:19:46.475 DEBU [pymycobot.common] _write: FE FE 0B B5 01 04 00 00 00 0C F0 0F 46 C2 
2026-03-19 14:19:46.499 DEBU [pymycobot.common] _read : FE FE 20 B5 01 04 18 3E 49 F4 7A BD C5 0B 1F 3E B5 29 DA BC 85 2B AB BB 4A 7D 47 BB A9 5D 50 EA 53 50 44
2026-03-19 14:19:46.500 DEBU [pymycobot.common] _write: FE FE 0B B5 01 04 00 00 00 0C F0 0F 46 C2 
2026-03-19 14:19:46.524 DEBU [pymycobot.common] _read : FE FE 20 B5 01 04 18 3E 49 F4 7A BD C5 0B 1F 3E B5 29 DA BC 85 2B AB BB 4A 7D 47 BB A9 5D 50 EA 53 50 44
2026-03-19 14:19:46.525 DEBU [pymycobot.common] _write: FE FE 0B B5 01 04 00 00 00 0C F0 0F 46 C2 
2026-03-19 14:19:46.551 DEBU [pymycobot.common] _read : FE FE 20 B5 01 04 18 3E 49 F4 7A BD C5 0B 1F 3E B5 29 DA BC 85 2B AB BB 4A 7D 47 BB A9 5D 50 EA 53 50 44
2026-03-19 14:19:46.553 DEBU [pymycobot.common] _write: FE FE 0B B5 01 04 00 00 00 0C F0 0F 46 C2 
2026-03-19 14:19:46.576 DEBU [pymycobot.common] _read : FE FE 20 B5 01 04 18 3E 49 F4 7A BD C5 0B 1F 3E B5 29 DA BC 85 2B AB BB 4A 7D 47 BB A9 5D 50 EA 53 50 44
2026-03-19 14:19:46.577 DEBU [pymycobot.common] _write: FE FE 0B B5 01 04 00 00 00 0C F0 0F 46 C2 
2026-03-19 14:19:46.601 DEBU [pymycobot.common] _read : FE FE 20 B5 01 04 18 3E 49 E4 D1 BD C4 FC 08 3E B0 0B FC BC 85 21 B3 BB 4A 76 57 BB A9 3D 8E 8A 86 50 44
2026-03-19 14:19:46.601 DEBU [pymycobot.common] _write: FE FE 0B B5 01 04 00 00 00 0C F0 0F 46 C2 
2026-03-19 14:19:46.626 DEBU [pymycobot.common] _read : FE FE 20 B5 01 04 18 3E 49 F4 7A BD C5 0B 1F 3E B5 29 DA BC 85 2B AB BB 4A 7D 47 BB A9 5D 50 EA 53 50 44
2026-03-19 14:19:46.627 DEBU [pymycobot.common] _write: FE FE 0B B5 01 04 00 00 00 0C F0 0F 46 C2 
2026-03-19 14:19:46.650 DEBU [pymycobot.common] _read : FE FE 20 B5 01 04 18 3E 49 E4 D1 BD C4 FC 08 3E B0 0B FC BC 85 21 B3 BB 4A 76 57 BB A9 3D 8E 8A 86 50 44
2026-03-19 14:19:46.651 DEBU [pymycobot.common] _write: FE FE 0B B5 01 04 00 00 00 0C F0 0F 46 C2 
2026-03-19 14:19:46.675 DEBU [pymycobot.common] _read : FE FE 20 B5 01 04 18 3E 49 E4 D1 BD C4 FC 08 3E B0 0B FC BC 85 21 B3 BB 4A 76 57 BB A9 3D 8E 8A 86 50 44
2026-03-19 14:19:46.676 DEBU [pymycobot.common] _write: FE FE 0B B5 01 04 00 00 00 0C F0 0F 46 C2 
2026-03-19 14:19:46.700 DEBU [pymycobot.common] _read : FE FE 20 B5 01 04 18 3E 49 F4 7A BD C5 0B 1F 3E B5 29 DA BC 85 2B AB BB 4A 7D 47 BB A9 5D 50 EA 53 50 44
2026-03-19 14:19:46.701 DEBU [pymycobot.common] _write: FE FE 0B B5 01 04 00 00 00 0C F0 0F 46 C2 
2026-03-19 14:19:46.728 DEBU [pymycobot.common] _read : FE FE 20 B5 01 04 18 3E 49 F4 7A BD C5 0B 1F 3E B5 29 DA BC 85 2B AB BB 4A 7D 47 BB A9 5D 50 EA 53 50 44
2026-03-19 14:19:46.729 DEBU [pymycobot.common] _write: FE FE 0B B5 01 04 00 00 00 0C F0 0F 46 C2 
2026-03-19 14:19:46.752 DEBU [pymycobot.common] _read : FE FE 20 B5 01 04 18 3E 49 E4 D1 BD C4 FC 08 3E B0 0B FC BC 85 21 B3 BB 4A 76 57 BB A9 3D 8E 8A 86 50 44
2026-03-19 14:19:46.753 DEBU [pymycobot.common] _write: FE FE 0B B5 01 04 00 00 00 0C F0 0F 46 C2 
2026-03-19 14:19:46.775 DEBU [pymycobot.common] _read : FE FE 20 B5 01 04 18 3E 49 E4 D1 BD C4 FC 08 3E B0 0B FC BC 85 21 B3 BB 4A 76 57 BB A9 3D 8E 8A 86 50 44
2026-03-19 14:19:46.776 DEBU [pymycobot.common] _write: FE FE 0B B5 01 04 00 00 00 0C F0 0F 46 C2 
2026-03-19 14:19:46.801 DEBU [pymycobot.common] _read : FE FE 20 B5 01 04 18 3E 49 E4 D1 BD C4 FC 08 3E B0 0B FC BC 85 21 B3 BB 4A 76 57 BB A9 3D 8E 8A 86 50 44
2026-03-19 14:19:46.802 DEBU [pymycobot.common] _write: FE FE 0B B5 01 04 00 00 00 0C F0 0F 46 C2 
2026-03-19 14:19:46.827 DEBU [pymycobot.common] _read : FE FE 20 B5 01 04 18 3E 54 26 C4 BD C5 1B 97 3E B0 18 68 BC 85 1C B7 BB 4A 50 6F BB A9 1C 79 94 75 50 44
2026-03-19 14:19:46.828 DEBU [pymycobot.common] _write: FE FE 0B B5 01 04 00 00 00 0C F0 0F 46 C2 
2026-03-19 14:19:46.851 DEBU [pymycobot.common] _read : FE FE 20 B5 01 04 18 3E 49 E4 D1 BD C4 FC 08 3E B0 0B FC BC 85 21 B3 BB 4A 76 57 BB A9 3D 8E 8A 86 50 44
2026-03-19 14:19:46.852 DEBU [pymycobot.common] _write: FE FE 0B B5 01 04 00 00 00 0C F0 0F 46 C2 
2026-03-19 14:19:46.874 DEBU [pymycobot.common] _read : FE FE 20 B5 01 04 18 3E 54 36 6C BD C5 2A AE 3E B5 36 45 BC 85 26 AF BB 4A 57 5F BB A9 3C 3B FD A9 50 44
2026-03-19 14:19:46.875 DEBU [pymycobot.common] _write: FE FE 0B B5 01 04 00 00 00 0C F0 0F 46 C2 
2026-03-19 14:19:46.898 DEBU [pymycobot.common] _read : FE FE 20 B5 01 04 18 3E 49 E4 D1 BD C4 FC 08 3E B0 0B FC BC 85 21 B3 BB 4A 76 57 BB A9 3D 8E 8A 86 50 44
2026-03-19 14:19:46.899 DEBU [pymycobot.common] _write: FE FE 0B B5 01 04 00 00 00 0C F0 0F 46 C2 
2026-03-19 14:19:46.927 DEBU [pymycobot.common] _read : FE FE 20 B5 01 04 18 3E 54 36 6C BD C5 2A AE 3E B5 36 45 BC 85 26 AF BB 4A 57 5F BB A9 3C 3B FD A9 50 44
2026-03-19 14:19:46.928 DEBU [pymycobot.common] _write: FE FE 0B B5 01 04 00 00 00 0C F0 0F 46 C2 
2026-03-19 14:19:46.953 DEBU [pymycobot.common] _read : FE FE 20 B5 01 04 18 3E 49 F4 7A BD C5 0B 1F 3E B5 29 DA BC 85 2B AB BB 4A 7D 47 BB A9 5D 50 EA 53 50 44
2026-03-19 14:19:46.953 DEBU [pymycobot.common] _write: FE FE 0B B5 01 04 00 00 00 0C F0 0F 46 C2 
2026-03-19 14:19:46.978 DEBU [pymycobot.common] _read : FE FE 20 B5 01 04 18 3E 54 36 6C BD C5 2A AE 3E B5 36 45 BC 85 26 AF BB 4A 57 5F BB A9 3C 3B FD A9 50 44
2026-03-19 14:19:46.979 DEBU [pymycobot.common] _write: FE FE 0B B5 01 04 00 00 00 0C F0 0F 46 C2 
2026-03-19 14:19:47.004 DEBU [pymycobot.common] _read : FE FE 20 B5 01 04 18 3E 54 26 C4 BD C5 1B 97 3E B0 18 68 BC 85 1C B7 BB 4A 50 6F BB A9 1C 79 94 75 50 44
2026-03-19 14:19:47.005 DEBU [pymycobot.common] _write: FE FE 0B B5 01 04 00 00 00 0C F0 0F 46 C2 
2026-03-19 14:19:47.029 DEBU [pymycobot.common] _read : FE FE 20 B5 01 04 18 3E 53 DF 86 BD AD 8F 01 3E B5 45 2A BC 85 30 B6 BB 86 20 49 BB A9 82 E4 AD 76 50 44
2026-03-19 14:19:47.031 DEBU [pymycobot.common] _write: FE FE 0B B5 01 04 00 00 00 0C F0 0F 46 C2 
2026-03-19 14:19:47.053 DEBU [pymycobot.common] _read : FE FE 20 B5 01 04 18 3E 54 36 6C BD C5 2A AE 3E B5 36 45 BC 85 26 AF BB 4A 57 5F BB A9 3C 3B FD A9 50 44
2026-03-19 14:19:47.054 DEBU [pymycobot.common] _write: FE FE 0B B5 01 04 00 00 00 0C F0 0F 46 C2 
2026-03-19 14:19:47.078 DEBU [pymycobot.common] _read : FE FE 20 B5 01 04 18 3E 54 26 C4 BD C5 1B 97 3E B0 18 68 BC 85 1C B7 BB 4A 50 6F BB A9 1C 79 94 75 50 44
2026-03-19 14:19:47.079 DEBU [pymycobot.common] _write: FE FE 0B B5 01 04 00 00 00 0C F0 0F 46 C2 
2026-03-19 14:19:47.104 DEBU [pymycobot.common] _read : FE FE 20 B5 01 04 18 3E 54 26 C4 BD C5 1B 97 3E B0 18 68 BC 85 1C B7 BB 4A 50 6F BB A9 1C 79 94 75 50 44
2026-03-19 14:19:47.105 DEBU [pymycobot.common] _write: FE FE 0B B5 01 04 00 00 00 0C F0 0F 46 C2 
2026-03-19 14:19:47.130 DEBU [pymycobot.common] _read : FE FE 20 B5 01 04 18 3E 54 26 C4 BD C5 1B 97 3E B0 18 68 BC 85 1C B7 BB 4A 50 6F BB A9 1C 79 94 75 50 44
2026-03-19 14:19:47.131 DEBU [pymycobot.common] _write: FE FE 0B B5 01 04 00 00 00 0C F0 0F 46 C2 
2026-03-19 14:19:47.157 DEBU [pymycobot.common] _read : FE FE 20 B5 01 04 18 3E 49 F2 2C BD B0 7E 86 3E B0 0C 9B BC 85 28 00 BB 4A 7F 82 BB A9 25 D4 99 2B 50 44
2026-03-19 14:19:47.158 DEBU [pymycobot.common] _write: FE FE 0B B5 01 04 00 00 00 0C F0 0F 46 C2 
2026-03-19 14:19:47.181 DEBU [pymycobot.common] _read : FE FE 20 B5 01 04 18 3E 54 26 C4 BD C5 1B 97 3E B0 18 68 BC 85 1C B7 BB 4A 50 6F BB A9 1C 79 94 75 50 44
2026-03-19 14:19:47.183 DEBU [pymycobot.common] _write: FE FE 0B B5 01 04 00 00 00 0C F0 0F 46 C2 
2026-03-19 14:19:47.208 DEBU [pymycobot.common] _read : FE FE 20 B5 01 04 18 3E 54 26 C4 BD C5 1B 97 3E B0 18 68 BC 85 1C B7 BB 4A 50 6F BB A9 1C 79 94 75 50 44
2026-03-19 14:19:47.209 DEBU [pymycobot.common] _write: FE FE 0B B5 01 04 00 00 00 0C F0 0F 46 C2 
2026-03-19 14:19:47.235 DEBU [pymycobot.common] _read : FE FE 20 B5 01 04 18 3E 49 F4 7A BD C5 0B 1F 3E B5 29 DA BC 85 2B AB BB 4A 7D 47 BB A9 5D 50 EA 53 50 44
2026-03-19 14:19:47.236 DEBU [pymycobot.common] _write: FE FE 0B B5 01 04 00 00 00 0C F0 0F 46 C2 
2026-03-19 14:19:47.257 DEBU [pymycobot.common] _read : FE FE 20 B5 01 04 18 3E 49 F4 7A BD C5 0B 1F 3E B5 29 DA BC 85 2B AB BB 4A 7D 47 BB A9 5D 50 EA 53 50 44
2026-03-19 14:19:47.259 DEBU [pymycobot.common] _write: FE FE 0B B5 01 04 00 00 00 0C F0 0F 46 C2 
2026-03-19 14:19:47.291 DEBU [pymycobot.common] _read : FE FE 20 B5 01 04 18 3E 53 C2 84 BD C1 FD 6C 3E B0 26 AE BC 85 20 71 BB 86 18 3C BB A9 7A DD 23 93 50 44
2026-03-19 14:19:47.293 DEBU [pymycobot.common] _write: FE FE 0B B5 01 04 00 00 00 0C F0 0F 46 C2 
2026-03-19 14:19:47.317 DEBU [pymycobot.common] _read : FE FE 20 B5 01 04 18 3E 54 36 6C BD C5 2A AE 3E B5 36 45 BC 85 26 AF BB 4A 57 5F BB A9 3C 3B FD A9 50 44
2026-03-19 14:19:47.319 DEBU [pymycobot.common] _write: FE FE 0B B5 01 04 00 00 00 0C F0 0F 46 C2 
2026-03-19 14:19:47.344 DEBU [pymycobot.common] _read : FE FE 20 B5 01 04 18 3E 49 F4 7A BD C5 0B 1F 3E B5 29 DA BC 85 2B AB BB 4A 7D 47 BB A9 5D 50 EA 53 50 44
2026-03-19 14:19:47.345 DEBU [pymycobot.common] _write: FE FE 0B B5 01 04 00 00 00 0C F0 0F 46 C2 
2026-03-19 14:19:47.371 DEBU [pymycobot.common] _read : FE FE 20 B5 01 04 18 3E 49 E4 D1 BD C4 FC 08 3E B0 0B FC BC 85 21 B3 BB 4A 76 57 BB A9 3D 8E 8A 86 50 44
2026-03-19 14:19:47.372 DEBU [pymycobot.common] _write: FE FE 0B B5 01 04 00 00 00 0C F0 0F 46 C2 
2026-03-19 14:19:47.397 DEBU [pymycobot.common] _read : FE FE 20 B5 01 04 18 3E 54 26 C4 BD C5 1B 97 3E B0 18 68 BC 85 1C B7 BB 4A 50 6F BB A9 1C 79 94 75 50 44
2026-03-19 14:19:47.399 DEBU [pymycobot.common] _write: FE FE 0B B5 01 04 00 00 00 0C F0 0F 46 C2 
2026-03-19 14:19:47.423 DEBU [pymycobot.common] _read : FE FE 20 B5 01 04 18 3E 54 26 C4 BD C5 1B 97 3E B0 18 68 BC 85 1C B7 BB 4A 50 6F BB A9 1C 79 94 75 50 44
2026-03-19 14:19:47.424 DEBU [pymycobot.common] _write: FE FE 0B B5 01 04 00 00 00 0C F0 0F 46 C2 
2026-03-19 14:19:47.448 DEBU [pymycobot.common] _read : FE FE 20 B5 01 04 18 3E 3F A2 DF BD C4 DC 7A 3E AF FF 8F BC 85 26 AF BB 4A 9C 3F BB A9 5E A3 26 50 50 44
2026-03-19 14:19:47.449 DEBU [pymycobot.common] _write: FE FE 0B B5 01 04 00 00 00 0C F0 0F 46 C2 
2026-03-19 14:19:47.471 DEBU [pymycobot.common] _read : FE FE 20 B5 01 04 18 3E 4A 0F C8 BD C4 DC 40 3E B5 24 69 BC 85 1B B1 BB 4B 1E E6 BB CA 0C 5A 62 A6 50 44
2026-03-19 14:19:47.472 DEBU [pymycobot.common] _write: FE FE 0B B5 01 04 00 00 00 0C F0 0F 46 C2 
2026-03-19 14:19:47.497 DEBU [pymycobot.common] _read : FE FE 20 B5 01 04 18 3E 49 E4 D1 BD C4 FC 08 3E B0 0B FC BC 85 21 B3 BB 4A 76 57 BB A9 3D 8E 8A 86 50 44
2026-03-19 14:19:47.498 DEBU [pymycobot.common] _write: FE FE 0B B5 01 04 00 00 00 0C F0 0F 46 C2 
2026-03-19 14:19:47.520 DEBU [pymycobot.common] _read : FE FE 20 B5 01 04 18 3E 54 26 C4 BD C5 1B 97 3E B0 18 68 BC 85 1C B7 BB 4A 50 6F BB A9 1C 79 94 75 50 44
2026-03-19 14:19:47.521 DEBU [pymycobot.common] _write: FE FE 0B B5 01 04 00 00 00 0C F0 0F 46 C2 
2026-03-19 14:19:47.546 DEBU [pymycobot.common] _read : FE FE 20 B5 01 04 18 3E 54 26 C4 BD C5 1B 97 3E B0 18 68 BC 85 1C B7 BB 4A 50 6F BB A9 1C 79 94 75 50 44
2026-03-19 14:19:47.547 DEBU [pymycobot.common] _write: FE FE 0B B5 01 04 00 00 00 0C F0 0F 46 C2 
2026-03-19 14:19:47.573 DEBU [pymycobot.common] _read : FE FE 20 B5 01 04 18 3E 49 D7 77 BD D9 79 88 3E B0 0B 5C BC 85 1B 65 BB 4A 6D 2D BB A9 55 49 04 83 50 44
2026-03-19 14:19:47.574 DEBU [pymycobot.common] _write: FE FE 0B B5 01 04 00 00 00 0C F0 0F 46 C2 
2026-03-19 14:19:47.598 DEBU [pymycobot.common] _read : FE FE 20 B5 01 04 18 3E 49 E4 D1 BD C4 FC 08 3E B0 0B FC BC 85 21 B3 BB 4A 76 57 BB A9 3D 8E 8A 86 50 44
2026-03-19 14:19:47.601 DEBU [pymycobot.common] _write: FE FE 0B B5 01 04 00 00 00 0C F0 0F 46 C2 
2026-03-19 14:19:47.625 DEBU [pymycobot.common] _read : FE FE 20 B5 01 04 18 3E 4A 01 D4 BD B0 8D 9D 3E B5 2A 78 BC 85 31 F9 BB 4A 86 71 BB A9 45 96 0B 43 50 44
2026-03-19 14:19:47.626 DEBU [pymycobot.common] _write: FE FE 0B B5 01 04 00 00 00 0C F0 0F 46 C2 
2026-03-19 14:19:47.650 DEBU [pymycobot.common] _read : FE FE 20 B5 01 04 18 3E 49 F4 7A BD C5 0B 1F 3E B5 29 DA BC 85 2B AB BB 4A 7D 47 BB A9 5D 50 EA 53 50 44
2026-03-19 14:19:47.651 DEBU [pymycobot.common] _write: FE FE 0B B5 01 04 00 00 00 0C F0 0F 46 C2 
2026-03-19 14:19:47.678 DEBU [pymycobot.common] _read : FE FE 20 B5 01 04 18 3E 49 E4 D1 BD C4 FC 08 3E B0 0B FC BC 85 21 B3 BB 4A 76 57 BB A9 3D 8E 8A 86 50 44
2026-03-19 14:19:47.679 DEBU [pymycobot.common] _write: FE FE 0B B5 01 04 00 00 00 0C F0 0F 46 C2 
2026-03-19 14:19:47.704 DEBU [pymycobot.common] _read : FE FE 20 B5 01 04 18 3E 54 36 6C BD C5 2A AE 3E B5 36 45 BC 85 26 AF BB 4A 57 5F BB A9 3C 3B FD A9 50 44
2026-03-19 14:19:47.705 DEBU [pymycobot.common] _write: FE FE 0B B5 01 04 00 00 00 0C F0 0F 46 C2 
2026-03-19 14:19:47.729 DEBU [pymycobot.common] _read : FE FE 20 B5 01 04 18 3E 49 E7 1F BD D9 88 9F 3E B5 29 3A BC 85 25 5E BB 4A 74 1C BB A9 75 0B C5 01 50 44
2026-03-19 14:19:47.730 DEBU [pymycobot.common] _write: FE FE 0B B5 01 04 00 00 00 0C F0 0F 46 C2 
2026-03-19 14:19:47.751 DEBU [pymycobot.common] _read : FE FE 20 B5 01 04 18 3E 54 26 C4 BD C5 1B 97 3E B0 18 68 BC 85 1C B7 BB 4A 50 6F BB A9 1C 79 94 75 50 44
2026-03-19 14:19:47.752 DEBU [pymycobot.common] _write: FE FE 0B B5 01 04 00 00 00 0C F0 0F 46 C2 
2026-03-19 14:19:47.777 DEBU [pymycobot.common] _read : FE FE 20 B5 01 04 18 3E 49 E4 D1 BD C4 FC 08 3E B0 0B FC BC 85 21 B3 BB 4A 76 57 BB A9 3D 8E 8A 86 50 44
2026-03-19 14:19:47.778 DEBU [pymycobot.common] _write: FE FE 0B B5 01 04 00 00 00 0C F0 0F 46 C2 
2026-03-19 14:19:47.801 DEBU [pymycobot.common] _read : FE FE 20 B5 01 04 18 3E 49 80 91 BD C1 DD DC 3E B0 1A 43 BC 85 25 6D BB 86 2B 30 BB A9 9B F2 0B CA 50 44
2026-03-19 14:19:47.803 DEBU [pymycobot.common] _write: FE FE 0B B5 01 04 00 00 00 0C F0 0F 46 C2 
2026-03-19 14:19:47.827 DEBU [pymycobot.common] _read : FE FE 20 B5 01 04 18 3E 49 90 3A BD C1 EC F3 3E B5 38 1F BC 85 2F 65 BB 86 2E A8 BB A9 BB B4 A2 3A 50 44
2026-03-19 14:19:47.828 DEBU [pymycobot.common] _write: FE FE 0B B5 01 04 00 00 00 0C F0 0F 46 C2 
2026-03-19 14:19:47.850 DEBU [pymycobot.common] _read : FE FE 20 B5 01 04 18 3E 49 E4 D1 BD C4 FC 08 3E B0 0B FC BC 85 21 B3 BB 4A 76 57 BB A9 3D 8E 8A 86 50 44
2026-03-19 14:19:47.851 DEBU [pymycobot.common] _write: FE FE 0B B5 01 04 00 00 00 0C F0 0F 46 C2 
2026-03-19 14:19:47.877 DEBU [pymycobot.common] _read : FE FE 20 B5 01 04 18 3E 54 34 1F BD B0 9E 16 3E B0 19 06 BC 85 23 04 BB 4A 59 9A BB A9 04 BE 81 14 50 44
2026-03-19 14:19:47.878 DEBU [pymycobot.common] _write: FE FE 0B B5 01 04 00 00 00 0C F0 0F 46 C2 
2026-03-19 14:19:47.903 DEBU [pymycobot.common] _read : FE FE 20 B5 01 04 18 3E 49 F6 C6 BD D9 97 B6 3E BA 47 17 BC 85 2F 56 BB 4A 7B 0C BB A9 94 CD A4 D7 50 44
2026-03-19 14:19:47.904 DEBU [pymycobot.common] _write: FE FE 0B B5 01 04 00 00 00 0C F0 0F 46 C2 
2026-03-19 14:19:47.928 DEBU [pymycobot.common] _read : FE FE 20 B5 01 04 18 3E 49 F4 7A BD C5 0B 1F 3E B5 29 DA BC 85 2B AB BB 4A 7D 47 BB A9 5D 50 EA 53 50 44
2026-03-19 14:19:47.929 DEBU [pymycobot.common] _write: FE FE 0B B5 01 04 00 00 00 0C F0 0F 46 C2 
2026-03-19 14:19:47.955 DEBU [pymycobot.common] _read : FE FE 20 B5 01 04 18 3E 49 E4 D1 BD C4 FC 08 3E B0 0B FC BC 85 21 B3 BB 4A 76 57 BB A9 3D 8E 8A 86 50 44
2026-03-19 14:19:47.956 DEBU [pymycobot.common] _write: FE FE 0B B5 01 04 00 00 00 0C F0 0F 46 C2 
2026-03-19 14:19:47.979 DEBU [pymycobot.common] _read : FE FE 20 B5 01 04 18 3E 54 26 C4 BD C5 1B 97 3E B0 18 68 BC 85 1C B7 BB 4A 50 6F BB A9 1C 79 94 75 50 44
2026-03-19 14:19:47.980 DEBU [pymycobot.common] _write: FE FE 0B B5 01 04 00 00 00 0C F0 0F 46 C2 
2026-03-19 14:19:48.003 DEBU [pymycobot.common] _read : FE FE 20 B5 01 04 18 3E 49 F4 7A BD C5 0B 1F 3E B5 29 DA BC 85 2B AB BB 4A 7D 47 BB A9 5D 50 EA 53 50 44
2026-03-19 14:19:48.004 DEBU [pymycobot.common] _write: FE FE 0B B5 01 04 00 00 00 0C F0 0F 46 C2 
2026-03-19 14:19:48.028 DEBU [pymycobot.common] _read : FE FE 20 B5 01 04 18 3E 49 E4 D1 BD C4 FC 08 3E B0 0B FC BC 85 21 B3 BB 4A 76 57 BB A9 3D 8E 8A 86 50 44
2026-03-19 14:19:48.029 DEBU [pymycobot.common] _write: FE FE 0B B5 01 04 00 00 00 0C F0 0F 46 C2 
2026-03-19 14:19:48.052 DEBU [pymycobot.common] _read : FE FE 20 B5 01 04 18 3E 49 E4 D1 BD C4 FC 08 3E B0 0B FC BC 85 21 B3 BB 4A 76 57 BB A9 3D 8E 8A 86 50 44
2026-03-19 14:19:48.054 DEBU [pymycobot.common] _write: FE FE 0B B5 01 04 00 00 00 0C F0 0F 46 C2 
2026-03-19 14:19:48.077 DEBU [pymycobot.common] _read : FE FE 20 B5 01 04 18 3E 49 E4 D1 BD C4 FC 08 3E B0 0B FC BC 85 21 B3 BB 4A 76 57 BB A9 3D 8E 8A 86 50 44
2026-03-19 14:19:48.078 DEBU [pymycobot.common] _write: FE FE 0B B5 01 04 00 00 00 0C F0 0F 46 C2 
2026-03-19 14:19:48.101 DEBU [pymycobot.common] _read : FE FE 20 B5 01 04 18 3E 54 36 6C BD C5 2A AE 3E B5 36 45 BC 85 26 AF BB 4A 57 5F BB A9 3C 3B FD A9 50 44
2026-03-19 14:19:48.102 DEBU [pymycobot.common] _write: FE FE 0B B5 01 04 00 00 00 0C F0 0F 46 C2 
2026-03-19 14:19:48.126 DEBU [pymycobot.common] _read : FE FE 20 B5 01 04 18 3E 54 43 C6 BD B0 AD 2D 3E B5 36 E4 BC 85 2C FC BB 4A 60 8A BB A9 24 80 9B 22 50 44
2026-03-19 14:19:48.127 DEBU [pymycobot.common] _write: FE FE 0B B5 01 04 00 00 00 0C F0 0F 46 C2 
2026-03-19 14:19:48.153 DEBU [pymycobot.common] _read : FE FE 20 B5 01 04 18 3E 49 F2 2C BD B0 7E 86 3E B0 0C 9B BC 85 28 00 BB 4A 7F 82 BB A9 25 D4 99 2B 50 44
2026-03-19 14:19:48.154 DEBU [pymycobot.common] _write: FE FE 0B B5 01 04 00 00 00 0C F0 0F 46 C2 
2026-03-19 14:19:48.176 DEBU [pymycobot.common] _read : FE FE 20 B5 01 04 18 3E 49 E4 D1 BD C4 FC 08 3E B0 0B FC BC 85 21 B3 BB 4A 76 57 BB A9 3D 8E 8A 86 50 44
2026-03-19 14:19:48.177 DEBU [pymycobot.common] _write: FE FE 0B B5 01 04 00 00 00 0C F0 0F 46 C2 
2026-03-19 14:19:48.204 DEBU [pymycobot.common] _read : FE FE 20 B5 01 04 18 3E 49 E4 D1 BD C4 FC 08 3E B0 0B FC BC 85 21 B3 BB 4A 76 57 BB A9 3D 8E 8A 86 50 44
2026-03-19 14:19:48.205 DEBU [pymycobot.common] _write: FE FE 0B B5 01 04 00 00 00 0C F0 0F 46 C2 
2026-03-19 14:19:48.230 DEBU [pymycobot.common] _read : FE FE 20 B5 01 04 18 3E 54 43 C6 BD B0 AD 2D 3E B5 36 E4 BC 85 2C FC BB 4A 60 8A BB A9 24 80 9B 22 50 44
2026-03-19 14:19:48.231 DEBU [pymycobot.common] _write: FE FE 0B B5 01 04 00 00 00 0C F0 0F 46 C2 
2026-03-19 14:19:48.258 DEBU [pymycobot.common] _read : FE FE 20 B5 01 04 18 3E 4A 01 D4 BD B0 8D 9D 3E B5 2A 78 BC 85 31 F9 BB 4A 86 71 BB A9 45 96 0B 43 50 44
2026-03-19 14:19:48.259 DEBU [pymycobot.common] _write: FE FE 0B B5 01 04 00 00 00 0C F0 0F 46 C2 
2026-03-19 14:19:48.282 DEBU [pymycobot.common] _read : FE FE 20 B5 01 04 18 3E 54 34 1F BD B0 9E 16 3E B0 19 06 BC 85 23 04 BB 4A 59 9A BB A9 04 BE 81 14 50 44
2026-03-19 14:19:48.284 DEBU [pymycobot.common] _write: FE FE 0B B5 01 04 00 00 00 0C F0 0F 46 C2 
2026-03-19 14:19:48.308 DEBU [pymycobot.common] _read : FE FE 20 B5 01 04 18 3E 49 F4 7A BD C5 0B 1F 3E B5 29 DA BC 85 2B AB BB 4A 7D 47 BB A9 5D 50 EA 53 50 44
2026-03-19 14:19:48.309 DEBU [pymycobot.common] _write: FE FE 0B B5 01 04 00 00 00 0C F0 0F 46 C2 
2026-03-19 14:19:48.332 DEBU [pymycobot.common] _read : FE FE 20 B5 01 04 18 3E 49 E4 D1 BD C4 FC 08 3E B0 0B FC BC 85 21 B3 BB 4A 76 57 BB A9 3D 8E 8A 86 50 44
2026-03-19 14:19:48.334 DEBU [pymycobot.common] _write: FE FE 0B B5 01 04 00 00 00 0C F0 0F 46 C2 
2026-03-19 14:19:48.357 DEBU [pymycobot.common] _read : FE FE 20 B5 01 04 18 3E 49 F2 2C BD B0 7E 86 3E B0 0C 9B BC 85 28 00 BB 4A 7F 82 BB A9 25 D4 99 2B 50 44
2026-03-19 14:19:48.358 DEBU [pymycobot.common] _write: FE FE 0B B5 01 04 00 00 00 0C F0 0F 46 C2 
2026-03-19 14:19:48.384 DEBU [pymycobot.common] _read : FE FE 20 B5 01 04 18 3E 49 E4 D1 BD C4 FC 08 3E B0 0B FC BC 85 21 B3 BB 4A 76 57 BB A9 3D 8E 8A 86 50 44
2026-03-19 14:19:48.385 DEBU [pymycobot.common] _write: FE FE 0B B5 01 04 00 00 00 0C F0 0F 46 C2 
2026-03-19 14:19:48.408 DEBU [pymycobot.common] _read : FE FE 20 B5 01 04 18 3E 49 D7 77 BD D9 79 88 3E B0 0B 5C BC 85 1B 65 BB 4A 6D 2D BB A9 55 49 04 83 50 44
2026-03-19 14:19:48.409 DEBU [pymycobot.common] _write: FE FE 0B B5 01 04 00 00 00 0C F0 0F 46 C2 
2026-03-19 14:19:48.432 DEBU [pymycobot.common] _read : FE FE 20 B5 01 04 18 3E 54 34 1F BD B0 9E 16 3E B0 19 06 BC 85 23 04 BB 4A 59 9A BB A9 04 BE 81 14 50 44
2026-03-19 14:19:48.433 DEBU [pymycobot.common] _write: FE FE 0B B5 01 04 00 00 00 0C F0 0F 46 C2 
2026-03-19 14:19:48.459 DEBU [pymycobot.common] _read : FE FE 20 B5 01 04 18 3E 49 E4 D1 BD C4 FC 08 3E B0 0B FC BC 85 21 B3 BB 4A 76 57 BB A9 3D 8E 8A 86 50 44
2026-03-19 14:19:48.460 DEBU [pymycobot.common] _write: FE FE 0B B5 01 04 00 00 00 0C F0 0F 46 C2 
2026-03-19 14:19:48.483 DEBU [pymycobot.common] _read : FE FE 20 B5 01 04 18 3E 49 F4 7A BD C5 0B 1F 3E B5 29 DA BC 85 2B AB BB 4A 7D 47 BB A9 5D 50 EA 53 50 44
2026-03-19 14:19:48.484 DEBU [pymycobot.common] _write: FE FE 0B B5 01 04 00 00 00 0C F0 0F 46 C2 
2026-03-19 14:19:48.510 DEBU [pymycobot.common] _read : FE FE 20 B5 01 04 18 3E 49 E4 D1 BD C4 FC 08 3E B0 0B FC BC 85 21 B3 BB 4A 76 57 BB A9 3D 8E 8A 86 50 44
2026-03-19 14:32:34.510 DEBU [pymycobot.common] _write: FE FE 04 16 00 9D 73 
2026-03-19 14:32:34.520 DEBU [pymycobot.common] _read : FE FE 05 16 FF 01 29 5D
2026-03-19 14:32:34.521 DEBU [pymycobot.common] _write: FE FE 07 B8 00 01 C2 00 00 70 
2026-03-19 14:32:34.528 DEBU [pymycobot.common] _read : FE FE 05 B8 FF 01 C8 3C
2026-03-19 14:32:34.836 DEBU [pymycobot.common] _write: FE FE 03 BA 7F D1 
2026-03-19 14:32:34.849 DEBU [pymycobot.common] _read : FE FE 09 BA 00 01 C2 00 27 10 B0 9D
2026-03-19 14:32:34.850 DEBU [pymycobot.common] _write: FE FE 03 09 CA 90 
2026-03-19 14:32:34.859 DEBU [pymycobot.common] _read : FE FE 04 09 0D 68 BA
2026-03-19 14:32:34.860 DEBU [pymycobot.common] _write: FE FE 03 09 CA 90 
2026-03-19 14:32:34.870 DEBU [pymycobot.common] _read : FE FE 04 09 0D 68 BA
2026-03-19 14:32:34.870 DEBU [pymycobot.common] _write: FE FE 03 09 CA 90 
2026-03-19 14:32:34.880 DEBU [pymycobot.common] _read : FE FE 04 09 0D 68 BA
2026-03-19 14:32:34.880 DEBU [pymycobot.common] _write: FE FE 03 09 CA 90 
2026-03-19 14:32:34.892 DEBU [pymycobot.common] _read : FE FE 04 09 0D 68 BA
2026-03-19 14:32:34.892 DEBU [pymycobot.common] _write: FE FE 03 09 CA 90 
2026-03-19 14:32:34.902 DEBU [pymycobot.common] _read : FE FE 04 09 0D 68 BA
2026-03-19 14:32:34.903 DEBU [pymycobot.common] _write: FE FE 03 09 CA 90 
2026-03-19 14:32:34.914 DEBU [pymycobot.common] _read : FE FE 04 09 0D 68 BA
2026-03-19 14:32:34.914 DEBU [pymycobot.common] _write: FE FE 03 09 CA 90 
2026-03-19 14:32:34.924 DEBU [pymycobot.common] _read : FE FE 04 09 0D 68 BA
2026-03-19 14:32:34.925 DEBU [pymycobot.common] _write: FE FE 03 09 CA 90 
2026-03-19 14:32:34.934 DEBU [pymycobot.common] _read : FE FE 04 09 0D 68 BA
2026-03-19 14:32:34.934 DEBU [pymycobot.common] _write: FE FE 03 09 CA 90 
2026-03-19 14:32:34.945 DEBU [pymycobot.common] _read : FE FE 04 09 0D 68 BA
2026-03-19 14:32:34.946 DEBU [pymycobot.common] _write: FE FE 03 09 CA 90 
2026-03-19 14:32:34.954 DEBU [pymycobot.common] _read : FE FE 04 09 0D 68 BA
2026-03-19 14:32:34.956 DEBU [pymycobot.common] _write: FE FE 03 09 CA 90 
2026-03-19 14:32:34.965 DEBU [pymycobot.common] _read : FE FE 04 09 0D 68 BA
2026-03-19 14:32:34.966 DEBU [pymycobot.common] _write: FE FE 03 09 CA 90 
2026-03-19 14:32:34.977 DEBU [pymycobot.common] _read : FE FE 04 09 0D 68 BA
2026-03-19 14:32:34.978 DEBU [pymycobot.common] _write: FE FE 03 09 CA 90 
2026-03-19 14:32:34.985 DEBU [pymycobot.common] _read : FE FE 04 09 0D 68 BA
2026-03-19 14:32:34.986 DEBU [pymycobot.common] _write: FE FE 03 09 CA 90 
2026-03-19 14:32:34.996 DEBU [pymycobot.common] _read : FE FE 04 09 0D 68 BA
2026-03-19 14:32:34.997 DEBU [pymycobot.common] _write: FE FE 03 09 CA 90 
2026-03-19 14:32:35.007 DEBU [pymycobot.common] _read : FE FE 04 09 0D 68 BA
2026-03-19 14:32:35.009 DEBU [pymycobot.common] _write: FE FE 03 09 CA 90 
2026-03-19 14:32:35.018 DEBU [pymycobot.common] _read : FE FE 04 09 0D 68 BA
2026-03-19 14:32:35.019 DEBU [pymycobot.common] _write: FE FE 03 09 CA 90 
2026-03-19 14:32:35.028 DEBU [pymycobot.common] _read : FE FE 04 09 0D 68 BA
2026-03-19 14:32:35.029 DEBU [pymycobot.common] _write: FE FE 03 09 CA 90 
2026-03-19 14:32:35.038 DEBU [pymycobot.common] _read : FE FE 04 09 0D 68 BA
2026-03-19 14:32:35.039 DEBU [pymycobot.common] _write: FE FE 03 09 CA 90 
2026-03-19 14:32:35.048 DEBU [pymycobot.common] _read : FE FE 04 09 0D 68 BA
2026-03-19 14:32:35.049 DEBU [pymycobot.common] _write: FE FE 03 09 CA 90 
2026-03-19 14:32:35.058 DEBU [pymycobot.common] _read : FE FE 04 09 0D 68 BA
2026-03-19 14:32:35.060 DEBU [pymycobot.common] _write: FE FE 03 09 CA 90 
2026-03-19 14:32:35.069 DEBU [pymycobot.common] _read : FE FE 04 09 0D 68 BA
2026-03-19 14:32:35.070 DEBU [pymycobot.common] _write: FE FE 03 09 CA 90 
2026-03-19 14:32:35.079 DEBU [pymycobot.common] _read : FE FE 04 09 0D 68 BA
2026-03-19 14:32:35.080 DEBU [pymycobot.common] _write: FE FE 03 09 CA 90 
2026-03-19 14:32:35.089 DEBU [pymycobot.common] _read : FE FE 04 09 0D 68 BA
2026-03-19 14:32:35.090 DEBU [pymycobot.common] _write: FE FE 03 09 CA 90 
2026-03-19 14:32:35.099 DEBU [pymycobot.common] _read : FE FE 04 09 0D 68 BA
2026-03-19 14:32:35.100 DEBU [pymycobot.common] _write: FE FE 03 09 CA 90 
2026-03-19 14:32:35.115 DEBU [pymycobot.common] _read : FE FE 04 09 0D 68 BA
2026-03-19 14:32:35.116 DEBU [pymycobot.common] _write: FE FE 03 09 CA 90 
2026-03-19 14:32:35.125 DEBU [pymycobot.common] _read : FE FE 04 09 0D 68 BA
2026-03-19 14:32:35.126 DEBU [pymycobot.common] _write: FE FE 03 09 CA 90 
2026-03-19 14:32:35.136 DEBU [pymycobot.common] _read : FE FE 04 09 0D 68 BA
2026-03-19 14:32:35.136 DEBU [pymycobot.common] _write: FE FE 03 09 CA 90 
2026-03-19 14:32:35.145 DEBU [pymycobot.common] _read : FE FE 04 09 0D 68 BA
2026-03-19 14:32:35.146 DEBU [pymycobot.common] _write: FE FE 03 09 CA 90 
2026-03-19 14:32:35.155 DEBU [pymycobot.common] _read : FE FE 04 09 0D 68 BA
2026-03-19 14:32:35.157 DEBU [pymycobot.common] _write: FE FE 03 09 CA 90 
2026-03-19 14:32:35.166 DEBU [pymycobot.common] _read : FE FE 04 09 0D 68 BA
2026-03-19 14:32:35.166 DEBU [pymycobot.common] _write: FE FE 03 09 CA 90 
2026-03-19 14:32:35.176 DEBU [pymycobot.common] _read : FE FE 04 09 0D 68 BA
2026-03-19 14:32:35.177 DEBU [pymycobot.common] _write: FE FE 03 09 CA 90 
2026-03-19 14:32:35.187 DEBU [pymycobot.common] _read : FE FE 04 09 0D 68 BA
2026-03-19 14:32:35.187 DEBU [pymycobot.common] _write: FE FE 03 09 CA 90 
2026-03-19 14:32:35.197 DEBU [pymycobot.common] _read : FE FE 04 09 0D 68 BA
2026-03-19 14:32:35.198 DEBU [pymycobot.common] _write: FE FE 03 09 CA 90 
2026-03-19 14:32:35.208 DEBU [pymycobot.common] _read : FE FE 04 09 0D 68 BA
2026-03-19 14:32:35.209 DEBU [pymycobot.common] _write: FE FE 03 09 CA 90 
2026-03-19 14:32:35.218 DEBU [pymycobot.common] _read : FE FE 04 09 0D 68 BA
2026-03-19 14:32:35.218 DEBU [pymycobot.common] _write: FE FE 03 09 CA 90 
2026-03-19 14:32:35.229 DEBU [pymycobot.common] _read : FE FE 04 09 0D 68 BA
2026-03-19 14:32:35.229 DEBU [pymycobot.common] _write: FE FE 03 09 CA 90 
2026-03-19 14:32:35.238 DEBU [pymycobot.common] _read : FE FE 04 09 0D 68 BA
2026-03-19 14:32:35.240 DEBU [pymycobot.common] _write: FE FE 03 09 CA 90 
2026-03-19 14:32:35.252 DEBU [pymycobot.common] _read : FE FE 04 09 0D 68 BA
2026-03-19 14:32:35.252 DEBU [pymycobot.common] _write: FE FE 03 09 CA 90 
2026-03-19 14:32:35.260 DEBU [pymycobot.common] _read : FE FE 04 09 0D 68 BA
2026-03-19 14:32:35.261 DEBU [pymycobot.common] _write: FE FE 03 09 CA 90 
2026-03-19 14:32:35.271 DEBU [pymycobot.common] _read : FE FE 04 09 0D 68 BA
2026-03-19 14:32:35.271 DEBU [pymycobot.common] _write: FE FE 03 09 CA 90 
2026-03-19 14:32:35.281 DEBU [pymycobot.common] _read : FE FE 04 09 0D 68 BA
2026-03-19 14:32:35.281 DEBU [pymycobot.common] _write: FE FE 03 09 CA 90 
2026-03-19 14:32:35.291 DEBU [pymycobot.common] _read : FE FE 04 09 0D 68 BA
2026-03-19 14:32:35.292 DEBU [pymycobot.common] _write: FE FE 03 09 CA 90 
2026-03-19 14:32:35.301 DEBU [pymycobot.common] _read : FE FE 04 09 0D 68 BA
2026-03-19 14:32:35.301 DEBU [pymycobot.common] _write: FE FE 03 09 CA 90 
2026-03-19 14:32:35.312 DEBU [pymycobot.common] _read : FE FE 04 09 0D 68 BA
2026-03-19 14:32:35.313 DEBU [pymycobot.common] _write: FE FE 03 09 CA 90 
2026-03-19 14:32:35.322 DEBU [pymycobot.common] _read : FE FE 04 09 0D 68 BA
2026-03-19 14:32:35.323 DEBU [pymycobot.common] _write: FE FE 03 09 CA 90 
2026-03-19 14:32:35.331 DEBU [pymycobot.common] _read : FE FE 04 09 0D 68 BA
2026-03-19 14:32:35.332 DEBU [pymycobot.common] _write: FE FE 03 09 CA 90 
2026-03-19 14:32:35.342 DEBU [pymycobot.common] _read : FE FE 04 09 0D 68 BA
2026-03-19 14:32:35.343 DEBU [pymycobot.common] _write: FE FE 03 09 CA 90 
2026-03-19 14:32:35.355 DEBU [pymycobot.common] _read : FE FE 04 09 0D 68 BA
2026-03-19 14:32:35.355 DEBU [pymycobot.common] _write: FE FE 03 09 CA 90 
2026-03-19 14:32:35.364 DEBU [pymycobot.common] _read : FE FE 04 09 0D 68 BA
2026-03-19 14:32:35.365 DEBU [pymycobot.common] _write: FE FE 03 09 CA 90 
2026-03-19 14:32:35.375 DEBU [pymycobot.common] _read : FE FE 04 09 0D 68 BA
2026-03-19 14:32:35.375 DEBU [pymycobot.common] _write: FE FE 03 09 CA 90 
2026-03-19 14:32:35.386 DEBU [pymycobot.common] _read : FE FE 04 09 0D 68 BA
2026-03-19 14:32:35.387 DEBU [pymycobot.common] _write: FE FE 03 09 CA 90 
2026-03-19 14:32:35.395 DEBU [pymycobot.common] _read : FE FE 04 09 0D 68 BA
2026-03-19 14:32:35.396 DEBU [pymycobot.common] _write: FE FE 03 09 CA 90 
2026-03-19 14:32:35.405 DEBU [pymycobot.common] _read : FE FE 04 09 0D 68 BA
2026-03-19 14:32:35.406 DEBU [pymycobot.common] _write: FE FE 03 09 CA 90 
2026-03-19 14:32:35.417 DEBU [pymycobot.common] _read : FE FE 04 09 0D 68 BA
2026-03-19 14:32:35.417 DEBU [pymycobot.common] _write: FE FE 03 09 CA 90 
2026-03-19 14:32:35.425 DEBU [pymycobot.common] _read : FE FE 04 09 0D 68 BA
2026-03-19 14:32:35.426 DEBU [pymycobot.common] _write: FE FE 03 09 CA 90 
2026-03-19 14:32:35.436 DEBU [pymycobot.common] _read : FE FE 04 09 0D 68 BA
2026-03-19 14:32:35.436 DEBU [pymycobot.common] _write: FE FE 03 09 CA 90 
2026-03-19 14:32:35.449 DEBU [pymycobot.common] _read : FE FE 04 09 0D 68 BA
2026-03-19 14:32:35.450 DEBU [pymycobot.common] _write: FE FE 03 09 CA 90 
2026-03-19 14:32:35.458 DEBU [pymycobot.common] _read : FE FE 04 09 0D 68 BA
2026-03-19 14:32:35.459 DEBU [pymycobot.common] _write: FE FE 03 09 CA 90 
2026-03-19 14:32:35.470 DEBU [pymycobot.common] _read : FE FE 04 09 0D 68 BA
2026-03-19 14:32:35.470 DEBU [pymycobot.common] _write: FE FE 03 09 CA 90 
2026-03-19 14:32:35.479 DEBU [pymycobot.common] _read : FE FE 04 09 0D 68 BA
2026-03-19 14:32:35.480 DEBU [pymycobot.common] _write: FE FE 03 09 CA 90 
2026-03-19 14:32:35.490 DEBU [pymycobot.common] _read : FE FE 04 09 0D 68 BA
2026-03-19 14:32:35.491 DEBU [pymycobot.common] _write: FE FE 03 09 CA 90 
2026-03-19 14:32:35.501 DEBU [pymycobot.common] _read : FE FE 04 09 0D 68 BA
2026-03-19 14:32:35.501 DEBU [pymycobot.common] _write: FE FE 03 09 CA 90 
2026-03-19 14:32:35.511 DEBU [pymycobot.common] _read : FE FE 04 09 0D 68 BA
2026-03-19 14:32:35.512 DEBU [pymycobot.common] _write: FE FE 03 09 CA 90 
2026-03-19 14:32:35.522 DEBU [pymycobot.common] _read : FE FE 04 09 0D 68 BA
2026-03-19 14:32:35.522 DEBU [pymycobot.common] _write: FE FE 03 09 CA 90 
2026-03-19 14:32:35.534 DEBU [pymycobot.common] _read : FE FE 04 09 0D 68 BA
2026-03-19 14:32:35.535 DEBU [pymycobot.common] _write: FE FE 03 09 CA 90 
2026-03-19 14:32:35.545 DEBU [pymycobot.common] _read : FE FE 04 09 0D 68 BA
2026-03-19 14:32:35.546 DEBU [pymycobot.common] _write: FE FE 03 09 CA 90 
2026-03-19 14:32:35.554 DEBU [pymycobot.common] _read : FE FE 04 09 0D 68 BA
2026-03-19 14:32:35.554 DEBU [pymycobot.common] _write: FE FE 03 09 CA 90 
2026-03-19 14:32:35.565 DEBU [pymycobot.common] _read : FE FE 04 09 0D 68 BA
2026-03-19 14:32:35.566 DEBU [pymycobot.common] _write: FE FE 03 09 CA 90 
2026-03-19 14:32:35.576 DEBU [pymycobot.common] _read : FE FE 04 09 0D 68 BA
2026-03-19 14:32:35.576 DEBU [pymycobot.common] _write: FE FE 03 09 CA 90 
2026-03-19 14:32:35.586 DEBU [pymycobot.common] _read : FE FE 04 09 0D 68 BA
2026-03-19 14:32:35.587 DEBU [pymycobot.common] _write: FE FE 03 09 CA 90 
2026-03-19 14:32:35.597 DEBU [pymycobot.common] _read : FE FE 04 09 0D 68 BA
2026-03-19 14:32:35.597 DEBU [pymycobot.common] _write: FE FE 03 09 CA 90 
2026-03-19 14:32:35.606 DEBU [pymycobot.common] _read : FE FE 04 09 0D 68 BA
2026-03-19 14:32:35.607 DEBU [pymycobot.common] _write: FE FE 03 09 CA 90 
2026-03-19 14:32:35.618 DEBU [pymycobot.common] _read : FE FE 04 09 0D 68 BA
2026-03-19 14:32:35.618 DEBU [pymycobot.common] _write: FE FE 03 09 CA 90 
2026-03-19 14:32:35.627 DEBU [pymycobot.common] _read : FE FE 04 09 0D 68 BA
2026-03-19 14:32:35.629 DEBU [pymycobot.common] _write: FE FE 03 09 CA 90 
2026-03-19 14:32:35.638 DEBU [pymycobot.common] _read : FE FE 04 09 0D 68 BA
2026-03-19 14:32:35.639 DEBU [pymycobot.common] _write: FE FE 03 09 CA 90 
2026-03-19 14:32:35.650 DEBU [pymycobot.common] _read : FE FE 04 09 0D 68 BA
2026-03-19 14:32:35.651 DEBU [pymycobot.common] _write: FE FE 03 09 CA 90 
2026-03-19 14:32:35.659 DEBU [pymycobot.common] _read : FE FE 04 09 0D 68 BA
2026-03-19 14:32:35.660 DEBU [pymycobot.common] _write: FE FE 03 09 CA 90 
2026-03-19 14:32:35.669 DEBU [pymycobot.common] _read : FE FE 04 09 0D 68 BA
2026-03-19 14:32:35.669 DEBU [pymycobot.common] _write: FE FE 03 09 CA 90 
2026-03-19 14:32:35.679 DEBU [pymycobot.common] _read : FE FE 04 09 0D 68 BA
2026-03-19 14:32:35.679 DEBU [pymycobot.common] _write: FE FE 03 09 CA 90 
2026-03-19 14:32:35.690 DEBU [pymycobot.common] _read : FE FE 04 09 0D 68 BA
2026-03-19 14:32:35.691 DEBU [pymycobot.common] _write: FE FE 03 09 CA 90 
2026-03-19 14:32:35.699 DEBU [pymycobot.common] _read : FE FE 04 09 0D 68 BA
2026-03-19 14:32:35.700 DEBU [pymycobot.common] _write: FE FE 03 09 CA 90 
2026-03-19 14:32:35.711 DEBU [pymycobot.common] _read : FE FE 04 09 0D 68 BA
2026-03-19 14:32:35.712 DEBU [pymycobot.common] _write: FE FE 03 09 CA 90 
2026-03-19 14:32:35.720 DEBU [pymycobot.common] _read : FE FE 04 09 0D 68 BA
2026-03-19 14:32:35.722 DEBU [pymycobot.common] _write: FE FE 03 09 CA 90 
2026-03-19 14:32:35.730 DEBU [pymycobot.common] _read : FE FE 04 09 0D 68 BA
2026-03-19 14:32:35.731 DEBU [pymycobot.common] _write: FE FE 03 09 CA 90 
2026-03-19 14:32:35.742 DEBU [pymycobot.common] _read : FE FE 04 09 0D 68 BA
2026-03-19 14:32:35.743 DEBU [pymycobot.common] _write: FE FE 03 09 CA 90 
2026-03-19 14:32:35.752 DEBU [pymycobot.common] _read : FE FE 04 09 0D 68 BA
2026-03-19 14:32:35.752 DEBU [pymycobot.common] _write: FE FE 03 09 CA 90 
2026-03-19 14:32:35.763 DEBU [pymycobot.common] _read : FE FE 04 09 0D 68 BA
2026-03-19 14:32:35.763 DEBU [pymycobot.common] _write: FE FE 03 09 CA 90 
2026-03-19 14:32:35.774 DEBU [pymycobot.common] _read : FE FE 04 09 0D 68 BA
2026-03-19 14:32:35.775 DEBU [pymycobot.common] _write: FE FE 03 09 CA 90 
2026-03-19 14:32:35.783 DEBU [pymycobot.common] _read : FE FE 04 09 0D 68 BA
2026-03-19 14:32:35.785 DEBU [pymycobot.common] _write: FE FE 03 09 CA 90 
2026-03-19 14:32:35.794 DEBU [pymycobot.common] _read : FE FE 04 09 0D 68 BA
2026-03-19 14:32:35.795 DEBU [pymycobot.common] _write: FE FE 03 09 CA 90 
2026-03-19 14:32:35.804 DEBU [pymycobot.common] _read : FE FE 04 09 0D 68 BA
2026-03-19 14:32:35.805 DEBU [pymycobot.common] _write: FE FE 03 09 CA 90 
2026-03-19 14:32:35.814 DEBU [pymycobot.common] _read : FE FE 04 09 0D 68 BA
2026-03-19 14:32:35.815 DEBU [pymycobot.common] _write: FE FE 03 09 CA 90 
2026-03-19 14:32:35.825 DEBU [pymycobot.common] _read : FE FE 04 09 0D 68 BA
2026-03-19 14:32:35.826 DEBU [pymycobot.common] _write: FE FE 03 09 CA 90 
2026-03-19 14:32:35.836 DEBU [pymycobot.common] _read : FE FE 04 09 0D 68 BA
2026-03-19 14:32:35.836 DEBU [pymycobot.common] _write: FE FE 03 09 CA 90 
2026-03-19 14:32:35.846 DEBU [pymycobot.common] _read : FE FE 04 09 0D 68 BA
2026-03-19 14:32:35.847 DEBU [pymycobot.common] _write: FE FE 03 09 CA 90 
2026-03-19 14:32:35.857 DEBU [pymycobot.common] _read : FE FE 04 09 0D 68 BA
2026-03-19 14:32:35.858 DEBU [pymycobot.common] _write: FE FE 03 09 CA 90 
2026-03-19 14:32:35.866 DEBU [pymycobot.common] _read : FE FE 04 09 0D 68 BA
2026-03-19 14:32:35.866 DEBU [pymycobot.common] _write: FE FE 03 09 CA 90 
2026-03-19 14:32:35.877 DEBU [pymycobot.common] _read : FE FE 04 09 0D 68 BA
2026-03-19 14:32:35.878 DEBU [pymycobot.common] _write: FE FE 03 09 CA 90 
2026-03-19 14:32:35.887 DEBU [pymycobot.common] _read : FE FE 04 09 0D 68 BA
2026-03-19 14:32:35.888 DEBU [pymycobot.common] _write: FE FE 03 09 CA 90 
2026-03-19 14:32:35.899 DEBU [pymycobot.common] _read : FE FE 04 09 0D 68 BA
2026-03-19 14:32:35.900 DEBU [pymycobot.common] _write: FE FE 03 09 CA 90 
2026-03-19 14:32:35.909 DEBU [pymycobot.common] _read : FE FE 04 09 0D 68 BA
2026-03-19 14:32:35.910 DEBU [pymycobot.common] _write: FE FE 03 09 CA 90 
2026-03-19 14:32:35.921 DEBU [pymycobot.common] _read : FE FE 04 09 0D 68 BA
2026-03-19 14:32:35.923 DEBU [pymycobot.common] _write: FE FE 03 09 CA 90 
2026-03-19 14:32:35.935 DEBU [pymycobot.common] _read : FE FE 04 09 0D 68 BA
2026-03-19 14:32:35.936 DEBU [pymycobot.common] _write: FE FE 03 09 CA 90 
2026-03-19 14:32:35.946 DEBU [pymycobot.common] _read : FE FE 04 09 0D 68 BA
2026-03-19 14:32:35.947 DEBU [pymycobot.common] _write: FE FE 03 09 CA 90 
2026-03-19 14:32:35.956 DEBU [pymycobot.common] _read : FE FE 04 09 0D 68 BA
2026-03-19 14:32:35.957 DEBU [pymycobot.common] _write: FE FE 03 09 CA 90 
2026-03-19 14:32:35.966 DEBU [pymycobot.common] _read : FE FE 04 09 0D 68 BA
2026-03-19 14:32:35.967 DEBU [pymycobot.common] _write: FE FE 03 09 CA 90 
2026-03-19 14:32:35.976 DEBU [pymycobot.common] _read : FE FE 04 09 0D 68 BA
2026-03-19 14:32:35.977 DEBU [pymycobot.common] _write: FE FE 03 09 CA 90 
2026-03-19 14:32:35.987 DEBU [pymycobot.common] _read : FE FE 04 09 0D 68 BA
2026-03-19 14:32:35.988 DEBU [pymycobot.common] _write: FE FE 03 09 CA 90 
2026-03-19 14:32:35.997 DEBU [pymycobot.common] _read : FE FE 04 09 0D 68 BA
2026-03-19 14:32:35.997 DEBU [pymycobot.common] _write: FE FE 03 09 CA 90 
2026-03-19 14:32:36.008 DEBU [pymycobot.common] _read : FE FE 04 09 0D 68 BA
2026-03-19 14:32:36.009 DEBU [pymycobot.common] _write: FE FE 03 09 CA 90 
2026-03-19 14:32:36.018 DEBU [pymycobot.common] _read : FE FE 04 09 0D 68 BA
2026-03-19 14:32:36.019 DEBU [pymycobot.common] _write: FE FE 03 09 CA 90 
2026-03-19 14:32:36.028 DEBU [pymycobot.common] _read : FE FE 04 09 0D 68 BA
2026-03-19 14:32:36.029 DEBU [pymycobot.common] _write: FE FE 03 09 CA 90 
2026-03-19 14:32:36.039 DEBU [pymycobot.common] _read : FE FE 04 09 0D 68 BA
2026-03-19 14:32:36.040 DEBU [pymycobot.common] _write: FE FE 03 09 CA 90 
2026-03-19 14:32:36.053 DEBU [pymycobot.common] _read : FE FE 04 09 0D 68 BA
2026-03-19 14:32:36.054 DEBU [pymycobot.common] _write: FE FE 03 09 CA 90 
2026-03-19 14:32:36.064 DEBU [pymycobot.common] _read : FE FE 04 09 0D 68 BA
2026-03-19 14:32:36.065 DEBU [pymycobot.common] _write: FE FE 03 09 CA 90 
2026-03-19 14:32:36.074 DEBU [pymycobot.common] _read : FE FE 04 09 0D 68 BA
2026-03-19 14:32:36.075 DEBU [pymycobot.common] _write: FE FE 03 09 CA 90 
2026-03-19 14:32:36.086 DEBU [pymycobot.common] _read : FE FE 04 09 0D 68 BA
2026-03-19 14:32:36.087 DEBU [pymycobot.common] _write: FE FE 03 09 CA 90 
2026-03-19 14:32:36.096 DEBU [pymycobot.common] _read : FE FE 04 09 0D 68 BA
2026-03-19 14:32:36.097 DEBU [pymycobot.common] _write: FE FE 03 09 CA 90 
2026-03-19 14:32:36.106 DEBU [pymycobot.common] _read : FE FE 04 09 0D 68 BA
2026-03-19 14:32:36.107 DEBU [pymycobot.common] _write: FE FE 03 09 CA 90 
2026-03-19 14:32:36.118 DEBU [pymycobot.common] _read : FE FE 04 09 0D 68 BA
2026-03-19 14:32:36.118 DEBU [pymycobot.common] _write: FE FE 03 09 CA 90 
2026-03-19 14:32:36.128 DEBU [pymycobot.common] _read : FE FE 04 09 0D 68 BA
2026-03-19 14:32:36.129 DEBU [pymycobot.common] _write: FE FE 03 09 CA 90 
2026-03-19 14:32:36.138 DEBU [pymycobot.common] _read : FE FE 04 09 0D 68 BA
2026-03-19 14:32:36.139 DEBU [pymycobot.common] _write: FE FE 03 09 CA 90 
2026-03-19 14:32:36.149 DEBU [pymycobot.common] _read : FE FE 04 09 0D 68 BA
2026-03-19 14:32:36.150 DEBU [pymycobot.common] _write: FE FE 03 09 CA 90 
2026-03-19 14:32:36.159 DEBU [pymycobot.common] _read : FE FE 04 09 0D 68 BA
2026-03-19 14:32:36.159 DEBU [pymycobot.common] _write: FE FE 03 09 CA 90 
2026-03-19 14:32:36.170 DEBU [pymycobot.common] _read : FE FE 04 09 0D 68 BA
2026-03-19 14:32:36.170 DEBU [pymycobot.common] _write: FE FE 03 09 CA 90 
2026-03-19 14:32:36.180 DEBU [pymycobot.common] _read : FE FE 04 09 0D 68 BA
2026-03-19 14:32:36.181 DEBU [pymycobot.common] _write: FE FE 03 09 CA 90 
2026-03-19 14:32:36.190 DEBU [pymycobot.common] _read : FE FE 04 09 0D 68 BA
2026-03-19 14:32:36.190 DEBU [pymycobot.common] _write: FE FE 03 09 CA 90 
2026-03-19 14:32:36.200 DEBU [pymycobot.common] _read : FE FE 04 09 0D 68 BA
2026-03-19 14:32:36.201 DEBU [pymycobot.common] _write: FE FE 03 09 CA 90 
2026-03-19 14:32:36.212 DEBU [pymycobot.common] _read : FE FE 04 09 0D 68 BA
2026-03-19 14:32:36.213 DEBU [pymycobot.common] _write: FE FE 03 09 CA 90 
2026-03-19 14:32:36.222 DEBU [pymycobot.common] _read : FE FE 04 09 0D 68 BA
2026-03-19 14:32:36.223 DEBU [pymycobot.common] _write: FE FE 03 09 CA 90 
2026-03-19 14:32:36.233 DEBU [pymycobot.common] _read : FE FE 04 09 0D 68 BA
2026-03-19 14:32:36.233 DEBU [pymycobot.common] _write: FE FE 03 09 CA 90 
2026-03-19 14:32:36.243 DEBU [pymycobot.common] _read : FE FE 04 09 0D 68 BA
2026-03-19 14:32:36.244 DEBU [pymycobot.common] _write: FE FE 03 09 CA 90 
2026-03-19 14:32:36.253 DEBU [pymycobot.common] _read : FE FE 04 09 0D 68 BA
2026-03-19 14:32:36.254 DEBU [pymycobot.common] _write: FE FE 03 09 CA 90 
2026-03-19 14:32:36.266 DEBU [pymycobot.common] _read : FE FE 04 09 0D 68 BA
2026-03-19 14:32:36.267 DEBU [pymycobot.common] _write: FE FE 03 09 CA 90 
2026-03-19 14:32:36.281 DEBU [pymycobot.common] _read : FE FE 04 09 0D 68 BA
2026-03-19 14:32:36.282 DEBU [pymycobot.common] _write: FE FE 03 09 CA 90 
2026-03-19 14:32:36.290 DEBU [pymycobot.common] _read : FE FE 04 09 0D 68 BA
2026-03-19 14:32:36.291 DEBU [pymycobot.common] _write: FE FE 03 09 CA 90 
2026-03-19 14:32:36.302 DEBU [pymycobot.common] _read : FE FE 04 09 0D 68 BA
2026-03-19 14:32:36.302 DEBU [pymycobot.common] _write: FE FE 03 09 CA 90 
2026-03-19 14:32:36.312 DEBU [pymycobot.common] _read : FE FE 04 09 0D 68 BA
2026-03-19 14:32:36.313 DEBU [pymycobot.common] _write: FE FE 03 09 CA 90 
2026-03-19 14:32:36.321 DEBU [pymycobot.common] _read : FE FE 04 09 0D 68 BA
2026-03-19 14:32:36.322 DEBU [pymycobot.common] _write: FE FE 03 09 CA 90 
2026-03-19 14:32:36.332 DEBU [pymycobot.common] _read : FE FE 04 09 0D 68 BA
2026-03-19 14:32:36.333 DEBU [pymycobot.common] _write: FE FE 03 09 CA 90 
2026-03-19 14:32:36.343 DEBU [pymycobot.common] _read : FE FE 04 09 0D 68 BA
2026-03-19 14:32:36.344 DEBU [pymycobot.common] _write: FE FE 03 09 CA 90 
2026-03-19 14:32:36.353 DEBU [pymycobot.common] _read : FE FE 04 09 0D 68 BA
2026-03-19 14:32:36.353 DEBU [pymycobot.common] _write: FE FE 03 09 CA 90 
2026-03-19 14:32:36.365 DEBU [pymycobot.common] _read : FE FE 04 09 0D 68 BA
2026-03-19 14:32:36.366 DEBU [pymycobot.common] _write: FE FE 03 09 CA 90 
2026-03-19 14:32:36.374 DEBU [pymycobot.common] _read : FE FE 04 09 0D 68 BA
2026-03-19 14:32:36.375 DEBU [pymycobot.common] _write: FE FE 03 09 CA 90 
2026-03-19 14:32:36.385 DEBU [pymycobot.common] _read : FE FE 04 09 0D 68 BA
2026-03-19 14:32:36.385 DEBU [pymycobot.common] _write: FE FE 03 09 CA 90 
2026-03-19 14:32:36.401 DEBU [pymycobot.common] _read : FE FE 04 09 0D 68 BA
2026-03-19 14:32:36.402 DEBU [pymycobot.common] _write: FE FE 03 09 CA 90 
2026-03-19 14:32:36.411 DEBU [pymycobot.common] _read : FE FE 04 09 0D 68 BA
2026-03-19 14:32:36.412 DEBU [pymycobot.common] _write: FE FE 03 09 CA 90 
2026-03-19 14:32:36.421 DEBU [pymycobot.common] _read : FE FE 04 09 0D 68 BA
2026-03-19 14:32:36.421 DEBU [pymycobot.common] _write: FE FE 03 09 CA 90 
2026-03-19 14:32:36.431 DEBU [pymycobot.common] _read : FE FE 04 09 0D 68 BA
2026-03-19 14:32:36.432 DEBU [pymycobot.common] _write: FE FE 03 09 CA 90 
2026-03-19 14:32:36.442 DEBU [pymycobot.common] _read : FE FE 04 09 0D 68 BA
2026-03-19 14:32:36.443 DEBU [pymycobot.common] _write: FE FE 03 09 CA 90 
2026-03-19 14:32:36.452 DEBU [pymycobot.common] _read : FE FE 04 09 0D 68 BA
2026-03-19 14:32:36.452 DEBU [pymycobot.common] _write: FE FE 03 09 CA 90 
2026-03-19 14:32:36.463 DEBU [pymycobot.common] _read : FE FE 04 09 0D 68 BA
2026-03-19 14:32:36.463 DEBU [pymycobot.common] _write: FE FE 03 09 CA 90 
2026-03-19 14:32:36.474 DEBU [pymycobot.common] _read : FE FE 04 09 0D 68 BA
2026-03-19 14:32:36.474 DEBU [pymycobot.common] _write: FE FE 03 09 CA 90 
2026-03-19 14:32:36.483 DEBU [pymycobot.common] _read : FE FE 04 09 0D 68 BA
2026-03-19 14:32:36.483 DEBU [pymycobot.common] _write: FE FE 03 09 CA 90 
2026-03-19 14:32:36.494 DEBU [pymycobot.common] _read : FE FE 04 09 0D 68 BA
2026-03-19 14:32:36.495 DEBU [pymycobot.common] _write: FE FE 03 09 CA 90 
2026-03-19 14:32:36.504 DEBU [pymycobot.common] _read : FE FE 04 09 0D 68 BA
2026-03-19 14:32:36.505 DEBU [pymycobot.common] _write: FE FE 03 09 CA 90 
2026-03-19 14:32:36.514 DEBU [pymycobot.common] _read : FE FE 04 09 0D 68 BA
2026-03-19 14:32:36.514 DEBU [pymycobot.common] _write: FE FE 03 09 CA 90 
2026-03-19 14:32:36.525 DEBU [pymycobot.common] _read : FE FE 04 09 0D 68 BA
2026-03-19 14:32:36.526 DEBU [pymycobot.common] _write: FE FE 03 09 CA 90 
2026-03-19 14:32:36.535 DEBU [pymycobot.common] _read : FE FE 04 09 0D 68 BA
2026-03-19 14:32:36.536 DEBU [pymycobot.common] _write: FE FE 03 09 CA 90 
2026-03-19 14:32:36.546 DEBU [pymycobot.common] _read : FE FE 04 09 0D 68 BA
2026-03-19 14:32:36.547 DEBU [pymycobot.common] _write: FE FE 03 09 CA 90 
2026-03-19 14:32:36.557 DEBU [pymycobot.common] _read : FE FE 04 09 0D 68 BA
2026-03-19 14:32:36.557 DEBU [pymycobot.common] _write: FE FE 03 09 CA 90 
2026-03-19 14:32:36.566 DEBU [pymycobot.common] _read : FE FE 04 09 0D 68 BA
2026-03-19 14:32:36.566 DEBU [pymycobot.common] _write: FE FE 03 09 CA 90 
2026-03-19 14:32:36.577 DEBU [pymycobot.common] _read : FE FE 04 09 0D 68 BA
2026-03-19 14:32:36.577 DEBU [pymycobot.common] _write: FE FE 03 09 CA 90 
2026-03-19 14:32:36.587 DEBU [pymycobot.common] _read : FE FE 04 09 0D 68 BA
2026-03-19 14:32:36.587 DEBU [pymycobot.common] _write: FE FE 03 09 CA 90 
2026-03-19 14:32:36.597 DEBU [pymycobot.common] _read : FE FE 04 09 0D 68 BA
2026-03-19 14:32:36.597 DEBU [pymycobot.common] _write: FE FE 03 09 CA 90 
2026-03-19 14:32:36.608 DEBU [pymycobot.common] _read : FE FE 04 09 0D 68 BA
2026-03-19 14:32:36.610 DEBU [pymycobot.common] _write: FE FE 03 09 CA 90 
2026-03-19 14:32:36.618 DEBU [pymycobot.common] _read : FE FE 04 09 0D 68 BA
2026-03-19 14:32:36.619 DEBU [pymycobot.common] _write: FE FE 03 09 CA 90 
2026-03-19 14:32:36.629 DEBU [pymycobot.common] _read : FE FE 04 09 0D 68 BA
2026-03-19 14:32:36.629 DEBU [pymycobot.common] _write: FE FE 03 09 CA 90 
2026-03-19 14:32:36.639 DEBU [pymycobot.common] _read : FE FE 04 09 0D 68 BA
2026-03-19 14:32:36.640 DEBU [pymycobot.common] _write: FE FE 03 09 CA 90 
2026-03-19 14:32:36.650 DEBU [pymycobot.common] _read : FE FE 04 09 0D 68 BA
2026-03-19 14:32:36.650 DEBU [pymycobot.common] _write: FE FE 03 09 CA 90 
2026-03-19 14:32:36.660 DEBU [pymycobot.common] _read : FE FE 04 09 0D 68 BA
2026-03-19 14:32:36.661 DEBU [pymycobot.common] _write: FE FE 03 09 CA 90 
2026-03-19 14:32:36.671 DEBU [pymycobot.common] _read : FE FE 04 09 0D 68 BA
2026-03-19 14:32:36.672 DEBU [pymycobot.common] _write: FE FE 03 09 CA 90 
2026-03-19 14:32:36.681 DEBU [pymycobot.common] _read : FE FE 04 09 0D 68 BA
2026-03-19 14:32:36.682 DEBU [pymycobot.common] _write: FE FE 03 09 CA 90 
2026-03-19 14:32:36.692 DEBU [pymycobot.common] _read : FE FE 04 09 0D 68 BA
2026-03-19 14:32:36.693 DEBU [pymycobot.common] _write: FE FE 03 09 CA 90 
2026-03-19 14:32:36.701 DEBU [pymycobot.common] _read : FE FE 04 09 0D 68 BA
2026-03-19 14:32:36.701 DEBU [pymycobot.common] _write: FE FE 03 09 CA 90 
2026-03-19 14:32:36.712 DEBU [pymycobot.common] _read : FE FE 04 09 0D 68 BA
2026-03-19 14:32:36.712 DEBU [pymycobot.common] _write: FE FE 03 09 CA 90 
2026-03-19 14:32:36.722 DEBU [pymycobot.common] _read : FE FE 04 09 0D 68 BA
2026-03-19 14:32:36.723 DEBU [pymycobot.common] _write: FE FE 03 09 CA 90 
2026-03-19 14:32:36.733 DEBU [pymycobot.common] _read : FE FE 04 09 0D 68 BA
2026-03-19 14:32:36.733 DEBU [pymycobot.common] _write: FE FE 03 09 CA 90 
2026-03-19 14:32:36.743 DEBU [pymycobot.common] _read : FE FE 04 09 0D 68 BA
2026-03-19 14:32:36.744 DEBU [pymycobot.common] _write: FE FE 03 09 CA 90 
2026-03-19 14:32:36.754 DEBU [pymycobot.common] _read : FE FE 04 09 0D 68 BA
2026-03-19 14:32:36.755 DEBU [pymycobot.common] _write: FE FE 03 09 CA 90 
2026-03-19 14:32:36.764 DEBU [pymycobot.common] _read : FE FE 04 09 0D 68 BA
2026-03-19 14:32:36.764 DEBU [pymycobot.common] _write: FE FE 03 09 CA 90 
2026-03-19 14:32:36.774 DEBU [pymycobot.common] _read : FE FE 04 09 0D 68 BA
2026-03-19 14:32:36.775 DEBU [pymycobot.common] _write: FE FE 03 09 CA 90 
2026-03-19 14:32:36.783 DEBU [pymycobot.common] _read : FE FE 04 09 0D 68 BA
2026-03-19 14:32:36.784 DEBU [pymycobot.common] _write: FE FE 03 09 CA 90 
2026-03-19 14:32:36.793 DEBU [pymycobot.common] _read : FE FE 04 09 0D 68 BA
2026-03-19 14:32:36.794 DEBU [pymycobot.common] _write: FE FE 03 09 CA 90 
2026-03-19 14:32:36.803 DEBU [pymycobot.common] _read : FE FE 04 09 0D 68 BA
2026-03-19 14:32:36.804 DEBU [pymycobot.common] _write: FE FE 03 09 CA 90 
2026-03-19 14:32:36.813 DEBU [pymycobot.common] _read : FE FE 04 09 0D 68 BA
2026-03-19 14:32:36.814 DEBU [pymycobot.common] _write: FE FE 03 09 CA 90 
2026-03-19 14:32:36.824 DEBU [pymycobot.common] _read : FE FE 04 09 0D 68 BA
2026-03-19 14:32:36.825 DEBU [pymycobot.common] _write: FE FE 03 09 CA 90 
2026-03-19 14:32:36.834 DEBU [pymycobot.common] _read : FE FE 04 09 0D 68 BA
2026-03-19 14:32:36.835 DEBU [pymycobot.common] _write: FE FE 03 09 CA 90 
2026-03-19 14:32:36.845 DEBU [pymycobot.common] _read : FE FE 04 09 0D 68 BA
2026-03-19 14:32:36.845 DEBU [pymycobot.common] _write: FE FE 03 09 CA 90 
2026-03-19 14:32:36.854 DEBU [pymycobot.common] _read : FE FE 04 09 0D 68 BA
2026-03-19 14:32:36.854 DEBU [pymycobot.common] _write: FE FE 03 09 CA 90 
2026-03-19 14:32:36.865 DEBU [pymycobot.common] _read : FE FE 04 09 0D 68 BA
2026-03-19 14:32:36.865 DEBU [pymycobot.common] _write: FE FE 03 09 CA 90 
2026-03-19 14:32:36.876 DEBU [pymycobot.common] _read : FE FE 04 09 0D 68 BA
2026-03-19 14:32:36.877 DEBU [pymycobot.common] _write: FE FE 03 09 CA 90 
2026-03-19 14:32:36.886 DEBU [pymycobot.common] _read : FE FE 04 09 0D 68 BA
2026-03-19 14:32:36.887 DEBU [pymycobot.common] _write: FE FE 03 09 CA 90 
2026-03-19 14:32:36.899 DEBU [pymycobot.common] _read : FE FE 04 09 0D 68 BA
2026-03-19 14:32:36.900 DEBU [pymycobot.common] _write: FE FE 03 09 CA 90 
2026-03-19 14:32:36.908 DEBU [pymycobot.common] _read : FE FE 04 09 0D 68 BA
2026-03-19 14:32:36.909 DEBU [pymycobot.common] _write: FE FE 03 09 CA 90 
2026-03-19 14:32:36.918 DEBU [pymycobot.common] _read : FE FE 04 09 0D 68 BA
2026-03-19 14:32:36.918 DEBU [pymycobot.common] _write: FE FE 03 09 CA 90 
2026-03-19 14:32:36.928 DEBU [pymycobot.common] _read : FE FE 04 09 0D 68 BA
2026-03-19 14:32:36.929 DEBU [pymycobot.common] _write: FE FE 03 09 CA 90 
2026-03-19 14:32:36.939 DEBU [pymycobot.common] _read : FE FE 04 09 0D 68 BA
2026-03-19 14:32:36.940 DEBU [pymycobot.common] _write: FE FE 03 09 CA 90 
2026-03-19 14:32:36.949 DEBU [pymycobot.common] _read : FE FE 04 09 0D 68 BA
2026-03-19 14:32:36.950 DEBU [pymycobot.common] _write: FE FE 03 09 CA 90 
2026-03-19 14:32:36.958 DEBU [pymycobot.common] _read : FE FE 04 09 0D 68 BA
2026-03-19 14:32:36.959 DEBU [pymycobot.common] _write: FE FE 03 09 CA 90 
2026-03-19 14:32:36.969 DEBU [pymycobot.common] _read : FE FE 04 09 0D 68 BA
2026-03-19 14:32:36.970 DEBU [pymycobot.common] _write: FE FE 03 09 CA 90 
2026-03-19 14:32:36.980 DEBU [pymycobot.common] _read : FE FE 04 09 0D 68 BA
2026-03-19 14:32:36.980 DEBU [pymycobot.common] _write: FE FE 03 09 CA 90 
2026-03-19 14:32:36.989 DEBU [pymycobot.common] _read : FE FE 04 09 0D 68 BA
2026-03-19 14:32:36.990 DEBU [pymycobot.common] _write: FE FE 03 09 CA 90 
2026-03-19 14:32:37.000 DEBU [pymycobot.common] _read : FE FE 04 09 0D 68 BA
2026-03-19 14:32:37.001 DEBU [pymycobot.common] _write: FE FE 03 09 CA 90 
2026-03-19 14:32:37.011 DEBU [pymycobot.common] _read : FE FE 04 09 0D 68 BA
2026-03-19 14:32:37.012 DEBU [pymycobot.common] _write: FE FE 03 09 CA 90 
2026-03-19 14:32:37.021 DEBU [pymycobot.common] _read : FE FE 04 09 0D 68 BA
2026-03-19 14:32:37.022 DEBU [pymycobot.common] _write: FE FE 03 09 CA 90 
2026-03-19 14:32:37.032 DEBU [pymycobot.common] _read : FE FE 04 09 0D 68 BA
2026-03-19 14:32:37.033 DEBU [pymycobot.common] _write: FE FE 03 09 CA 90 
2026-03-19 14:32:37.041 DEBU [pymycobot.common] _read : FE FE 04 09 0D 68 BA
2026-03-19 14:32:37.042 DEBU [pymycobot.common] _write: FE FE 03 09 CA 90 
2026-03-19 14:32:37.052 DEBU [pymycobot.common] _read : FE FE 04 09 0D 68 BA
2026-03-19 14:32:37.053 DEBU [pymycobot.common] _write: FE FE 03 09 CA 90 
2026-03-19 14:32:37.062 DEBU [pymycobot.common] _read : FE FE 04 09 0D 68 BA
2026-03-19 14:32:37.064 DEBU [pymycobot.common] _write: FE FE 03 09 CA 90 
2026-03-19 14:32:37.072 DEBU [pymycobot.common] _read : FE FE 04 09 0D 68 BA
2026-03-19 14:32:37.073 DEBU [pymycobot.common] _write: FE FE 03 09 CA 90 
2026-03-19 14:32:37.083 DEBU [pymycobot.common] _read : FE FE 04 09 0D 68 BA
2026-03-19 14:32:37.084 DEBU [pymycobot.common] _write: FE FE 03 09 CA 90 
2026-03-19 14:32:37.093 DEBU [pymycobot.common] _read : FE FE 04 09 0D 68 BA
2026-03-19 14:32:37.095 DEBU [pymycobot.common] _write: FE FE 03 09 CA 90 
2026-03-19 14:32:37.105 DEBU [pymycobot.common] _read : FE FE 04 09 0D 68 BA
2026-03-19 14:32:37.106 DEBU [pymycobot.common] _write: FE FE 03 09 CA 90 
2026-03-19 14:32:37.114 DEBU [pymycobot.common] _read : FE FE 04 09 0D 68 BA
2026-03-19 14:32:37.114 DEBU [pymycobot.common] _write: FE FE 03 09 CA 90 
2026-03-19 14:32:37.124 DEBU [pymycobot.common] _read : FE FE 04 09 0D 68 BA
2026-03-19 14:32:37.126 DEBU [pymycobot.common] _write: FE FE 03 09 CA 90 
2026-03-19 14:32:37.135 DEBU [pymycobot.common] _read : FE FE 04 09 0D 68 BA
2026-03-19 14:32:37.136 DEBU [pymycobot.common] _write: FE FE 03 09 CA 90 
2026-03-19 14:32:37.145 DEBU [pymycobot.common] _read : FE FE 04 09 0D 68 BA
2026-03-19 14:32:37.145 DEBU [pymycobot.common] _write: FE FE 03 09 CA 90 
2026-03-19 14:32:37.155 DEBU [pymycobot.common] _read : FE FE 04 09 0D 68 BA
2026-03-19 14:32:37.156 DEBU [pymycobot.common] _write: FE FE 03 09 CA 90 
2026-03-19 14:32:37.166 DEBU [pymycobot.common] _read : FE FE 04 09 0D 68 BA
2026-03-19 14:32:37.166 DEBU [pymycobot.common] _write: FE FE 03 09 CA 90 
2026-03-19 14:32:37.176 DEBU [pymycobot.common] _read : FE FE 04 09 0D 68 BA
2026-03-19 14:32:37.176 DEBU [pymycobot.common] _write: FE FE 03 09 CA 90 
2026-03-19 14:32:37.186 DEBU [pymycobot.common] _read : FE FE 04 09 0D 68 BA
2026-03-19 14:32:37.188 DEBU [pymycobot.common] _write: FE FE 03 09 CA 90 
2026-03-19 14:32:37.200 DEBU [pymycobot.common] _read : FE FE 04 09 0D 68 BA
2026-03-19 14:32:37.200 DEBU [pymycobot.common] _write: FE FE 03 09 CA 90 
2026-03-19 14:32:37.209 DEBU [pymycobot.common] _read : FE FE 04 09 0D 68 BA
2026-03-19 14:32:37.210 DEBU [pymycobot.common] _write: FE FE 03 09 CA 90 
2026-03-19 14:32:37.218 DEBU [pymycobot.common] _read : FE FE 04 09 0D 68 BA
2026-03-19 14:32:37.219 DEBU [pymycobot.common] _write: FE FE 03 09 CA 90 
2026-03-19 14:32:37.230 DEBU [pymycobot.common] _read : FE FE 04 09 0D 68 BA
2026-03-19 14:32:37.231 DEBU [pymycobot.common] _write: FE FE 03 09 CA 90 
2026-03-19 14:32:37.238 DEBU [pymycobot.common] _read : FE FE 04 09 0D 68 BA
2026-03-19 14:32:37.239 DEBU [pymycobot.common] _write: FE FE 03 09 CA 90 
2026-03-19 14:32:37.249 DEBU [pymycobot.common] _read : FE FE 04 09 0D 68 BA
2026-03-19 14:32:37.249 DEBU [pymycobot.common] _write: FE FE 03 09 CA 90 
2026-03-19 14:32:37.259 DEBU [pymycobot.common] _read : FE FE 04 09 0D 68 BA
2026-03-19 14:32:37.259 DEBU [pymycobot.common] _write: FE FE 03 09 CA 90 
2026-03-19 14:32:37.269 DEBU [pymycobot.common] _read : FE FE 04 09 0D 68 BA
2026-03-19 14:32:37.270 DEBU [pymycobot.common] _write: FE FE 03 09 CA 90 
2026-03-19 14:32:37.278 DEBU [pymycobot.common] _read : FE FE 04 09 0D 68 BA
2026-03-19 14:32:37.280 DEBU [pymycobot.common] _write: FE FE 03 09 CA 90 
2026-03-19 14:32:37.290 DEBU [pymycobot.common] _read : FE FE 04 09 0D 68 BA
2026-03-19 14:32:37.291 DEBU [pymycobot.common] _write: FE FE 03 09 CA 90 
2026-03-19 14:32:37.300 DEBU [pymycobot.common] _read : FE FE 04 09 0D 68 BA
2026-03-19 14:32:37.301 DEBU [pymycobot.common] _write: FE FE 03 09 CA 90 
2026-03-19 14:32:37.310 DEBU [pymycobot.common] _read : FE FE 04 09 0D 68 BA
2026-03-19 14:32:37.311 DEBU [pymycobot.common] _write: FE FE 03 09 CA 90 
2026-03-19 14:32:37.321 DEBU [pymycobot.common] _read : FE FE 04 09 0D 68 BA
2026-03-19 14:32:37.322 DEBU [pymycobot.common] _write: FE FE 03 09 CA 90 
2026-03-19 14:32:37.332 DEBU [pymycobot.common] _read : FE FE 04 09 0D 68 BA
2026-03-19 14:32:37.333 DEBU [pymycobot.common] _write: FE FE 03 09 CA 90 
2026-03-19 14:32:37.342 DEBU [pymycobot.common] _read : FE FE 04 09 0D 68 BA
2026-03-19 14:32:37.343 DEBU [pymycobot.common] _write: FE FE 03 09 CA 90 
2026-03-19 14:32:37.352 DEBU [pymycobot.common] _read : FE FE 04 09 0D 68 BA
2026-03-19 14:32:37.353 DEBU [pymycobot.common] _write: FE FE 03 09 CA 90 
2026-03-19 14:32:37.363 DEBU [pymycobot.common] _read : FE FE 04 09 0D 68 BA
2026-03-19 14:32:37.364 DEBU [pymycobot.common] _write: FE FE 03 09 CA 90 
2026-03-19 14:32:37.373 DEBU [pymycobot.common] _read : FE FE 04 09 0D 68 BA
2026-03-19 14:32:37.374 DEBU [pymycobot.common] _write: FE FE 03 09 CA 90 
2026-03-19 14:32:37.384 DEBU [pymycobot.common] _read : FE FE 04 09 0D 68 BA
2026-03-19 14:32:37.384 DEBU [pymycobot.common] _write: FE FE 03 09 CA 90 
2026-03-19 14:32:37.395 DEBU [pymycobot.common] _read : FE FE 04 09 0D 68 BA
2026-03-19 14:32:37.396 DEBU [pymycobot.common] _write: FE FE 03 09 CA 90 
2026-03-19 14:32:37.405 DEBU [pymycobot.common] _read : FE FE 04 09 0D 68 BA
2026-03-19 14:32:37.406 DEBU [pymycobot.common] _write: FE FE 03 09 CA 90 
2026-03-19 14:32:37.417 DEBU [pymycobot.common] _read : FE FE 04 09 0D 68 BA
2026-03-19 14:32:37.418 DEBU [pymycobot.common] _write: FE FE 03 09 CA 90 
2026-03-19 14:32:37.426 DEBU [pymycobot.common] _read : FE FE 04 09 0D 68 BA
2026-03-19 14:32:37.427 DEBU [pymycobot.common] _write: FE FE 03 09 CA 90 
2026-03-19 14:32:37.436 DEBU [pymycobot.common] _read : FE FE 04 09 0D 68 BA
2026-03-19 14:32:37.437 DEBU [pymycobot.common] _write: FE FE 03 09 CA 90 
2026-03-19 14:32:37.446 DEBU [pymycobot.common] _read : FE FE 04 09 0D 68 BA
2026-03-19 14:32:37.446 DEBU [pymycobot.common] _write: FE FE 03 09 CA 90 
2026-03-19 14:32:37.457 DEBU [pymycobot.common] _read : FE FE 04 09 0D 68 BA
2026-03-19 14:32:37.458 DEBU [pymycobot.common] _write: FE FE 03 09 CA 90 
2026-03-19 14:32:37.467 DEBU [pymycobot.common] _read : FE FE 04 09 0D 68 BA
2026-03-19 14:32:37.468 DEBU [pymycobot.common] _write: FE FE 03 09 CA 90 
2026-03-19 14:32:37.478 DEBU [pymycobot.common] _read : FE FE 04 09 0D 68 BA
2026-03-19 14:32:37.478 DEBU [pymycobot.common] _write: FE FE 03 09 CA 90 
2026-03-19 14:32:37.489 DEBU [pymycobot.common] _read : FE FE 04 09 0D 68 BA
2026-03-19 14:32:37.489 DEBU [pymycobot.common] _write: FE FE 03 09 CA 90 
2026-03-19 14:32:37.499 DEBU [pymycobot.common] _read : FE FE 04 09 0D 68 BA
2026-03-19 14:32:37.500 DEBU [pymycobot.common] _write: FE FE 03 09 CA 90 
2026-03-19 14:32:37.510 DEBU [pymycobot.common] _read : FE FE 04 09 0D 68 BA
2026-03-19 14:32:37.510 DEBU [pymycobot.common] _write: FE FE 03 09 CA 90 
2026-03-19 14:32:37.520 DEBU [pymycobot.common] _read : FE FE 04 09 0D 68 BA
2026-03-19 14:32:37.521 DEBU [pymycobot.common] _write: FE FE 03 09 CA 90 
2026-03-19 14:32:37.530 DEBU [pymycobot.common] _read : FE FE 04 09 0D 68 BA
2026-03-19 14:32:37.531 DEBU [pymycobot.common] _write: FE FE 03 09 CA 90 
2026-03-19 14:32:37.540 DEBU [pymycobot.common] _read : FE FE 04 09 0D 68 BA
2026-03-19 14:32:37.541 DEBU [pymycobot.common] _write: FE FE 03 09 CA 90 
2026-03-19 14:32:37.551 DEBU [pymycobot.common] _read : FE FE 04 09 0D 68 BA
2026-03-19 14:32:37.552 DEBU [pymycobot.common] _write: FE FE 03 09 CA 90 
2026-03-19 14:32:37.560 DEBU [pymycobot.common] _read : FE FE 04 09 0D 68 BA
2026-03-19 14:32:37.561 DEBU [pymycobot.common] _write: FE FE 03 09 CA 90 
2026-03-19 14:32:37.571 DEBU [pymycobot.common] _read : FE FE 04 09 0D 68 BA
2026-03-19 14:32:37.572 DEBU [pymycobot.common] _write: FE FE 03 09 CA 90 
2026-03-19 14:32:37.582 DEBU [pymycobot.common] _read : FE FE 04 09 0D 68 BA
2026-03-19 14:32:37.582 DEBU [pymycobot.common] _write: FE FE 03 09 CA 90 
2026-03-19 14:32:37.596 DEBU [pymycobot.common] _read : FE FE 04 09 0D 68 BA
2026-03-19 14:32:37.597 DEBU [pymycobot.common] _write: FE FE 03 09 CA 90 
2026-03-19 14:32:37.607 DEBU [pymycobot.common] _read : FE FE 04 09 0D 68 BA
2026-03-19 14:32:37.608 DEBU [pymycobot.common] _write: FE FE 03 09 CA 90 
2026-03-19 14:32:37.616 DEBU [pymycobot.common] _read : FE FE 04 09 0D 68 BA
2026-03-19 14:32:37.617 DEBU [pymycobot.common] _write: FE FE 03 09 CA 90 
2026-03-19 14:32:37.627 DEBU [pymycobot.common] _read : FE FE 04 09 0D 68 BA
2026-03-19 14:32:37.628 DEBU [pymycobot.common] _write: FE FE 03 09 CA 90 
2026-03-19 14:32:37.637 DEBU [pymycobot.common] _read : FE FE 04 09 0D 68 BA
2026-03-19 14:32:37.639 DEBU [pymycobot.common] _write: FE FE 03 09 CA 90 
2026-03-19 14:32:37.648 DEBU [pymycobot.common] _read : FE FE 04 09 0D 68 BA
2026-03-19 14:32:37.649 DEBU [pymycobot.common] _write: FE FE 03 09 CA 90 
2026-03-19 14:32:37.658 DEBU [pymycobot.common] _read : FE FE 04 09 0D 68 BA
2026-03-19 14:32:37.658 DEBU [pymycobot.common] _write: FE FE 03 09 CA 90 
2026-03-19 14:32:37.668 DEBU [pymycobot.common] _read : FE FE 04 09 0D 68 BA
2026-03-19 14:32:37.670 DEBU [pymycobot.common] _write: FE FE 03 09 CA 90 
2026-03-19 14:32:37.680 DEBU [pymycobot.common] _read : FE FE 04 09 0D 68 BA
2026-03-19 14:32:37.681 DEBU [pymycobot.common] _write: FE FE 03 09 CA 90 
2026-03-19 14:32:37.689 DEBU [pymycobot.common] _read : FE FE 04 09 0D 68 BA
2026-03-19 14:32:37.690 DEBU [pymycobot.common] _write: FE FE 03 09 CA 90 
2026-03-19 14:32:37.698 DEBU [pymycobot.common] _read : FE FE 04 09 0D 68 BA
2026-03-19 14:32:37.698 DEBU [pymycobot.common] _write: FE FE 03 09 CA 90 
2026-03-19 14:32:37.706 DEBU [pymycobot.common] _read : FE FE 04 09 0D 68 BA
2026-03-19 14:32:37.707 DEBU [pymycobot.common] _write: FE FE 03 09 CA 90 
2026-03-19 14:32:37.717 DEBU [pymycobot.common] _read : FE FE 04 09 0D 68 BA
2026-03-19 14:32:37.717 DEBU [pymycobot.common] _write: FE FE 03 09 CA 90 
2026-03-19 14:32:37.728 DEBU [pymycobot.common] _read : FE FE 04 09 0D 68 BA
2026-03-19 14:32:37.729 DEBU [pymycobot.common] _write: FE FE 03 09 CA 90 
2026-03-19 14:32:37.738 DEBU [pymycobot.common] _read : FE FE 04 09 0D 68 BA
2026-03-19 14:32:37.739 DEBU [pymycobot.common] _write: FE FE 03 09 CA 90 
2026-03-19 14:32:37.749 DEBU [pymycobot.common] _read : FE FE 04 09 0D 68 BA
2026-03-19 14:32:37.752 DEBU [pymycobot.common] _write: FE FE 03 09 CA 90 
2026-03-19 14:32:37.764 DEBU [pymycobot.common] _read : FE FE 04 09 0D 68 BA
2026-03-19 14:32:37.765 DEBU [pymycobot.common] _write: FE FE 03 09 CA 90 
2026-03-19 14:32:37.773 DEBU [pymycobot.common] _read : FE FE 04 09 0D 68 BA
2026-03-19 14:32:37.774 DEBU [pymycobot.common] _write: FE FE 03 09 CA 90 
2026-03-19 14:32:37.783 DEBU [pymycobot.common] _read : FE FE 04 09 0D 68 BA
2026-03-19 14:32:37.784 DEBU [pymycobot.common] _write: FE FE 03 09 CA 90 
2026-03-19 14:32:37.793 DEBU [pymycobot.common] _read : FE FE 04 09 0D 68 BA
2026-03-19 14:32:37.794 DEBU [pymycobot.common] _write: FE FE 03 09 CA 90 
2026-03-19 14:32:37.804 DEBU [pymycobot.common] _read : FE FE 04 09 0D 68 BA
2026-03-19 14:32:37.805 DEBU [pymycobot.common] _write: FE FE 03 09 CA 90 
2026-03-19 14:32:37.816 DEBU [pymycobot.common] _read : FE FE 04 09 0D 68 BA
2026-03-19 14:32:37.816 DEBU [pymycobot.common] _write: FE FE 03 09 CA 90 
2026-03-19 14:32:37.827 DEBU [pymycobot.common] _read : FE FE 04 09 0D 68 BA
2026-03-19 14:32:37.827 DEBU [pymycobot.common] _write: FE FE 03 09 CA 90 
2026-03-19 14:32:37.837 DEBU [pymycobot.common] _read : FE FE 04 09 0D 68 BA
2026-03-19 14:32:37.838 DEBU [pymycobot.common] _write: FE FE 03 09 CA 90 
2026-03-19 14:32:37.847 DEBU [pymycobot.common] _read : FE FE 04 09 0D 68 BA
2026-03-19 14:32:37.848 DEBU [pymycobot.common] _write: FE FE 03 09 CA 90 
2026-03-19 14:32:37.858 DEBU [pymycobot.common] _read : FE FE 04 09 0D 68 BA
2026-03-19 14:32:37.858 DEBU [pymycobot.common] _write: FE FE 03 09 CA 90 
2026-03-19 14:32:37.868 DEBU [pymycobot.common] _read : FE FE 04 09 0D 68 BA
2026-03-19 14:32:37.869 DEBU [pymycobot.common] _write: FE FE 03 09 CA 90 
2026-03-19 14:32:37.878 DEBU [pymycobot.common] _read : FE FE 04 09 0D 68 BA
2026-03-19 14:32:37.879 DEBU [pymycobot.common] _write: FE FE 03 09 CA 90 
2026-03-19 14:32:37.889 DEBU [pymycobot.common] _read : FE FE 04 09 0D 68 BA
2026-03-19 14:32:37.890 DEBU [pymycobot.common] _write: FE FE 03 09 CA 90 
2026-03-19 14:32:37.898 DEBU [pymycobot.common] _read : FE FE 04 09 0D 68 BA
2026-03-19 14:32:37.899 DEBU [pymycobot.common] _write: FE FE 03 09 CA 90 
2026-03-19 14:32:37.909 DEBU [pymycobot.common] _read : FE FE 04 09 0D 68 BA
2026-03-19 14:32:37.910 DEBU [pymycobot.common] _write: FE FE 03 09 CA 90 
2026-03-19 14:32:37.920 DEBU [pymycobot.common] _read : FE FE 04 09 0D 68 BA
2026-03-19 14:32:37.921 DEBU [pymycobot.common] _write: FE FE 03 09 CA 90 
2026-03-19 14:32:37.931 DEBU [pymycobot.common] _read : FE FE 04 09 0D 68 BA
2026-03-19 14:32:37.932 DEBU [pymycobot.common] _write: FE FE 03 09 CA 90 
2026-03-19 14:32:37.941 DEBU [pymycobot.common] _read : FE FE 04 09 0D 68 BA
2026-03-19 14:32:37.942 DEBU [pymycobot.common] _write: FE FE 03 09 CA 90 
2026-03-19 14:32:37.951 DEBU [pymycobot.common] _read : FE FE 04 09 0D 68 BA
2026-03-19 14:32:37.952 DEBU [pymycobot.common] _write: FE FE 03 09 CA 90 
2026-03-19 14:32:37.959 DEBU [pymycobot.common] _read : FE FE 04 09 0D 68 BA
2026-03-19 14:32:37.960 DEBU [pymycobot.common] _write: FE FE 03 09 CA 90 
2026-03-19 14:32:37.969 DEBU [pymycobot.common] _read : FE FE 04 09 0D 68 BA
2026-03-19 14:32:37.969 DEBU [pymycobot.common] _write: FE FE 03 09 CA 90 
2026-03-19 14:32:37.977 DEBU [pymycobot.common] _read : FE FE 04 09 0D 68 BA
2026-03-19 14:32:37.978 DEBU [pymycobot.common] _write: FE FE 03 09 CA 90 
2026-03-19 14:32:37.987 DEBU [pymycobot.common] _read : FE FE 04 09 0D 68 BA
2026-03-19 14:32:37.988 DEBU [pymycobot.common] _write: FE FE 03 09 CA 90 
2026-03-19 14:32:37.997 DEBU [pymycobot.common] _read : FE FE 04 09 0D 68 BA
2026-03-19 14:32:37.998 DEBU [pymycobot.common] _write: FE FE 03 09 CA 90 
2026-03-19 14:32:38.009 DEBU [pymycobot.common] _read : FE FE 04 09 0D 68 BA
2026-03-19 14:32:38.010 DEBU [pymycobot.common] _write: FE FE 03 09 CA 90 
2026-03-19 14:32:38.018 DEBU [pymycobot.common] _read : FE FE 04 09 0D 68 BA
2026-03-19 14:32:38.019 DEBU [pymycobot.common] _write: FE FE 03 09 CA 90 
2026-03-19 14:32:38.028 DEBU [pymycobot.common] _read : FE FE 04 09 0D 68 BA
2026-03-19 14:32:38.029 DEBU [pymycobot.common] _write: FE FE 03 09 CA 90 
2026-03-19 14:32:38.039 DEBU [pymycobot.common] _read : FE FE 04 09 0D 68 BA
2026-03-19 14:32:38.041 DEBU [pymycobot.common] _write: FE FE 03 09 CA 90 
2026-03-19 14:32:38.050 DEBU [pymycobot.common] _read : FE FE 04 09 0D 68 BA
2026-03-19 14:32:38.051 DEBU [pymycobot.common] _write: FE FE 03 09 CA 90 
2026-03-19 14:32:38.061 DEBU [pymycobot.common] _read : FE FE 04 09 0D 68 BA
2026-03-19 14:32:38.061 DEBU [pymycobot.common] _write: FE FE 03 09 CA 90 
2026-03-19 14:32:38.070 DEBU [pymycobot.common] _read : FE FE 04 09 0D 68 BA
2026-03-19 14:32:38.071 DEBU [pymycobot.common] _write: FE FE 03 09 CA 90 
2026-03-19 14:32:38.081 DEBU [pymycobot.common] _read : FE FE 04 09 0D 68 BA
2026-03-19 14:32:38.082 DEBU [pymycobot.common] _write: FE FE 03 09 CA 90 
2026-03-19 14:32:38.091 DEBU [pymycobot.common] _read : FE FE 04 09 0D 68 BA
2026-03-19 14:32:38.092 DEBU [pymycobot.common] _write: FE FE 03 09 CA 90 
2026-03-19 14:32:38.101 DEBU [pymycobot.common] _read : FE FE 04 09 0D 68 BA
2026-03-19 14:32:38.102 DEBU [pymycobot.common] _write: FE FE 03 09 CA 90 
2026-03-19 14:32:38.112 DEBU [pymycobot.common] _read : FE FE 04 09 0D 68 BA
2026-03-19 14:32:38.112 DEBU [pymycobot.common] _write: FE FE 03 09 CA 90 
2026-03-19 14:32:38.122 DEBU [pymycobot.common] _read : FE FE 04 09 0D 68 BA
2026-03-19 14:32:38.123 DEBU [pymycobot.common] _write: FE FE 03 09 CA 90 
2026-03-19 14:32:38.134 DEBU [pymycobot.common] _read : FE FE 04 09 0D 68 BA
2026-03-19 14:32:38.134 DEBU [pymycobot.common] _write: FE FE 03 09 CA 90 
2026-03-19 14:32:38.143 DEBU [pymycobot.common] _read : FE FE 04 09 0D 68 BA
2026-03-19 14:32:38.144 DEBU [pymycobot.common] _write: FE FE 03 09 CA 90 
2026-03-19 14:32:38.154 DEBU [pymycobot.common] _read : FE FE 04 09 0D 68 BA
2026-03-19 14:32:38.155 DEBU [pymycobot.common] _write: FE FE 03 09 CA 90 
2026-03-19 14:32:38.164 DEBU [pymycobot.common] _read : FE FE 04 09 0D 68 BA
2026-03-19 14:32:38.164 DEBU [pymycobot.common] _write: FE FE 03 09 CA 90 
2026-03-19 14:32:38.175 DEBU [pymycobot.common] _read : FE FE 04 09 0D 68 BA
2026-03-19 14:32:38.175 DEBU [pymycobot.common] _write: FE FE 03 09 CA 90 
2026-03-19 14:32:38.186 DEBU [pymycobot.common] _read : FE FE 04 09 0D 68 BA
2026-03-19 14:32:38.186 DEBU [pymycobot.common] _write: FE FE 03 09 CA 90 
2026-03-19 14:32:38.195 DEBU [pymycobot.common] _read : FE FE 04 09 0D 68 BA
2026-03-19 14:32:38.196 DEBU [pymycobot.common] _write: FE FE 03 09 CA 90 
2026-03-19 14:32:38.207 DEBU [pymycobot.common] _read : FE FE 04 09 0D 68 BA
2026-03-19 14:32:38.207 DEBU [pymycobot.common] _write: FE FE 03 09 CA 90 
2026-03-19 14:32:38.216 DEBU [pymycobot.common] _read : FE FE 04 09 0D 68 BA
2026-03-19 14:32:38.216 DEBU [pymycobot.common] _write: FE FE 03 09 CA 90 
2026-03-19 14:32:38.226 DEBU [pymycobot.common] _read : FE FE 04 09 0D 68 BA
2026-03-19 14:32:38.227 DEBU [pymycobot.common] _write: FE FE 03 09 CA 90 
2026-03-19 14:32:38.237 DEBU [pymycobot.common] _read : FE FE 04 09 0D 68 BA
2026-03-19 14:32:38.237 DEBU [pymycobot.common] _write: FE FE 03 09 CA 90 
2026-03-19 14:32:38.247 DEBU [pymycobot.common] _read : FE FE 04 09 0D 68 BA
2026-03-19 14:32:38.247 DEBU [pymycobot.common] _write: FE FE 03 09 CA 90 
2026-03-19 14:32:38.257 DEBU [pymycobot.common] _read : FE FE 04 09 0D 68 BA
2026-03-19 14:32:38.258 DEBU [pymycobot.common] _write: FE FE 03 09 CA 90 
2026-03-19 14:32:38.268 DEBU [pymycobot.common] _read : FE FE 04 09 0D 68 BA
2026-03-19 14:32:38.268 DEBU [pymycobot.common] _write: FE FE 03 09 CA 90 
2026-03-19 14:32:38.278 DEBU [pymycobot.common] _read : FE FE 04 09 0D 68 BA
2026-03-19 14:32:38.279 DEBU [pymycobot.common] _write: FE FE 03 09 CA 90 
2026-03-19 14:32:38.289 DEBU [pymycobot.common] _read : FE FE 04 09 0D 68 BA
2026-03-19 14:32:38.290 DEBU [pymycobot.common] _write: FE FE 03 09 CA 90 
2026-03-19 14:32:38.298 DEBU [pymycobot.common] _read : FE FE 04 09 0D 68 BA
2026-03-19 14:32:38.298 DEBU [pymycobot.common] _write: FE FE 03 09 CA 90 
2026-03-19 14:32:38.309 DEBU [pymycobot.common] _read : FE FE 04 09 0D 68 BA
2026-03-19 14:32:38.310 DEBU [pymycobot.common] _write: FE FE 03 09 CA 90 
2026-03-19 14:32:38.320 DEBU [pymycobot.common] _read : FE FE 04 09 0D 68 BA
2026-03-19 14:32:38.320 DEBU [pymycobot.common] _write: FE FE 03 09 CA 90 
2026-03-19 14:32:38.330 DEBU [pymycobot.common] _read : FE FE 04 09 0D 68 BA
2026-03-19 14:32:38.330 DEBU [pymycobot.common] _write: FE FE 03 09 CA 90 
2026-03-19 14:32:38.341 DEBU [pymycobot.common] _read : FE FE 04 09 0D 68 BA
2026-03-19 14:32:38.341 DEBU [pymycobot.common] _write: FE FE 03 09 CA 90 
2026-03-19 14:32:38.349 DEBU [pymycobot.common] _read : FE FE 04 09 0D 68 BA
2026-03-19 14:32:38.350 DEBU [pymycobot.common] _write: FE FE 03 09 CA 90 
2026-03-19 14:32:38.360 DEBU [pymycobot.common] _read : FE FE 04 09 0D 68 BA
2026-03-19 14:32:38.361 DEBU [pymycobot.common] _write: FE FE 03 09 CA 90 
2026-03-19 14:32:38.372 DEBU [pymycobot.common] _read : FE FE 04 09 0D 68 BA
2026-03-19 14:32:38.372 DEBU [pymycobot.common] _write: FE FE 03 09 CA 90 
2026-03-19 14:32:38.381 DEBU [pymycobot.common] _read : FE FE 04 09 0D 68 BA
2026-03-19 14:32:38.382 DEBU [pymycobot.common] _write: FE FE 03 09 CA 90 
2026-03-19 14:32:38.392 DEBU [pymycobot.common] _read : FE FE 04 09 0D 68 BA
2026-03-19 14:32:38.392 DEBU [pymycobot.common] _write: FE FE 03 09 CA 90 
2026-03-19 14:32:38.402 DEBU [pymycobot.common] _read : FE FE 04 09 0D 68 BA
2026-03-19 14:32:38.403 DEBU [pymycobot.common] _write: FE FE 03 09 CA 90 
2026-03-19 14:32:38.414 DEBU [pymycobot.common] _read : FE FE 04 09 0D 68 BA
2026-03-19 14:32:38.414 DEBU [pymycobot.common] _write: FE FE 03 09 CA 90 
2026-03-19 14:32:38.423 DEBU [pymycobot.common] _read : FE FE 04 09 0D 68 BA
2026-03-19 14:32:38.423 DEBU [pymycobot.common] _write: FE FE 03 09 CA 90 
2026-03-19 14:32:38.434 DEBU [pymycobot.common] _read : FE FE 04 09 0D 68 BA
2026-03-19 14:32:38.434 DEBU [pymycobot.common] _write: FE FE 03 09 CA 90 
2026-03-19 14:32:38.443 DEBU [pymycobot.common] _read : FE FE 04 09 0D 68 BA
2026-03-19 14:32:38.444 DEBU [pymycobot.common] _write: FE FE 03 09 CA 90 
2026-03-19 14:32:38.454 DEBU [pymycobot.common] _read : FE FE 04 09 0D 68 BA
2026-03-19 14:32:38.455 DEBU [pymycobot.common] _write: FE FE 03 09 CA 90 
2026-03-19 14:32:38.466 DEBU [pymycobot.common] _read : FE FE 04 09 0D 68 BA
2026-03-19 14:32:38.467 DEBU [pymycobot.common] _write: FE FE 03 09 CA 90 
2026-03-19 14:32:38.475 DEBU [pymycobot.common] _read : FE FE 04 09 0D 68 BA
2026-03-19 14:32:38.475 DEBU [pymycobot.common] _write: FE FE 03 09 CA 90 
2026-03-19 14:32:38.486 DEBU [pymycobot.common] _read : FE FE 04 09 0D 68 BA
2026-03-19 14:32:38.486 DEBU [pymycobot.common] _write: FE FE 03 09 CA 90 
2026-03-19 14:32:38.496 DEBU [pymycobot.common] _read : FE FE 04 09 0D 68 BA
2026-03-19 14:32:38.496 DEBU [pymycobot.common] _write: FE FE 03 09 CA 90 
2026-03-19 14:32:38.505 DEBU [pymycobot.common] _read : FE FE 04 09 0D 68 BA
2026-03-19 14:32:38.506 DEBU [pymycobot.common] _write: FE FE 03 09 CA 90 
2026-03-19 14:32:38.519 DEBU [pymycobot.common] _read : FE FE 04 09 0D 68 BA
2026-03-19 14:32:38.519 DEBU [pymycobot.common] _write: FE FE 03 09 CA 90 
2026-03-19 14:32:38.528 DEBU [pymycobot.common] _read : FE FE 04 09 0D 68 BA
2026-03-19 14:32:38.529 DEBU [pymycobot.common] _write: FE FE 03 09 CA 90 
2026-03-19 14:32:38.537 DEBU [pymycobot.common] _read : FE FE 04 09 0D 68 BA
2026-03-19 14:32:38.537 DEBU [pymycobot.common] _write: FE FE 03 09 CA 90 
2026-03-19 14:32:38.548 DEBU [pymycobot.common] _read : FE FE 04 09 0D 68 BA
2026-03-19 14:32:38.549 DEBU [pymycobot.common] _write: FE FE 03 09 CA 90 
2026-03-19 14:32:38.559 DEBU [pymycobot.common] _read : FE FE 04 09 0D 68 BA
2026-03-19 14:32:38.560 DEBU [pymycobot.common] _write: FE FE 03 09 CA 90 
2026-03-19 14:32:38.568 DEBU [pymycobot.common] _read : FE FE 04 09 0D 68 BA
2026-03-19 14:32:38.568 DEBU [pymycobot.common] _write: FE FE 03 09 CA 90 
2026-03-19 14:32:38.580 DEBU [pymycobot.common] _read : FE FE 04 09 0D 68 BA
2026-03-19 14:32:38.580 DEBU [pymycobot.common] _write: FE FE 03 09 CA 90 
2026-03-19 14:32:38.589 DEBU [pymycobot.common] _read : FE FE 04 09 0D 68 BA
2026-03-19 14:32:38.590 DEBU [pymycobot.common] _write: FE FE 03 09 CA 90 
2026-03-19 14:32:38.599 DEBU [pymycobot.common] _read : FE FE 04 09 0D 68 BA
2026-03-19 14:32:38.600 DEBU [pymycobot.common] _write: FE FE 03 09 CA 90 
2026-03-19 14:32:38.610 DEBU [pymycobot.common] _read : FE FE 04 09 0D 68 BA
2026-03-19 14:32:38.610 DEBU [pymycobot.common] _write: FE FE 03 09 CA 90 
2026-03-19 14:32:38.620 DEBU [pymycobot.common] _read : FE FE 04 09 0D 68 BA
2026-03-19 14:32:38.621 DEBU [pymycobot.common] _write: FE FE 03 09 CA 90 
2026-03-19 14:32:38.631 DEBU [pymycobot.common] _read : FE FE 04 09 0D 68 BA
2026-03-19 14:32:38.632 DEBU [pymycobot.common] _write: FE FE 03 09 CA 90 
2026-03-19 14:32:38.641 DEBU [pymycobot.common] _read : FE FE 04 09 0D 68 BA
2026-03-19 14:32:38.642 DEBU [pymycobot.common] _write: FE FE 03 09 CA 90 
2026-03-19 14:32:38.651 DEBU [pymycobot.common] _read : FE FE 04 09 0D 68 BA
2026-03-19 14:32:38.651 DEBU [pymycobot.common] _write: FE FE 03 09 CA 90 
2026-03-19 14:32:38.662 DEBU [pymycobot.common] _read : FE FE 04 09 0D 68 BA
2026-03-19 14:32:38.663 DEBU [pymycobot.common] _write: FE FE 03 09 CA 90 
2026-03-19 14:32:38.671 DEBU [pymycobot.common] _read : FE FE 04 09 0D 68 BA
2026-03-19 14:32:38.672 DEBU [pymycobot.common] _write: FE FE 03 09 CA 90 
2026-03-19 14:32:38.683 DEBU [pymycobot.common] _read : FE FE 04 09 0D 68 BA
2026-03-19 14:32:38.683 DEBU [pymycobot.common] _write: FE FE 03 09 CA 90 
2026-03-19 14:32:38.693 DEBU [pymycobot.common] _read : FE FE 04 09 0D 68 BA
2026-03-19 14:32:38.694 DEBU [pymycobot.common] _write: FE FE 03 09 CA 90 
2026-03-19 14:32:38.703 DEBU [pymycobot.common] _read : FE FE 04 09 0D 68 BA
2026-03-19 14:32:38.703 DEBU [pymycobot.common] _write: FE FE 03 09 CA 90 
2026-03-19 14:32:38.714 DEBU [pymycobot.common] _read : FE FE 04 09 0D 68 BA
2026-03-19 14:32:38.715 DEBU [pymycobot.common] _write: FE FE 03 09 CA 90 
2026-03-19 14:32:38.723 DEBU [pymycobot.common] _read : FE FE 04 09 0D 68 BA
2026-03-19 14:32:38.724 DEBU [pymycobot.common] _write: FE FE 03 09 CA 90 
2026-03-19 14:32:38.734 DEBU [pymycobot.common] _read : FE FE 04 09 0D 68 BA
2026-03-19 14:32:38.734 DEBU [pymycobot.common] _write: FE FE 03 09 CA 90 
2026-03-19 14:32:38.745 DEBU [pymycobot.common] _read : FE FE 04 09 0D 68 BA
2026-03-19 14:32:38.746 DEBU [pymycobot.common] _write: FE FE 03 09 CA 90 
2026-03-19 14:32:38.755 DEBU [pymycobot.common] _read : FE FE 04 09 0D 68 BA
2026-03-19 14:32:38.756 DEBU [pymycobot.common] _write: FE FE 03 09 CA 90 
2026-03-19 14:32:38.765 DEBU [pymycobot.common] _read : FE FE 04 09 0D 68 BA
2026-03-19 14:32:38.765 DEBU [pymycobot.common] _write: FE FE 03 09 CA 90 
2026-03-19 14:32:38.776 DEBU [pymycobot.common] _read : FE FE 04 09 0D 68 BA
2026-03-19 14:32:38.776 DEBU [pymycobot.common] _write: FE FE 03 09 CA 90 
2026-03-19 14:32:38.786 DEBU [pymycobot.common] _read : FE FE 04 09 0D 68 BA
2026-03-19 14:32:38.787 DEBU [pymycobot.common] _write: FE FE 03 09 CA 90 
2026-03-19 14:32:38.797 DEBU [pymycobot.common] _read : FE FE 04 09 0D 68 BA
2026-03-19 14:32:38.797 DEBU [pymycobot.common] _write: FE FE 03 09 CA 90 
2026-03-19 14:32:38.806 DEBU [pymycobot.common] _read : FE FE 04 09 0D 68 BA
2026-03-19 14:32:38.807 DEBU [pymycobot.common] _write: FE FE 03 09 CA 90 
2026-03-19 14:32:38.817 DEBU [pymycobot.common] _read : FE FE 04 09 0D 68 BA
2026-03-19 14:32:38.817 DEBU [pymycobot.common] _write: FE FE 03 09 CA 90 
2026-03-19 14:32:38.827 DEBU [pymycobot.common] _read : FE FE 04 09 0D 68 BA
2026-03-19 14:32:38.827 DEBU [pymycobot.common] _write: FE FE 03 09 CA 90 
2026-03-19 14:32:38.838 DEBU [pymycobot.common] _read : FE FE 04 09 0D 68 BA
2026-03-19 14:32:38.839 DEBU [pymycobot.common] _write: FE FE 03 09 CA 90 
2026-03-19 14:32:38.849 DEBU [pymycobot.common] _read : FE FE 04 09 0D 68 BA
2026-03-19 14:32:38.849 DEBU [pymycobot.common] _write: FE FE 03 09 CA 90 
2026-03-19 14:32:38.858 DEBU [pymycobot.common] _read : FE FE 04 09 0D 68 BA
2026-03-19 14:32:38.858 DEBU [pymycobot.common] _write: FE FE 03 09 CA 90 
2026-03-19 14:32:38.869 DEBU [pymycobot.common] _read : FE FE 04 09 0D 68 BA
2026-03-19 14:32:38.870 DEBU [pymycobot.common] _write: FE FE 03 09 CA 90 
2026-03-19 14:32:38.878 DEBU [pymycobot.common] _read : FE FE 04 09 0D 68 BA
2026-03-19 14:32:38.879 DEBU [pymycobot.common] _write: FE FE 03 09 CA 90 
2026-03-19 14:32:38.890 DEBU [pymycobot.common] _read : FE FE 04 09 0D 68 BA
2026-03-19 14:32:38.890 DEBU [pymycobot.common] _write: FE FE 03 09 CA 90 
2026-03-19 14:32:38.900 DEBU [pymycobot.common] _read : FE FE 04 09 0D 68 BA
2026-03-19 14:32:38.901 DEBU [pymycobot.common] _write: FE FE 03 09 CA 90 
2026-03-19 14:32:38.910 DEBU [pymycobot.common] _read : FE FE 04 09 0D 68 BA
2026-03-19 14:32:38.911 DEBU [pymycobot.common] _write: FE FE 03 09 CA 90 
2026-03-19 14:32:38.921 DEBU [pymycobot.common] _read : FE FE 04 09 0D 68 BA
2026-03-19 14:32:38.921 DEBU [pymycobot.common] _write: FE FE 03 09 CA 90 
2026-03-19 14:32:38.931 DEBU [pymycobot.common] _read : FE FE 04 09 0D 68 BA
2026-03-19 14:32:38.932 DEBU [pymycobot.common] _write: FE FE 03 09 CA 90 
2026-03-19 14:32:38.942 DEBU [pymycobot.common] _read : FE FE 04 09 0D 68 BA
2026-03-19 14:32:38.943 DEBU [pymycobot.common] _write: FE FE 03 09 CA 90 
2026-03-19 14:32:38.952 DEBU [pymycobot.common] _read : FE FE 04 09 0D 68 BA
2026-03-19 14:32:38.952 DEBU [pymycobot.common] _write: FE FE 03 09 CA 90 
2026-03-19 14:32:38.962 DEBU [pymycobot.common] _read : FE FE 04 09 0D 68 BA
2026-03-19 14:32:38.962 DEBU [pymycobot.common] _write: FE FE 03 09 CA 90 
2026-03-19 14:32:38.972 DEBU [pymycobot.common] _read : FE FE 04 09 0D 68 BA
2026-03-19 14:32:38.973 DEBU [pymycobot.common] _write: FE FE 03 09 CA 90 
2026-03-19 14:32:38.983 DEBU [pymycobot.common] _read : FE FE 04 09 0D 68 BA
2026-03-19 14:32:38.983 DEBU [pymycobot.common] _write: FE FE 03 09 CA 90 
2026-03-19 14:32:38.993 DEBU [pymycobot.common] _read : FE FE 04 09 0D 68 BA
2026-03-19 14:32:38.994 DEBU [pymycobot.common] _write: FE FE 03 09 CA 90 
2026-03-19 14:32:39.004 DEBU [pymycobot.common] _read : FE FE 04 09 0D 68 BA
2026-03-19 14:32:39.005 DEBU [pymycobot.common] _write: FE FE 03 09 CA 90 
2026-03-19 14:32:39.016 DEBU [pymycobot.common] _read : FE FE 04 09 0D 68 BA
2026-03-19 14:32:39.017 DEBU [pymycobot.common] _write: FE FE 03 09 CA 90 
2026-03-19 14:32:39.026 DEBU [pymycobot.common] _read : FE FE 04 09 0D 68 BA
2026-03-19 14:32:39.027 DEBU [pymycobot.common] _write: FE FE 03 09 CA 90 
2026-03-19 14:32:39.037 DEBU [pymycobot.common] _read : FE FE 04 09 0D 68 BA
2026-03-19 14:32:39.038 DEBU [pymycobot.common] _write: FE FE 03 09 CA 90 
2026-03-19 14:32:39.047 DEBU [pymycobot.common] _read : FE FE 04 09 0D 68 BA
2026-03-19 14:32:39.048 DEBU [pymycobot.common] _write: FE FE 03 09 CA 90 
2026-03-19 14:32:39.057 DEBU [pymycobot.common] _read : FE FE 04 09 0D 68 BA
2026-03-19 14:32:39.058 DEBU [pymycobot.common] _write: FE FE 03 09 CA 90 
2026-03-19 14:32:39.068 DEBU [pymycobot.common] _read : FE FE 04 09 0D 68 BA
2026-03-19 14:32:39.068 DEBU [pymycobot.common] _write: FE FE 03 09 CA 90 
2026-03-19 14:32:39.078 DEBU [pymycobot.common] _read : FE FE 04 09 0D 68 BA
2026-03-19 14:32:39.078 DEBU [pymycobot.common] _write: FE FE 03 09 CA 90 
2026-03-19 14:32:39.088 DEBU [pymycobot.common] _read : FE FE 04 09 0D 68 BA
2026-03-19 14:32:39.089 DEBU [pymycobot.common] _write: FE FE 03 09 CA 90 
2026-03-19 14:32:39.100 DEBU [pymycobot.common] _read : FE FE 04 09 0D 68 BA
2026-03-19 14:32:39.100 DEBU [pymycobot.common] _write: FE FE 03 09 CA 90 
2026-03-19 14:32:39.109 DEBU [pymycobot.common] _read : FE FE 04 09 0D 68 BA
2026-03-19 14:32:39.110 DEBU [pymycobot.common] _write: FE FE 03 09 CA 90 
2026-03-19 14:32:39.122 DEBU [pymycobot.common] _read : FE FE 04 09 0D 68 BA
2026-03-19 14:32:39.123 DEBU [pymycobot.common] _write: FE FE 03 09 CA 90 
2026-03-19 14:32:39.133 DEBU [pymycobot.common] _read : FE FE 04 09 0D 68 BA
2026-03-19 14:32:39.133 DEBU [pymycobot.common] _write: FE FE 03 09 CA 90 
2026-03-19 14:32:39.144 DEBU [pymycobot.common] _read : FE FE 04 09 0D 68 BA
2026-03-19 14:32:39.145 DEBU [pymycobot.common] _write: FE FE 03 09 CA 90 
2026-03-19 14:32:39.154 DEBU [pymycobot.common] _read : FE FE 04 09 0D 68 BA
2026-03-19 14:32:39.154 DEBU [pymycobot.common] _write: FE FE 03 09 CA 90 
2026-03-19 14:32:39.164 DEBU [pymycobot.common] _read : FE FE 04 09 0D 68 BA
2026-03-19 14:32:39.164 DEBU [pymycobot.common] _write: FE FE 03 09 CA 90 
2026-03-19 14:32:39.173 DEBU [pymycobot.common] _read : FE FE 04 09 0D 68 BA
2026-03-19 14:32:39.174 DEBU [pymycobot.common] _write: FE FE 03 09 CA 90 
2026-03-19 14:32:39.185 DEBU [pymycobot.common] _read : FE FE 04 09 0D 68 BA
2026-03-19 14:32:39.185 DEBU [pymycobot.common] _write: FE FE 03 09 CA 90 
2026-03-19 14:32:39.195 DEBU [pymycobot.common] _read : FE FE 04 09 0D 68 BA
2026-03-19 14:32:39.195 DEBU [pymycobot.common] _write: FE FE 03 09 CA 90 
2026-03-19 14:32:39.205 DEBU [pymycobot.common] _read : FE FE 04 09 0D 68 BA
2026-03-19 14:32:39.206 DEBU [pymycobot.common] _write: FE FE 03 09 CA 90 
2026-03-19 14:32:39.216 DEBU [pymycobot.common] _read : FE FE 04 09 0D 68 BA
2026-03-19 14:32:39.216 DEBU [pymycobot.common] _write: FE FE 03 09 CA 90 
2026-03-19 14:32:39.226 DEBU [pymycobot.common] _read : FE FE 04 09 0D 68 BA
2026-03-19 14:32:39.226 DEBU [pymycobot.common] _write: FE FE 03 09 CA 90 
2026-03-19 14:32:39.237 DEBU [pymycobot.common] _read : FE FE 04 09 0D 68 BA
2026-03-19 14:32:39.237 DEBU [pymycobot.common] _write: FE FE 03 09 CA 90 
2026-03-19 14:32:39.247 DEBU [pymycobot.common] _read : FE FE 04 09 0D 68 BA
2026-03-19 14:32:39.247 DEBU [pymycobot.common] _write: FE FE 03 09 CA 90 
2026-03-19 14:32:39.257 DEBU [pymycobot.common] _read : FE FE 04 09 0D 68 BA
2026-03-19 14:32:39.258 DEBU [pymycobot.common] _write: FE FE 03 09 CA 90 
2026-03-19 14:32:39.268 DEBU [pymycobot.common] _read : FE FE 04 09 0D 68 BA
2026-03-19 14:32:39.269 DEBU [pymycobot.common] _write: FE FE 03 09 CA 90 
2026-03-19 14:32:39.278 DEBU [pymycobot.common] _read : FE FE 04 09 0D 68 BA
2026-03-19 14:32:39.278 DEBU [pymycobot.common] _write: FE FE 03 09 CA 90 
2026-03-19 14:32:39.289 DEBU [pymycobot.common] _read : FE FE 04 09 0D 68 BA
2026-03-19 14:32:39.290 DEBU [pymycobot.common] _write: FE FE 03 09 CA 90 
2026-03-19 14:32:39.298 DEBU [pymycobot.common] _read : FE FE 04 09 0D 68 BA
2026-03-19 14:32:39.299 DEBU [pymycobot.common] _write: FE FE 03 09 CA 90 
2026-03-19 14:32:39.309 DEBU [pymycobot.common] _read : FE FE 04 09 0D 68 BA
2026-03-19 14:32:39.309 DEBU [pymycobot.common] _write: FE FE 03 09 CA 90 
2026-03-19 14:32:39.320 DEBU [pymycobot.common] _read : FE FE 04 09 0D 68 BA
2026-03-19 14:32:39.321 DEBU [pymycobot.common] _write: FE FE 03 09 CA 90 
2026-03-19 14:32:39.330 DEBU [pymycobot.common] _read : FE FE 04 09 0D 68 BA
2026-03-19 14:32:39.331 DEBU [pymycobot.common] _write: FE FE 03 09 CA 90 
2026-03-19 14:32:39.340 DEBU [pymycobot.common] _read : FE FE 04 09 0D 68 BA
2026-03-19 14:32:39.341 DEBU [pymycobot.common] _write: FE FE 03 09 CA 90 
2026-03-19 14:32:39.350 DEBU [pymycobot.common] _read : FE FE 04 09 0D 68 BA
2026-03-19 14:32:39.352 DEBU [pymycobot.common] _write: FE FE 03 09 CA 90 
2026-03-19 14:32:39.365 DEBU [pymycobot.common] _read : FE FE 04 09 0D 68 BA
2026-03-19 14:32:39.366 DEBU [pymycobot.common] _write: FE FE 03 09 CA 90 
2026-03-19 14:32:39.375 DEBU [pymycobot.common] _read : FE FE 04 09 0D 68 BA
2026-03-19 14:32:39.375 DEBU [pymycobot.common] _write: FE FE 03 09 CA 90 
2026-03-19 14:32:39.385 DEBU [pymycobot.common] _read : FE FE 04 09 0D 68 BA
2026-03-19 14:32:39.386 DEBU [pymycobot.common] _write: FE FE 03 09 CA 90 
2026-03-19 14:32:39.397 DEBU [pymycobot.common] _read : FE FE 04 09 0D 68 BA
2026-03-19 14:32:39.397 DEBU [pymycobot.common] _write: FE FE 03 09 CA 90 
2026-03-19 14:32:39.406 DEBU [pymycobot.common] _read : FE FE 04 09 0D 68 BA
2026-03-19 14:32:39.407 DEBU [pymycobot.common] _write: FE FE 03 09 CA 90 
2026-03-19 14:32:39.417 DEBU [pymycobot.common] _read : FE FE 04 09 0D 68 BA
2026-03-19 14:32:39.417 DEBU [pymycobot.common] _write: FE FE 03 09 CA 90 
2026-03-19 14:32:39.427 DEBU [pymycobot.common] _read : FE FE 04 09 0D 68 BA
2026-03-19 14:32:39.428 DEBU [pymycobot.common] _write: FE FE 03 09 CA 90 
2026-03-19 14:32:39.452 DEBU [pymycobot.common] _read : FE FE 04 09 0D 68 BA
2026-03-19 14:32:39.454 DEBU [pymycobot.common] _write: FE FE 03 09 CA 90 
2026-03-19 14:32:39.465 DEBU [pymycobot.common] _read : FE FE 04 09 0D 68 BA
2026-03-19 14:32:39.466 DEBU [pymycobot.common] _write: FE FE 03 09 CA 90 
2026-03-19 14:32:39.475 DEBU [pymycobot.common] _read : FE FE 04 09 0D 68 BA
2026-03-19 14:32:39.476 DEBU [pymycobot.common] _write: FE FE 03 09 CA 90 
2026-03-19 14:32:39.486 DEBU [pymycobot.common] _read : FE FE 04 09 0D 68 BA
2026-03-19 14:32:39.486 DEBU [pymycobot.common] _write: FE FE 03 09 CA 90 
2026-03-19 14:32:39.495 DEBU [pymycobot.common] _read : FE FE 04 09 0D 68 BA
2026-03-19 14:32:39.495 DEBU [pymycobot.common] _write: FE FE 03 09 CA 90 
2026-03-19 14:32:39.502 DEBU [pymycobot.common] _read : FE FE 04 09 0D 68 BA
2026-03-19 14:32:39.503 DEBU [pymycobot.common] _write: FE FE 03 09 CA 90 
2026-03-19 14:32:39.511 DEBU [pymycobot.common] _read : FE FE 04 09 0D 68 BA
2026-03-19 14:32:39.511 DEBU [pymycobot.common] _write: FE FE 03 09 CA 90 
2026-03-19 14:32:39.521 DEBU [pymycobot.common] _read : FE FE 04 09 0D 68 BA
2026-03-19 14:32:39.522 DEBU [pymycobot.common] _write: FE FE 03 09 CA 90 
2026-03-19 14:32:39.533 DEBU [pymycobot.common] _read : FE FE 04 09 0D 68 BA
2026-03-19 14:32:39.533 DEBU [pymycobot.common] _write: FE FE 03 09 CA 90 
2026-03-19 14:32:39.542 DEBU [pymycobot.common] _read : FE FE 04 09 0D 68 BA
2026-03-19 14:32:39.543 DEBU [pymycobot.common] _write: FE FE 03 09 CA 90 
2026-03-19 14:32:39.553 DEBU [pymycobot.common] _read : FE FE 04 09 0D 68 BA
2026-03-19 14:32:39.554 DEBU [pymycobot.common] _write: FE FE 03 09 CA 90 
2026-03-19 14:32:39.563 DEBU [pymycobot.common] _read : FE FE 04 09 0D 68 BA
2026-03-19 14:32:39.564 DEBU [pymycobot.common] _write: FE FE 03 09 CA 90 
2026-03-19 14:32:39.574 DEBU [pymycobot.common] _read : FE FE 04 09 0D 68 BA
2026-03-19 14:32:39.575 DEBU [pymycobot.common] _write: FE FE 03 09 CA 90 
2026-03-19 14:32:39.583 DEBU [pymycobot.common] _read : FE FE 04 09 0D 68 BA
2026-03-19 14:32:39.584 DEBU [pymycobot.common] _write: FE FE 03 09 CA 90 
2026-03-19 14:32:39.594 DEBU [pymycobot.common] _read : FE FE 04 09 0D 68 BA
2026-03-19 14:32:39.594 DEBU [pymycobot.common] _write: FE FE 03 09 CA 90 
2026-03-19 14:32:39.604 DEBU [pymycobot.common] _read : FE FE 04 09 0D 68 BA
2026-03-19 14:32:39.605 DEBU [pymycobot.common] _write: FE FE 03 09 CA 90 
2026-03-19 14:32:39.616 DEBU [pymycobot.common] _read : FE FE 04 09 0D 68 BA
2026-03-19 14:32:39.616 DEBU [pymycobot.common] _write: FE FE 03 09 CA 90 
2026-03-19 14:32:39.626 DEBU [pymycobot.common] _read : FE FE 04 09 0D 68 BA
2026-03-19 14:32:39.626 DEBU [pymycobot.common] _write: FE FE 03 09 CA 90 
2026-03-19 14:32:39.636 DEBU [pymycobot.common] _read : FE FE 04 09 0D 68 BA
2026-03-19 14:32:39.636 DEBU [pymycobot.common] _write: FE FE 03 09 CA 90 
2026-03-19 14:32:39.647 DEBU [pymycobot.common] _read : FE FE 04 09 0D 68 BA
2026-03-19 14:32:39.648 DEBU [pymycobot.common] _write: FE FE 03 09 CA 90 
2026-03-19 14:32:39.656 DEBU [pymycobot.common] _read : FE FE 04 09 0D 68 BA
2026-03-19 14:32:39.658 DEBU [pymycobot.common] _write: FE FE 03 09 CA 90 
2026-03-19 14:32:39.666 DEBU [pymycobot.common] _read : FE FE 04 09 0D 68 BA
2026-03-19 14:32:39.667 DEBU [pymycobot.common] _write: FE FE 03 09 CA 90 
2026-03-19 14:32:39.677 DEBU [pymycobot.common] _read : FE FE 04 09 0D 68 BA
2026-03-19 14:32:39.678 DEBU [pymycobot.common] _write: FE FE 03 09 CA 90 
2026-03-19 14:32:39.689 DEBU [pymycobot.common] _read : FE FE 04 09 0D 68 BA
2026-03-19 14:32:39.689 DEBU [pymycobot.common] _write: FE FE 03 09 CA 90 
2026-03-19 14:32:39.698 DEBU [pymycobot.common] _read : FE FE 04 09 0D 68 BA
2026-03-19 14:32:39.698 DEBU [pymycobot.common] _write: FE FE 03 09 CA 90 
2026-03-19 14:32:39.717 DEBU [pymycobot.common] _read : FE FE 04 09 0D 68 BA
2026-03-19 14:32:39.720 DEBU [pymycobot.common] _write: FE FE 03 09 CA 90 
2026-03-19 14:32:39.729 DEBU [pymycobot.common] _read : FE FE 04 09 0D 68 BA
2026-03-19 14:32:39.734 DEBU [pymycobot.common] _write: FE FE 03 09 CA 90 
2026-03-19 14:32:39.742 DEBU [pymycobot.common] _read : FE FE 04 09 0D 68 BA
2026-03-19 14:32:39.743 DEBU [pymycobot.common] _write: FE FE 03 09 CA 90 
2026-03-19 14:32:39.756 DEBU [pymycobot.common] _read : FE FE 04 09 0D 68 BA
2026-03-19 14:32:39.757 DEBU [pymycobot.common] _write: FE FE 03 09 CA 90 
2026-03-19 14:32:39.766 DEBU [pymycobot.common] _read : FE FE 04 09 0D 68 BA
2026-03-19 14:32:39.768 DEBU [pymycobot.common] _write: FE FE 03 09 CA 90 
2026-03-19 14:32:39.776 DEBU [pymycobot.common] _read : FE FE 04 09 0D 68 BA
2026-03-19 14:32:39.777 DEBU [pymycobot.common] _write: FE FE 03 09 CA 90 
2026-03-19 14:32:39.787 DEBU [pymycobot.common] _read : FE FE 04 09 0D 68 BA
2026-03-19 14:32:39.788 DEBU [pymycobot.common] _write: FE FE 03 09 CA 90 
2026-03-19 14:32:39.799 DEBU [pymycobot.common] _read : FE FE 04 09 0D 68 BA
2026-03-19 14:32:39.800 DEBU [pymycobot.common] _write: FE FE 03 09 CA 90 
2026-03-19 14:32:39.809 DEBU [pymycobot.common] _read : FE FE 04 09 0D 68 BA
2026-03-19 14:32:39.810 DEBU [pymycobot.common] _write: FE FE 03 09 CA 90 
2026-03-19 14:32:39.820 DEBU [pymycobot.common] _read : FE FE 04 09 0D 68 BA
2026-03-19 14:32:39.820 DEBU [pymycobot.common] _write: FE FE 03 09 CA 90 
2026-03-19 14:32:39.830 DEBU [pymycobot.common] _read : FE FE 04 09 0D 68 BA
2026-03-19 14:32:39.831 DEBU [pymycobot.common] _write: FE FE 03 09 CA 90 
2026-03-19 14:32:39.841 DEBU [pymycobot.common] _read : FE FE 04 09 0D 68 BA
2026-03-19 14:32:39.841 DEBU [pymycobot.common] _write: FE FE 03 09 CA 90 
2026-03-19 14:32:39.852 DEBU [pymycobot.common] _read : FE FE 04 09 0D 68 BA
2026-03-19 14:32:39.853 DEBU [pymycobot.common] _write: FE FE 03 09 CA 90 
2026-03-19 14:32:39.861 DEBU [pymycobot.common] _read : FE FE 04 09 0D 68 BA
2026-03-19 14:32:39.862 DEBU [pymycobot.common] _write: FE FE 03 09 CA 90 
2026-03-19 14:32:39.872 DEBU [pymycobot.common] _read : FE FE 04 09 0D 68 BA
2026-03-19 14:32:39.872 DEBU [pymycobot.common] _write: FE FE 03 09 CA 90 
2026-03-19 14:32:39.882 DEBU [pymycobot.common] _read : FE FE 04 09 0D 68 BA
2026-03-19 14:32:39.882 DEBU [pymycobot.common] _write: FE FE 03 09 CA 90 
2026-03-19 14:32:39.893 DEBU [pymycobot.common] _read : FE FE 04 09 0D 68 BA
2026-03-19 14:32:39.893 DEBU [pymycobot.common] _write: FE FE 03 09 CA 90 
2026-03-19 14:32:39.904 DEBU [pymycobot.common] _read : FE FE 04 09 0D 68 BA
2026-03-19 14:32:39.905 DEBU [pymycobot.common] _write: FE FE 03 09 CA 90 
2026-03-19 14:32:39.912 DEBU [pymycobot.common] _read : FE FE 04 09 0D 68 BA
2026-03-19 14:32:39.913 DEBU [pymycobot.common] _write: FE FE 03 09 CA 90 
2026-03-19 14:32:39.924 DEBU [pymycobot.common] _read : FE FE 04 09 0D 68 BA
2026-03-19 14:32:39.925 DEBU [pymycobot.common] _write: FE FE 03 09 CA 90 
2026-03-19 14:32:39.933 DEBU [pymycobot.common] _read : FE FE 04 09 0D 68 BA
2026-03-19 14:32:39.934 DEBU [pymycobot.common] _write: FE FE 03 09 CA 90 
2026-03-19 14:32:39.944 DEBU [pymycobot.common] _read : FE FE 04 09 0D 68 BA
2026-03-19 14:32:39.945 DEBU [pymycobot.common] _write: FE FE 03 09 CA 90 
2026-03-19 14:32:39.955 DEBU [pymycobot.common] _read : FE FE 04 09 0D 68 BA
2026-03-19 14:32:39.956 DEBU [pymycobot.common] _write: FE FE 03 09 CA 90 
2026-03-19 14:32:39.965 DEBU [pymycobot.common] _read : FE FE 04 09 0D 68 BA
2026-03-19 14:32:39.965 DEBU [pymycobot.common] _write: FE FE 03 09 CA 90 
2026-03-19 14:32:39.976 DEBU [pymycobot.common] _read : FE FE 04 09 0D 68 BA
2026-03-19 14:32:39.977 DEBU [pymycobot.common] _write: FE FE 03 09 CA 90 
2026-03-19 14:32:39.987 DEBU [pymycobot.common] _read : FE FE 04 09 0D 68 BA
2026-03-19 14:32:39.987 DEBU [pymycobot.common] _write: FE FE 03 09 CA 90 
2026-03-19 14:32:39.996 DEBU [pymycobot.common] _read : FE FE 04 09 0D 68 BA
2026-03-19 14:32:39.997 DEBU [pymycobot.common] _write: FE FE 03 09 CA 90 
2026-03-19 14:32:40.006 DEBU [pymycobot.common] _read : FE FE 04 09 0D 68 BA
2026-03-19 14:32:40.007 DEBU [pymycobot.common] _write: FE FE 03 09 CA 90 
2026-03-19 14:32:40.017 DEBU [pymycobot.common] _read : FE FE 04 09 0D 68 BA
2026-03-19 14:32:40.018 DEBU [pymycobot.common] _write: FE FE 03 09 CA 90 
2026-03-19 14:32:40.025 DEBU [pymycobot.common] _read : FE FE 04 09 0D 68 BA
2026-03-19 14:32:40.026 DEBU [pymycobot.common] _write: FE FE 03 09 CA 90 
2026-03-19 14:32:40.036 DEBU [pymycobot.common] _read : FE FE 04 09 0D 68 BA
2026-03-19 14:32:40.036 DEBU [pymycobot.common] _write: FE FE 03 09 CA 90 
2026-03-19 14:32:40.046 DEBU [pymycobot.common] _read : FE FE 04 09 0D 68 BA
2026-03-19 14:32:40.047 DEBU [pymycobot.common] _write: FE FE 03 09 CA 90 
2026-03-19 14:32:40.055 DEBU [pymycobot.common] _read : FE FE 04 09 0D 68 BA
2026-03-19 14:32:40.055 DEBU [pymycobot.common] _write: FE FE 03 09 CA 90 
2026-03-19 14:32:40.066 DEBU [pymycobot.common] _read : FE FE 04 09 0D 68 BA
2026-03-19 14:32:40.067 DEBU [pymycobot.common] _write: FE FE 03 09 CA 90 
2026-03-19 14:32:40.076 DEBU [pymycobot.common] _read : FE FE 04 09 0D 68 BA
2026-03-19 14:32:40.077 DEBU [pymycobot.common] _write: FE FE 03 09 CA 90 
2026-03-19 14:32:40.087 DEBU [pymycobot.common] _read : FE FE 04 09 0D 68 BA
2026-03-19 14:32:40.087 DEBU [pymycobot.common] _write: FE FE 03 09 CA 90 
2026-03-19 14:32:40.097 DEBU [pymycobot.common] _read : FE FE 04 09 0D 68 BA
2026-03-19 14:32:40.097 DEBU [pymycobot.common] _write: FE FE 03 09 CA 90 
2026-03-19 14:32:40.107 DEBU [pymycobot.common] _read : FE FE 04 09 0D 68 BA
2026-03-19 14:32:40.108 DEBU [pymycobot.common] _write: FE FE 03 09 CA 90 
2026-03-19 14:32:40.117 DEBU [pymycobot.common] _read : FE FE 04 09 0D 68 BA
2026-03-19 14:32:40.117 DEBU [pymycobot.common] _write: FE FE 03 09 CA 90 
2026-03-19 14:32:40.127 DEBU [pymycobot.common] _read : FE FE 04 09 0D 68 BA
2026-03-19 14:32:40.128 DEBU [pymycobot.common] _write: FE FE 03 09 CA 90 
2026-03-19 14:32:40.138 DEBU [pymycobot.common] _read : FE FE 04 09 0D 68 BA
2026-03-19 14:32:40.140 DEBU [pymycobot.common] _write: FE FE 03 09 CA 90 
2026-03-19 14:32:40.148 DEBU [pymycobot.common] _read : FE FE 04 09 0D 68 BA
2026-03-19 14:32:40.149 DEBU [pymycobot.common] _write: FE FE 03 09 CA 90 
2026-03-19 14:32:40.159 DEBU [pymycobot.common] _read : FE FE 04 09 0D 68 BA
2026-03-19 14:32:40.160 DEBU [pymycobot.common] _write: FE FE 03 09 CA 90 
2026-03-19 14:32:40.170 DEBU [pymycobot.common] _read : FE FE 04 09 0D 68 BA
2026-03-19 14:32:40.170 DEBU [pymycobot.common] _write: FE FE 03 09 CA 90 
2026-03-19 14:32:40.180 DEBU [pymycobot.common] _read : FE FE 04 09 0D 68 BA
2026-03-19 14:32:40.180 DEBU [pymycobot.common] _write: FE FE 03 09 CA 90 
2026-03-19 14:32:40.192 DEBU [pymycobot.common] _read : FE FE 04 09 0D 68 BA
2026-03-19 14:32:40.193 DEBU [pymycobot.common] _write: FE FE 03 09 CA 90 
2026-03-19 14:32:40.201 DEBU [pymycobot.common] _read : FE FE 04 09 0D 68 BA
2026-03-19 14:32:40.201 DEBU [pymycobot.common] _write: FE FE 03 09 CA 90 
2026-03-19 14:32:40.210 DEBU [pymycobot.common] _read : FE FE 04 09 0D 68 BA
2026-03-19 14:32:40.211 DEBU [pymycobot.common] _write: FE FE 03 09 CA 90 
2026-03-19 14:32:40.221 DEBU [pymycobot.common] _read : FE FE 04 09 0D 68 BA
2026-03-19 14:32:40.222 DEBU [pymycobot.common] _write: FE FE 03 09 CA 90 
2026-03-19 14:32:40.232 DEBU [pymycobot.common] _read : FE FE 04 09 0D 68 BA
2026-03-19 14:32:40.233 DEBU [pymycobot.common] _write: FE FE 03 09 CA 90 
2026-03-19 14:32:40.241 DEBU [pymycobot.common] _read : FE FE 04 09 0D 68 BA
2026-03-19 14:32:40.242 DEBU [pymycobot.common] _write: FE FE 03 09 CA 90 
2026-03-19 14:32:40.252 DEBU [pymycobot.common] _read : FE FE 04 09 0D 68 BA
2026-03-19 14:32:40.253 DEBU [pymycobot.common] _write: FE FE 03 09 CA 90 
2026-03-19 14:32:40.263 DEBU [pymycobot.common] _read : FE FE 04 09 0D 68 BA
2026-03-19 14:32:40.264 DEBU [pymycobot.common] _write: FE FE 03 09 CA 90 
2026-03-19 14:32:40.272 DEBU [pymycobot.common] _read : FE FE 04 09 0D 68 BA
2026-03-19 14:32:40.273 DEBU [pymycobot.common] _write: FE FE 03 09 CA 90 
2026-03-19 14:32:40.284 DEBU [pymycobot.common] _read : FE FE 04 09 0D 68 BA
2026-03-19 14:32:40.284 DEBU [pymycobot.common] _write: FE FE 03 09 CA 90 
2026-03-19 14:32:40.295 DEBU [pymycobot.common] _read : FE FE 04 09 0D 68 BA
2026-03-19 14:32:40.295 DEBU [pymycobot.common] _write: FE FE 03 09 CA 90 
2026-03-19 14:32:40.304 DEBU [pymycobot.common] _read : FE FE 04 09 0D 68 BA
2026-03-19 14:32:40.304 DEBU [pymycobot.common] _write: FE FE 03 09 CA 90 
2026-03-19 14:32:40.315 DEBU [pymycobot.common] _read : FE FE 04 09 0D 68 BA
2026-03-19 14:32:40.316 DEBU [pymycobot.common] _write: FE FE 03 09 CA 90 
2026-03-19 14:32:40.325 DEBU [pymycobot.common] _read : FE FE 04 09 0D 68 BA
2026-03-19 14:32:40.326 DEBU [pymycobot.common] _write: FE FE 03 09 CA 90 
2026-03-19 14:32:40.335 DEBU [pymycobot.common] _read : FE FE 04 09 0D 68 BA
2026-03-19 14:32:40.335 DEBU [pymycobot.common] _write: FE FE 03 09 CA 90 
2026-03-19 14:32:40.346 DEBU [pymycobot.common] _read : FE FE 04 09 0D 68 BA
2026-03-19 14:32:40.347 DEBU [pymycobot.common] _write: FE FE 03 09 CA 90 
2026-03-19 14:32:40.357 DEBU [pymycobot.common] _read : FE FE 04 09 0D 68 BA
2026-03-19 14:32:40.358 DEBU [pymycobot.common] _write: FE FE 03 09 CA 90 
2026-03-19 14:32:40.366 DEBU [pymycobot.common] _read : FE FE 04 09 0D 68 BA
2026-03-19 14:32:40.367 DEBU [pymycobot.common] _write: FE FE 03 09 CA 90 
2026-03-19 14:32:40.377 DEBU [pymycobot.common] _read : FE FE 04 09 0D 68 BA
2026-03-19 14:32:40.377 DEBU [pymycobot.common] _write: FE FE 03 09 CA 90 
2026-03-19 14:32:40.387 DEBU [pymycobot.common] _read : FE FE 04 09 0D 68 BA
2026-03-19 14:32:40.387 DEBU [pymycobot.common] _write: FE FE 03 09 CA 90 
2026-03-19 14:32:40.398 DEBU [pymycobot.common] _read : FE FE 04 09 0D 68 BA
2026-03-19 14:32:40.399 DEBU [pymycobot.common] _write: FE FE 03 09 CA 90 
2026-03-19 14:32:40.408 DEBU [pymycobot.common] _read : FE FE 04 09 0D 68 BA
2026-03-19 14:32:40.409 DEBU [pymycobot.common] _write: FE FE 03 09 CA 90 
2026-03-19 14:32:40.418 DEBU [pymycobot.common] _read : FE FE 04 09 0D 68 BA
2026-03-19 14:32:40.418 DEBU [pymycobot.common] _write: FE FE 03 09 CA 90 
2026-03-19 14:32:40.429 DEBU [pymycobot.common] _read : FE FE 04 09 0D 68 BA
2026-03-19 14:32:40.429 DEBU [pymycobot.common] _write: FE FE 03 09 CA 90 
2026-03-19 14:32:40.439 DEBU [pymycobot.common] _read : FE FE 04 09 0D 68 BA
2026-03-19 14:32:40.440 DEBU [pymycobot.common] _write: FE FE 03 09 CA 90 
2026-03-19 14:32:40.449 DEBU [pymycobot.common] _read : FE FE 04 09 0D 68 BA
2026-03-19 14:32:40.451 DEBU [pymycobot.common] _write: FE FE 03 09 CA 90 
2026-03-19 14:32:40.460 DEBU [pymycobot.common] _read : FE FE 04 09 0D 68 BA
2026-03-19 14:32:40.461 DEBU [pymycobot.common] _write: FE FE 03 09 CA 90 
2026-03-19 14:32:40.471 DEBU [pymycobot.common] _read : FE FE 04 09 0D 68 BA
2026-03-19 14:32:40.472 DEBU [pymycobot.common] _write: FE FE 03 09 CA 90 
2026-03-19 14:32:40.481 DEBU [pymycobot.common] _read : FE FE 04 09 0D 68 BA
2026-03-19 14:32:40.481 DEBU [pymycobot.common] _write: FE FE 03 09 CA 90 
2026-03-19 14:32:40.491 DEBU [pymycobot.common] _read : FE FE 04 09 0D 68 BA
2026-03-19 14:32:40.491 DEBU [pymycobot.common] _write: FE FE 03 09 CA 90 
2026-03-19 14:32:40.501 DEBU [pymycobot.common] _read : FE FE 04 09 0D 68 BA
2026-03-19 14:32:40.502 DEBU [pymycobot.common] _write: FE FE 03 09 CA 90 
2026-03-19 14:32:40.512 DEBU [pymycobot.common] _read : FE FE 04 09 0D 68 BA
2026-03-19 14:32:40.512 DEBU [pymycobot.common] _write: FE FE 03 09 CA 90 
2026-03-19 14:32:40.522 DEBU [pymycobot.common] _read : FE FE 04 09 0D 68 BA
2026-03-19 14:32:40.523 DEBU [pymycobot.common] _write: FE FE 03 09 CA 90 
2026-03-19 14:32:40.533 DEBU [pymycobot.common] _read : FE FE 04 09 0D 68 BA
2026-03-19 14:32:40.533 DEBU [pymycobot.common] _write: FE FE 03 09 CA 90 
2026-03-19 14:32:40.544 DEBU [pymycobot.common] _read : FE FE 04 09 0D 68 BA
2026-03-19 14:32:40.545 DEBU [pymycobot.common] _write: FE FE 03 09 CA 90 
2026-03-19 14:32:40.553 DEBU [pymycobot.common] _read : FE FE 04 09 0D 68 BA
2026-03-19 14:32:40.554 DEBU [pymycobot.common] _write: FE FE 03 09 CA 90 
2026-03-19 14:32:40.564 DEBU [pymycobot.common] _read : FE FE 04 09 0D 68 BA
2026-03-19 14:32:40.565 DEBU [pymycobot.common] _write: FE FE 03 09 CA 90 
2026-03-19 14:32:40.575 DEBU [pymycobot.common] _read : FE FE 04 09 0D 68 BA
2026-03-19 14:32:40.576 DEBU [pymycobot.common] _write: FE FE 03 09 CA 90 
2026-03-19 14:32:40.586 DEBU [pymycobot.common] _read : FE FE 04 09 0D 68 BA
2026-03-19 14:32:40.586 DEBU [pymycobot.common] _write: FE FE 03 09 CA 90 
2026-03-19 14:32:40.596 DEBU [pymycobot.common] _read : FE FE 04 09 0D 68 BA
2026-03-19 14:32:40.596 DEBU [pymycobot.common] _write: FE FE 03 09 CA 90 
2026-03-19 14:32:40.608 DEBU [pymycobot.common] _read : FE FE 04 09 0D 68 BA
2026-03-19 14:32:40.609 DEBU [pymycobot.common] _write: FE FE 03 09 CA 90 
2026-03-19 14:32:40.617 DEBU [pymycobot.common] _read : FE FE 04 09 0D 68 BA
2026-03-19 14:32:40.617 DEBU [pymycobot.common] _write: FE FE 03 09 CA 90 
2026-03-19 14:32:40.627 DEBU [pymycobot.common] _read : FE FE 04 09 0D 68 BA
2026-03-19 14:32:40.628 DEBU [pymycobot.common] _write: FE FE 03 09 CA 90 
2026-03-19 14:32:40.638 DEBU [pymycobot.common] _read : FE FE 04 09 0D 68 BA
2026-03-19 14:32:40.639 DEBU [pymycobot.common] _write: FE FE 03 09 CA 90 
2026-03-19 14:32:40.648 DEBU [pymycobot.common] _read : FE FE 04 09 0D 68 BA
2026-03-19 14:32:40.649 DEBU [pymycobot.common] _write: FE FE 03 09 CA 90 
2026-03-19 14:32:40.657 DEBU [pymycobot.common] _read : FE FE 04 09 0D 68 BA
2026-03-19 14:32:40.658 DEBU [pymycobot.common] _write: FE FE 03 09 CA 90 
2026-03-19 14:32:40.669 DEBU [pymycobot.common] _read : FE FE 04 09 0D 68 BA
2026-03-19 14:32:40.670 DEBU [pymycobot.common] _write: FE FE 03 09 CA 90 
2026-03-19 14:32:40.680 DEBU [pymycobot.common] _read : FE FE 04 09 0D 68 BA
2026-03-19 14:32:40.681 DEBU [pymycobot.common] _write: FE FE 03 09 CA 90 
2026-03-19 14:32:40.689 DEBU [pymycobot.common] _read : FE FE 04 09 0D 68 BA
2026-03-19 14:32:40.690 DEBU [pymycobot.common] _write: FE FE 03 09 CA 90 
2026-03-19 14:32:40.700 DEBU [pymycobot.common] _read : FE FE 04 09 0D 68 BA
2026-03-19 14:32:40.701 DEBU [pymycobot.common] _write: FE FE 03 09 CA 90 
2026-03-19 14:32:40.710 DEBU [pymycobot.common] _read : FE FE 04 09 0D 68 BA
2026-03-19 14:32:40.710 DEBU [pymycobot.common] _write: FE FE 03 09 CA 90 
2026-03-19 14:32:40.720 DEBU [pymycobot.common] _read : FE FE 04 09 0D 68 BA
2026-03-19 14:32:40.721 DEBU [pymycobot.common] _write: FE FE 03 09 CA 90 
2026-03-19 14:32:40.731 DEBU [pymycobot.common] _read : FE FE 04 09 0D 68 BA
2026-03-19 14:32:40.732 DEBU [pymycobot.common] _write: FE FE 03 09 CA 90 
2026-03-19 14:32:40.742 DEBU [pymycobot.common] _read : FE FE 04 09 0D 68 BA
2026-03-19 14:32:40.742 DEBU [pymycobot.common] _write: FE FE 03 09 CA 90 
2026-03-19 14:32:40.752 DEBU [pymycobot.common] _read : FE FE 04 09 0D 68 BA
2026-03-19 14:32:40.753 DEBU [pymycobot.common] _write: FE FE 03 09 CA 90 
2026-03-19 14:32:40.762 DEBU [pymycobot.common] _read : FE FE 04 09 0D 68 BA
2026-03-19 14:32:40.763 DEBU [pymycobot.common] _write: FE FE 03 09 CA 90 
2026-03-19 14:32:40.772 DEBU [pymycobot.common] _read : FE FE 04 09 0D 68 BA
2026-03-19 14:32:40.773 DEBU [pymycobot.common] _write: FE FE 03 09 CA 90 
2026-03-19 14:32:40.784 DEBU [pymycobot.common] _read : FE FE 04 09 0D 68 BA
2026-03-19 14:32:40.784 DEBU [pymycobot.common] _write: FE FE 03 09 CA 90 
2026-03-19 14:32:40.793 DEBU [pymycobot.common] _read : FE FE 04 09 0D 68 BA
2026-03-19 14:32:40.793 DEBU [pymycobot.common] _write: FE FE 03 09 CA 90 
2026-03-19 14:32:40.804 DEBU [pymycobot.common] _read : FE FE 04 09 0D 68 BA
2026-03-19 14:32:40.805 DEBU [pymycobot.common] _write: FE FE 03 09 CA 90 
2026-03-19 14:32:40.815 DEBU [pymycobot.common] _read : FE FE 04 09 0D 68 BA
2026-03-19 14:32:40.815 DEBU [pymycobot.common] _write: FE FE 03 09 CA 90 
2026-03-19 14:32:40.825 DEBU [pymycobot.common] _read : FE FE 04 09 0D 68 BA
2026-03-19 14:32:40.826 DEBU [pymycobot.common] _write: FE FE 03 09 CA 90 
2026-03-19 14:32:40.834 DEBU [pymycobot.common] _read : FE FE 04 09 0D 68 BA
2026-03-19 14:32:40.834 DEBU [pymycobot.common] _write: FE FE 03 09 CA 90 
2026-03-19 14:32:40.845 DEBU [pymycobot.common] _read : FE FE 04 09 0D 68 BA
2026-03-19 14:32:40.846 DEBU [pymycobot.common] _write: FE FE 03 09 CA 90 
2026-03-19 14:32:40.852 DEBU [pymycobot.common] _read : FE FE 04 09 0D 68 BA
2026-03-19 14:32:40.852 DEBU [pymycobot.common] _write: FE FE 03 09 CA 90 
2026-03-19 14:32:40.860 DEBU [pymycobot.common] _read : FE FE 04 09 0D 68 BA
2026-03-19 14:32:40.861 DEBU [pymycobot.common] _write: FE FE 03 09 CA 90 
2026-03-19 14:32:40.871 DEBU [pymycobot.common] _read : FE FE 04 09 0D 68 BA
2026-03-19 14:32:40.872 DEBU [pymycobot.common] _write: FE FE 03 09 CA 90 
2026-03-19 14:32:40.882 DEBU [pymycobot.common] _read : FE FE 04 09 0D 68 BA
2026-03-19 14:32:40.882 DEBU [pymycobot.common] _write: FE FE 03 09 CA 90 
2026-03-19 14:32:40.892 DEBU [pymycobot.common] _read : FE FE 04 09 0D 68 BA
2026-03-19 14:32:40.892 DEBU [pymycobot.common] _write: FE FE 03 09 CA 90 
2026-03-19 14:32:40.902 DEBU [pymycobot.common] _read : FE FE 04 09 0D 68 BA
2026-03-19 14:32:40.903 DEBU [pymycobot.common] _write: FE FE 03 09 CA 90 
2026-03-19 14:32:40.913 DEBU [pymycobot.common] _read : FE FE 04 09 0D 68 BA
2026-03-19 14:32:40.913 DEBU [pymycobot.common] _write: FE FE 03 09 CA 90 
2026-03-19 14:32:40.923 DEBU [pymycobot.common] _read : FE FE 04 09 0D 68 BA
2026-03-19 14:32:40.924 DEBU [pymycobot.common] _write: FE FE 03 09 CA 90 
2026-03-19 14:32:40.933 DEBU [pymycobot.common] _read : FE FE 04 09 0D 68 BA
2026-03-19 14:32:40.934 DEBU [pymycobot.common] _write: FE FE 03 09 CA 90 
2026-03-19 14:32:40.942 DEBU [pymycobot.common] _read : FE FE 04 09 0D 68 BA
2026-03-19 14:32:40.942 DEBU [pymycobot.common] _write: FE FE 03 09 CA 90 
2026-03-19 14:32:40.950 DEBU [pymycobot.common] _read : FE FE 04 09 0D 68 BA
2026-03-19 14:32:40.950 DEBU [pymycobot.common] _write: FE FE 03 09 CA 90 
2026-03-19 14:32:40.961 DEBU [pymycobot.common] _read : FE FE 04 09 0D 68 BA
2026-03-19 14:32:40.961 DEBU [pymycobot.common] _write: FE FE 03 09 CA 90 
2026-03-19 14:32:40.971 DEBU [pymycobot.common] _read : FE FE 04 09 0D 68 BA
2026-03-19 14:32:40.971 DEBU [pymycobot.common] _write: FE FE 03 09 CA 90 
2026-03-19 14:32:40.981 DEBU [pymycobot.common] _read : FE FE 04 09 0D 68 BA
2026-03-19 14:32:40.982 DEBU [pymycobot.common] _write: FE FE 03 09 CA 90 
2026-03-19 14:32:40.992 DEBU [pymycobot.common] _read : FE FE 04 09 0D 68 BA
2026-03-19 14:32:40.993 DEBU [pymycobot.common] _write: FE FE 03 09 CA 90 
2026-03-19 14:32:41.002 DEBU [pymycobot.common] _read : FE FE 04 09 0D 68 BA
2026-03-19 14:32:41.003 DEBU [pymycobot.common] _write: FE FE 03 09 CA 90 
2026-03-19 14:32:41.013 DEBU [pymycobot.common] _read : FE FE 04 09 0D 68 BA
2026-03-19 14:32:41.014 DEBU [pymycobot.common] _write: FE FE 03 09 CA 90 
2026-03-19 14:32:41.023 DEBU [pymycobot.common] _read : FE FE 04 09 0D 68 BA
2026-03-19 14:32:41.024 DEBU [pymycobot.common] _write: FE FE 03 09 CA 90 
2026-03-19 14:32:41.033 DEBU [pymycobot.common] _read : FE FE 04 09 0D 68 BA
2026-03-19 14:32:41.034 DEBU [pymycobot.common] _write: FE FE 03 09 CA 90 
2026-03-19 14:32:41.043 DEBU [pymycobot.common] _read : FE FE 04 09 0D 68 BA
2026-03-19 14:32:41.044 DEBU [pymycobot.common] _write: FE FE 03 09 CA 90 
2026-03-19 14:32:41.054 DEBU [pymycobot.common] _read : FE FE 04 09 0D 68 BA
2026-03-19 14:32:41.054 DEBU [pymycobot.common] _write: FE FE 03 09 CA 90 
2026-03-19 14:32:41.064 DEBU [pymycobot.common] _read : FE FE 04 09 0D 68 BA
2026-03-19 14:32:41.065 DEBU [pymycobot.common] _write: FE FE 03 09 CA 90 
2026-03-19 14:32:41.075 DEBU [pymycobot.common] _read : FE FE 04 09 0D 68 BA
2026-03-19 14:32:41.076 DEBU [pymycobot.common] _write: FE FE 03 09 CA 90 
2026-03-19 14:32:41.087 DEBU [pymycobot.common] _read : FE FE 04 09 0D 68 BA
2026-03-19 14:32:41.088 DEBU [pymycobot.common] _write: FE FE 03 09 CA 90 
2026-03-19 14:32:41.095 DEBU [pymycobot.common] _read : FE FE 04 09 0D 68 BA
2026-03-19 14:32:41.096 DEBU [pymycobot.common] _write: FE FE 03 09 CA 90 
2026-03-19 14:32:41.107 DEBU [pymycobot.common] _read : FE FE 04 09 0D 68 BA
2026-03-19 14:32:41.108 DEBU [pymycobot.common] _write: FE FE 03 09 CA 90 
2026-03-19 14:32:41.116 DEBU [pymycobot.common] _read : FE FE 04 09 0D 68 BA
2026-03-19 14:32:41.116 DEBU [pymycobot.common] _write: FE FE 03 09 CA 90 
2026-03-19 14:32:41.127 DEBU [pymycobot.common] _read : FE FE 04 09 0D 68 BA
2026-03-19 14:32:41.127 DEBU [pymycobot.common] _write: FE FE 03 09 CA 90 
2026-03-19 14:32:41.137 DEBU [pymycobot.common] _read : FE FE 04 09 0D 68 BA
2026-03-19 14:32:41.138 DEBU [pymycobot.common] _write: FE FE 03 09 CA 90 
2026-03-19 14:32:41.147 DEBU [pymycobot.common] _read : FE FE 04 09 0D 68 BA
2026-03-19 14:32:41.148 DEBU [pymycobot.common] _write: FE FE 03 09 CA 90 
2026-03-19 14:32:41.158 DEBU [pymycobot.common] _read : FE FE 04 09 0D 68 BA
2026-03-19 14:32:41.159 DEBU [pymycobot.common] _write: FE FE 03 09 CA 90 
2026-03-19 14:32:41.169 DEBU [pymycobot.common] _read : FE FE 04 09 0D 68 BA
2026-03-19 14:32:41.169 DEBU [pymycobot.common] _write: FE FE 03 09 CA 90 
2026-03-19 14:32:41.178 DEBU [pymycobot.common] _read : FE FE 04 09 0D 68 BA
2026-03-19 14:32:41.178 DEBU [pymycobot.common] _write: FE FE 03 09 CA 90 
2026-03-19 14:32:41.189 DEBU [pymycobot.common] _read : FE FE 04 09 0D 68 BA
2026-03-19 14:32:41.190 DEBU [pymycobot.common] _write: FE FE 03 09 CA 90 
2026-03-19 14:32:41.197 DEBU [pymycobot.common] _read : FE FE 04 09 0D 68 BA
2026-03-19 14:32:41.197 DEBU [pymycobot.common] _write: FE FE 03 09 CA 90 
2026-03-19 14:32:41.207 DEBU [pymycobot.common] _read : FE FE 04 09 0D 68 BA
2026-03-19 14:32:41.208 DEBU [pymycobot.common] _write: FE FE 03 09 CA 90 
2026-03-19 14:32:41.216 DEBU [pymycobot.common] _read : FE FE 04 09 0D 68 BA
2026-03-19 14:32:41.216 DEBU [pymycobot.common] _write: FE FE 03 09 CA 90 
2026-03-19 14:32:41.224 DEBU [pymycobot.common] _read : FE FE 04 09 0D 68 BA
2026-03-19 14:32:41.225 DEBU [pymycobot.common] _write: FE FE 03 09 CA 90 
2026-03-19 14:32:41.233 DEBU [pymycobot.common] _read : FE FE 04 09 0D 68 BA
2026-03-19 14:32:41.234 DEBU [pymycobot.common] _write: FE FE 03 09 CA 90 
2026-03-19 14:32:41.243 DEBU [pymycobot.common] _read : FE FE 04 09 0D 68 BA
2026-03-19 14:32:41.243 DEBU [pymycobot.common] _write: FE FE 03 09 CA 90 
2026-03-19 14:32:41.252 DEBU [pymycobot.common] _read : FE FE 04 09 0D 68 BA
2026-03-19 14:32:41.253 DEBU [pymycobot.common] _write: FE FE 03 09 CA 90 
2026-03-19 14:32:41.263 DEBU [pymycobot.common] _read : FE FE 04 09 0D 68 BA
2026-03-19 14:32:41.264 DEBU [pymycobot.common] _write: FE FE 03 09 CA 90 
2026-03-19 14:32:41.274 DEBU [pymycobot.common] _read : FE FE 04 09 0D 68 BA
2026-03-19 14:32:41.275 DEBU [pymycobot.common] _write: FE FE 03 09 CA 90 
2026-03-19 14:32:41.284 DEBU [pymycobot.common] _read : FE FE 04 09 0D 68 BA
2026-03-19 14:32:41.285 DEBU [pymycobot.common] _write: FE FE 03 09 CA 90 
2026-03-19 14:32:41.295 DEBU [pymycobot.common] _read : FE FE 04 09 0D 68 BA
2026-03-19 14:32:41.295 DEBU [pymycobot.common] _write: FE FE 03 09 CA 90 
2026-03-19 14:32:41.305 DEBU [pymycobot.common] _read : FE FE 04 09 0D 68 BA
2026-03-19 14:32:41.305 DEBU [pymycobot.common] _write: FE FE 03 09 CA 90 
2026-03-19 14:32:41.315 DEBU [pymycobot.common] _read : FE FE 04 09 0D 68 BA
2026-03-19 14:32:41.316 DEBU [pymycobot.common] _write: FE FE 03 09 CA 90 
2026-03-19 14:32:41.326 DEBU [pymycobot.common] _read : FE FE 04 09 0D 68 BA
2026-03-19 14:32:41.327 DEBU [pymycobot.common] _write: FE FE 03 09 CA 90 
2026-03-19 14:32:41.335 DEBU [pymycobot.common] _read : FE FE 04 09 0D 68 BA
2026-03-19 14:32:41.336 DEBU [pymycobot.common] _write: FE FE 03 09 CA 90 
2026-03-19 14:32:41.347 DEBU [pymycobot.common] _read : FE FE 04 09 0D 68 BA
2026-03-19 14:32:41.348 DEBU [pymycobot.common] _write: FE FE 03 09 CA 90 
2026-03-19 14:32:41.358 DEBU [pymycobot.common] _read : FE FE 04 09 0D 68 BA
2026-03-19 14:32:41.359 DEBU [pymycobot.common] _write: FE FE 03 09 CA 90 
2026-03-19 14:32:41.367 DEBU [pymycobot.common] _read : FE FE 04 09 0D 68 BA
2026-03-19 14:32:41.368 DEBU [pymycobot.common] _write: FE FE 03 09 CA 90 
2026-03-19 14:32:41.378 DEBU [pymycobot.common] _read : FE FE 04 09 0D 68 BA
2026-03-19 14:32:41.378 DEBU [pymycobot.common] _write: FE FE 03 09 CA 90 
2026-03-19 14:32:41.388 DEBU [pymycobot.common] _read : FE FE 04 09 0D 68 BA
2026-03-19 14:32:41.390 DEBU [pymycobot.common] _write: FE FE 03 09 CA 90 
2026-03-19 14:32:41.398 DEBU [pymycobot.common] _read : FE FE 04 09 0D 68 BA
2026-03-19 14:32:41.398 DEBU [pymycobot.common] _write: FE FE 03 09 CA 90 
2026-03-19 14:32:41.409 DEBU [pymycobot.common] _read : FE FE 04 09 0D 68 BA
2026-03-19 14:32:41.410 DEBU [pymycobot.common] _write: FE FE 03 09 CA 90 
2026-03-19 14:32:41.419 DEBU [pymycobot.common] _read : FE FE 04 09 0D 68 BA
2026-03-19 14:32:41.420 DEBU [pymycobot.common] _write: FE FE 03 09 CA 90 
2026-03-19 14:32:41.430 DEBU [pymycobot.common] _read : FE FE 04 09 0D 68 BA
2026-03-19 14:32:41.430 DEBU [pymycobot.common] _write: FE FE 03 09 CA 90 
2026-03-19 14:32:41.442 DEBU [pymycobot.common] _read : FE FE 04 09 0D 68 BA
2026-03-19 14:32:41.443 DEBU [pymycobot.common] _write: FE FE 03 09 CA 90 
2026-03-19 14:32:41.451 DEBU [pymycobot.common] _read : FE FE 04 09 0D 68 BA
2026-03-19 14:32:41.452 DEBU [pymycobot.common] _write: FE FE 03 09 CA 90 
2026-03-19 14:32:41.462 DEBU [pymycobot.common] _read : FE FE 04 09 0D 68 BA
2026-03-19 14:32:41.462 DEBU [pymycobot.common] _write: FE FE 03 09 CA 90 
2026-03-19 14:32:41.471 DEBU [pymycobot.common] _read : FE FE 04 09 0D 68 BA
2026-03-19 14:32:41.472 DEBU [pymycobot.common] _write: FE FE 03 09 CA 90 
2026-03-19 14:32:41.484 DEBU [pymycobot.common] _read : FE FE 04 09 0D 68 BA
2026-03-19 14:32:41.485 DEBU [pymycobot.common] _write: FE FE 03 09 CA 90 
2026-03-19 14:32:41.492 DEBU [pymycobot.common] _read : FE FE 04 09 0D 68 BA
2026-03-19 14:32:41.493 DEBU [pymycobot.common] _write: FE FE 03 09 CA 90 
2026-03-19 14:32:41.502 DEBU [pymycobot.common] _read : FE FE 04 09 0D 68 BA
2026-03-19 14:32:41.502 DEBU [pymycobot.common] _write: FE FE 03 09 CA 90 
2026-03-19 14:32:41.514 DEBU [pymycobot.common] _read : FE FE 04 09 0D 68 BA
2026-03-19 14:32:41.515 DEBU [pymycobot.common] _write: FE FE 03 09 CA 90 
2026-03-19 14:32:41.525 DEBU [pymycobot.common] _read : FE FE 04 09 0D 68 BA
2026-03-19 14:32:41.526 DEBU [pymycobot.common] _write: FE FE 03 09 CA 90 
2026-03-19 14:32:41.534 DEBU [pymycobot.common] _read : FE FE 04 09 0D 68 BA
2026-03-19 14:32:41.534 DEBU [pymycobot.common] _write: FE FE 03 09 CA 90 
2026-03-19 14:32:41.550 DEBU [pymycobot.common] _read : FE FE 04 09 0D 68 BA
2026-03-19 14:32:41.553 DEBU [pymycobot.common] _write: FE FE 03 09 CA 90 
2026-03-19 14:32:41.563 DEBU [pymycobot.common] _read : FE FE 04 09 0D 68 BA
2026-03-19 14:32:41.564 DEBU [pymycobot.common] _write: FE FE 03 09 CA 90 
2026-03-19 14:32:41.573 DEBU [pymycobot.common] _read : FE FE 04 09 0D 68 BA
2026-03-19 14:32:41.574 DEBU [pymycobot.common] _write: FE FE 03 09 CA 90 
2026-03-19 14:32:41.583 DEBU [pymycobot.common] _read : FE FE 04 09 0D 68 BA
2026-03-19 14:32:41.585 DEBU [pymycobot.common] _write: FE FE 03 09 CA 90 
2026-03-19 14:32:41.594 DEBU [pymycobot.common] _read : FE FE 04 09 0D 68 BA
2026-03-19 14:32:41.596 DEBU [pymycobot.common] _write: FE FE 03 09 CA 90 
2026-03-19 14:32:41.604 DEBU [pymycobot.common] _read : FE FE 04 09 0D 68 BA
2026-03-19 14:32:41.605 DEBU [pymycobot.common] _write: FE FE 03 09 CA 90 
2026-03-19 14:32:41.615 DEBU [pymycobot.common] _read : FE FE 04 09 0D 68 BA
2026-03-19 14:32:41.616 DEBU [pymycobot.common] _write: FE FE 03 09 CA 90 
2026-03-19 14:32:41.625 DEBU [pymycobot.common] _read : FE FE 04 09 0D 68 BA
2026-03-19 14:32:41.626 DEBU [pymycobot.common] _write: FE FE 03 09 CA 90 
2026-03-19 14:32:41.636 DEBU [pymycobot.common] _read : FE FE 04 09 0D 68 BA
2026-03-19 14:32:41.636 DEBU [pymycobot.common] _write: FE FE 03 09 CA 90 
2026-03-19 14:32:41.646 DEBU [pymycobot.common] _read : FE FE 04 09 0D 68 BA
2026-03-19 14:32:41.646 DEBU [pymycobot.common] _write: FE FE 03 09 CA 90 
2026-03-19 14:32:41.657 DEBU [pymycobot.common] _read : FE FE 04 09 0D 68 BA
2026-03-19 14:32:41.657 DEBU [pymycobot.common] _write: FE FE 03 09 CA 90 
2026-03-19 14:32:41.669 DEBU [pymycobot.common] _read : FE FE 04 09 0D 68 BA
2026-03-19 14:32:41.669 DEBU [pymycobot.common] _write: FE FE 03 09 CA 90 
2026-03-19 14:32:41.679 DEBU [pymycobot.common] _read : FE FE 04 09 0D 68 BA
2026-03-19 14:32:41.679 DEBU [pymycobot.common] _write: FE FE 03 09 CA 90 
2026-03-19 14:32:41.689 DEBU [pymycobot.common] _read : FE FE 04 09 0D 68 BA
2026-03-19 14:32:41.690 DEBU [pymycobot.common] _write: FE FE 03 09 CA 90 
2026-03-19 14:32:41.703 DEBU [pymycobot.common] _read : FE FE 04 09 0D 68 BA
2026-03-19 14:32:41.704 DEBU [pymycobot.common] _write: FE FE 03 09 CA 90 
2026-03-19 14:32:41.712 DEBU [pymycobot.common] _read : FE FE 04 09 0D 68 BA
2026-03-19 14:32:41.712 DEBU [pymycobot.common] _write: FE FE 03 09 CA 90 
2026-03-19 14:32:41.722 DEBU [pymycobot.common] _read : FE FE 04 09 0D 68 BA
2026-03-19 14:32:41.723 DEBU [pymycobot.common] _write: FE FE 03 09 CA 90 
2026-03-19 14:32:41.732 DEBU [pymycobot.common] _read : FE FE 04 09 0D 68 BA
2026-03-19 14:32:41.733 DEBU [pymycobot.common] _write: FE FE 03 09 CA 90 
2026-03-19 14:32:41.743 DEBU [pymycobot.common] _read : FE FE 04 09 0D 68 BA
2026-03-19 14:32:41.744 DEBU [pymycobot.common] _write: FE FE 03 09 CA 90 
2026-03-19 14:32:41.753 DEBU [pymycobot.common] _read : FE FE 04 09 0D 68 BA
2026-03-19 14:32:41.754 DEBU [pymycobot.common] _write: FE FE 03 09 CA 90 
2026-03-19 14:32:41.765 DEBU [pymycobot.common] _read : FE FE 04 09 0D 68 BA
2026-03-19 14:32:41.766 DEBU [pymycobot.common] _write: FE FE 03 09 CA 90 
2026-03-19 14:32:41.776 DEBU [pymycobot.common] _read : FE FE 04 09 0D 68 BA
2026-03-19 14:32:41.777 DEBU [pymycobot.common] _write: FE FE 03 09 CA 90 
2026-03-19 14:32:41.786 DEBU [pymycobot.common] _read : FE FE 04 09 0D 68 BA
2026-03-19 14:32:41.787 DEBU [pymycobot.common] _write: FE FE 03 09 CA 90 
2026-03-19 14:32:41.797 DEBU [pymycobot.common] _read : FE FE 04 09 0D 68 BA
2026-03-19 14:32:41.798 DEBU [pymycobot.common] _write: FE FE 03 09 CA 90 
2026-03-19 14:32:41.807 DEBU [pymycobot.common] _read : FE FE 04 09 0D 68 BA
2026-03-19 14:32:41.808 DEBU [pymycobot.common] _write: FE FE 03 09 CA 90 
2026-03-19 14:32:41.817 DEBU [pymycobot.common] _read : FE FE 04 09 0D 68 BA
2026-03-19 14:32:41.818 DEBU [pymycobot.common] _write: FE FE 03 09 CA 90 
2026-03-19 14:32:41.829 DEBU [pymycobot.common] _read : FE FE 04 09 0D 68 BA
2026-03-19 14:32:41.829 DEBU [pymycobot.common] _write: FE FE 03 09 CA 90 
2026-03-19 14:32:41.839 DEBU [pymycobot.common] _read : FE FE 04 09 0D 68 BA
2026-03-19 14:32:41.839 DEBU [pymycobot.common] _write: FE FE 03 09 CA 90 
2026-03-19 14:32:41.849 DEBU [pymycobot.common] _read : FE FE 04 09 0D 68 BA
2026-03-19 14:32:41.849 DEBU [pymycobot.common] _write: FE FE 03 09 CA 90 
2026-03-19 14:32:41.859 DEBU [pymycobot.common] _read : FE FE 04 09 0D 68 BA
2026-03-19 14:32:41.860 DEBU [pymycobot.common] _write: FE FE 03 09 CA 90 
2026-03-19 14:32:41.869 DEBU [pymycobot.common] _read : FE FE 04 09 0D 68 BA
2026-03-19 14:32:41.870 DEBU [pymycobot.common] _write: FE FE 03 09 CA 90 
2026-03-19 14:32:41.880 DEBU [pymycobot.common] _read : FE FE 04 09 0D 68 BA
2026-03-19 14:32:41.881 DEBU [pymycobot.common] _write: FE FE 03 09 CA 90 
2026-03-19 14:32:41.890 DEBU [pymycobot.common] _read : FE FE 04 09 0D 68 BA
2026-03-19 14:32:41.891 DEBU [pymycobot.common] _write: FE FE 03 09 CA 90 
2026-03-19 14:32:41.900 DEBU [pymycobot.common] _read : FE FE 04 09 0D 68 BA
2026-03-19 14:32:41.901 DEBU [pymycobot.common] _write: FE FE 03 09 CA 90 
2026-03-19 14:32:41.911 DEBU [pymycobot.common] _read : FE FE 04 09 0D 68 BA
2026-03-19 14:32:41.911 DEBU [pymycobot.common] _write: FE FE 03 09 CA 90 
2026-03-19 14:32:41.923 DEBU [pymycobot.common] _read : FE FE 04 09 0D 68 BA
2026-03-19 14:32:41.924 DEBU [pymycobot.common] _write: FE FE 03 09 CA 90 
2026-03-19 14:32:41.932 DEBU [pymycobot.common] _read : FE FE 04 09 0D 68 BA
2026-03-19 14:32:41.933 DEBU [pymycobot.common] _write: FE FE 03 09 CA 90 
2026-03-19 14:32:41.943 DEBU [pymycobot.common] _read : FE FE 04 09 0D 68 BA
2026-03-19 14:32:41.943 DEBU [pymycobot.common] _write: FE FE 03 09 CA 90 
2026-03-19 14:32:41.952 DEBU [pymycobot.common] _read : FE FE 04 09 0D 68 BA
2026-03-19 14:32:41.953 DEBU [pymycobot.common] _write: FE FE 03 09 CA 90 
2026-03-19 14:32:41.963 DEBU [pymycobot.common] _read : FE FE 04 09 0D 68 BA
2026-03-19 14:32:41.964 DEBU [pymycobot.common] _write: FE FE 03 09 CA 90 
2026-03-19 14:32:41.974 DEBU [pymycobot.common] _read : FE FE 04 09 0D 68 BA
2026-03-19 14:32:41.975 DEBU [pymycobot.common] _write: FE FE 03 09 CA 90 
2026-03-19 14:32:41.984 DEBU [pymycobot.common] _read : FE FE 04 09 0D 68 BA
2026-03-19 14:32:41.984 DEBU [pymycobot.common] _write: FE FE 03 09 CA 90 
2026-03-19 14:32:41.995 DEBU [pymycobot.common] _read : FE FE 04 09 0D 68 BA
2026-03-19 14:32:41.996 DEBU [pymycobot.common] _write: FE FE 03 09 CA 90 
2026-03-19 14:32:42.005 DEBU [pymycobot.common] _read : FE FE 04 09 0D 68 BA
2026-03-19 14:32:42.006 DEBU [pymycobot.common] _write: FE FE 03 09 CA 90 
2026-03-19 14:32:42.015 DEBU [pymycobot.common] _read : FE FE 04 09 0D 68 BA
2026-03-19 14:32:42.016 DEBU [pymycobot.common] _write: FE FE 03 09 CA 90 
2026-03-19 14:32:42.026 DEBU [pymycobot.common] _read : FE FE 04 09 0D 68 BA
2026-03-19 14:32:42.027 DEBU [pymycobot.common] _write: FE FE 03 09 CA 90 
2026-03-19 14:32:42.036 DEBU [pymycobot.common] _read : FE FE 04 09 0D 68 BA
2026-03-19 14:32:42.036 DEBU [pymycobot.common] _write: FE FE 03 09 CA 90 
2026-03-19 14:32:42.046 DEBU [pymycobot.common] _read : FE FE 04 09 0D 68 BA
2026-03-19 14:32:42.047 DEBU [pymycobot.common] _write: FE FE 03 09 CA 90 
2026-03-19 14:32:42.057 DEBU [pymycobot.common] _read : FE FE 04 09 0D 68 BA
2026-03-19 14:32:42.057 DEBU [pymycobot.common] _write: FE FE 03 09 CA 90 
2026-03-19 14:32:42.068 DEBU [pymycobot.common] _read : FE FE 04 09 0D 68 BA
2026-03-19 14:32:42.068 DEBU [pymycobot.common] _write: FE FE 03 09 CA 90 
2026-03-19 14:32:42.080 DEBU [pymycobot.common] _read : FE FE 04 09 0D 68 BA
2026-03-19 14:32:42.080 DEBU [pymycobot.common] _write: FE FE 03 09 CA 90 
2026-03-19 14:32:42.089 DEBU [pymycobot.common] _read : FE FE 04 09 0D 68 BA
2026-03-19 14:32:42.090 DEBU [pymycobot.common] _write: FE FE 03 09 CA 90 
2026-03-19 14:32:42.101 DEBU [pymycobot.common] _read : FE FE 04 09 0D 68 BA
2026-03-19 14:32:42.101 DEBU [pymycobot.common] _write: FE FE 03 09 CA 90 
2026-03-19 14:32:42.110 DEBU [pymycobot.common] _read : FE FE 04 09 0D 68 BA
2026-03-19 14:32:42.111 DEBU [pymycobot.common] _write: FE FE 03 09 CA 90 
2026-03-19 14:32:42.123 DEBU [pymycobot.common] _read : FE FE 04 09 0D 68 BA
2026-03-19 14:32:42.124 DEBU [pymycobot.common] _write: FE FE 03 09 CA 90 
2026-03-19 14:32:42.132 DEBU [pymycobot.common] _read : FE FE 04 09 0D 68 BA
2026-03-19 14:32:42.132 DEBU [pymycobot.common] _write: FE FE 03 09 CA 90 
2026-03-19 14:32:42.143 DEBU [pymycobot.common] _read : FE FE 04 09 0D 68 BA
2026-03-19 14:32:42.144 DEBU [pymycobot.common] _write: FE FE 03 09 CA 90 
2026-03-19 14:32:42.153 DEBU [pymycobot.common] _read : FE FE 04 09 0D 68 BA
2026-03-19 14:32:42.154 DEBU [pymycobot.common] _write: FE FE 03 09 CA 90 
2026-03-19 14:32:42.163 DEBU [pymycobot.common] _read : FE FE 04 09 0D 68 BA
2026-03-19 14:32:42.165 DEBU [pymycobot.common] _write: FE FE 03 09 CA 90 
2026-03-19 14:32:42.174 DEBU [pymycobot.common] _read : FE FE 04 09 0D 68 BA
2026-03-19 14:32:42.175 DEBU [pymycobot.common] _write: FE FE 03 09 CA 90 
2026-03-19 14:32:42.184 DEBU [pymycobot.common] _read : FE FE 04 09 0D 68 BA
2026-03-19 14:32:42.184 DEBU [pymycobot.common] _write: FE FE 03 09 CA 90 
2026-03-19 14:32:42.195 DEBU [pymycobot.common] _read : FE FE 04 09 0D 68 BA
2026-03-19 14:32:42.196 DEBU [pymycobot.common] _write: FE FE 03 09 CA 90 
2026-03-19 14:32:42.205 DEBU [pymycobot.common] _read : FE FE 04 09 0D 68 BA
2026-03-19 14:32:42.206 DEBU [pymycobot.common] _write: FE FE 03 09 CA 90 
2026-03-19 14:32:42.215 DEBU [pymycobot.common] _read : FE FE 04 09 0D 68 BA
2026-03-19 14:32:42.215 DEBU [pymycobot.common] _write: FE FE 03 09 CA 90 
2026-03-19 14:32:42.224 DEBU [pymycobot.common] _read : FE FE 04 09 0D 68 BA
2026-03-19 14:32:42.225 DEBU [pymycobot.common] _write: FE FE 03 09 CA 90 
2026-03-19 14:32:42.235 DEBU [pymycobot.common] _read : FE FE 04 09 0D 68 BA
2026-03-19 14:32:42.235 DEBU [pymycobot.common] _write: FE FE 03 09 CA 90 
2026-03-19 14:32:42.246 DEBU [pymycobot.common] _read : FE FE 04 09 0D 68 BA
2026-03-19 14:32:42.247 DEBU [pymycobot.common] _write: FE FE 03 09 CA 90 
2026-03-19 14:32:42.254 DEBU [pymycobot.common] _read : FE FE 04 09 0D 68 BA
2026-03-19 14:32:42.257 DEBU [pymycobot.common] _write: FE FE 03 09 CA 90 
2026-03-19 14:32:42.264 DEBU [pymycobot.common] _read : FE FE 04 09 0D 68 BA
2026-03-19 14:32:42.264 DEBU [pymycobot.common] _write: FE FE 03 09 CA 90 
2026-03-19 14:32:42.273 DEBU [pymycobot.common] _read : FE FE 04 09 0D 68 BA
2026-03-19 14:32:42.273 DEBU [pymycobot.common] _write: FE FE 03 09 CA 90 
2026-03-19 14:32:42.282 DEBU [pymycobot.common] _read : FE FE 04 09 0D 68 BA
2026-03-19 14:32:42.283 DEBU [pymycobot.common] _write: FE FE 03 09 CA 90 
2026-03-19 14:32:42.294 DEBU [pymycobot.common] _read : FE FE 04 09 0D 68 BA
2026-03-19 14:32:42.294 DEBU [pymycobot.common] _write: FE FE 03 09 CA 90 
2026-03-19 14:32:42.303 DEBU [pymycobot.common] _read : FE FE 04 09 0D 68 BA
2026-03-19 14:32:42.304 DEBU [pymycobot.common] _write: FE FE 03 09 CA 90 
2026-03-19 14:32:42.314 DEBU [pymycobot.common] _read : FE FE 04 09 0D 68 BA
2026-03-19 14:32:42.314 DEBU [pymycobot.common] _write: FE FE 03 09 CA 90 
2026-03-19 14:32:42.324 DEBU [pymycobot.common] _read : FE FE 04 09 0D 68 BA
2026-03-19 14:32:42.325 DEBU [pymycobot.common] _write: FE FE 03 09 CA 90 
2026-03-19 14:32:42.337 DEBU [pymycobot.common] _read : FE FE 04 09 0D 68 BA
2026-03-19 14:32:42.337 DEBU [pymycobot.common] _write: FE FE 03 09 CA 90 
2026-03-19 14:32:42.345 DEBU [pymycobot.common] _read : FE FE 04 09 0D 68 BA
2026-03-19 14:32:42.345 DEBU [pymycobot.common] _write: FE FE 03 09 CA 90 
2026-03-19 14:32:42.355 DEBU [pymycobot.common] _read : FE FE 04 09 0D 68 BA
2026-03-19 14:32:42.357 DEBU [pymycobot.common] _write: FE FE 03 09 CA 90 
2026-03-19 14:32:42.366 DEBU [pymycobot.common] _read : FE FE 04 09 0D 68 BA
2026-03-19 14:32:42.367 DEBU [pymycobot.common] _write: FE FE 03 09 CA 90 
2026-03-19 14:32:42.377 DEBU [pymycobot.common] _read : FE FE 04 09 0D 68 BA
2026-03-19 14:32:42.377 DEBU [pymycobot.common] _write: FE FE 03 09 CA 90 
2026-03-19 14:32:42.386 DEBU [pymycobot.common] _read : FE FE 04 09 0D 68 BA
2026-03-19 14:32:42.386 DEBU [pymycobot.common] _write: FE FE 03 09 CA 90 
2026-03-19 14:32:42.396 DEBU [pymycobot.common] _read : FE FE 04 09 0D 68 BA
2026-03-19 14:32:42.397 DEBU [pymycobot.common] _write: FE FE 03 09 CA 90 
2026-03-19 14:32:42.406 DEBU [pymycobot.common] _read : FE FE 04 09 0D 68 BA
2026-03-19 14:32:42.407 DEBU [pymycobot.common] _write: FE FE 03 09 CA 90 
2026-03-19 14:32:42.418 DEBU [pymycobot.common] _read : FE FE 04 09 0D 68 BA
2026-03-19 14:32:42.418 DEBU [pymycobot.common] _write: FE FE 03 09 CA 90 
2026-03-19 14:32:42.428 DEBU [pymycobot.common] _read : FE FE 04 09 0D 68 BA
2026-03-19 14:32:42.428 DEBU [pymycobot.common] _write: FE FE 03 09 CA 90 
2026-03-19 14:32:42.438 DEBU [pymycobot.common] _read : FE FE 04 09 0D 68 BA
2026-03-19 14:32:42.439 DEBU [pymycobot.common] _write: FE FE 03 09 CA 90 
2026-03-19 14:32:42.449 DEBU [pymycobot.common] _read : FE FE 04 09 0D 68 BA
2026-03-19 14:32:42.449 DEBU [pymycobot.common] _write: FE FE 03 09 CA 90 
2026-03-19 14:32:42.459 DEBU [pymycobot.common] _read : FE FE 04 09 0D 68 BA
2026-03-19 14:32:42.460 DEBU [pymycobot.common] _write: FE FE 03 09 CA 90 
2026-03-19 14:32:42.470 DEBU [pymycobot.common] _read : FE FE 04 09 0D 68 BA
2026-03-19 14:32:42.470 DEBU [pymycobot.common] _write: FE FE 03 09 CA 90 
2026-03-19 14:32:42.480 DEBU [pymycobot.common] _read : FE FE 04 09 0D 68 BA
2026-03-19 14:32:42.481 DEBU [pymycobot.common] _write: FE FE 03 09 CA 90 
2026-03-19 14:32:42.490 DEBU [pymycobot.common] _read : FE FE 04 09 0D 68 BA
2026-03-19 14:32:42.491 DEBU [pymycobot.common] _write: FE FE 03 09 CA 90 
2026-03-19 14:32:42.499 DEBU [pymycobot.common] _read : FE FE 04 09 0D 68 BA
2026-03-19 14:32:42.500 DEBU [pymycobot.common] _write: FE FE 03 09 CA 90 
2026-03-19 14:32:42.510 DEBU [pymycobot.common] _read : FE FE 04 09 0D 68 BA
2026-03-19 14:32:42.511 DEBU [pymycobot.common] _write: FE FE 03 09 CA 90 
2026-03-19 14:32:42.522 DEBU [pymycobot.common] _read : FE FE 04 09 0D 68 BA
2026-03-19 14:32:42.523 DEBU [pymycobot.common] _write: FE FE 03 09 CA 90 
2026-03-19 14:32:42.531 DEBU [pymycobot.common] _read : FE FE 04 09 0D 68 BA
2026-03-19 14:32:42.531 DEBU [pymycobot.common] _write: FE FE 03 09 CA 90 
2026-03-19 14:32:42.542 DEBU [pymycobot.common] _read : FE FE 04 09 0D 68 BA
2026-03-19 14:32:42.543 DEBU [pymycobot.common] _write: FE FE 03 09 CA 90 
2026-03-19 14:32:42.553 DEBU [pymycobot.common] _read : FE FE 04 09 0D 68 BA
2026-03-19 14:32:42.554 DEBU [pymycobot.common] _write: FE FE 03 09 CA 90 
2026-03-19 14:32:42.563 DEBU [pymycobot.common] _read : FE FE 04 09 0D 68 BA
2026-03-19 14:32:42.564 DEBU [pymycobot.common] _write: FE FE 03 09 CA 90 
2026-03-19 14:32:42.573 DEBU [pymycobot.common] _read : FE FE 04 09 0D 68 BA
2026-03-19 14:32:42.574 DEBU [pymycobot.common] _write: FE FE 03 09 CA 90 
2026-03-19 14:32:42.584 DEBU [pymycobot.common] _read : FE FE 04 09 0D 68 BA
2026-03-19 14:32:42.585 DEBU [pymycobot.common] _write: FE FE 03 09 CA 90 
2026-03-19 14:32:42.594 DEBU [pymycobot.common] _read : FE FE 04 09 0D 68 BA
2026-03-19 14:32:42.594 DEBU [pymycobot.common] _write: FE FE 03 09 CA 90 
2026-03-19 14:32:42.604 DEBU [pymycobot.common] _read : FE FE 04 09 0D 68 BA
2026-03-19 14:32:42.605 DEBU [pymycobot.common] _write: FE FE 03 09 CA 90 
2026-03-19 14:32:42.615 DEBU [pymycobot.common] _read : FE FE 04 09 0D 68 BA
2026-03-19 14:32:42.616 DEBU [pymycobot.common] _write: FE FE 03 09 CA 90 
2026-03-19 14:32:42.626 DEBU [pymycobot.common] _read : FE FE 04 09 0D 68 BA
2026-03-19 14:32:42.627 DEBU [pymycobot.common] _write: FE FE 03 09 CA 90 
2026-03-19 14:32:42.635 DEBU [pymycobot.common] _read : FE FE 04 09 0D 68 BA
2026-03-19 14:32:42.636 DEBU [pymycobot.common] _write: FE FE 03 09 CA 90 
2026-03-19 14:32:42.646 DEBU [pymycobot.common] _read : FE FE 04 09 0D 68 BA
2026-03-19 14:32:42.647 DEBU [pymycobot.common] _write: FE FE 03 09 CA 90 
2026-03-19 14:32:42.657 DEBU [pymycobot.common] _read : FE FE 04 09 0D 68 BA
2026-03-19 14:32:42.658 DEBU [pymycobot.common] _write: FE FE 03 09 CA 90 
2026-03-19 14:32:42.666 DEBU [pymycobot.common] _read : FE FE 04 09 0D 68 BA
2026-03-19 14:32:42.667 DEBU [pymycobot.common] _write: FE FE 03 09 CA 90 
2026-03-19 14:32:42.677 DEBU [pymycobot.common] _read : FE FE 04 09 0D 68 BA
2026-03-19 14:32:42.678 DEBU [pymycobot.common] _write: FE FE 03 09 CA 90 
2026-03-19 14:32:42.689 DEBU [pymycobot.common] _read : FE FE 04 09 0D 68 BA
2026-03-19 14:32:42.690 DEBU [pymycobot.common] _write: FE FE 03 09 CA 90 
2026-03-19 14:32:42.699 DEBU [pymycobot.common] _read : FE FE 04 09 0D 68 BA
2026-03-19 14:32:42.700 DEBU [pymycobot.common] _write: FE FE 03 09 CA 90 
2026-03-19 14:32:42.711 DEBU [pymycobot.common] _read : FE FE 04 09 0D 68 BA
2026-03-19 14:32:42.711 DEBU [pymycobot.common] _write: FE FE 03 09 CA 90 
2026-03-19 14:32:42.720 DEBU [pymycobot.common] _read : FE FE 04 09 0D 68 BA
2026-03-19 14:32:42.721 DEBU [pymycobot.common] _write: FE FE 03 09 CA 90 
2026-03-19 14:32:42.731 DEBU [pymycobot.common] _read : FE FE 04 09 0D 68 BA
2026-03-19 14:32:42.732 DEBU [pymycobot.common] _write: FE FE 03 09 CA 90 
2026-03-19 14:32:42.741 DEBU [pymycobot.common] _read : FE FE 04 09 0D 68 BA
2026-03-19 14:32:42.742 DEBU [pymycobot.common] _write: FE FE 03 09 CA 90 
2026-03-19 14:32:42.753 DEBU [pymycobot.common] _read : FE FE 04 09 0D 68 BA
2026-03-19 14:32:42.755 DEBU [pymycobot.common] _write: FE FE 03 09 CA 90 
2026-03-19 14:32:42.764 DEBU [pymycobot.common] _read : FE FE 04 09 0D 68 BA
2026-03-19 14:32:42.765 DEBU [pymycobot.common] _write: FE FE 03 09 CA 90 
2026-03-19 14:32:42.776 DEBU [pymycobot.common] _read : FE FE 04 09 0D 68 BA
2026-03-19 14:32:42.776 DEBU [pymycobot.common] _write: FE FE 03 09 CA 90 
2026-03-19 14:32:42.785 DEBU [pymycobot.common] _read : FE FE 04 09 0D 68 BA
2026-03-19 14:32:42.787 DEBU [pymycobot.common] _write: FE FE 03 09 CA 90 
2026-03-19 14:32:42.796 DEBU [pymycobot.common] _read : FE FE 04 09 0D 68 BA
2026-03-19 14:32:42.796 DEBU [pymycobot.common] _write: FE FE 03 09 CA 90 
2026-03-19 14:32:42.807 DEBU [pymycobot.common] _read : FE FE 04 09 0D 68 BA
2026-03-19 14:32:42.808 DEBU [pymycobot.common] _write: FE FE 03 09 CA 90 
2026-03-19 14:32:42.817 DEBU [pymycobot.common] _read : FE FE 04 09 0D 68 BA
2026-03-19 14:32:42.818 DEBU [pymycobot.common] _write: FE FE 03 09 CA 90 
2026-03-19 14:32:42.828 DEBU [pymycobot.common] _read : FE FE 04 09 0D 68 BA
2026-03-19 14:32:42.829 DEBU [pymycobot.common] _write: FE FE 03 09 CA 90 
2026-03-19 14:32:42.837 DEBU [pymycobot.common] _read : FE FE 04 09 0D 68 BA
2026-03-19 14:32:42.839 DEBU [pymycobot.common] _write: FE FE 03 09 CA 90 
2026-03-19 14:32:42.848 DEBU [pymycobot.common] _read : FE FE 04 09 0D 68 BA
2026-03-19 14:32:42.848 DEBU [pymycobot.common] _write: FE FE 03 09 CA 90 
2026-03-19 14:32:42.859 DEBU [pymycobot.common] _read : FE FE 04 09 0D 68 BA
2026-03-19 14:32:42.859 DEBU [pymycobot.common] _write: FE FE 03 09 CA 90 
2026-03-19 14:32:42.869 DEBU [pymycobot.common] _read : FE FE 04 09 0D 68 BA
2026-03-19 14:32:42.869 DEBU [pymycobot.common] _write: FE FE 03 09 CA 90 
2026-03-19 14:32:42.879 DEBU [pymycobot.common] _read : FE FE 04 09 0D 68 BA
2026-03-19 14:32:42.880 DEBU [pymycobot.common] _write: FE FE 03 09 CA 90 
2026-03-19 14:32:42.888 DEBU [pymycobot.common] _read : FE FE 04 09 0D 68 BA
2026-03-19 14:32:42.889 DEBU [pymycobot.common] _write: FE FE 03 09 CA 90 
2026-03-19 14:32:42.899 DEBU [pymycobot.common] _read : FE FE 04 09 0D 68 BA
2026-03-19 14:32:42.900 DEBU [pymycobot.common] _write: FE FE 03 09 CA 90 
2026-03-19 14:32:42.910 DEBU [pymycobot.common] _read : FE FE 04 09 0D 68 BA
2026-03-19 14:32:42.910 DEBU [pymycobot.common] _write: FE FE 03 09 CA 90 
2026-03-19 14:32:42.921 DEBU [pymycobot.common] _read : FE FE 04 09 0D 68 BA
2026-03-19 14:32:42.923 DEBU [pymycobot.common] _write: FE FE 03 09 CA 90 
2026-03-19 14:32:42.931 DEBU [pymycobot.common] _read : FE FE 04 09 0D 68 BA
2026-03-19 14:32:42.932 DEBU [pymycobot.common] _write: FE FE 03 09 CA 90 
2026-03-19 14:32:42.942 DEBU [pymycobot.common] _read : FE FE 04 09 0D 68 BA
2026-03-19 14:32:42.943 DEBU [pymycobot.common] _write: FE FE 03 09 CA 90 
2026-03-19 14:32:42.951 DEBU [pymycobot.common] _read : FE FE 04 09 0D 68 BA
2026-03-19 14:32:42.952 DEBU [pymycobot.common] _write: FE FE 03 09 CA 90 
2026-03-19 14:32:42.962 DEBU [pymycobot.common] _read : FE FE 04 09 0D 68 BA
2026-03-19 14:32:42.963 DEBU [pymycobot.common] _write: FE FE 03 09 CA 90 
2026-03-19 14:32:42.973 DEBU [pymycobot.common] _read : FE FE 04 09 0D 68 BA
2026-03-19 14:32:42.975 DEBU [pymycobot.common] _write: FE FE 03 09 CA 90 
2026-03-19 14:32:42.983 DEBU [pymycobot.common] _read : FE FE 04 09 0D 68 BA
2026-03-19 14:32:42.983 DEBU [pymycobot.common] _write: FE FE 03 09 CA 90 
2026-03-19 14:32:42.994 DEBU [pymycobot.common] _read : FE FE 04 09 0D 68 BA
2026-03-19 14:32:42.995 DEBU [pymycobot.common] _write: FE FE 03 09 CA 90 
2026-03-19 14:32:43.004 DEBU [pymycobot.common] _read : FE FE 04 09 0D 68 BA
2026-03-19 14:32:43.006 DEBU [pymycobot.common] _write: FE FE 03 09 CA 90 
2026-03-19 14:32:43.014 DEBU [pymycobot.common] _read : FE FE 04 09 0D 68 BA
2026-03-19 14:32:43.015 DEBU [pymycobot.common] _write: FE FE 03 09 CA 90 
2026-03-19 14:32:43.025 DEBU [pymycobot.common] _read : FE FE 04 09 0D 68 BA
2026-03-19 14:32:43.026 DEBU [pymycobot.common] _write: FE FE 03 09 CA 90 
2026-03-19 14:32:43.036 DEBU [pymycobot.common] _read : FE FE 04 09 0D 68 BA
2026-03-19 14:32:43.036 DEBU [pymycobot.common] _write: FE FE 03 09 CA 90 
2026-03-19 14:32:43.046 DEBU [pymycobot.common] _read : FE FE 04 09 0D 68 BA
2026-03-19 14:32:43.046 DEBU [pymycobot.common] _write: FE FE 03 09 CA 90 
2026-03-19 14:32:43.056 DEBU [pymycobot.common] _read : FE FE 04 09 0D 68 BA
2026-03-19 14:32:43.057 DEBU [pymycobot.common] _write: FE FE 03 09 CA 90 
2026-03-19 14:32:43.066 DEBU [pymycobot.common] _read : FE FE 04 09 0D 68 BA
2026-03-19 14:32:43.067 DEBU [pymycobot.common] _write: FE FE 03 09 CA 90 
2026-03-19 14:32:43.077 DEBU [pymycobot.common] _read : FE FE 04 09 0D 68 BA
2026-03-19 14:32:43.078 DEBU [pymycobot.common] _write: FE FE 03 09 CA 90 
2026-03-19 14:32:43.087 DEBU [pymycobot.common] _read : FE FE 04 09 0D 68 BA
2026-03-19 14:32:43.088 DEBU [pymycobot.common] _write: FE FE 03 09 CA 90 
2026-03-19 14:32:43.097 DEBU [pymycobot.common] _read : FE FE 04 09 0D 68 BA
2026-03-19 14:32:43.098 DEBU [pymycobot.common] _write: FE FE 03 09 CA 90 
2026-03-19 14:32:43.108 DEBU [pymycobot.common] _read : FE FE 04 09 0D 68 BA
2026-03-19 14:32:43.108 DEBU [pymycobot.common] _write: FE FE 03 09 CA 90 
2026-03-19 14:32:43.119 DEBU [pymycobot.common] _read : FE FE 04 09 0D 68 BA
2026-03-19 14:32:43.119 DEBU [pymycobot.common] _write: FE FE 03 09 CA 90 
2026-03-19 14:32:43.129 DEBU [pymycobot.common] _read : FE FE 04 09 0D 68 BA
2026-03-19 14:32:43.131 DEBU [pymycobot.common] _write: FE FE 03 09 CA 90 
2026-03-19 14:32:43.138 DEBU [pymycobot.common] _read : FE FE 04 09 0D 68 BA
2026-03-19 14:32:43.139 DEBU [pymycobot.common] _write: FE FE 03 09 CA 90 
2026-03-19 14:32:43.150 DEBU [pymycobot.common] _read : FE FE 04 09 0D 68 BA
2026-03-19 14:32:43.150 DEBU [pymycobot.common] _write: FE FE 03 09 CA 90 
2026-03-19 14:32:43.160 DEBU [pymycobot.common] _read : FE FE 04 09 0D 68 BA
2026-03-19 14:32:43.161 DEBU [pymycobot.common] _write: FE FE 03 09 CA 90 
2026-03-19 14:32:43.170 DEBU [pymycobot.common] _read : FE FE 04 09 0D 68 BA
2026-03-19 14:32:43.171 DEBU [pymycobot.common] _write: FE FE 03 09 CA 90 
2026-03-19 14:32:43.181 DEBU [pymycobot.common] _read : FE FE 04 09 0D 68 BA
2026-03-19 14:32:43.181 DEBU [pymycobot.common] _write: FE FE 03 09 CA 90 
2026-03-19 14:32:43.190 DEBU [pymycobot.common] _read : FE FE 04 09 0D 68 BA
2026-03-19 14:32:43.191 DEBU [pymycobot.common] _write: FE FE 03 09 CA 90 
2026-03-19 14:32:43.202 DEBU [pymycobot.common] _read : FE FE 04 09 0D 68 BA
2026-03-19 14:32:43.202 DEBU [pymycobot.common] _write: FE FE 03 09 CA 90 
2026-03-19 14:32:43.211 DEBU [pymycobot.common] _read : FE FE 04 09 0D 68 BA
2026-03-19 14:32:43.212 DEBU [pymycobot.common] _write: FE FE 03 09 CA 90 
2026-03-19 14:32:43.222 DEBU [pymycobot.common] _read : FE FE 04 09 0D 68 BA
2026-03-19 14:32:43.224 DEBU [pymycobot.common] _write: FE FE 03 09 CA 90 
2026-03-19 14:32:43.233 DEBU [pymycobot.common] _read : FE FE 04 09 0D 68 BA
2026-03-19 14:32:43.233 DEBU [pymycobot.common] _write: FE FE 03 09 CA 90 
2026-03-19 14:32:43.243 DEBU [pymycobot.common] _read : FE FE 04 09 0D 68 BA
2026-03-19 14:32:43.243 DEBU [pymycobot.common] _write: FE FE 03 09 CA 90 
2026-03-19 14:32:43.253 DEBU [pymycobot.common] _read : FE FE 04 09 0D 68 BA
2026-03-19 14:32:43.253 DEBU [pymycobot.common] _write: FE FE 03 09 CA 90 
2026-03-19 14:32:43.264 DEBU [pymycobot.common] _read : FE FE 04 09 0D 68 BA
2026-03-19 14:32:43.264 DEBU [pymycobot.common] _write: FE FE 03 09 CA 90 
2026-03-19 14:32:43.273 DEBU [pymycobot.common] _read : FE FE 04 09 0D 68 BA
2026-03-19 14:32:43.274 DEBU [pymycobot.common] _write: FE FE 03 09 CA 90 
2026-03-19 14:32:43.284 DEBU [pymycobot.common] _read : FE FE 04 09 0D 68 BA
2026-03-19 14:32:43.285 DEBU [pymycobot.common] _write: FE FE 03 09 CA 90 
2026-03-19 14:32:43.295 DEBU [pymycobot.common] _read : FE FE 04 09 0D 68 BA
2026-03-19 14:32:43.296 DEBU [pymycobot.common] _write: FE FE 03 09 CA 90 
2026-03-19 14:32:43.305 DEBU [pymycobot.common] _read : FE FE 04 09 0D 68 BA
2026-03-19 14:32:43.306 DEBU [pymycobot.common] _write: FE FE 03 09 CA 90 
2026-03-19 14:32:43.316 DEBU [pymycobot.common] _read : FE FE 04 09 0D 68 BA
2026-03-19 14:32:43.316 DEBU [pymycobot.common] _write: FE FE 03 09 CA 90 
2026-03-19 14:32:43.327 DEBU [pymycobot.common] _read : FE FE 04 09 0D 68 BA
2026-03-19 14:32:43.328 DEBU [pymycobot.common] _write: FE FE 03 09 CA 90 
2026-03-19 14:32:43.337 DEBU [pymycobot.common] _read : FE FE 04 09 0D 68 BA
2026-03-19 14:32:43.337 DEBU [pymycobot.common] _write: FE FE 03 09 CA 90 
2026-03-19 14:32:43.347 DEBU [pymycobot.common] _read : FE FE 04 09 0D 68 BA
2026-03-19 14:32:43.347 DEBU [pymycobot.common] _write: FE FE 03 09 CA 90 
2026-03-19 14:32:43.357 DEBU [pymycobot.common] _read : FE FE 04 09 0D 68 BA
2026-03-19 14:32:43.358 DEBU [pymycobot.common] _write: FE FE 03 09 CA 90 
2026-03-19 14:32:43.368 DEBU [pymycobot.common] _read : FE FE 04 09 0D 68 BA
2026-03-19 14:32:43.369 DEBU [pymycobot.common] _write: FE FE 03 09 CA 90 
2026-03-19 14:32:43.378 DEBU [pymycobot.common] _read : FE FE 04 09 0D 68 BA
2026-03-19 14:32:43.379 DEBU [pymycobot.common] _write: FE FE 03 09 CA 90 
2026-03-19 14:32:43.389 DEBU [pymycobot.common] _read : FE FE 04 09 0D 68 BA
2026-03-19 14:32:43.389 DEBU [pymycobot.common] _write: FE FE 03 09 CA 90 
2026-03-19 14:32:43.398 DEBU [pymycobot.common] _read : FE FE 04 09 0D 68 BA
2026-03-19 14:32:43.398 DEBU [pymycobot.common] _write: FE FE 03 09 CA 90 
2026-03-19 14:32:43.409 DEBU [pymycobot.common] _read : FE FE 04 09 0D 68 BA
2026-03-19 14:32:43.409 DEBU [pymycobot.common] _write: FE FE 03 09 CA 90 
2026-03-19 14:32:43.420 DEBU [pymycobot.common] _read : FE FE 04 09 0D 68 BA
2026-03-19 14:32:43.421 DEBU [pymycobot.common] _write: FE FE 03 09 CA 90 
2026-03-19 14:32:43.433 DEBU [pymycobot.common] _read : FE FE 04 09 0D 68 BA
2026-03-19 14:32:43.434 DEBU [pymycobot.common] _write: FE FE 03 09 CA 90 
2026-03-19 14:32:43.447 DEBU [pymycobot.common] _read : FE FE 04 09 0D 68 BA
2026-03-19 14:32:43.448 DEBU [pymycobot.common] _write: FE FE 03 09 CA 90 
2026-03-19 14:32:43.457 DEBU [pymycobot.common] _read : FE FE 04 09 0D 68 BA
2026-03-19 14:32:43.458 DEBU [pymycobot.common] _write: FE FE 03 09 CA 90 
2026-03-19 14:32:43.467 DEBU [pymycobot.common] _read : FE FE 04 09 0D 68 BA
2026-03-19 14:32:43.467 DEBU [pymycobot.common] _write: FE FE 03 09 CA 90 
2026-03-19 14:32:43.477 DEBU [pymycobot.common] _read : FE FE 04 09 0D 68 BA
2026-03-19 14:32:43.477 DEBU [pymycobot.common] _write: FE FE 03 09 CA 90 
2026-03-19 14:32:43.488 DEBU [pymycobot.common] _read : FE FE 04 09 0D 68 BA
2026-03-19 14:32:43.489 DEBU [pymycobot.common] _write: FE FE 03 09 CA 90 
2026-03-19 14:32:43.498 DEBU [pymycobot.common] _read : FE FE 04 09 0D 68 BA
2026-03-19 14:32:43.498 DEBU [pymycobot.common] _write: FE FE 03 09 CA 90 
2026-03-19 14:32:43.508 DEBU [pymycobot.common] _read : FE FE 04 09 0D 68 BA
2026-03-19 14:32:43.509 DEBU [pymycobot.common] _write: FE FE 03 09 CA 90 
2026-03-19 14:32:43.519 DEBU [pymycobot.common] _read : FE FE 04 09 0D 68 BA
2026-03-19 14:32:43.519 DEBU [pymycobot.common] _write: FE FE 03 09 CA 90 
2026-03-19 14:32:43.529 DEBU [pymycobot.common] _read : FE FE 04 09 0D 68 BA
2026-03-19 14:32:43.530 DEBU [pymycobot.common] _write: FE FE 03 09 CA 90 
2026-03-19 14:32:43.539 DEBU [pymycobot.common] _read : FE FE 04 09 0D 68 BA
2026-03-19 14:32:43.539 DEBU [pymycobot.common] _write: FE FE 03 09 CA 90 
2026-03-19 14:32:43.549 DEBU [pymycobot.common] _read : FE FE 04 09 0D 68 BA
2026-03-19 14:32:43.550 DEBU [pymycobot.common] _write: FE FE 03 09 CA 90 
2026-03-19 14:32:43.560 DEBU [pymycobot.common] _read : FE FE 04 09 0D 68 BA
2026-03-19 14:32:43.560 DEBU [pymycobot.common] _write: FE FE 03 09 CA 90 
2026-03-19 14:32:43.570 DEBU [pymycobot.common] _read : FE FE 04 09 0D 68 BA
2026-03-19 14:32:43.571 DEBU [pymycobot.common] _write: FE FE 03 09 CA 90 
2026-03-19 14:32:43.585 DEBU [pymycobot.common] _read : FE FE 04 09 0D 68 BA
2026-03-19 14:32:43.587 DEBU [pymycobot.common] _write: FE FE 03 09 CA 90 
2026-03-19 14:32:43.596 DEBU [pymycobot.common] _read : FE FE 04 09 0D 68 BA
2026-03-19 14:32:43.598 DEBU [pymycobot.common] _write: FE FE 03 09 CA 90 
2026-03-19 14:32:43.606 DEBU [pymycobot.common] _read : FE FE 04 09 0D 68 BA
2026-03-19 14:32:43.607 DEBU [pymycobot.common] _write: FE FE 03 09 CA 90 
2026-03-19 14:32:43.617 DEBU [pymycobot.common] _read : FE FE 04 09 0D 68 BA
2026-03-19 14:32:43.619 DEBU [pymycobot.common] _write: FE FE 03 09 CA 90 
2026-03-19 14:32:43.627 DEBU [pymycobot.common] _read : FE FE 04 09 0D 68 BA
2026-03-19 14:32:43.628 DEBU [pymycobot.common] _write: FE FE 03 09 CA 90 
2026-03-19 14:32:43.637 DEBU [pymycobot.common] _read : FE FE 04 09 0D 68 BA
2026-03-19 14:32:43.638 DEBU [pymycobot.common] _write: FE FE 03 09 CA 90 
2026-03-19 14:32:43.649 DEBU [pymycobot.common] _read : FE FE 04 09 0D 68 BA
2026-03-19 14:32:43.650 DEBU [pymycobot.common] _write: FE FE 03 09 CA 90 
2026-03-19 14:32:43.660 DEBU [pymycobot.common] _read : FE FE 04 09 0D 68 BA
2026-03-19 14:32:43.661 DEBU [pymycobot.common] _write: FE FE 03 09 CA 90 
2026-03-19 14:32:43.670 DEBU [pymycobot.common] _read : FE FE 04 09 0D 68 BA
2026-03-19 14:32:43.670 DEBU [pymycobot.common] _write: FE FE 03 09 CA 90 
2026-03-19 14:32:43.680 DEBU [pymycobot.common] _read : FE FE 04 09 0D 68 BA
2026-03-19 14:32:43.680 DEBU [pymycobot.common] _write: FE FE 03 09 CA 90 
2026-03-19 14:32:43.690 DEBU [pymycobot.common] _read : FE FE 04 09 0D 68 BA
2026-03-19 14:32:43.691 DEBU [pymycobot.common] _write: FE FE 03 09 CA 90 
2026-03-19 14:32:43.700 DEBU [pymycobot.common] _read : FE FE 04 09 0D 68 BA
2026-03-19 14:32:43.700 DEBU [pymycobot.common] _write: FE FE 03 09 CA 90 
2026-03-19 14:32:43.710 DEBU [pymycobot.common] _read : FE FE 04 09 0D 68 BA
2026-03-19 14:32:43.711 DEBU [pymycobot.common] _write: FE FE 03 09 CA 90 
2026-03-19 14:32:43.721 DEBU [pymycobot.common] _read : FE FE 04 09 0D 68 BA
2026-03-19 14:32:43.722 DEBU [pymycobot.common] _write: FE FE 03 09 CA 90 
2026-03-19 14:32:43.732 DEBU [pymycobot.common] _read : FE FE 04 09 0D 68 BA
2026-03-19 14:32:43.733 DEBU [pymycobot.common] _write: FE FE 03 09 CA 90 
2026-03-19 14:32:43.742 DEBU [pymycobot.common] _read : FE FE 04 09 0D 68 BA
2026-03-19 14:32:43.743 DEBU [pymycobot.common] _write: FE FE 03 09 CA 90 
2026-03-19 14:32:43.752 DEBU [pymycobot.common] _read : FE FE 04 09 0D 68 BA
2026-03-19 14:32:43.753 DEBU [pymycobot.common] _write: FE FE 03 09 CA 90 
2026-03-19 14:32:43.763 DEBU [pymycobot.common] _read : FE FE 04 09 0D 68 BA
2026-03-19 14:32:43.764 DEBU [pymycobot.common] _write: FE FE 03 09 CA 90 
2026-03-19 14:32:43.772 DEBU [pymycobot.common] _read : FE FE 04 09 0D 68 BA
2026-03-19 14:32:43.774 DEBU [pymycobot.common] _write: FE FE 03 09 CA 90 
2026-03-19 14:32:43.783 DEBU [pymycobot.common] _read : FE FE 04 09 0D 68 BA
2026-03-19 14:32:43.784 DEBU [pymycobot.common] _write: FE FE 03 09 CA 90 
2026-03-19 14:32:43.794 DEBU [pymycobot.common] _read : FE FE 04 09 0D 68 BA
2026-03-19 14:32:43.794 DEBU [pymycobot.common] _write: FE FE 03 09 CA 90 
2026-03-19 14:32:43.804 DEBU [pymycobot.common] _read : FE FE 04 09 0D 68 BA
2026-03-19 14:32:43.805 DEBU [pymycobot.common] _write: FE FE 03 09 CA 90 
2026-03-19 14:32:43.816 DEBU [pymycobot.common] _read : FE FE 04 09 0D 68 BA
2026-03-19 14:32:43.816 DEBU [pymycobot.common] _write: FE FE 03 09 CA 90 
2026-03-19 14:32:43.824 DEBU [pymycobot.common] _read : FE FE 04 09 0D 68 BA
2026-03-19 14:32:43.825 DEBU [pymycobot.common] _write: FE FE 03 09 CA 90 
2026-03-19 14:32:43.836 DEBU [pymycobot.common] _read : FE FE 04 09 0D 68 BA
2026-03-19 14:32:43.836 DEBU [pymycobot.common] _write: FE FE 03 09 CA 90 
2026-03-19 14:32:43.847 DEBU [pymycobot.common] _read : FE FE 04 09 0D 68 BA
2026-03-19 14:32:43.847 DEBU [pymycobot.common] _write: FE FE 03 09 CA 90 
2026-03-19 14:32:43.855 DEBU [pymycobot.common] _read : FE FE 04 09 0D 68 BA
2026-03-19 14:32:43.856 DEBU [pymycobot.common] _write: FE FE 03 09 CA 90 
2026-03-19 14:32:43.866 DEBU [pymycobot.common] _read : FE FE 04 09 0D 68 BA
2026-03-19 14:32:43.866 DEBU [pymycobot.common] _write: FE FE 03 09 CA 90 
2026-03-19 14:32:43.876 DEBU [pymycobot.common] _read : FE FE 04 09 0D 68 BA
2026-03-19 14:32:43.877 DEBU [pymycobot.common] _write: FE FE 03 09 CA 90 
2026-03-19 14:32:43.886 DEBU [pymycobot.common] _read : FE FE 04 09 0D 68 BA
2026-03-19 14:32:43.887 DEBU [pymycobot.common] _write: FE FE 03 09 CA 90 
2026-03-19 14:32:43.897 DEBU [pymycobot.common] _read : FE FE 04 09 0D 68 BA
2026-03-19 14:32:43.898 DEBU [pymycobot.common] _write: FE FE 03 09 CA 90 
2026-03-19 14:32:43.907 DEBU [pymycobot.common] _read : FE FE 04 09 0D 68 BA
2026-03-19 14:32:43.908 DEBU [pymycobot.common] _write: FE FE 03 09 CA 90 
2026-03-19 14:32:43.917 DEBU [pymycobot.common] _read : FE FE 04 09 0D 68 BA
2026-03-19 14:32:43.917 DEBU [pymycobot.common] _write: FE FE 03 09 CA 90 
2026-03-19 14:32:43.928 DEBU [pymycobot.common] _read : FE FE 04 09 0D 68 BA
2026-03-19 14:32:43.929 DEBU [pymycobot.common] _write: FE FE 03 09 CA 90 
2026-03-19 14:32:43.937 DEBU [pymycobot.common] _read : FE FE 04 09 0D 68 BA
2026-03-19 14:32:43.937 DEBU [pymycobot.common] _write: FE FE 03 09 CA 90 
2026-03-19 14:32:43.949 DEBU [pymycobot.common] _read : FE FE 04 09 0D 68 BA
2026-03-19 14:32:43.949 DEBU [pymycobot.common] _write: FE FE 03 09 CA 90 
2026-03-19 14:32:43.959 DEBU [pymycobot.common] _read : FE FE 04 09 0D 68 BA
2026-03-19 14:32:43.960 DEBU [pymycobot.common] _write: FE FE 03 09 CA 90 
2026-03-19 14:32:43.970 DEBU [pymycobot.common] _read : FE FE 04 09 0D 68 BA
2026-03-19 14:32:43.971 DEBU [pymycobot.common] _write: FE FE 03 09 CA 90 
2026-03-19 14:32:43.981 DEBU [pymycobot.common] _read : FE FE 04 09 0D 68 BA
2026-03-19 14:32:43.981 DEBU [pymycobot.common] _write: FE FE 03 09 CA 90 
2026-03-19 14:32:43.990 DEBU [pymycobot.common] _read : FE FE 04 09 0D 68 BA
2026-03-19 14:32:43.991 DEBU [pymycobot.common] _write: FE FE 03 09 CA 90 
2026-03-19 14:32:44.001 DEBU [pymycobot.common] _read : FE FE 04 09 0D 68 BA
2026-03-19 14:32:44.001 DEBU [pymycobot.common] _write: FE FE 03 09 CA 90 
2026-03-19 14:32:44.011 DEBU [pymycobot.common] _read : FE FE 04 09 0D 68 BA
2026-03-19 14:32:44.012 DEBU [pymycobot.common] _write: FE FE 03 09 CA 90 
2026-03-19 14:32:44.021 DEBU [pymycobot.common] _read : FE FE 04 09 0D 68 BA
2026-03-19 14:32:44.023 DEBU [pymycobot.common] _write: FE FE 03 09 CA 90 
2026-03-19 14:32:44.032 DEBU [pymycobot.common] _read : FE FE 04 09 0D 68 BA
2026-03-19 14:32:44.032 DEBU [pymycobot.common] _write: FE FE 03 09 CA 90 
2026-03-19 14:32:44.042 DEBU [pymycobot.common] _read : FE FE 04 09 0D 68 BA
2026-03-19 14:32:44.042 DEBU [pymycobot.common] _write: FE FE 03 09 CA 90 
2026-03-19 14:32:44.052 DEBU [pymycobot.common] _read : FE FE 04 09 0D 68 BA
2026-03-19 14:32:44.053 DEBU [pymycobot.common] _write: FE FE 03 09 CA 90 
2026-03-19 14:32:44.062 DEBU [pymycobot.common] _read : FE FE 04 09 0D 68 BA
2026-03-19 14:32:44.063 DEBU [pymycobot.common] _write: FE FE 03 09 CA 90 
2026-03-19 14:32:44.074 DEBU [pymycobot.common] _read : FE FE 04 09 0D 68 BA
2026-03-19 14:32:44.075 DEBU [pymycobot.common] _write: FE FE 03 09 CA 90 
2026-03-19 14:32:44.083 DEBU [pymycobot.common] _read : FE FE 04 09 0D 68 BA
2026-03-19 14:32:44.083 DEBU [pymycobot.common] _write: FE FE 03 09 CA 90 
2026-03-19 14:32:44.094 DEBU [pymycobot.common] _read : FE FE 04 09 0D 68 BA
2026-03-19 14:32:44.094 DEBU [pymycobot.common] _write: FE FE 03 09 CA 90 
2026-03-19 14:32:44.105 DEBU [pymycobot.common] _read : FE FE 04 09 0D 68 BA
2026-03-19 14:32:44.106 DEBU [pymycobot.common] _write: FE FE 03 09 CA 90 
2026-03-19 14:32:44.114 DEBU [pymycobot.common] _read : FE FE 04 09 0D 68 BA
2026-03-19 14:32:44.115 DEBU [pymycobot.common] _write: FE FE 03 09 CA 90 
2026-03-19 14:32:44.126 DEBU [pymycobot.common] _read : FE FE 04 09 0D 68 BA
2026-03-19 14:32:44.127 DEBU [pymycobot.common] _write: FE FE 03 09 CA 90 
2026-03-19 14:32:44.135 DEBU [pymycobot.common] _read : FE FE 04 09 0D 68 BA
2026-03-19 14:32:44.136 DEBU [pymycobot.common] _write: FE FE 03 09 CA 90 
2026-03-19 14:32:44.146 DEBU [pymycobot.common] _read : FE FE 04 09 0D 68 BA
2026-03-19 14:32:44.147 DEBU [pymycobot.common] _write: FE FE 03 09 CA 90 
2026-03-19 14:32:44.155 DEBU [pymycobot.common] _read : FE FE 04 09 0D 68 BA
2026-03-19 14:32:44.156 DEBU [pymycobot.common] _write: FE FE 03 09 CA 90 
2026-03-19 14:32:44.167 DEBU [pymycobot.common] _read : FE FE 04 09 0D 68 BA
2026-03-19 14:32:44.167 DEBU [pymycobot.common] _write: FE FE 03 09 CA 90 
2026-03-19 14:32:44.176 DEBU [pymycobot.common] _read : FE FE 04 09 0D 68 BA
2026-03-19 14:32:44.177 DEBU [pymycobot.common] _write: FE FE 03 09 CA 90 
2026-03-19 14:32:44.187 DEBU [pymycobot.common] _read : FE FE 04 09 0D 68 BA
2026-03-19 14:32:44.188 DEBU [pymycobot.common] _write: FE FE 03 09 CA 90 
2026-03-19 14:32:44.198 DEBU [pymycobot.common] _read : FE FE 04 09 0D 68 BA
2026-03-19 14:32:44.198 DEBU [pymycobot.common] _write: FE FE 03 09 CA 90 
2026-03-19 14:32:44.207 DEBU [pymycobot.common] _read : FE FE 04 09 0D 68 BA
2026-03-19 14:32:44.208 DEBU [pymycobot.common] _write: FE FE 03 09 CA 90 
2026-03-19 14:32:44.218 DEBU [pymycobot.common] _read : FE FE 04 09 0D 68 BA
2026-03-19 14:32:44.219 DEBU [pymycobot.common] _write: FE FE 03 09 CA 90 
2026-03-19 14:32:44.228 DEBU [pymycobot.common] _read : FE FE 04 09 0D 68 BA
2026-03-19 14:32:44.229 DEBU [pymycobot.common] _write: FE FE 03 09 CA 90 
2026-03-19 14:32:44.238 DEBU [pymycobot.common] _read : FE FE 04 09 0D 68 BA
2026-03-19 14:32:44.239 DEBU [pymycobot.common] _write: FE FE 03 09 CA 90 
2026-03-19 14:32:44.250 DEBU [pymycobot.common] _read : FE FE 04 09 0D 68 BA
2026-03-19 14:32:44.250 DEBU [pymycobot.common] _write: FE FE 03 09 CA 90 
2026-03-19 14:32:44.261 DEBU [pymycobot.common] _read : FE FE 04 09 0D 68 BA
2026-03-19 14:32:44.262 DEBU [pymycobot.common] _write: FE FE 03 09 CA 90 
2026-03-19 14:32:44.270 DEBU [pymycobot.common] _read : FE FE 04 09 0D 68 BA
2026-03-19 14:32:44.272 DEBU [pymycobot.common] _write: FE FE 03 09 CA 90 
2026-03-19 14:32:44.281 DEBU [pymycobot.common] _read : FE FE 04 09 0D 68 BA
2026-03-19 14:32:44.282 DEBU [pymycobot.common] _write: FE FE 03 09 CA 90 
2026-03-19 14:32:44.292 DEBU [pymycobot.common] _read : FE FE 04 09 0D 68 BA
2026-03-19 14:32:44.293 DEBU [pymycobot.common] _write: FE FE 03 09 CA 90 
2026-03-19 14:32:44.301 DEBU [pymycobot.common] _read : FE FE 04 09 0D 68 BA
2026-03-19 14:32:44.301 DEBU [pymycobot.common] _write: FE FE 03 09 CA 90 
2026-03-19 14:32:44.312 DEBU [pymycobot.common] _read : FE FE 04 09 0D 68 BA
2026-03-19 14:32:44.313 DEBU [pymycobot.common] _write: FE FE 03 09 CA 90 
2026-03-19 14:32:44.322 DEBU [pymycobot.common] _read : FE FE 04 09 0D 68 BA
2026-03-19 14:32:44.323 DEBU [pymycobot.common] _write: FE FE 03 09 CA 90 
2026-03-19 14:32:44.333 DEBU [pymycobot.common] _read : FE FE 04 09 0D 68 BA
2026-03-19 14:32:44.334 DEBU [pymycobot.common] _write: FE FE 03 09 CA 90 
2026-03-19 14:32:44.344 DEBU [pymycobot.common] _read : FE FE 04 09 0D 68 BA
2026-03-19 14:32:44.344 DEBU [pymycobot.common] _write: FE FE 03 09 CA 90 
2026-03-19 14:32:44.353 DEBU [pymycobot.common] _read : FE FE 04 09 0D 68 BA
2026-03-19 14:32:44.354 DEBU [pymycobot.common] _write: FE FE 03 09 CA 90 
2026-03-19 14:32:44.364 DEBU [pymycobot.common] _read : FE FE 04 09 0D 68 BA
2026-03-19 14:32:44.365 DEBU [pymycobot.common] _write: FE FE 03 09 CA 90 
2026-03-19 14:32:44.375 DEBU [pymycobot.common] _read : FE FE 04 09 0D 68 BA
2026-03-19 14:32:44.376 DEBU [pymycobot.common] _write: FE FE 03 09 CA 90 
2026-03-19 14:32:44.385 DEBU [pymycobot.common] _read : FE FE 04 09 0D 68 BA
2026-03-19 14:32:44.385 DEBU [pymycobot.common] _write: FE FE 03 09 CA 90 
2026-03-19 14:32:44.395 DEBU [pymycobot.common] _read : FE FE 04 09 0D 68 BA
2026-03-19 14:32:44.396 DEBU [pymycobot.common] _write: FE FE 03 09 CA 90 
2026-03-19 14:32:44.407 DEBU [pymycobot.common] _read : FE FE 04 09 0D 68 BA
2026-03-19 14:32:44.408 DEBU [pymycobot.common] _write: FE FE 03 09 CA 90 
2026-03-19 14:32:44.418 DEBU [pymycobot.common] _read : FE FE 04 09 0D 68 BA
2026-03-19 14:32:44.419 DEBU [pymycobot.common] _write: FE FE 03 09 CA 90 
2026-03-19 14:32:44.429 DEBU [pymycobot.common] _read : FE FE 04 09 0D 68 BA
2026-03-19 14:32:44.429 DEBU [pymycobot.common] _write: FE FE 03 09 CA 90 
2026-03-19 14:32:44.439 DEBU [pymycobot.common] _read : FE FE 04 09 0D 68 BA
2026-03-19 14:32:44.440 DEBU [pymycobot.common] _write: FE FE 03 09 CA 90 
2026-03-19 14:32:44.454 DEBU [pymycobot.common] _read : FE FE 04 09 0D 68 BA
2026-03-19 14:32:44.455 DEBU [pymycobot.common] _write: FE FE 03 09 CA 90 
2026-03-19 14:32:44.464 DEBU [pymycobot.common] _read : FE FE 04 09 0D 68 BA
2026-03-19 14:32:44.464 DEBU [pymycobot.common] _write: FE FE 03 09 CA 90 
2026-03-19 14:32:44.475 DEBU [pymycobot.common] _read : FE FE 04 09 0D 68 BA
2026-03-19 14:32:44.475 DEBU [pymycobot.common] _write: FE FE 03 09 CA 90 
2026-03-19 14:32:44.485 DEBU [pymycobot.common] _read : FE FE 04 09 0D 68 BA
2026-03-19 14:32:44.485 DEBU [pymycobot.common] _write: FE FE 03 09 CA 90 
2026-03-19 14:32:44.496 DEBU [pymycobot.common] _read : FE FE 04 09 0D 68 BA
2026-03-19 14:32:44.497 DEBU [pymycobot.common] _write: FE FE 03 09 CA 90 
2026-03-19 14:32:44.506 DEBU [pymycobot.common] _read : FE FE 04 09 0D 68 BA
2026-03-19 14:32:44.507 DEBU [pymycobot.common] _write: FE FE 03 09 CA 90 
2026-03-19 14:32:44.519 DEBU [pymycobot.common] _read : FE FE 04 09 0D 68 BA
2026-03-19 14:32:44.520 DEBU [pymycobot.common] _write: FE FE 03 09 CA 90 
2026-03-19 14:32:44.529 DEBU [pymycobot.common] _read : FE FE 04 09 0D 68 BA
2026-03-19 14:32:44.529 DEBU [pymycobot.common] _write: FE FE 03 09 CA 90 
2026-03-19 14:32:44.537 DEBU [pymycobot.common] _read : FE FE 04 09 0D 68 BA
2026-03-19 14:32:44.538 DEBU [pymycobot.common] _write: FE FE 03 09 CA 90 
2026-03-19 14:32:44.548 DEBU [pymycobot.common] _read : FE FE 04 09 0D 68 BA
2026-03-19 14:32:44.548 DEBU [pymycobot.common] _write: FE FE 03 09 CA 90 
2026-03-19 14:32:44.558 DEBU [pymycobot.common] _read : FE FE 04 09 0D 68 BA
2026-03-19 14:32:44.559 DEBU [pymycobot.common] _write: FE FE 03 09 CA 90 
2026-03-19 14:32:44.569 DEBU [pymycobot.common] _read : FE FE 04 09 0D 68 BA
2026-03-19 14:32:44.569 DEBU [pymycobot.common] _write: FE FE 03 09 CA 90 
2026-03-19 14:32:44.580 DEBU [pymycobot.common] _read : FE FE 04 09 0D 68 BA
2026-03-19 14:32:44.580 DEBU [pymycobot.common] _write: FE FE 03 09 CA 90 
2026-03-19 14:32:44.588 DEBU [pymycobot.common] _read : FE FE 04 09 0D 68 BA
2026-03-19 14:32:44.589 DEBU [pymycobot.common] _write: FE FE 03 09 CA 90 
2026-03-19 14:32:44.600 DEBU [pymycobot.common] _read : FE FE 04 09 0D 68 BA
2026-03-19 14:32:44.600 DEBU [pymycobot.common] _write: FE FE 03 09 CA 90 
2026-03-19 14:32:44.611 DEBU [pymycobot.common] _read : FE FE 04 09 0D 68 BA
2026-03-19 14:32:44.611 DEBU [pymycobot.common] _write: FE FE 03 09 CA 90 
2026-03-19 14:32:44.620 DEBU [pymycobot.common] _read : FE FE 04 09 0D 68 BA
2026-03-19 14:32:44.621 DEBU [pymycobot.common] _write: FE FE 03 09 CA 90 
2026-03-19 14:32:44.631 DEBU [pymycobot.common] _read : FE FE 04 09 0D 68 BA
2026-03-19 14:32:44.632 DEBU [pymycobot.common] _write: FE FE 03 09 CA 90 
2026-03-19 14:32:44.641 DEBU [pymycobot.common] _read : FE FE 04 09 0D 68 BA
2026-03-19 14:32:44.642 DEBU [pymycobot.common] _write: FE FE 03 09 CA 90 
2026-03-19 14:32:44.652 DEBU [pymycobot.common] _read : FE FE 04 09 0D 68 BA
2026-03-19 14:32:44.653 DEBU [pymycobot.common] _write: FE FE 03 09 CA 90 
2026-03-19 14:32:44.661 DEBU [pymycobot.common] _read : FE FE 04 09 0D 68 BA
2026-03-19 14:32:44.662 DEBU [pymycobot.common] _write: FE FE 03 09 CA 90 
2026-03-19 14:32:44.673 DEBU [pymycobot.common] _read : FE FE 04 09 0D 68 BA
2026-03-19 14:32:44.674 DEBU [pymycobot.common] _write: FE FE 03 09 CA 90 
2026-03-19 14:32:44.684 DEBU [pymycobot.common] _read : FE FE 04 09 0D 68 BA
2026-03-19 14:32:44.684 DEBU [pymycobot.common] _write: FE FE 03 09 CA 90 
2026-03-19 14:32:44.694 DEBU [pymycobot.common] _read : FE FE 04 09 0D 68 BA
2026-03-19 14:32:44.695 DEBU [pymycobot.common] _write: FE FE 03 09 CA 90 
2026-03-19 14:32:44.704 DEBU [pymycobot.common] _read : FE FE 04 09 0D 68 BA
2026-03-19 14:32:44.705 DEBU [pymycobot.common] _write: FE FE 03 09 CA 90 
2026-03-19 14:32:44.714 DEBU [pymycobot.common] _read : FE FE 04 09 0D 68 BA
2026-03-19 14:32:44.715 DEBU [pymycobot.common] _write: FE FE 03 09 CA 90 
2026-03-19 14:32:44.725 DEBU [pymycobot.common] _read : FE FE 04 09 0D 68 BA
2026-03-19 14:32:44.726 DEBU [pymycobot.common] _write: FE FE 03 09 CA 90 
2026-03-19 14:32:44.735 DEBU [pymycobot.common] _read : FE FE 04 09 0D 68 BA
2026-03-19 14:32:44.735 DEBU [pymycobot.common] _write: FE FE 03 09 CA 90 
2026-03-19 14:32:44.746 DEBU [pymycobot.common] _read : FE FE 04 09 0D 68 BA
2026-03-19 14:32:44.747 DEBU [pymycobot.common] _write: FE FE 03 09 CA 90 
2026-03-19 14:32:44.756 DEBU [pymycobot.common] _read : FE FE 04 09 0D 68 BA
2026-03-19 14:32:44.757 DEBU [pymycobot.common] _write: FE FE 03 09 CA 90 
2026-03-19 14:32:44.766 DEBU [pymycobot.common] _read : FE FE 04 09 0D 68 BA
2026-03-19 14:32:44.767 DEBU [pymycobot.common] _write: FE FE 03 09 CA 90 
2026-03-19 14:32:44.777 DEBU [pymycobot.common] _read : FE FE 04 09 0D 68 BA
2026-03-19 14:32:44.778 DEBU [pymycobot.common] _write: FE FE 03 09 CA 90 
2026-03-19 14:32:44.787 DEBU [pymycobot.common] _read : FE FE 04 09 0D 68 BA
2026-03-19 14:32:44.789 DEBU [pymycobot.common] _write: FE FE 03 09 CA 90 
2026-03-19 14:32:44.797 DEBU [pymycobot.common] _read : FE FE 04 09 0D 68 BA
2026-03-19 14:32:44.798 DEBU [pymycobot.common] _write: FE FE 03 09 CA 90 
2026-03-19 14:32:44.809 DEBU [pymycobot.common] _read : FE FE 04 09 0D 68 BA
2026-03-19 14:32:44.809 DEBU [pymycobot.common] _write: FE FE 03 09 CA 90 
2026-03-19 14:32:44.819 DEBU [pymycobot.common] _read : FE FE 04 09 0D 68 BA
2026-03-19 14:32:44.820 DEBU [pymycobot.common] _write: FE FE 03 09 CA 90 
2026-03-19 14:32:44.829 DEBU [pymycobot.common] _read : FE FE 04 09 0D 68 BA
2026-03-19 14:32:44.829 DEBU [pymycobot.common] _write: FE FE 03 09 CA 90 
2026-03-19 14:32:44.839 DEBU [pymycobot.common] _read : FE FE 04 09 0D 68 BA
2026-03-19 14:32:44.840 DEBU [pymycobot.common] _write: FE FE 03 09 CA 90 
2026-03-19 14:32:44.850 DEBU [pymycobot.common] _read : FE FE 04 09 0D 68 BA
2026-03-19 14:32:44.851 DEBU [pymycobot.common] _write: FE FE 03 09 CA 90 
2026-03-19 14:32:44.860 DEBU [pymycobot.common] _read : FE FE 04 09 0D 68 BA
2026-03-19 14:32:44.860 DEBU [pymycobot.common] _write: FE FE 03 09 CA 90 
2026-03-19 14:32:44.870 DEBU [pymycobot.common] _read : FE FE 04 09 0D 68 BA
2026-03-19 14:32:44.871 DEBU [pymycobot.common] _write: FE FE 03 09 CA 90 
2026-03-19 14:32:44.881 DEBU [pymycobot.common] _read : FE FE 04 09 0D 68 BA
2026-03-19 14:32:44.882 DEBU [pymycobot.common] _write: FE FE 03 09 CA 90 
2026-03-19 14:32:44.892 DEBU [pymycobot.common] _read : FE FE 04 09 0D 68 BA
2026-03-19 14:32:44.892 DEBU [pymycobot.common] _write: FE FE 03 09 CA 90 
2026-03-19 14:32:44.901 DEBU [pymycobot.common] _read : FE FE 04 09 0D 68 BA
2026-03-19 14:32:44.901 DEBU [pymycobot.common] _write: FE FE 03 09 CA 90 
2026-03-19 14:32:44.911 DEBU [pymycobot.common] _read : FE FE 04 09 0D 68 BA
2026-03-19 14:32:44.912 DEBU [pymycobot.common] _write: FE FE 03 09 CA 90 
2026-03-19 14:32:44.922 DEBU [pymycobot.common] _read : FE FE 04 09 0D 68 BA
2026-03-19 14:32:44.923 DEBU [pymycobot.common] _write: FE FE 03 09 CA 90 
2026-03-19 14:32:44.932 DEBU [pymycobot.common] _read : FE FE 04 09 0D 68 BA
2026-03-19 14:32:44.933 DEBU [pymycobot.common] _write: FE FE 03 09 CA 90 
2026-03-19 14:32:44.943 DEBU [pymycobot.common] _read : FE FE 04 09 0D 68 BA
2026-03-19 14:32:44.945 DEBU [pymycobot.common] _write: FE FE 03 09 CA 90 
2026-03-19 14:32:44.953 DEBU [pymycobot.common] _read : FE FE 04 09 0D 68 BA
2026-03-19 14:32:44.953 DEBU [pymycobot.common] _write: FE FE 03 09 CA 90 
2026-03-19 14:32:44.963 DEBU [pymycobot.common] _read : FE FE 04 09 0D 68 BA
2026-03-19 14:32:44.965 DEBU [pymycobot.common] _write: FE FE 03 09 CA 90 
2026-03-19 14:32:44.975 DEBU [pymycobot.common] _read : FE FE 04 09 0D 68 BA
2026-03-19 14:32:44.976 DEBU [pymycobot.common] _write: FE FE 03 09 CA 90 
2026-03-19 14:32:44.985 DEBU [pymycobot.common] _read : FE FE 04 09 0D 68 BA
2026-03-19 14:32:44.986 DEBU [pymycobot.common] _write: FE FE 03 09 CA 90 
2026-03-19 14:32:44.996 DEBU [pymycobot.common] _read : FE FE 04 09 0D 68 BA
2026-03-19 14:32:44.997 DEBU [pymycobot.common] _write: FE FE 03 09 CA 90 
2026-03-19 14:32:45.007 DEBU [pymycobot.common] _read : FE FE 04 09 0D 68 BA
2026-03-19 14:32:45.008 DEBU [pymycobot.common] _write: FE FE 03 09 CA 90 
2026-03-19 14:32:45.016 DEBU [pymycobot.common] _read : FE FE 04 09 0D 68 BA
2026-03-19 14:32:45.017 DEBU [pymycobot.common] _write: FE FE 03 09 CA 90 
2026-03-19 14:32:45.026 DEBU [pymycobot.common] _read : FE FE 04 09 0D 68 BA
2026-03-19 14:32:45.027 DEBU [pymycobot.common] _write: FE FE 03 09 CA 90 
2026-03-19 14:32:45.036 DEBU [pymycobot.common] _read : FE FE 04 09 0D 68 BA
2026-03-19 14:32:45.037 DEBU [pymycobot.common] _write: FE FE 03 09 CA 90 
2026-03-19 14:32:45.047 DEBU [pymycobot.common] _read : FE FE 04 09 0D 68 BA
2026-03-19 14:32:45.048 DEBU [pymycobot.common] _write: FE FE 03 09 CA 90 
2026-03-19 14:32:45.058 DEBU [pymycobot.common] _read : FE FE 04 09 0D 68 BA
2026-03-19 14:32:45.059 DEBU [pymycobot.common] _write: FE FE 03 09 CA 90 
2026-03-19 14:32:45.068 DEBU [pymycobot.common] _read : FE FE 04 09 0D 68 BA
2026-03-19 14:32:45.069 DEBU [pymycobot.common] _write: FE FE 03 09 CA 90 
2026-03-19 14:32:45.078 DEBU [pymycobot.common] _read : FE FE 04 09 0D 68 BA
2026-03-19 14:32:45.079 DEBU [pymycobot.common] _write: FE FE 03 09 CA 90 
2026-03-19 14:32:45.089 DEBU [pymycobot.common] _read : FE FE 04 09 0D 68 BA
2026-03-19 14:32:45.090 DEBU [pymycobot.common] _write: FE FE 03 09 CA 90 
2026-03-19 14:32:45.098 DEBU [pymycobot.common] _read : FE FE 04 09 0D 68 BA
2026-03-19 14:32:45.099 DEBU [pymycobot.common] _write: FE FE 03 09 CA 90 
2026-03-19 14:32:45.110 DEBU [pymycobot.common] _read : FE FE 04 09 0D 68 BA
2026-03-19 14:32:45.111 DEBU [pymycobot.common] _write: FE FE 03 09 CA 90 
2026-03-19 14:32:45.118 DEBU [pymycobot.common] _read : FE FE 04 09 0D 68 BA
2026-03-19 14:32:45.119 DEBU [pymycobot.common] _write: FE FE 03 09 CA 90 
2026-03-19 14:32:45.127 DEBU [pymycobot.common] _read : FE FE 04 09 0D 68 BA
2026-03-19 14:32:45.127 DEBU [pymycobot.common] _write: FE FE 03 09 CA 90 
2026-03-19 14:32:45.136 DEBU [pymycobot.common] _read : FE FE 04 09 0D 68 BA
2026-03-19 14:32:45.137 DEBU [pymycobot.common] _write: FE FE 03 09 CA 90 
2026-03-19 14:32:45.147 DEBU [pymycobot.common] _read : FE FE 04 09 0D 68 BA
2026-03-19 14:32:45.147 DEBU [pymycobot.common] _write: FE FE 03 09 CA 90 
2026-03-19 14:32:45.159 DEBU [pymycobot.common] _read : FE FE 04 09 0D 68 BA
2026-03-19 14:32:45.160 DEBU [pymycobot.common] _write: FE FE 03 09 CA 90 
2026-03-19 14:32:45.169 DEBU [pymycobot.common] _read : FE FE 04 09 0D 68 BA
2026-03-19 14:32:45.170 DEBU [pymycobot.common] _write: FE FE 03 09 CA 90 
2026-03-19 14:32:45.178 DEBU [pymycobot.common] _read : FE FE 04 09 0D 68 BA
2026-03-19 14:32:45.181 DEBU [pymycobot.common] _write: FE FE 03 09 CA 90 
2026-03-19 14:32:45.190 DEBU [pymycobot.common] _read : FE FE 04 09 0D 68 BA
2026-03-19 14:32:45.191 DEBU [pymycobot.common] _write: FE FE 03 09 CA 90 
2026-03-19 14:32:45.200 DEBU [pymycobot.common] _read : FE FE 04 09 0D 68 BA
2026-03-19 14:32:45.201 DEBU [pymycobot.common] _write: FE FE 03 09 CA 90 
2026-03-19 14:32:45.211 DEBU [pymycobot.common] _read : FE FE 04 09 0D 68 BA
2026-03-19 14:32:45.212 DEBU [pymycobot.common] _write: FE FE 03 09 CA 90 
2026-03-19 14:32:45.218 DEBU [pymycobot.common] _read : FE FE 04 09 0D 68 BA
2026-03-19 14:32:45.219 DEBU [pymycobot.common] _write: FE FE 03 09 CA 90 
2026-03-19 14:32:45.229 DEBU [pymycobot.common] _read : FE FE 04 09 0D 68 BA
2026-03-19 14:32:45.230 DEBU [pymycobot.common] _write: FE FE 03 09 CA 90 
2026-03-19 14:32:45.240 DEBU [pymycobot.common] _read : FE FE 04 09 0D 68 BA
2026-03-19 14:32:45.242 DEBU [pymycobot.common] _write: FE FE 03 09 CA 90 
2026-03-19 14:32:45.250 DEBU [pymycobot.common] _read : FE FE 04 09 0D 68 BA
2026-03-19 14:32:45.251 DEBU [pymycobot.common] _write: FE FE 03 09 CA 90 
2026-03-19 14:32:45.260 DEBU [pymycobot.common] _read : FE FE 04 09 0D 68 BA
2026-03-19 14:32:45.261 DEBU [pymycobot.common] _write: FE FE 03 09 CA 90 
2026-03-19 14:32:45.270 DEBU [pymycobot.common] _read : FE FE 04 09 0D 68 BA
2026-03-19 14:32:45.272 DEBU [pymycobot.common] _write: FE FE 03 09 CA 90 
2026-03-19 14:32:45.281 DEBU [pymycobot.common] _read : FE FE 04 09 0D 68 BA
2026-03-19 14:32:45.282 DEBU [pymycobot.common] _write: FE FE 03 09 CA 90 
2026-03-19 14:32:45.289 DEBU [pymycobot.common] _read : FE FE 04 09 0D 68 BA
2026-03-19 14:32:45.290 DEBU [pymycobot.common] _write: FE FE 03 09 CA 90 
2026-03-19 14:32:45.298 DEBU [pymycobot.common] _read : FE FE 04 09 0D 68 BA
2026-03-19 14:32:45.298 DEBU [pymycobot.common] _write: FE FE 03 09 CA 90 
2026-03-19 14:32:45.308 DEBU [pymycobot.common] _read : FE FE 04 09 0D 68 BA
2026-03-19 14:42:19.886 DEBU [pymycobot.common] _write: FE FE 0B B5 01 04 00 00 00 0C F0 0F 46 C2 
2026-03-19 14:42:19.913 DEBU [pymycobot.common] _read : FE FE 20 B5 01 04 18 3E 35 41 9C BD C4 9E BC 3E A5 B7 69 BC 85 17 BB BB 4A B4 47 BB A9 40 35 0B E4 50 44
2026-03-19 14:42:36.859 DEBU [pymycobot.common] _write: FE FE 0B B5 01 04 00 00 00 0C F0 0F 46 C2 
2026-03-19 14:42:36.884 DEBU [pymycobot.common] _read : FE FE 20 B5 01 04 18 3E 35 41 9C BD C4 9E BC 3E A5 B7 69 BC 85 17 BB BB 4A B4 47 BB A9 40 35 0B E4 50 44
2026-03-19 14:43:33.049 DEBU [pymycobot.common] _write: FE FE 0B B5 01 04 00 00 00 0C F0 0F 46 C2 
2026-03-19 14:43:33.076 DEBU [pymycobot.common] _read : FE FE 20 B5 01 04 18 3E 35 41 9C BD C4 9E BC 3E A5 B7 69 BC 85 17 BB BB 4A B4 47 BB A9 40 35 0B E4 50 44
