10:20:35.730 DEBU [pymycobot.common] _write: fe fe 5 13 7 1 e8 e 
10:20:35.735 DEBU [pymycobot.common] _read : FE FE 05 13 FF 01 28 4D
10:20:39.964 DEBU [pymycobot.common] _write: fe fe 5 13 8 1 18 b 
10:20:39.969 DEBU [pymycobot.common] _read : FE FE 05 13 FF 01 28 4D
10:20:45.722 DEBU [pymycobot.common] _write: fe fe 5 13 9 1 88 a 
10:20:45.726 DEBU [pymycobot.common] _read : FE FE 05 13 FF 01 28 4D
10:23:05.932 DEBU [pymycobot.common] _write: fe fe 5 13 8 1 18 b 
10:23:05.938 DEBU [pymycobot.common] _read : FE FE 05 13 FF 01 28 4D
10:02:20.995 DEBU [pymycobot.common] _write: fe fe 3 2b d3 10 
10:02:21.009 DEBU [pymycobot.common] _read : FE FE 04 2B 00 0D 63
10:02:26.021 DEBU [pymycobot.common] _write: fe fe 10 22 0 0 b b8 d8 f0 f8 30 0 0 0 0 a 8e 8 
10:02:26.029 DEBU [pymycobot.common] _read : FE FE 05 22 FF 01 E7 1C
10:02:26.039 DEBU [pymycobot.common] _read : FE FE 04 5B 0B 0A 07
10:02:27.027 DEBU [pymycobot.common] _write: fe fe 3 2b d3 10 
10:02:27.032 DEBU [pymycobot.common] _read : FE FE 04 2B 00 0D 63
10:02:27.135 DEBU [pymycobot.common] _write: fe fe 4 16 0 9d 73 
10:02:27.140 DEBU [pymycobot.common] _read : FE FE 05 16 FF 01 29 5D
10:02:27.148 DEBU [pymycobot.common] _write: fe fe 4 68 0 3d 52 
10:02:27.152 DEBU [pymycobot.common] _read : FE FE 05 68 FF 01 31 3D
10:02:27.164 DEBU [pymycobot.common] _write: fe fe 4 29 1 ad a3 
10:02:27.169 DEBU [pymycobot.common] _read : FE FE 05 29 FF 01 25 6D
10:02:27.480 DEBU [pymycobot.common] _write: fe fe 3 2b d3 10 
10:02:27.485 DEBU [pymycobot.common] _read : FE FE 04 2B 00 0D 63
10:02:50.442 DEBU [pymycobot.common] _write: fe fe 3 2b d3 10 
10:02:50.446 DEBU [pymycobot.common] _read : FE FE 04 2B 00 0D 63
10:02:55.465 DEBU [pymycobot.common] _write: fe fe 10 22 0 0 b b8 d8 f0 f8 30 0 0 0 0 a 8e 8 
10:02:55.470 DEBU [pymycobot.common] _read : FE FE 05 22 FF 01 E7 1C
10:02:56.467 DEBU [pymycobot.common] _write: fe fe 3 2b d3 10 
10:02:56.471 DEBU [pymycobot.common] _read : FE FE 04 2B 00 0D 63
10:02:56.574 DEBU [pymycobot.common] _write: fe fe 4 16 0 9d 73 
10:02:56.578 DEBU [pymycobot.common] _read : FE FE 05 16 FF 01 29 5D
10:02:56.588 DEBU [pymycobot.common] _write: fe fe 4 68 0 3d 52 
10:02:56.592 DEBU [pymycobot.common] _read : FE FE 05 68 FF 01 31 3D
10:02:56.602 DEBU [pymycobot.common] _write: fe fe 4 29 1 ad a3 
10:02:56.613 DEBU [pymycobot.common] _read : FE FE 05 29 FF 01 25 6D
10:02:56.920 DEBU [pymycobot.common] _write: fe fe 3 2b d3 10 
10:02:56.926 DEBU [pymycobot.common] _read : FE FE 04 2B 00 0D 63
10:03:26.970 DEBU [pymycobot.common] _write: fe fe 3 2b d3 10 
10:03:26.974 DEBU [pymycobot.common] _read : FE FE 04 2B 00 0D 63
10:03:31.984 DEBU [pymycobot.common] _write: fe fe 10 22 0 0 b b8 d8 f0 f8 30 0 0 0 0 a 8e 8 
10:03:31.998 DEBU [pymycobot.common] _read : FE FE 05 22 FF 01 E7 1C
10:03:32.987 DEBU [pymycobot.common] _write: fe fe 3 2b d3 10 
10:03:32.991 DEBU [pymycobot.common] _read : FE FE 04 2B 01 CD A2
10:03:33.004 DEBU [pymycobot.common] _write: fe fe 4 16 0 9d 73 
10:03:33.008 DEBU [pymycobot.common] _read : FE FE 05 16 FF 01 29 5D
10:03:33.018 DEBU [pymycobot.common] _write: fe fe 4 68 0 3d 52 
10:03:33.023 DEBU [pymycobot.common] _read : FE FE 05 68 FF 01 31 3D
10:03:33.033 DEBU [pymycobot.common] _write: fe fe 4 29 1 ad a3 
10:03:33.038 DEBU [pymycobot.common] _read : FE FE 05 29 FF 01 25 6D
10:03:33.352 DEBU [pymycobot.common] _write: fe fe 3 2b d3 10 
10:03:33.359 DEBU [pymycobot.common] _read : FE FE 04 2B 00 0D 63
10:03:45.285 DEBU [pymycobot.common] _write: fe fe 3 2b d3 10 
10:03:45.291 DEBU [pymycobot.common] _read : FE FE 04 2B 00 0D 63
10:03:50.307 DEBU [pymycobot.common] _write: fe fe 10 22 0 0 b b8 d8 f0 f8 30 0 0 0 0 a 8e 8 
10:03:50.313 DEBU [pymycobot.common] _read : FE FE 05 22 FF 01 E7 1C
10:03:50.386 DEBU [pymycobot.common] _read : FE FE 04 5B 0B 0A 07
10:03:51.323 DEBU [pymycobot.common] _write: fe fe 3 2b d3 10 
10:03:51.329 DEBU [pymycobot.common] _read : FE FE 04 2B 01 CD A2
10:03:51.340 DEBU [pymycobot.common] _write: fe fe 4 16 0 9d 73 
10:03:51.344 DEBU [pymycobot.common] _read : FE FE 05 16 FF 01 29 5D
10:03:51.353 DEBU [pymycobot.common] _write: fe fe 4 68 0 3d 52 
10:03:51.359 DEBU [pymycobot.common] _read : FE FE 05 68 FF 01 31 3D
10:03:51.369 DEBU [pymycobot.common] _write: fe fe 4 29 1 ad a3 
10:03:51.373 DEBU [pymycobot.common] _read : FE FE 05 29 FF 01 25 6D
10:03:51.689 DEBU [pymycobot.common] _write: fe fe 3 2b d3 10 
10:03:51.705 DEBU [pymycobot.common] _read : FE FE 04 2B 00 0D 63
10:05:16.228 DEBU [pymycobot.common] _write: fe fe 3 2b d3 10 
10:05:16.232 DEBU [pymycobot.common] _read : FE FE 04 2B 00 0D 63
10:05:21.247 DEBU [pymycobot.common] _write: fe fe 10 22 0 0 b b8 d8 f0 f8 30 0 0 0 0 a 8e 8 
10:05:21.253 DEBU [pymycobot.common] _read : FE FE 05 22 FF 01 E7 1C
10:05:21.324 DEBU [pymycobot.common] _read : FE FE 04 5B 0B 0A 07
10:05:22.263 DEBU [pymycobot.common] _write: fe fe 3 2b d3 10 
10:05:22.269 DEBU [pymycobot.common] _read : FE FE 04 2B 01 CD A2
10:05:22.278 DEBU [pymycobot.common] _write: fe fe 4 16 0 9d 73 
10:05:22.283 DEBU [pymycobot.common] _read : FE FE 05 16 FF 01 29 5D
10:05:22.293 DEBU [pymycobot.common] _write: fe fe 4 68 0 3d 52 
10:05:22.297 DEBU [pymycobot.common] _read : FE FE 05 68 FF 01 31 3D
10:05:22.308 DEBU [pymycobot.common] _write: fe fe 4 29 1 ad a3 
10:05:22.313 DEBU [pymycobot.common] _read : FE FE 05 29 FF 01 25 6D
10:05:22.626 DEBU [pymycobot.common] _write: fe fe 3 2b d3 10 
10:05:22.630 DEBU [pymycobot.common] _read : FE FE 04 2B 00 0D 63
10:10:08.118 DEBU [pymycobot.common] _write: fe fe 4 16 0 9d 73 
10:10:08.122 DEBU [pymycobot.common] _read : FE FE 05 16 FF 01 29 5D
10:10:08.134 DEBU [pymycobot.common] _write: fe fe 3 17 c2 10 
10:10:08.139 DEBU [pymycobot.common] _read : FE FE 04 17 00 0D 72
10:10:08.150 DEBU [pymycobot.common] _write: fe fe 6 30 1 0 1e d9 47 
10:10:08.155 DEBU [pymycobot.common] _read : FE FE 05 30 FF 01 E2 BC
10:10:08.453 DEBU [pymycobot.common] _write: fe fe 3 2b d3 10 
10:10:08.470 DEBU [pymycobot.common] _read : FE FE 04 2B 01 CD A2
10:10:08.590 DEBU [pymycobot.common] _write: fe fe 3 2b d3 10 
10:10:08.600 DEBU [pymycobot.common] _read : FE FE 04 2B 01 CD A2
10:10:08.711 DEBU [pymycobot.common] _write: fe fe 3 2b d3 10 
10:10:08.716 DEBU [pymycobot.common] _read : FE FE 04 2B 01 CD A2
10:10:08.833 DEBU [pymycobot.common] _write: fe fe 3 2b d3 10 
10:10:08.838 DEBU [pymycobot.common] _read : FE FE 04 2B 01 CD A2
10:10:08.953 DEBU [pymycobot.common] _write: fe fe 3 2b d3 10 
10:10:08.959 DEBU [pymycobot.common] _read : FE FE 04 2B 01 CD A2
10:10:09.076 DEBU [pymycobot.common] _write: fe fe 3 2b d3 10 
10:10:09.080 DEBU [pymycobot.common] _read : FE FE 04 2B 01 CD A2
10:10:09.198 DEBU [pymycobot.common] _write: fe fe 3 2b d3 10 
10:10:09.202 DEBU [pymycobot.common] _read : FE FE 04 2B 01 CD A2
10:10:09.320 DEBU [pymycobot.common] _write: fe fe 3 2b d3 10 
10:10:09.325 DEBU [pymycobot.common] _read : FE FE 04 2B 01 CD A2
10:10:09.442 DEBU [pymycobot.common] _write: fe fe 3 2b d3 10 
10:10:09.446 DEBU [pymycobot.common] _read : FE FE 04 2B 01 CD A2
10:10:09.563 DEBU [pymycobot.common] _write: fe fe 3 2b d3 10 
10:10:09.568 DEBU [pymycobot.common] _read : FE FE 04 2B 01 CD A2
10:10:09.684 DEBU [pymycobot.common] _write: fe fe 3 2b d3 10 
10:10:09.688 DEBU [pymycobot.common] _read : FE FE 04 2B 01 CD A2
10:10:09.806 DEBU [pymycobot.common] _write: fe fe 3 2b d3 10 
10:10:09.811 DEBU [pymycobot.common] _read : FE FE 04 2B 01 CD A2
10:10:09.926 DEBU [pymycobot.common] _write: fe fe 3 2b d3 10 
10:10:09.931 DEBU [pymycobot.common] _read : FE FE 04 2B 01 CD A2
10:10:10.047 DEBU [pymycobot.common] _write: fe fe 3 2b d3 10 
10:10:10.052 DEBU [pymycobot.common] _read : FE FE 04 2B 01 CD A2
10:10:10.168 DEBU [pymycobot.common] _write: fe fe 3 2b d3 10 
10:10:10.178 DEBU [pymycobot.common] _read : FE FE 04 2B 01 CD A2
10:10:10.289 DEBU [pymycobot.common] _write: fe fe 3 2b d3 10 
10:10:10.300 DEBU [pymycobot.common] _read : FE FE 04 2B 01 CD A2
10:10:10.411 DEBU [pymycobot.common] _write: fe fe 3 2b d3 10 
10:10:10.420 DEBU [pymycobot.common] _read : FE FE 04 2B 01 CD A2
10:10:10.533 DEBU [pymycobot.common] _write: fe fe 3 2b d3 10 
10:10:10.539 DEBU [pymycobot.common] _read : FE FE 04 2B 01 CD A2
10:10:10.654 DEBU [pymycobot.common] _write: fe fe 3 2b d3 10 
10:10:10.659 DEBU [pymycobot.common] _read : FE FE 04 2B 01 CD A2
10:10:10.775 DEBU [pymycobot.common] _write: fe fe 3 2b d3 10 
10:10:10.782 DEBU [pymycobot.common] _read : FE FE 04 2B 01 CD A2
10:10:10.896 DEBU [pymycobot.common] _write: fe fe 3 2b d3 10 
10:10:10.901 DEBU [pymycobot.common] _read : FE FE 04 2B 01 CD A2
10:10:11.018 DEBU [pymycobot.common] _write: fe fe 3 2b d3 10 
10:10:11.022 DEBU [pymycobot.common] _read : FE FE 04 2B 01 CD A2
10:10:11.139 DEBU [pymycobot.common] _write: fe fe 3 2b d3 10 
10:10:11.144 DEBU [pymycobot.common] _read : FE FE 04 2B 01 CD A2
10:10:11.262 DEBU [pymycobot.common] _write: fe fe 3 2b d3 10 
10:10:11.267 DEBU [pymycobot.common] _read : FE FE 04 2B 01 CD A2
10:10:11.383 DEBU [pymycobot.common] _write: fe fe 3 2b d3 10 
10:10:11.388 DEBU [pymycobot.common] _read : FE FE 04 2B 01 CD A2
10:10:11.505 DEBU [pymycobot.common] _write: fe fe 3 2b d3 10 
10:10:11.511 DEBU [pymycobot.common] _read : FE FE 04 2B 01 CD A2
10:10:11.625 DEBU [pymycobot.common] _write: fe fe 3 2b d3 10 
10:10:11.629 DEBU [pymycobot.common] _read : FE FE 04 2B 01 CD A2
10:10:11.746 DEBU [pymycobot.common] _write: fe fe 3 2b d3 10 
10:10:11.751 DEBU [pymycobot.common] _read : FE FE 04 2B 01 CD A2
10:10:11.866 DEBU [pymycobot.common] _write: fe fe 3 2b d3 10 
10:10:11.871 DEBU [pymycobot.common] _read : FE FE 04 2B 01 CD A2
10:10:11.987 DEBU [pymycobot.common] _write: fe fe 3 2b d3 10 
10:10:11.993 DEBU [pymycobot.common] _read : FE FE 04 2B 01 CD A2
10:10:12.110 DEBU [pymycobot.common] _write: fe fe 3 2b d3 10 
10:10:12.115 DEBU [pymycobot.common] _read : FE FE 04 2B 01 CD A2
10:10:12.231 DEBU [pymycobot.common] _write: fe fe 3 2b d3 10 
10:10:12.237 DEBU [pymycobot.common] _read : FE FE 04 2B 01 CD A2
10:10:12.352 DEBU [pymycobot.common] _write: fe fe 3 2b d3 10 
10:10:12.357 DEBU [pymycobot.common] _read : FE FE 04 2B 01 CD A2
10:10:12.475 DEBU [pymycobot.common] _write: fe fe 3 2b d3 10 
10:10:12.479 DEBU [pymycobot.common] _read : FE FE 04 2B 01 CD A2
10:10:12.526 DEBU [pymycobot.common] _read : FE FE 04 5B 00 CD 46
10:10:12.596 DEBU [pymycobot.common] _write: fe fe 3 2b d3 10 
10:10:12.601 DEBU [pymycobot.common] _read : FE FE 04 2B 00 0D 63
10:10:13.613 DEBU [pymycobot.common] _write: fe fe 4 1c 1 fd b4 
10:10:13.620 DEBU [pymycobot.common] _read : FE FE 11 1C BF 8C BF 8C 00 00 00 00 00 00 00 00 00 00 F3 40
10:10:13.730 DEBU [pymycobot.common] _write: fe fe 10 22 0 0 0 0 0 0 0 0 0 0 0 0 a 29 22 
10:10:13.736 DEBU [pymycobot.common] _read : FE FE 05 22 FF 01 E7 1C
10:10:14.737 DEBU [pymycobot.common] _write: fe fe 3 2b d3 10 
10:10:14.752 DEBU [pymycobot.common] _read : FE FE 04 2B 01 CD A2
10:10:15.739 DEBU [pymycobot.common] _write: fe fe 3 2b d3 10 
10:10:15.744 DEBU [pymycobot.common] _read : FE FE 04 2B 01 CD A2
10:10:16.743 DEBU [pymycobot.common] _write: fe fe 3 2b d3 10 
10:10:16.748 DEBU [pymycobot.common] _read : FE FE 04 2B 01 CD A2
10:10:17.744 DEBU [pymycobot.common] _write: fe fe 3 2b d3 10 
10:10:17.759 DEBU [pymycobot.common] _read : FE FE 04 2B 01 CD A2
10:10:18.744 DEBU [pymycobot.common] _write: fe fe 3 2b d3 10 
10:10:18.748 DEBU [pymycobot.common] _read : FE FE 04 2B 01 CD A2
10:10:19.758 DEBU [pymycobot.common] _write: fe fe 3 2b d3 10 
10:10:19.763 DEBU [pymycobot.common] _read : FE FE 04 2B 01 CD A2
10:10:20.760 DEBU [pymycobot.common] _write: fe fe 3 2b d3 10 
10:10:20.767 DEBU [pymycobot.common] _read : FE FE 04 2B 01 CD A2
10:10:21.763 DEBU [pymycobot.common] _write: fe fe 3 2b d3 10 
10:10:21.776 DEBU [pymycobot.common] _read : FE FE 04 2B 01 CD A2
10:10:22.763 DEBU [pymycobot.common] _write: fe fe 3 2b d3 10 
10:10:22.768 DEBU [pymycobot.common] _read : FE FE 04 2B 01 CD A2
10:10:23.778 DEBU [pymycobot.common] _write: fe fe 3 2b d3 10 
10:10:23.783 DEBU [pymycobot.common] _read : FE FE 04 2B 01 CD A2
10:10:24.778 DEBU [pymycobot.common] _write: fe fe 3 2b d3 10 
10:10:24.783 DEBU [pymycobot.common] _read : FE FE 04 2B 01 CD A2
10:10:25.430 DEBU [pymycobot.common] _read : FE FE 04 5B 00 CD 46
10:10:27.754 DEBU [pymycobot.common] _write: fe fe 3 2b d3 10 
10:10:27.759 DEBU [pymycobot.common] _read : FE FE 04 2B 00 0D 63
10:10:28.771 DEBU [pymycobot.common] _write: fe fe 4 16 0 9d 73 
10:10:28.776 DEBU [pymycobot.common] _read : FE FE 05 16 FF 01 29 5D
10:10:28.785 DEBU [pymycobot.common] _write: fe fe 3 17 c2 10 
10:10:28.790 DEBU [pymycobot.common] _read : FE FE 04 17 00 0D 72
10:10:28.801 DEBU [pymycobot.common] _write: fe fe 6 30 1 1 32 94 47 
10:10:28.805 DEBU [pymycobot.common] _read : FE FE 05 30 FF 01 E2 BC
10:10:29.102 DEBU [pymycobot.common] _write: fe fe 3 2b d3 10 
10:10:29.106 DEBU [pymycobot.common] _read : FE FE 04 2B 01 CD A2
10:10:29.224 DEBU [pymycobot.common] _write: fe fe 3 2b d3 10 
10:10:29.235 DEBU [pymycobot.common] _read : FE FE 04 2B 01 CD A2
10:10:29.346 DEBU [pymycobot.common] _write: fe fe 3 2b d3 10 
10:10:29.357 DEBU [pymycobot.common] _read : FE FE 04 2B 01 CD A2
10:10:29.467 DEBU [pymycobot.common] _write: fe fe 3 2b d3 10 
10:10:29.472 DEBU [pymycobot.common] _read : FE FE 04 2B 01 CD A2
10:10:29.589 DEBU [pymycobot.common] _write: fe fe 3 2b d3 10 
10:10:29.601 DEBU [pymycobot.common] _read : FE FE 04 2B 01 CD A2
10:10:29.710 DEBU [pymycobot.common] _write: fe fe 3 2b d3 10 
10:10:29.714 DEBU [pymycobot.common] _read : FE FE 04 2B 01 CD A2
10:10:29.831 DEBU [pymycobot.common] _write: fe fe 3 2b d3 10 
10:10:29.837 DEBU [pymycobot.common] _read : FE FE 04 2B 01 CD A2
10:10:29.951 DEBU [pymycobot.common] _write: fe fe 3 2b d3 10 
10:10:29.955 DEBU [pymycobot.common] _read : FE FE 04 2B 01 CD A2
10:10:30.074 DEBU [pymycobot.common] _write: fe fe 3 2b d3 10 
10:10:30.085 DEBU [pymycobot.common] _read : FE FE 04 2B 01 CD A2
10:10:30.194 DEBU [pymycobot.common] _write: fe fe 3 2b d3 10 
10:10:30.200 DEBU [pymycobot.common] _read : FE FE 04 2B 01 CD A2
10:10:30.315 DEBU [pymycobot.common] _write: fe fe 3 2b d3 10 
10:10:30.330 DEBU [pymycobot.common] _read : FE FE 04 2B 01 CD A2
10:10:30.452 DEBU [pymycobot.common] _write: fe fe 3 2b d3 10 
10:10:30.458 DEBU [pymycobot.common] _read : FE FE 04 2B 01 CD A2
10:10:30.575 DEBU [pymycobot.common] _write: fe fe 3 2b d3 10 
10:10:30.580 DEBU [pymycobot.common] _read : FE FE 04 2B 01 CD A2
10:10:30.696 DEBU [pymycobot.common] _write: fe fe 3 2b d3 10 
10:10:30.704 DEBU [pymycobot.common] _read : FE FE 04 2B 01 CD A2
10:10:30.817 DEBU [pymycobot.common] _write: fe fe 3 2b d3 10 
10:10:30.822 DEBU [pymycobot.common] _read : FE FE 04 2B 01 CD A2
10:10:30.937 DEBU [pymycobot.common] _write: fe fe 3 2b d3 10 
10:10:30.942 DEBU [pymycobot.common] _read : FE FE 04 2B 01 CD A2
10:10:31.059 DEBU [pymycobot.common] _write: fe fe 3 2b d3 10 
10:10:31.067 DEBU [pymycobot.common] _read : FE FE 04 2B 01 CD A2
10:10:31.181 DEBU [pymycobot.common] _write: fe fe 3 2b d3 10 
10:10:31.186 DEBU [pymycobot.common] _read : FE FE 04 2B 01 CD A2
10:10:31.302 DEBU [pymycobot.common] _write: fe fe 3 2b d3 10 
10:10:31.307 DEBU [pymycobot.common] _read : FE FE 04 2B 01 CD A2
10:10:31.423 DEBU [pymycobot.common] _write: fe fe 3 2b d3 10 
10:10:31.427 DEBU [pymycobot.common] _read : FE FE 04 2B 01 CD A2
10:10:31.543 DEBU [pymycobot.common] _write: fe fe 3 2b d3 10 
10:10:31.549 DEBU [pymycobot.common] _read : FE FE 04 2B 01 CD A2
10:10:31.665 DEBU [pymycobot.common] _write: fe fe 3 2b d3 10 
10:10:31.670 DEBU [pymycobot.common] _read : FE FE 04 2B 01 CD A2
10:10:31.706 DEBU [pymycobot.common] _read : FE FE 04 5B 00 CD 46
10:10:31.786 DEBU [pymycobot.common] _write: fe fe 3 2b d3 10 
10:10:31.791 DEBU [pymycobot.common] _read : FE FE 04 2B 00 0D 63
10:10:32.803 DEBU [pymycobot.common] _write: fe fe 4 1c 1 fd b4 
10:10:32.809 DEBU [pymycobot.common] _read : FE FE 11 1C 40 73 40 73 00 00 00 00 00 00 00 00 00 00 F0 8F
10:10:32.825 DEBU [pymycobot.common] _write: fe fe 10 22 0 0 0 0 0 0 0 0 0 0 0 0 a 29 22 
10:10:32.840 DEBU [pymycobot.common] _read : FE FE 05 22 FF 01 E7 1C
10:10:33.835 DEBU [pymycobot.common] _write: fe fe 3 2b d3 10 
10:10:33.841 DEBU [pymycobot.common] _read : FE FE 04 2B 01 CD A2
10:10:34.842 DEBU [pymycobot.common] _write: fe fe 3 2b d3 10 
10:10:34.847 DEBU [pymycobot.common] _read : FE FE 04 2B 01 CD A2
10:10:35.842 DEBU [pymycobot.common] _write: fe fe 3 2b d3 10 
10:10:35.857 DEBU [pymycobot.common] _read : FE FE 04 2B 01 CD A2
10:10:36.845 DEBU [pymycobot.common] _write: fe fe 3 2b d3 10 
10:10:36.849 DEBU [pymycobot.common] _read : FE FE 04 2B 01 CD A2
10:10:37.845 DEBU [pymycobot.common] _write: fe fe 3 2b d3 10 
10:10:37.850 DEBU [pymycobot.common] _read : FE FE 04 2B 01 CD A2
10:10:38.859 DEBU [pymycobot.common] _write: fe fe 3 2b d3 10 
10:10:38.864 DEBU [pymycobot.common] _read : FE FE 04 2B 01 CD A2
10:10:39.873 DEBU [pymycobot.common] _write: fe fe 3 2b d3 10 
10:10:39.878 DEBU [pymycobot.common] _read : FE FE 04 2B 01 CD A2
10:10:40.876 DEBU [pymycobot.common] _write: fe fe 3 2b d3 10 
10:10:40.881 DEBU [pymycobot.common] _read : FE FE 04 2B 01 CD A2
10:10:41.883 DEBU [pymycobot.common] _write: fe fe 3 2b d3 10 
10:10:41.890 DEBU [pymycobot.common] _read : FE FE 04 2B 01 CD A2
10:10:42.888 DEBU [pymycobot.common] _write: fe fe 3 2b d3 10 
10:10:42.894 DEBU [pymycobot.common] _read : FE FE 04 2B 01 CD A2
10:10:43.890 DEBU [pymycobot.common] _write: fe fe 3 2b d3 10 
10:10:43.896 DEBU [pymycobot.common] _read : FE FE 04 2B 01 CD A2
10:10:44.533 DEBU [pymycobot.common] _read : FE FE 04 5B 00 CD 46
10:10:46.853 DEBU [pymycobot.common] _write: fe fe 3 2b d3 10 
10:10:46.858 DEBU [pymycobot.common] _read : FE FE 04 2B 00 0D 63
10:10:47.874 DEBU [pymycobot.common] _write: fe fe 4 16 0 9d 73 
10:10:47.881 DEBU [pymycobot.common] _read : FE FE 05 16 FF 01 29 5D
10:10:47.887 DEBU [pymycobot.common] _write: fe fe 3 17 c2 10 
10:10:47.902 DEBU [pymycobot.common] _read : FE FE 04 17 00 0D 72
10:10:47.918 DEBU [pymycobot.common] _write: fe fe 7 21 3 23 28 a 35 3 
10:10:47.923 DEBU [pymycobot.common] _read : FE FE 05 21 FF 01 E7 EC
10:10:48.925 DEBU [pymycobot.common] _write: fe fe 3 2b d3 10 
10:10:48.929 DEBU [pymycobot.common] _read : FE FE 04 2B 01 CD A2
10:10:49.928 DEBU [pymycobot.common] _write: fe fe 3 2b d3 10 
10:10:49.934 DEBU [pymycobot.common] _read : FE FE 04 2B 01 CD A2
10:10:50.930 DEBU [pymycobot.common] _write: fe fe 3 2b d3 10 
10:10:50.935 DEBU [pymycobot.common] _read : FE FE 04 2B 01 CD A2
10:10:51.934 DEBU [pymycobot.common] _write: fe fe 3 2b d3 10 
10:10:51.937 DEBU [pymycobot.common] _read : FE FE 04 2B 01 CD A2
10:10:52.936 DEBU [pymycobot.common] _write: fe fe 3 2b d3 10 
10:10:52.940 DEBU [pymycobot.common] _read : FE FE 04 2B 01 CD A2
10:10:53.940 DEBU [pymycobot.common] _write: fe fe 3 2b d3 10 
10:10:53.945 DEBU [pymycobot.common] _read : FE FE 04 2B 01 CD A2
10:10:54.621 DEBU [pymycobot.common] _read : FE FE 04 5B 00 CD 46
10:10:54.942 DEBU [pymycobot.common] _write: fe fe 3 2b d3 10 
10:10:54.946 DEBU [pymycobot.common] _read : FE FE 04 2B 00 0D 63
10:10:55.960 DEBU [pymycobot.common] _write: fe fe 6 30 2 0 46 23 b6 
10:10:55.966 DEBU [pymycobot.common] _read : FE FE 05 30 FF 01 E2 BC
10:10:56.263 DEBU [pymycobot.common] _write: fe fe 3 2b d3 10 
10:10:56.271 DEBU [pymycobot.common] _read : FE FE 04 2B 01 CD A2
10:10:56.386 DEBU [pymycobot.common] _write: fe fe 3 2b d3 10 
10:10:56.390 DEBU [pymycobot.common] _read : FE FE 04 2B 01 CD A2
10:10:56.505 DEBU [pymycobot.common] _write: fe fe 3 2b d3 10 
10:10:56.509 DEBU [pymycobot.common] _read : FE FE 04 2B 01 CD A2
10:10:56.627 DEBU [pymycobot.common] _write: fe fe 3 2b d3 10 
10:10:56.632 DEBU [pymycobot.common] _read : FE FE 04 2B 01 CD A2
10:10:56.749 DEBU [pymycobot.common] _write: fe fe 3 2b d3 10 
10:10:56.754 DEBU [pymycobot.common] _read : FE FE 04 2B 01 CD A2
10:10:56.869 DEBU [pymycobot.common] _write: fe fe 3 2b d3 10 
10:10:56.874 DEBU [pymycobot.common] _read : FE FE 04 2B 01 CD A2
10:10:56.991 DEBU [pymycobot.common] _write: fe fe 3 2b d3 10 
10:10:57.000 DEBU [pymycobot.common] _read : FE FE 04 2B 01 CD A2
10:10:57.112 DEBU [pymycobot.common] _write: fe fe 3 2b d3 10 
10:10:57.121 DEBU [pymycobot.common] _read : FE FE 04 2B 01 CD A2
10:10:57.233 DEBU [pymycobot.common] _write: fe fe 3 2b d3 10 
10:10:57.239 DEBU [pymycobot.common] _read : FE FE 04 2B 01 CD A2
10:10:57.355 DEBU [pymycobot.common] _write: fe fe 3 2b d3 10 
10:10:57.366 DEBU [pymycobot.common] _read : FE FE 04 2B 01 CD A2
10:10:57.475 DEBU [pymycobot.common] _write: fe fe 3 2b d3 10 
10:10:57.480 DEBU [pymycobot.common] _read : FE FE 04 2B 01 CD A2
10:10:57.596 DEBU [pymycobot.common] _write: fe fe 3 2b d3 10 
10:10:57.602 DEBU [pymycobot.common] _read : FE FE 04 2B 01 CD A2
10:10:57.717 DEBU [pymycobot.common] _write: fe fe 3 2b d3 10 
10:10:57.722 DEBU [pymycobot.common] _read : FE FE 04 2B 01 CD A2
10:10:57.811 DEBU [pymycobot.common] _read : FE FE 04 5B 00 CD 46
10:10:57.839 DEBU [pymycobot.common] _write: fe fe 3 2b d3 10 
10:10:57.846 DEBU [pymycobot.common] _read : FE FE 04 2B 00 0D 63
10:10:58.867 DEBU [pymycobot.common] _write: fe fe 4 1c 2 fc f4 
10:10:58.872 DEBU [pymycobot.common] _read : FE FE 11 1C D1 21 00 00 D1 21 23 27 00 00 00 00 00 00 3B A8
10:10:58.891 DEBU [pymycobot.common] _write: fe fe 10 22 0 0 0 0 0 0 0 0 0 0 0 0 a 29 22 
10:10:58.896 DEBU [pymycobot.common] _read : FE FE 05 22 FF 01 E7 1C
10:10:59.893 DEBU [pymycobot.common] _write: fe fe 3 2b d3 10 
10:10:59.896 DEBU [pymycobot.common] _read : FE FE 04 2B 01 CD A2
10:11:00.894 DEBU [pymycobot.common] _write: fe fe 3 2b d3 10 
10:11:00.899 DEBU [pymycobot.common] _read : FE FE 04 2B 01 CD A2
10:11:01.896 DEBU [pymycobot.common] _write: fe fe 3 2b d3 10 
10:11:01.911 DEBU [pymycobot.common] _read : FE FE 04 2B 01 CD A2
10:11:02.910 DEBU [pymycobot.common] _write: fe fe 3 2b d3 10 
10:11:02.914 DEBU [pymycobot.common] _read : FE FE 04 2B 01 CD A2
10:11:03.914 DEBU [pymycobot.common] _write: fe fe 3 2b d3 10 
10:11:03.921 DEBU [pymycobot.common] _read : FE FE 04 2B 01 CD A2
10:11:04.918 DEBU [pymycobot.common] _write: fe fe 3 2b d3 10 
10:11:04.926 DEBU [pymycobot.common] _read : FE FE 04 2B 01 CD A2
10:11:05.923 DEBU [pymycobot.common] _write: fe fe 3 2b d3 10 
10:11:05.933 DEBU [pymycobot.common] _read : FE FE 04 2B 01 CD A2
10:11:06.926 DEBU [pymycobot.common] _write: fe fe 3 2b d3 10 
10:11:06.933 DEBU [pymycobot.common] _read : FE FE 04 2B 01 CD A2
10:11:07.588 DEBU [pymycobot.common] _read : FE FE 04 5B 00 CD 46
10:11:09.909 DEBU [pymycobot.common] _write: fe fe 3 2b d3 10 
10:11:09.917 DEBU [pymycobot.common] _read : FE FE 04 2B 00 0D 63
10:11:10.939 DEBU [pymycobot.common] _write: fe fe 4 16 0 9d 73 
10:11:10.945 DEBU [pymycobot.common] _read : FE FE 05 16 FF 01 29 5D
10:11:10.952 DEBU [pymycobot.common] _write: fe fe 3 17 c2 10 
10:11:10.958 DEBU [pymycobot.common] _read : FE FE 04 17 00 0D 72
10:11:10.968 DEBU [pymycobot.common] _write: fe fe 7 21 3 dc d8 a 5 77 
10:11:10.972 DEBU [pymycobot.common] _read : FE FE 05 21 FF 01 E7 EC
10:11:11.972 DEBU [pymycobot.common] _write: fe fe 3 2b d3 10 
10:11:11.978 DEBU [pymycobot.common] _read : FE FE 04 2B 01 CD A2
10:11:12.978 DEBU [pymycobot.common] _write: fe fe 3 2b d3 10 
10:11:12.983 DEBU [pymycobot.common] _read : FE FE 04 2B 01 CD A2
10:11:13.982 DEBU [pymycobot.common] _write: fe fe 3 2b d3 10 
10:11:13.991 DEBU [pymycobot.common] _read : FE FE 04 2B 01 CD A2
10:11:14.996 DEBU [pymycobot.common] _write: fe fe 3 2b d3 10 
10:11:15.002 DEBU [pymycobot.common] _read : FE FE 04 2B 01 CD A2
10:11:16.001 DEBU [pymycobot.common] _write: fe fe 3 2b d3 10 
10:11:16.006 DEBU [pymycobot.common] _read : FE FE 04 2B 01 CD A2
10:11:17.015 DEBU [pymycobot.common] _write: fe fe 3 2b d3 10 
10:11:17.019 DEBU [pymycobot.common] _read : FE FE 04 2B 01 CD A2
10:11:17.677 DEBU [pymycobot.common] _read : FE FE 04 5B 00 CD 46
10:11:17.989 DEBU [pymycobot.common] _write: fe fe 3 2b d3 10 
10:11:17.995 DEBU [pymycobot.common] _read : FE FE 04 2B 00 0D 63
10:11:19.005 DEBU [pymycobot.common] _write: fe fe 6 30 2 1 14 4e 36 
10:11:19.011 DEBU [pymycobot.common] _read : FE FE 05 30 FF 01 E2 BC
10:11:19.312 DEBU [pymycobot.common] _write: fe fe 3 2b d3 10 
10:11:19.319 DEBU [pymycobot.common] _read : FE FE 04 2B 01 CD A2
10:11:19.433 DEBU [pymycobot.common] _write: fe fe 3 2b d3 10 
10:11:19.446 DEBU [pymycobot.common] _read : FE FE 04 2B 01 CD A2
10:11:19.555 DEBU [pymycobot.common] _write: fe fe 3 2b d3 10 
10:11:19.560 DEBU [pymycobot.common] _read : FE FE 04 2B 01 CD A2
10:11:19.676 DEBU [pymycobot.common] _write: fe fe 3 2b d3 10 
10:11:19.683 DEBU [pymycobot.common] _read : FE FE 04 2B 01 CD A2
10:11:19.798 DEBU [pymycobot.common] _write: fe fe 3 2b d3 10 
10:11:19.805 DEBU [pymycobot.common] _read : FE FE 04 2B 01 CD A2
10:11:19.921 DEBU [pymycobot.common] _write: fe fe 3 2b d3 10 
10:11:19.927 DEBU [pymycobot.common] _read : FE FE 04 2B 01 CD A2
10:11:20.041 DEBU [pymycobot.common] _write: fe fe 3 2b d3 10 
10:11:20.045 DEBU [pymycobot.common] _read : FE FE 04 2B 01 CD A2
10:11:20.163 DEBU [pymycobot.common] _write: fe fe 3 2b d3 10 
10:11:20.169 DEBU [pymycobot.common] _read : FE FE 04 2B 01 CD A2
10:11:20.283 DEBU [pymycobot.common] _write: fe fe 3 2b d3 10 
10:11:20.291 DEBU [pymycobot.common] _read : FE FE 04 2B 01 CD A2
10:11:20.404 DEBU [pymycobot.common] _write: fe fe 3 2b d3 10 
10:11:20.409 DEBU [pymycobot.common] _read : FE FE 04 2B 01 CD A2
10:11:20.527 DEBU [pymycobot.common] _write: fe fe 3 2b d3 10 
10:11:20.532 DEBU [pymycobot.common] _read : FE FE 04 2B 01 CD A2
10:11:20.650 DEBU [pymycobot.common] _write: fe fe 3 2b d3 10 
10:11:20.654 DEBU [pymycobot.common] _read : FE FE 04 2B 01 CD A2
10:11:20.770 DEBU [pymycobot.common] _write: fe fe 3 2b d3 10 
10:11:20.776 DEBU [pymycobot.common] _read : FE FE 04 2B 01 CD A2
10:11:20.893 DEBU [pymycobot.common] _write: fe fe 3 2b d3 10 
10:11:20.897 DEBU [pymycobot.common] _read : FE FE 04 2B 01 CD A2
10:11:21.016 DEBU [pymycobot.common] _write: fe fe 3 2b d3 10 
10:11:21.029 DEBU [pymycobot.common] _read : FE FE 04 2B 01 CD A2
10:11:21.136 DEBU [pymycobot.common] _write: fe fe 3 2b d3 10 
10:11:21.143 DEBU [pymycobot.common] _read : FE FE 04 2B 01 CD A2
10:11:21.257 DEBU [pymycobot.common] _write: fe fe 3 2b d3 10 
10:11:21.273 DEBU [pymycobot.common] _read : FE FE 04 2B 01 CD A2
10:11:21.394 DEBU [pymycobot.common] _write: fe fe 3 2b d3 10 
10:11:21.404 DEBU [pymycobot.common] _read : FE FE 04 2B 01 CD A2
10:11:21.515 DEBU [pymycobot.common] _write: fe fe 3 2b d3 10 
10:11:21.519 DEBU [pymycobot.common] _read : FE FE 04 2B 01 CD A2
10:11:21.635 DEBU [pymycobot.common] _write: fe fe 3 2b d3 10 
10:11:21.641 DEBU [pymycobot.common] _read : FE FE 04 2B 01 CD A2
10:11:21.758 DEBU [pymycobot.common] _write: fe fe 3 2b d3 10 
10:11:21.765 DEBU [pymycobot.common] _read : FE FE 04 2B 01 CD A2
10:11:21.880 DEBU [pymycobot.common] _write: fe fe 3 2b d3 10 
10:11:21.887 DEBU [pymycobot.common] _read : FE FE 04 2B 01 CD A2
10:11:22.001 DEBU [pymycobot.common] _write: fe fe 3 2b d3 10 
10:11:22.008 DEBU [pymycobot.common] _read : FE FE 04 2B 01 CD A2
10:11:22.125 DEBU [pymycobot.common] _write: fe fe 3 2b d3 10 
10:11:22.130 DEBU [pymycobot.common] _read : FE FE 04 2B 01 CD A2
10:11:22.245 DEBU [pymycobot.common] _write: fe fe 3 2b d3 10 
10:11:22.249 DEBU [pymycobot.common] _read : FE FE 04 2B 01 CD A2
10:11:22.367 DEBU [pymycobot.common] _write: fe fe 3 2b d3 10 
10:11:22.372 DEBU [pymycobot.common] _read : FE FE 04 2B 01 CD A2
10:11:22.488 DEBU [pymycobot.common] _write: fe fe 3 2b d3 10 
10:11:22.494 DEBU [pymycobot.common] _read : FE FE 04 2B 01 CD A2
10:11:22.608 DEBU [pymycobot.common] _write: fe fe 3 2b d3 10 
10:11:22.617 DEBU [pymycobot.common] _read : FE FE 04 2B 01 CD A2
10:11:22.732 DEBU [pymycobot.common] _write: fe fe 3 2b d3 10 
10:11:22.736 DEBU [pymycobot.common] _read : FE FE 04 2B 01 CD A2
10:11:22.852 DEBU [pymycobot.common] _write: fe fe 3 2b d3 10 
10:11:22.857 DEBU [pymycobot.common] _read : FE FE 04 2B 01 CD A2
10:11:22.974 DEBU [pymycobot.common] _write: fe fe 3 2b d3 10 
10:11:22.979 DEBU [pymycobot.common] _read : FE FE 04 2B 01 CD A2
10:11:23.094 DEBU [pymycobot.common] _write: fe fe 3 2b d3 10 
10:11:23.099 DEBU [pymycobot.common] _read : FE FE 04 2B 01 CD A2
10:11:23.216 DEBU [pymycobot.common] _write: fe fe 3 2b d3 10 
10:11:23.225 DEBU [pymycobot.common] _read : FE FE 04 2B 01 CD A2
10:11:23.337 DEBU [pymycobot.common] _write: fe fe 3 2b d3 10 
10:11:23.341 DEBU [pymycobot.common] _read : FE FE 04 2B 01 CD A2
10:11:23.466 DEBU [pymycobot.common] _write: fe fe 3 2b d3 10 
10:11:23.476 DEBU [pymycobot.common] _read : FE FE 04 2B 01 CD A2
10:11:23.598 DEBU [pymycobot.common] _write: fe fe 3 2b d3 10 
10:11:23.603 DEBU [pymycobot.common] _read : FE FE 04 2B 01 CD A2
10:11:23.705 DEBU [pymycobot.common] _read : FE FE 04 5B 00 CD 46
10:11:23.720 DEBU [pymycobot.common] _write: fe fe 3 2b d3 10 
10:11:23.731 DEBU [pymycobot.common] _read : FE FE 04 2B 00 0D 63
10:11:24.740 DEBU [pymycobot.common] _write: fe fe 4 1c 2 fc f4 
10:11:24.752 DEBU [pymycobot.common] _read : FE FE 11 1C 2E DF 00 00 2E DF DC D8 00 00 00 00 00 00 27 3C
10:11:24.764 DEBU [pymycobot.common] _write: fe fe 10 22 0 0 0 0 0 0 0 0 0 0 0 0 a 29 22 
10:11:24.769 DEBU [pymycobot.common] _read : FE FE 05 22 FF 01 E7 1C
10:11:25.774 DEBU [pymycobot.common] _write: fe fe 3 2b d3 10 
10:11:25.778 DEBU [pymycobot.common] _read : FE FE 04 2B 01 CD A2
10:11:26.785 DEBU [pymycobot.common] _write: fe fe 3 2b d3 10 
10:11:26.790 DEBU [pymycobot.common] _read : FE FE 04 2B 01 CD A2
10:11:27.790 DEBU [pymycobot.common] _write: fe fe 3 2b d3 10 
10:11:27.796 DEBU [pymycobot.common] _read : FE FE 04 2B 01 CD A2
10:11:28.805 DEBU [pymycobot.common] _write: fe fe 3 2b d3 10 
10:11:28.810 DEBU [pymycobot.common] _read : FE FE 04 2B 01 CD A2
10:11:29.809 DEBU [pymycobot.common] _write: fe fe 3 2b d3 10 
10:11:29.815 DEBU [pymycobot.common] _read : FE FE 04 2B 01 CD A2
10:11:30.817 DEBU [pymycobot.common] _write: fe fe 3 2b d3 10 
10:11:30.821 DEBU [pymycobot.common] _read : FE FE 04 2B 01 CD A2
10:11:31.817 DEBU [pymycobot.common] _write: fe fe 3 2b d3 10 
10:11:31.822 DEBU [pymycobot.common] _read : FE FE 04 2B 01 CD A2
10:11:32.818 DEBU [pymycobot.common] _write: fe fe 3 2b d3 10 
10:11:32.823 DEBU [pymycobot.common] _read : FE FE 04 2B 01 CD A2
10:11:33.466 DEBU [pymycobot.common] _read : FE FE 04 5B 00 CD 46
10:11:35.786 DEBU [pymycobot.common] _write: fe fe 3 2b d3 10 
10:11:35.791 DEBU [pymycobot.common] _read : FE FE 04 2B 00 0D 63
10:11:36.806 DEBU [pymycobot.common] _write: fe fe 4 16 0 9d 73 
10:11:36.816 DEBU [pymycobot.common] _read : FE FE 05 16 FF 01 29 5D
10:11:36.818 DEBU [pymycobot.common] _write: fe fe 3 17 c2 10 
10:11:36.822 DEBU [pymycobot.common] _read : FE FE 04 17 00 0D 72
10:11:36.833 DEBU [pymycobot.common] _write: fe fe 6 30 3 0 1e 19 e6 
10:11:36.838 DEBU [pymycobot.common] _read : FE FE 05 30 FF 01 E2 BC
10:12:54.076 DEBU [pymycobot.common] _write: fe fe 3 2b d3 10 
10:12:54.080 DEBU [pymycobot.common] _read : FE FE 04 2B 00 0D 63
10:12:59.103 DEBU [pymycobot.common] _write: fe fe 10 22 0 0 b b8 d8 f0 f8 30 0 0 0 0 a 8e 8 
10:12:59.108 DEBU [pymycobot.common] _read : FE FE 05 22 FF 01 E7 1C
10:13:00.104 DEBU [pymycobot.common] _write: fe fe 3 2b d3 10 
10:13:00.110 DEBU [pymycobot.common] _read : FE FE 04 2B 01 CD A2
10:13:00.121 DEBU [pymycobot.common] _write: fe fe 4 16 0 9d 73 
10:13:00.129 DEBU [pymycobot.common] _read : FE FE 05 16 FF 01 29 5D
10:13:00.135 DEBU [pymycobot.common] _write: fe fe 4 68 0 3d 52 
10:13:00.140 DEBU [pymycobot.common] _read : FE FE 05 68 FF 01 31 3D
10:13:00.150 DEBU [pymycobot.common] _write: fe fe 4 29 1 ad a3 
10:13:00.154 DEBU [pymycobot.common] _read : FE FE 05 29 FF 01 25 6D
10:13:00.469 DEBU [pymycobot.common] _write: fe fe 3 2b d3 10 
10:13:00.475 DEBU [pymycobot.common] _read : FE FE 04 2B 00 0D 63
10:20:55.215 DEBU [pymycobot.common] _write: fe fe 3 2b d3 10 
10:20:55.221 DEBU [pymycobot.common] _read : FE FE 04 2B 00 0D 63
10:21:00.248 DEBU [pymycobot.common] _write: fe fe 10 22 0 0 b b8 d8 f0 f8 30 0 0 0 0 a 8e 8 
10:21:00.262 DEBU [pymycobot.common] _read : FE FE 05 22 FF 01 E7 1C
10:21:01.252 DEBU [pymycobot.common] _write: fe fe 3 2b d3 10 
10:21:01.267 DEBU [pymycobot.common] _read : FE FE 04 2B 01 CD A2
10:21:01.283 DEBU [pymycobot.common] _write: fe fe 4 16 0 9d 73 
10:21:01.287 DEBU [pymycobot.common] _read : FE FE 05 16 FF 01 29 5D
10:21:01.297 DEBU [pymycobot.common] _write: fe fe 4 68 0 3d 52 
10:21:01.302 DEBU [pymycobot.common] _read : FE FE 05 68 FF 01 31 3D
10:21:01.313 DEBU [pymycobot.common] _write: fe fe 4 29 1 ad a3 
10:21:01.318 DEBU [pymycobot.common] _read : FE FE 05 29 FF 01 25 6D
10:21:01.631 DEBU [pymycobot.common] _write: fe fe 3 2b d3 10 
10:21:01.638 DEBU [pymycobot.common] _read : FE FE 04 2B 00 0D 63
10:23:01.299 DEBU [pymycobot.common] _write: fe fe 3 2b d3 10 
10:23:01.316 DEBU [pymycobot.common] _read : FE FE 04 2B 00 0D 63
10:23:06.346 DEBU [pymycobot.common] _write: fe fe 10 22 0 0 b b8 d8 f0 f8 30 0 0 0 0 a 8e 8 
10:23:06.352 DEBU [pymycobot.common] _read : FE FE 05 22 FF 01 E7 1C
10:23:06.430 DEBU [pymycobot.common] _read : FE FE 04 5B 0B 0A 07
10:23:07.357 DEBU [pymycobot.common] _write: fe fe 3 2b d3 10 
10:23:07.362 DEBU [pymycobot.common] _read : FE FE 04 2B 01 CD A2
10:23:07.676 DEBU [pymycobot.common] _write: fe fe 3 2b d3 10 
10:23:07.682 DEBU [pymycobot.common] _read : FE FE 04 2B 01 CD A2
10:23:07.798 DEBU [pymycobot.common] _write: fe fe 3 2b d3 10 
10:23:07.802 DEBU [pymycobot.common] _read : FE FE 04 2B 01 CD A2
10:23:07.920 DEBU [pymycobot.common] _write: fe fe 3 2b d3 10 
10:23:07.925 DEBU [pymycobot.common] _read : FE FE 04 2B 01 CD A2
10:23:08.043 DEBU [pymycobot.common] _write: fe fe 3 2b d3 10 
10:23:08.048 DEBU [pymycobot.common] _read : FE FE 04 2B 01 CD A2
10:23:08.165 DEBU [pymycobot.common] _write: fe fe 3 2b d3 10 
10:23:08.172 DEBU [pymycobot.common] _read : FE FE 04 2B 01 CD A2
10:23:08.286 DEBU [pymycobot.common] _write: fe fe 3 2b d3 10 
10:23:08.292 DEBU [pymycobot.common] _read : FE FE 04 2B 01 CD A2
10:23:08.408 DEBU [pymycobot.common] _write: fe fe 3 2b d3 10 
10:23:08.413 DEBU [pymycobot.common] _read : FE FE 04 2B 01 CD A2
10:23:08.528 DEBU [pymycobot.common] _write: fe fe 3 2b d3 10 
10:23:08.533 DEBU [pymycobot.common] _read : FE FE 04 2B 01 CD A2
10:23:08.649 DEBU [pymycobot.common] _write: fe fe 3 2b d3 10 
10:23:08.654 DEBU [pymycobot.common] _read : FE FE 04 2B 01 CD A2
10:23:08.770 DEBU [pymycobot.common] _write: fe fe 3 2b d3 10 
10:23:08.777 DEBU [pymycobot.common] _read : FE FE 04 2B 01 CD A2
10:23:08.891 DEBU [pymycobot.common] _write: fe fe 3 2b d3 10 
10:23:08.897 DEBU [pymycobot.common] _read : FE FE 04 2B 01 CD A2
10:23:09.015 DEBU [pymycobot.common] _write: fe fe 3 2b d3 10 
10:23:09.021 DEBU [pymycobot.common] _read : FE FE 04 2B 01 CD A2
10:23:09.136 DEBU [pymycobot.common] _write: fe fe 3 2b d3 10 
10:23:09.144 DEBU [pymycobot.common] _read : FE FE 04 2B 01 CD A2
10:23:09.258 DEBU [pymycobot.common] _write: fe fe 3 2b d3 10 
10:23:09.263 DEBU [pymycobot.common] _read : FE FE 04 2B 01 CD A2
10:23:09.379 DEBU [pymycobot.common] _write: fe fe 3 2b d3 10 
10:23:09.386 DEBU [pymycobot.common] _read : FE FE 04 2B 01 CD A2
10:23:09.500 DEBU [pymycobot.common] _write: fe fe 3 2b d3 10 
10:23:09.504 DEBU [pymycobot.common] _read : FE FE 04 2B 01 CD A2
10:23:09.622 DEBU [pymycobot.common] _write: fe fe 3 2b d3 10 
10:23:09.627 DEBU [pymycobot.common] _read : FE FE 04 2B 01 CD A2
10:23:09.744 DEBU [pymycobot.common] _write: fe fe 3 2b d3 10 
10:23:09.748 DEBU [pymycobot.common] _read : FE FE 04 2B 01 CD A2
10:23:09.865 DEBU [pymycobot.common] _write: fe fe 3 2b d3 10 
10:23:09.871 DEBU [pymycobot.common] _read : FE FE 04 2B 01 CD A2
10:23:09.985 DEBU [pymycobot.common] _write: fe fe 3 2b d3 10 
10:23:09.991 DEBU [pymycobot.common] _read : FE FE 04 2B 01 CD A2
10:23:10.105 DEBU [pymycobot.common] _write: fe fe 3 2b d3 10 
10:23:10.112 DEBU [pymycobot.common] _read : FE FE 04 2B 01 CD A2
10:23:10.226 DEBU [pymycobot.common] _write: fe fe 3 2b d3 10 
10:23:10.236 DEBU [pymycobot.common] _read : FE FE 04 2B 01 CD A2
10:23:10.345 DEBU [pymycobot.common] _write: fe fe 3 2b d3 10 
10:23:10.349 DEBU [pymycobot.common] _read : FE FE 04 2B 01 CD A2
10:23:10.467 DEBU [pymycobot.common] _write: fe fe 3 2b d3 10 
10:23:10.472 DEBU [pymycobot.common] _read : FE FE 04 2B 01 CD A2
10:23:10.589 DEBU [pymycobot.common] _write: fe fe 3 2b d3 10 
10:23:10.593 DEBU [pymycobot.common] _read : FE FE 04 2B 01 CD A2
10:23:10.709 DEBU [pymycobot.common] _write: fe fe 3 2b d3 10 
10:23:10.721 DEBU [pymycobot.common] _read : FE FE 04 2B 01 CD A2
10:23:10.830 DEBU [pymycobot.common] _write: fe fe 3 2b d3 10 
10:23:10.835 DEBU [pymycobot.common] _read : FE FE 04 2B 01 CD A2
10:23:10.951 DEBU [pymycobot.common] _write: fe fe 3 2b d3 10 
10:23:10.963 DEBU [pymycobot.common] _read : FE FE 04 2B 01 CD A2
10:23:11.073 DEBU [pymycobot.common] _write: fe fe 3 2b d3 10 
10:23:11.078 DEBU [pymycobot.common] _read : FE FE 04 2B 01 CD A2
10:23:11.195 DEBU [pymycobot.common] _write: fe fe 3 2b d3 10 
10:23:11.201 DEBU [pymycobot.common] _read : FE FE 04 2B 01 CD A2
10:23:11.316 DEBU [pymycobot.common] _write: fe fe 3 2b d3 10 
10:23:11.321 DEBU [pymycobot.common] _read : FE FE 04 2B 01 CD A2
10:23:11.438 DEBU [pymycobot.common] _write: fe fe 3 2b d3 10 
10:23:11.443 DEBU [pymycobot.common] _read : FE FE 04 2B 01 CD A2
10:23:11.559 DEBU [pymycobot.common] _write: fe fe 3 2b d3 10 
10:23:11.573 DEBU [pymycobot.common] _read : FE FE 04 2B 01 CD A2
10:23:11.682 DEBU [pymycobot.common] _write: fe fe 3 2b d3 10 
10:23:11.687 DEBU [pymycobot.common] _read : FE FE 04 2B 01 CD A2
10:23:11.803 DEBU [pymycobot.common] _write: fe fe 3 2b d3 10 
10:23:11.808 DEBU [pymycobot.common] _read : FE FE 04 2B 01 CD A2
10:23:11.924 DEBU [pymycobot.common] _write: fe fe 3 2b d3 10 
10:23:11.929 DEBU [pymycobot.common] _read : FE FE 04 2B 01 CD A2
10:23:12.046 DEBU [pymycobot.common] _write: fe fe 3 2b d3 10 
10:23:12.051 DEBU [pymycobot.common] _read : FE FE 04 2B 01 CD A2
10:23:12.168 DEBU [pymycobot.common] _write: fe fe 3 2b d3 10 
10:23:12.174 DEBU [pymycobot.common] _read : FE FE 04 2B 01 CD A2
10:23:12.289 DEBU [pymycobot.common] _write: fe fe 3 2b d3 10 
10:23:12.294 DEBU [pymycobot.common] _read : FE FE 04 2B 01 CD A2
10:23:12.370 DEBU [pymycobot.common] _read : FE FE 04 5B 00 CD 46
10:23:12.410 DEBU [pymycobot.common] _write: fe fe 3 2b d3 10 
10:23:12.414 DEBU [pymycobot.common] _read : FE FE 04 2B 00 0D 63
10:24:56.963 DEBU [pymycobot.common] _write: fe fe 3 2b d3 10 
10:24:56.967 DEBU [pymycobot.common] _read : FE FE 04 2B 00 0D 63
10:25:01.982 DEBU [pymycobot.common] _write: fe fe 10 22 0 0 b b8 d8 f0 f8 30 0 0 0 0 a 8e 8 
10:25:01.998 DEBU [pymycobot.common] _read : FE FE 05 22 FF 01 E7 1C
10:25:02.747 DEBU [pymycobot.common] _read : FE FE 04 5B 00 CD 46
10:25:02.999 DEBU [pymycobot.common] _write: fe fe 3 2b d3 10 
10:25:03.014 DEBU [pymycobot.common] _read : FE FE 04 2B 00 0D 63
10:25:03.438 DEBU [pymycobot.common] _write: fe fe 3 2b d3 10 
10:25:03.442 DEBU [pymycobot.common] _read : FE FE 04 2B 00 0D 63
10:41:15.053 DEBU [pymycobot.common] _write: fe fe 4 16 0 9d 73 
10:41:15.057 DEBU [pymycobot.common] _read : FE FE 05 16 FF 01 29 5D
10:41:15.070 DEBU [pymycobot.common] _write: fe fe 3 17 c2 10 
10:41:15.074 DEBU [pymycobot.common] _read : FE FE 04 17 00 0D 72
10:41:15.085 DEBU [pymycobot.common] _write: fe fe 6 30 1 0 1e d9 47 
10:41:15.088 DEBU [pymycobot.common] _read : FE FE 05 30 FF 01 E2 BC
10:41:15.389 DEBU [pymycobot.common] _write: fe fe 3 2b d3 10 
10:41:15.395 DEBU [pymycobot.common] _read : FE FE 04 2B 01 CD A2
10:41:15.509 DEBU [pymycobot.common] _write: fe fe 3 2b d3 10 
10:41:15.514 DEBU [pymycobot.common] _read : FE FE 04 2B 01 CD A2
10:41:15.632 DEBU [pymycobot.common] _write: fe fe 3 2b d3 10 
10:41:15.636 DEBU [pymycobot.common] _read : FE FE 04 2B 01 CD A2
10:41:15.754 DEBU [pymycobot.common] _write: fe fe 3 2b d3 10 
10:41:15.759 DEBU [pymycobot.common] _read : FE FE 04 2B 01 CD A2
10:41:15.877 DEBU [pymycobot.common] _write: fe fe 3 2b d3 10 
10:41:15.882 DEBU [pymycobot.common] _read : FE FE 04 2B 01 CD A2
10:41:16.000 DEBU [pymycobot.common] _write: fe fe 3 2b d3 10 
10:41:16.004 DEBU [pymycobot.common] _read : FE FE 04 2B 01 CD A2
10:41:16.123 DEBU [pymycobot.common] _write: fe fe 3 2b d3 10 
10:41:16.130 DEBU [pymycobot.common] _read : FE FE 04 2B 01 CD A2
10:41:16.244 DEBU [pymycobot.common] _write: fe fe 3 2b d3 10 
10:41:16.248 DEBU [pymycobot.common] _read : FE FE 04 2B 01 CD A2
10:41:16.366 DEBU [pymycobot.common] _write: fe fe 3 2b d3 10 
10:41:16.371 DEBU [pymycobot.common] _read : FE FE 04 2B 01 CD A2
10:41:16.488 DEBU [pymycobot.common] _write: fe fe 3 2b d3 10 
10:41:16.494 DEBU [pymycobot.common] _read : FE FE 04 2B 01 CD A2
10:41:16.609 DEBU [pymycobot.common] _write: fe fe 3 2b d3 10 
10:41:16.614 DEBU [pymycobot.common] _read : FE FE 04 2B 01 CD A2
10:41:16.730 DEBU [pymycobot.common] _write: fe fe 3 2b d3 10 
10:41:16.736 DEBU [pymycobot.common] _read : FE FE 04 2B 01 CD A2
10:41:16.852 DEBU [pymycobot.common] _write: fe fe 3 2b d3 10 
10:41:16.859 DEBU [pymycobot.common] _read : FE FE 04 2B 01 CD A2
10:41:16.973 DEBU [pymycobot.common] _write: fe fe 3 2b d3 10 
10:41:16.977 DEBU [pymycobot.common] _read : FE FE 04 2B 01 CD A2
10:41:17.094 DEBU [pymycobot.common] _write: fe fe 3 2b d3 10 
10:41:17.098 DEBU [pymycobot.common] _read : FE FE 04 2B 01 CD A2
10:41:17.277 DEBU [pymycobot.common] _write: fe fe 3 2b d3 10 
10:41:17.284 DEBU [pymycobot.common] _read : FE FE 04 2B 01 CD A2
10:41:17.399 DEBU [pymycobot.common] _write: fe fe 3 2b d3 10 
10:41:17.414 DEBU [pymycobot.common] _read : FE FE 04 2B 01 CD A2
10:41:17.536 DEBU [pymycobot.common] _write: fe fe 3 2b d3 10 
10:41:17.549 DEBU [pymycobot.common] _read : FE FE 04 2B 01 CD A2
10:41:17.671 DEBU [pymycobot.common] _write: fe fe 3 2b d3 10 
10:41:17.676 DEBU [pymycobot.common] _read : FE FE 04 2B 01 CD A2
10:41:17.796 DEBU [pymycobot.common] _write: fe fe 3 2b d3 10 
10:41:17.810 DEBU [pymycobot.common] _read : FE FE 04 2B 01 CD A2
10:41:17.929 DEBU [pymycobot.common] _write: fe fe 3 2b d3 10 
10:41:17.935 DEBU [pymycobot.common] _read : FE FE 04 2B 01 CD A2
10:41:18.052 DEBU [pymycobot.common] _write: fe fe 3 2b d3 10 
10:41:18.063 DEBU [pymycobot.common] _read : FE FE 04 2B 01 CD A2
10:41:18.172 DEBU [pymycobot.common] _write: fe fe 3 2b d3 10 
10:41:18.177 DEBU [pymycobot.common] _read : FE FE 04 2B 01 CD A2
10:41:18.293 DEBU [pymycobot.common] _write: fe fe 3 2b d3 10 
10:41:18.298 DEBU [pymycobot.common] _read : FE FE 04 2B 01 CD A2
10:41:18.414 DEBU [pymycobot.common] _write: fe fe 3 2b d3 10 
10:41:18.419 DEBU [pymycobot.common] _read : FE FE 04 2B 01 CD A2
10:41:18.535 DEBU [pymycobot.common] _write: fe fe 3 2b d3 10 
10:41:18.540 DEBU [pymycobot.common] _read : FE FE 04 2B 01 CD A2
10:41:18.656 DEBU [pymycobot.common] _write: fe fe 3 2b d3 10 
10:41:18.670 DEBU [pymycobot.common] _read : FE FE 04 2B 01 CD A2
10:41:18.778 DEBU [pymycobot.common] _write: fe fe 3 2b d3 10 
10:41:18.791 DEBU [pymycobot.common] _read : FE FE 04 2B 01 CD A2
10:41:18.900 DEBU [pymycobot.common] _write: fe fe 3 2b d3 10 
10:41:18.905 DEBU [pymycobot.common] _read : FE FE 04 2B 01 CD A2
10:41:19.022 DEBU [pymycobot.common] _write: fe fe 3 2b d3 10 
10:41:19.027 DEBU [pymycobot.common] _read : FE FE 04 2B 01 CD A2
10:41:19.159 DEBU [pymycobot.common] _write: fe fe 3 2b d3 10 
10:41:19.166 DEBU [pymycobot.common] _read : FE FE 04 2B 01 CD A2
10:41:19.282 DEBU [pymycobot.common] _write: fe fe 3 2b d3 10 
10:41:19.288 DEBU [pymycobot.common] _read : FE FE 04 2B 01 CD A2
10:41:19.403 DEBU [pymycobot.common] _write: fe fe 3 2b d3 10 
10:41:19.408 DEBU [pymycobot.common] _read : FE FE 04 2B 01 CD A2
10:41:19.523 DEBU [pymycobot.common] _write: fe fe 3 2b d3 10 
10:41:19.527 DEBU [pymycobot.common] _read : FE FE 04 2B 01 CD A2
10:41:19.645 DEBU [pymycobot.common] _write: fe fe 3 2b d3 10 
10:41:19.649 DEBU [pymycobot.common] _read : FE FE 04 2B 01 CD A2
10:41:19.766 DEBU [pymycobot.common] _write: fe fe 3 2b d3 10 
10:41:19.775 DEBU [pymycobot.common] _read : FE FE 04 2B 01 CD A2
10:41:19.887 DEBU [pymycobot.common] _write: fe fe 3 2b d3 10 
10:41:19.892 DEBU [pymycobot.common] _read : FE FE 04 2B 01 CD A2
10:41:20.007 DEBU [pymycobot.common] _write: fe fe 3 2b d3 10 
10:41:20.012 DEBU [pymycobot.common] _read : FE FE 04 2B 01 CD A2
10:41:20.129 DEBU [pymycobot.common] _write: fe fe 3 2b d3 10 
10:41:20.136 DEBU [pymycobot.common] _read : FE FE 04 2B 01 CD A2
10:41:20.250 DEBU [pymycobot.common] _write: fe fe 3 2b d3 10 
10:41:20.260 DEBU [pymycobot.common] _read : FE FE 04 2B 01 CD A2
10:41:20.370 DEBU [pymycobot.common] _write: fe fe 3 2b d3 10 
10:41:20.376 DEBU [pymycobot.common] _read : FE FE 04 2B 01 CD A2
10:41:20.490 DEBU [pymycobot.common] _write: fe fe 3 2b d3 10 
10:41:20.496 DEBU [pymycobot.common] _read : FE FE 04 2B 01 CD A2
10:41:20.612 DEBU [pymycobot.common] _write: fe fe 3 2b d3 10 
10:41:20.617 DEBU [pymycobot.common] _read : FE FE 04 2B 01 CD A2
10:41:20.733 DEBU [pymycobot.common] _write: fe fe 3 2b d3 10 
10:41:20.738 DEBU [pymycobot.common] _read : FE FE 04 2B 01 CD A2
10:41:20.855 DEBU [pymycobot.common] _write: fe fe 3 2b d3 10 
10:41:20.867 DEBU [pymycobot.common] _read : FE FE 04 2B 01 CD A2
10:41:20.975 DEBU [pymycobot.common] _write: fe fe 3 2b d3 10 
10:41:20.981 DEBU [pymycobot.common] _read : FE FE 04 2B 01 CD A2
10:41:21.095 DEBU [pymycobot.common] _write: fe fe 3 2b d3 10 
10:41:21.101 DEBU [pymycobot.common] _read : FE FE 04 2B 01 CD A2
10:41:21.217 DEBU [pymycobot.common] _write: fe fe 3 2b d3 10 
10:41:21.223 DEBU [pymycobot.common] _read : FE FE 04 2B 01 CD A2
10:41:21.338 DEBU [pymycobot.common] _write: fe fe 3 2b d3 10 
10:41:21.343 DEBU [pymycobot.common] _read : FE FE 04 2B 01 CD A2
10:41:21.460 DEBU [pymycobot.common] _write: fe fe 3 2b d3 10 
10:41:21.465 DEBU [pymycobot.common] _read : FE FE 04 2B 01 CD A2
10:41:21.580 DEBU [pymycobot.common] _write: fe fe 3 2b d3 10 
10:41:21.586 DEBU [pymycobot.common] _read : FE FE 04 2B 01 CD A2
10:41:21.667 DEBU [pymycobot.common] _read : FE FE 04 5B 00 CD 46
10:41:21.702 DEBU [pymycobot.common] _write: fe fe 3 2b d3 10 
10:41:21.708 DEBU [pymycobot.common] _read : FE FE 04 2B 00 0D 63
10:41:22.718 DEBU [pymycobot.common] _write: fe fe 4 1c 1 fd b4 
10:41:22.732 DEBU [pymycobot.common] _read : FE FE 11 1C BF 8C BF 8C 00 00 00 00 00 00 00 00 00 00 F3 40
10:41:22.828 DEBU [pymycobot.common] _write: fe fe 10 22 0 0 0 0 0 0 0 0 0 0 0 0 a 29 22 
10:41:22.834 DEBU [pymycobot.common] _read : FE FE 05 22 FF 01 E7 1C
10:41:23.843 DEBU [pymycobot.common] _write: fe fe 3 2b d3 10 
10:41:23.853 DEBU [pymycobot.common] _read : FE FE 04 2B 01 CD A2
10:41:24.845 DEBU [pymycobot.common] _write: fe fe 3 2b d3 10 
10:41:24.854 DEBU [pymycobot.common] _read : FE FE 04 2B 01 CD A2
10:41:25.846 DEBU [pymycobot.common] _write: fe fe 3 2b d3 10 
10:41:25.852 DEBU [pymycobot.common] _read : FE FE 04 2B 01 CD A2
10:41:26.850 DEBU [pymycobot.common] _write: fe fe 3 2b d3 10 
10:41:26.856 DEBU [pymycobot.common] _read : FE FE 04 2B 01 CD A2
10:41:27.852 DEBU [pymycobot.common] _write: fe fe 3 2b d3 10 
10:41:27.857 DEBU [pymycobot.common] _read : FE FE 04 2B 01 CD A2
10:41:28.866 DEBU [pymycobot.common] _write: fe fe 3 2b d3 10 
10:41:28.871 DEBU [pymycobot.common] _read : FE FE 04 2B 01 CD A2
10:41:29.870 DEBU [pymycobot.common] _write: fe fe 3 2b d3 10 
10:41:29.876 DEBU [pymycobot.common] _read : FE FE 04 2B 01 CD A2
10:41:30.875 DEBU [pymycobot.common] _write: fe fe 3 2b d3 10 
10:41:30.880 DEBU [pymycobot.common] _read : FE FE 04 2B 01 CD A2
10:41:31.876 DEBU [pymycobot.common] _write: fe fe 3 2b d3 10 
10:41:31.888 DEBU [pymycobot.common] _read : FE FE 04 2B 01 CD A2
10:41:32.890 DEBU [pymycobot.common] _write: fe fe 3 2b d3 10 
10:41:32.896 DEBU [pymycobot.common] _read : FE FE 04 2B 01 CD A2
10:41:33.891 DEBU [pymycobot.common] _write: fe fe 3 2b d3 10 
10:41:33.897 DEBU [pymycobot.common] _read : FE FE 04 2B 01 CD A2
10:41:34.516 DEBU [pymycobot.common] _read : FE FE 04 5B 00 CD 46
10:41:36.840 DEBU [pymycobot.common] _write: fe fe 3 2b d3 10 
10:41:36.845 DEBU [pymycobot.common] _read : FE FE 04 2B 00 0D 63
10:41:37.859 DEBU [pymycobot.common] _write: fe fe 4 16 0 9d 73 
10:41:37.868 DEBU [pymycobot.common] _read : FE FE 05 16 FF 01 29 5D
10:41:37.872 DEBU [pymycobot.common] _write: fe fe 3 17 c2 10 
10:41:37.877 DEBU [pymycobot.common] _read : FE FE 04 17 00 0D 72
10:41:37.887 DEBU [pymycobot.common] _write: fe fe 6 30 1 1 32 94 47 
10:41:37.891 DEBU [pymycobot.common] _read : FE FE 05 30 FF 01 E2 BC
10:41:38.191 DEBU [pymycobot.common] _write: fe fe 3 2b d3 10 
10:41:38.196 DEBU [pymycobot.common] _read : FE FE 04 2B 01 CD A2
10:41:38.312 DEBU [pymycobot.common] _write: fe fe 3 2b d3 10 
10:41:38.318 DEBU [pymycobot.common] _read : FE FE 04 2B 01 CD A2
10:41:38.434 DEBU [pymycobot.common] _write: fe fe 3 2b d3 10 
10:41:38.444 DEBU [pymycobot.common] _read : FE FE 04 2B 01 CD A2
10:41:38.555 DEBU [pymycobot.common] _write: fe fe 3 2b d3 10 
10:41:38.559 DEBU [pymycobot.common] _read : FE FE 04 2B 01 CD A2
10:41:38.676 DEBU [pymycobot.common] _write: fe fe 3 2b d3 10 
10:41:38.683 DEBU [pymycobot.common] _read : FE FE 04 2B 01 CD A2
10:41:38.799 DEBU [pymycobot.common] _write: fe fe 3 2b d3 10 
10:41:38.803 DEBU [pymycobot.common] _read : FE FE 04 2B 01 CD A2
10:41:38.918 DEBU [pymycobot.common] _write: fe fe 3 2b d3 10 
10:41:38.924 DEBU [pymycobot.common] _read : FE FE 04 2B 01 CD A2
10:41:39.041 DEBU [pymycobot.common] _write: fe fe 3 2b d3 10 
10:41:39.051 DEBU [pymycobot.common] _read : FE FE 04 2B 01 CD A2
10:41:39.162 DEBU [pymycobot.common] _write: fe fe 3 2b d3 10 
10:41:39.167 DEBU [pymycobot.common] _read : FE FE 04 2B 01 CD A2
10:41:39.285 DEBU [pymycobot.common] _write: fe fe 3 2b d3 10 
10:41:39.290 DEBU [pymycobot.common] _read : FE FE 04 2B 01 CD A2
10:41:39.407 DEBU [pymycobot.common] _write: fe fe 3 2b d3 10 
10:41:39.412 DEBU [pymycobot.common] _read : FE FE 04 2B 01 CD A2
10:41:39.527 DEBU [pymycobot.common] _write: fe fe 3 2b d3 10 
10:41:39.539 DEBU [pymycobot.common] _read : FE FE 04 2B 01 CD A2
10:41:39.648 DEBU [pymycobot.common] _write: fe fe 3 2b d3 10 
10:41:39.661 DEBU [pymycobot.common] _read : FE FE 04 2B 01 CD A2
10:41:39.768 DEBU [pymycobot.common] _write: fe fe 3 2b d3 10 
10:41:39.773 DEBU [pymycobot.common] _read : FE FE 04 2B 01 CD A2
10:41:39.890 DEBU [pymycobot.common] _write: fe fe 3 2b d3 10 
10:41:39.895 DEBU [pymycobot.common] _read : FE FE 04 2B 01 CD A2
10:41:40.011 DEBU [pymycobot.common] _write: fe fe 3 2b d3 10 
10:41:40.024 DEBU [pymycobot.common] _read : FE FE 04 2B 01 CD A2
10:41:40.132 DEBU [pymycobot.common] _write: fe fe 3 2b d3 10 
10:41:40.138 DEBU [pymycobot.common] _read : FE FE 04 2B 01 CD A2
10:41:40.253 DEBU [pymycobot.common] _write: fe fe 3 2b d3 10 
10:41:40.258 DEBU [pymycobot.common] _read : FE FE 04 2B 01 CD A2
10:41:40.373 DEBU [pymycobot.common] _write: fe fe 3 2b d3 10 
10:41:40.379 DEBU [pymycobot.common] _read : FE FE 04 2B 01 CD A2
10:41:40.496 DEBU [pymycobot.common] _write: fe fe 3 2b d3 10 
10:41:40.501 DEBU [pymycobot.common] _read : FE FE 04 2B 01 CD A2
10:41:40.617 DEBU [pymycobot.common] _write: fe fe 3 2b d3 10 
10:41:40.622 DEBU [pymycobot.common] _read : FE FE 04 2B 01 CD A2
10:41:40.737 DEBU [pymycobot.common] _write: fe fe 3 2b d3 10 
10:41:40.742 DEBU [pymycobot.common] _read : FE FE 04 2B 01 CD A2
10:41:40.792 DEBU [pymycobot.common] _read : FE FE 04 5B 00 CD 46
10:41:40.859 DEBU [pymycobot.common] _write: fe fe 3 2b d3 10 
10:41:40.875 DEBU [pymycobot.common] _read : FE FE 04 2B 00 0D 63
10:41:41.893 DEBU [pymycobot.common] _write: fe fe 4 1c 1 fd b4 
10:41:41.899 DEBU [pymycobot.common] _read : FE FE 11 1C 40 73 40 73 00 00 00 00 00 00 00 00 00 00 F0 8F
10:41:41.916 DEBU [pymycobot.common] _write: fe fe 10 22 0 0 0 0 0 0 0 0 0 0 0 0 a 29 22 
10:41:41.922 DEBU [pymycobot.common] _read : FE FE 05 22 FF 01 E7 1C
10:41:42.923 DEBU [pymycobot.common] _write: fe fe 3 2b d3 10 
10:41:42.928 DEBU [pymycobot.common] _read : FE FE 04 2B 01 CD A2
10:41:43.938 DEBU [pymycobot.common] _write: fe fe 3 2b d3 10 
10:41:43.944 DEBU [pymycobot.common] _read : FE FE 04 2B 01 CD A2
10:41:44.938 DEBU [pymycobot.common] _write: fe fe 3 2b d3 10 
10:41:44.944 DEBU [pymycobot.common] _read : FE FE 04 2B 01 CD A2
10:41:45.941 DEBU [pymycobot.common] _write: fe fe 3 2b d3 10 
10:41:45.954 DEBU [pymycobot.common] _read : FE FE 04 2B 01 CD A2
10:41:46.942 DEBU [pymycobot.common] _write: fe fe 3 2b d3 10 
10:41:46.949 DEBU [pymycobot.common] _read : FE FE 04 2B 01 CD A2
10:41:47.943 DEBU [pymycobot.common] _write: fe fe 3 2b d3 10 
10:41:47.948 DEBU [pymycobot.common] _read : FE FE 04 2B 01 CD A2
10:41:48.958 DEBU [pymycobot.common] _write: fe fe 3 2b d3 10 
10:41:48.961 DEBU [pymycobot.common] _read : FE FE 04 2B 01 CD A2
10:41:49.970 DEBU [pymycobot.common] _write: fe fe 3 2b d3 10 
10:41:49.974 DEBU [pymycobot.common] _read : FE FE 04 2B 01 CD A2
10:41:50.974 DEBU [pymycobot.common] _write: fe fe 3 2b d3 10 
10:41:50.979 DEBU [pymycobot.common] _read : FE FE 04 2B 01 CD A2
10:41:51.977 DEBU [pymycobot.common] _write: fe fe 3 2b d3 10 
10:41:51.983 DEBU [pymycobot.common] _read : FE FE 04 2B 01 CD A2
10:41:52.983 DEBU [pymycobot.common] _write: fe fe 3 2b d3 10 
10:41:52.989 DEBU [pymycobot.common] _read : FE FE 04 2B 01 CD A2
10:41:53.613 DEBU [pymycobot.common] _read : FE FE 04 5B 00 CD 46
10:41:55.923 DEBU [pymycobot.common] _write: fe fe 3 2b d3 10 
10:41:55.927 DEBU [pymycobot.common] _read : FE FE 04 2B 00 0D 63
10:41:56.945 DEBU [pymycobot.common] _write: fe fe 4 16 0 9d 73 
10:41:56.949 DEBU [pymycobot.common] _read : FE FE 05 16 FF 01 29 5D
10:41:56.957 DEBU [pymycobot.common] _write: fe fe 3 17 c2 10 
10:41:56.973 DEBU [pymycobot.common] _read : FE FE 04 17 00 0D 72
10:41:56.987 DEBU [pymycobot.common] _write: fe fe 7 21 3 23 28 a 35 3 
10:41:56.992 DEBU [pymycobot.common] _read : FE FE 05 21 FF 01 E7 EC
10:41:58.003 DEBU [pymycobot.common] _write: fe fe 3 2b d3 10 
10:41:58.007 DEBU [pymycobot.common] _read : FE FE 04 2B 01 CD A2
10:41:59.005 DEBU [pymycobot.common] _write: fe fe 3 2b d3 10 
10:41:59.010 DEBU [pymycobot.common] _read : FE FE 04 2B 01 CD A2
10:42:00.006 DEBU [pymycobot.common] _write: fe fe 3 2b d3 10 
10:42:00.011 DEBU [pymycobot.common] _read : FE FE 04 2B 01 CD A2
10:42:01.021 DEBU [pymycobot.common] _write: fe fe 3 2b d3 10 
10:42:01.025 DEBU [pymycobot.common] _read : FE FE 04 2B 01 CD A2
10:42:02.023 DEBU [pymycobot.common] _write: fe fe 3 2b d3 10 
10:42:02.028 DEBU [pymycobot.common] _read : FE FE 04 2B 01 CD A2
10:42:03.026 DEBU [pymycobot.common] _write: fe fe 3 2b d3 10 
10:42:03.034 DEBU [pymycobot.common] _read : FE FE 04 2B 01 CD A2
10:42:03.690 DEBU [pymycobot.common] _read : FE FE 04 5B 00 CD 46
10:42:03.998 DEBU [pymycobot.common] _write: fe fe 3 2b d3 10 
10:42:04.003 DEBU [pymycobot.common] _read : FE FE 04 2B 00 0D 63
10:42:05.015 DEBU [pymycobot.common] _write: fe fe 6 30 2 0 46 23 b6 
10:42:05.019 DEBU [pymycobot.common] _read : FE FE 05 30 FF 01 E2 BC
10:42:05.318 DEBU [pymycobot.common] _write: fe fe 3 2b d3 10 
10:42:05.323 DEBU [pymycobot.common] _read : FE FE 04 2B 01 CD A2
10:42:05.440 DEBU [pymycobot.common] _write: fe fe 3 2b d3 10 
10:42:05.444 DEBU [pymycobot.common] _read : FE FE 04 2B 01 CD A2
10:42:05.562 DEBU [pymycobot.common] _write: fe fe 3 2b d3 10 
10:42:05.572 DEBU [pymycobot.common] _read : FE FE 04 2B 01 CD A2
10:42:05.683 DEBU [pymycobot.common] _write: fe fe 3 2b d3 10 
10:42:05.688 DEBU [pymycobot.common] _read : FE FE 04 2B 01 CD A2
10:42:05.805 DEBU [pymycobot.common] _write: fe fe 3 2b d3 10 
10:42:05.811 DEBU [pymycobot.common] _read : FE FE 04 2B 01 CD A2
10:42:05.926 DEBU [pymycobot.common] _write: fe fe 3 2b d3 10 
10:42:05.935 DEBU [pymycobot.common] _read : FE FE 04 2B 01 CD A2
10:42:06.048 DEBU [pymycobot.common] _write: fe fe 3 2b d3 10 
10:42:06.052 DEBU [pymycobot.common] _read : FE FE 04 2B 01 CD A2
10:42:06.170 DEBU [pymycobot.common] _write: fe fe 3 2b d3 10 
10:42:06.176 DEBU [pymycobot.common] _read : FE FE 04 2B 01 CD A2
10:42:06.291 DEBU [pymycobot.common] _write: fe fe 3 2b d3 10 
10:42:06.295 DEBU [pymycobot.common] _read : FE FE 04 2B 01 CD A2
10:42:06.412 DEBU [pymycobot.common] _write: fe fe 3 2b d3 10 
10:42:06.418 DEBU [pymycobot.common] _read : FE FE 04 2B 01 CD A2
10:42:06.534 DEBU [pymycobot.common] _write: fe fe 3 2b d3 10 
10:42:06.540 DEBU [pymycobot.common] _read : FE FE 04 2B 01 CD A2
10:42:06.655 DEBU [pymycobot.common] _write: fe fe 3 2b d3 10 
10:42:06.662 DEBU [pymycobot.common] _read : FE FE 04 2B 01 CD A2
10:42:06.776 DEBU [pymycobot.common] _write: fe fe 3 2b d3 10 
10:42:06.782 DEBU [pymycobot.common] _read : FE FE 04 2B 01 CD A2
10:42:06.865 DEBU [pymycobot.common] _read : FE FE 04 5B 00 CD 46
10:42:06.897 DEBU [pymycobot.common] _write: fe fe 3 2b d3 10 
10:42:06.901 DEBU [pymycobot.common] _read : FE FE 04 2B 00 0D 63
10:42:07.927 DEBU [pymycobot.common] _write: fe fe 4 1c 2 fc f4 
10:42:07.934 DEBU [pymycobot.common] _read : FE FE 11 1C D1 21 00 00 D1 21 23 27 00 00 00 00 00 00 3B A8
10:42:07.950 DEBU [pymycobot.common] _write: fe fe 10 22 0 0 0 0 0 0 0 0 0 0 0 0 a 29 22 
10:42:07.959 DEBU [pymycobot.common] _read : FE FE 05 22 FF 01 E7 1C
10:42:08.960 DEBU [pymycobot.common] _write: fe fe 3 2b d3 10 
10:42:08.966 DEBU [pymycobot.common] _read : FE FE 04 2B 01 CD A2
10:42:09.960 DEBU [pymycobot.common] _write: fe fe 3 2b d3 10 
10:42:09.965 DEBU [pymycobot.common] _read : FE FE 04 2B 01 CD A2
10:42:10.962 DEBU [pymycobot.common] _write: fe fe 3 2b d3 10 
10:42:10.967 DEBU [pymycobot.common] _read : FE FE 04 2B 01 CD A2
10:42:11.963 DEBU [pymycobot.common] _write: fe fe 3 2b d3 10 
10:42:11.969 DEBU [pymycobot.common] _read : FE FE 04 2B 01 CD A2
10:42:12.964 DEBU [pymycobot.common] _write: fe fe 3 2b d3 10 
10:42:12.969 DEBU [pymycobot.common] _read : FE FE 04 2B 01 CD A2
10:42:13.965 DEBU [pymycobot.common] _write: fe fe 3 2b d3 10 
10:42:13.971 DEBU [pymycobot.common] _read : FE FE 04 2B 01 CD A2
10:42:14.966 DEBU [pymycobot.common] _write: fe fe 3 2b d3 10 
10:42:14.971 DEBU [pymycobot.common] _read : FE FE 04 2B 01 CD A2
10:42:15.980 DEBU [pymycobot.common] _write: fe fe 3 2b d3 10 
10:42:15.984 DEBU [pymycobot.common] _read : FE FE 04 2B 01 CD A2
10:42:16.655 DEBU [pymycobot.common] _read : FE FE 04 5B 00 CD 46
10:42:18.977 DEBU [pymycobot.common] _write: fe fe 3 2b d3 10 
10:42:18.984 DEBU [pymycobot.common] _read : FE FE 04 2B 00 0D 63
10:42:20.000 DEBU [pymycobot.common] _write: fe fe 4 16 0 9d 73 
10:42:20.006 DEBU [pymycobot.common] _read : FE FE 05 16 FF 01 29 5D
10:42:20.013 DEBU [pymycobot.common] _write: fe fe 3 17 c2 10 
10:42:20.018 DEBU [pymycobot.common] _read : FE FE 04 17 00 0D 72
10:42:20.028 DEBU [pymycobot.common] _write: fe fe 7 21 3 dc d8 a 5 77 
10:42:20.033 DEBU [pymycobot.common] _read : FE FE 05 21 FF 01 E7 EC
10:42:21.030 DEBU [pymycobot.common] _write: fe fe 3 2b d3 10 
10:42:21.036 DEBU [pymycobot.common] _read : FE FE 04 2B 01 CD A2
10:42:22.030 DEBU [pymycobot.common] _write: fe fe 3 2b d3 10 
10:42:22.036 DEBU [pymycobot.common] _read : FE FE 04 2B 01 CD A2
10:42:23.033 DEBU [pymycobot.common] _write: fe fe 3 2b d3 10 
10:42:23.037 DEBU [pymycobot.common] _read : FE FE 04 2B 01 CD A2
10:42:24.035 DEBU [pymycobot.common] _write: fe fe 3 2b d3 10 
10:42:24.040 DEBU [pymycobot.common] _read : FE FE 04 2B 01 CD A2
10:42:25.035 DEBU [pymycobot.common] _write: fe fe 3 2b d3 10 
10:42:25.041 DEBU [pymycobot.common] _read : FE FE 04 2B 01 CD A2
10:42:26.038 DEBU [pymycobot.common] _write: fe fe 3 2b d3 10 
10:42:26.042 DEBU [pymycobot.common] _read : FE FE 04 2B 01 CD A2
10:42:26.722 DEBU [pymycobot.common] _read : FE FE 04 5B 00 CD 46
10:42:27.041 DEBU [pymycobot.common] _write: fe fe 3 2b d3 10 
10:42:27.045 DEBU [pymycobot.common] _read : FE FE 04 2B 00 0D 63
10:42:28.060 DEBU [pymycobot.common] _write: fe fe 6 30 2 1 14 4e 36 
10:42:28.065 DEBU [pymycobot.common] _read : FE FE 05 30 FF 01 E2 BC
10:42:28.362 DEBU [pymycobot.common] _write: fe fe 3 2b d3 10 
10:42:28.368 DEBU [pymycobot.common] _read : FE FE 04 2B 01 CD A2
10:42:28.484 DEBU [pymycobot.common] _write: fe fe 3 2b d3 10 
10:42:28.490 DEBU [pymycobot.common] _read : FE FE 04 2B 01 CD A2
10:42:28.607 DEBU [pymycobot.common] _write: fe fe 3 2b d3 10 
10:42:28.612 DEBU [pymycobot.common] _read : FE FE 04 2B 01 CD A2
10:42:28.727 DEBU [pymycobot.common] _write: fe fe 3 2b d3 10 
10:42:28.737 DEBU [pymycobot.common] _read : FE FE 04 2B 01 CD A2
10:42:28.847 DEBU [pymycobot.common] _write: fe fe 3 2b d3 10 
10:42:28.853 DEBU [pymycobot.common] _read : FE FE 04 2B 01 CD A2
10:42:28.969 DEBU [pymycobot.common] _write: fe fe 3 2b d3 10 
10:42:28.974 DEBU [pymycobot.common] _read : FE FE 04 2B 01 CD A2
10:42:29.092 DEBU [pymycobot.common] _write: fe fe 3 2b d3 10 
10:42:29.096 DEBU [pymycobot.common] _read : FE FE 04 2B 01 CD A2
10:42:29.215 DEBU [pymycobot.common] _write: fe fe 3 2b d3 10 
10:42:29.220 DEBU [pymycobot.common] _read : FE FE 04 2B 01 CD A2
10:42:29.337 DEBU [pymycobot.common] _write: fe fe 3 2b d3 10 
10:42:29.342 DEBU [pymycobot.common] _read : FE FE 04 2B 01 CD A2
10:42:29.460 DEBU [pymycobot.common] _write: fe fe 3 2b d3 10 
10:42:29.463 DEBU [pymycobot.common] _read : FE FE 04 2B 01 CD A2
10:42:29.580 DEBU [pymycobot.common] _write: fe fe 3 2b d3 10 
10:42:29.584 DEBU [pymycobot.common] _read : FE FE 04 2B 01 CD A2
10:42:29.701 DEBU [pymycobot.common] _write: fe fe 3 2b d3 10 
10:42:29.708 DEBU [pymycobot.common] _read : FE FE 04 2B 01 CD A2
10:42:29.824 DEBU [pymycobot.common] _write: fe fe 3 2b d3 10 
10:42:29.827 DEBU [pymycobot.common] _read : FE FE 04 2B 01 CD A2
10:42:29.946 DEBU [pymycobot.common] _write: fe fe 3 2b d3 10 
10:42:29.950 DEBU [pymycobot.common] _read : FE FE 04 2B 01 CD A2
10:42:30.068 DEBU [pymycobot.common] _write: fe fe 3 2b d3 10 
10:42:30.072 DEBU [pymycobot.common] _read : FE FE 04 2B 01 CD A2
10:42:30.190 DEBU [pymycobot.common] _write: fe fe 3 2b d3 10 
10:42:30.195 DEBU [pymycobot.common] _read : FE FE 04 2B 01 CD A2
10:42:30.312 DEBU [pymycobot.common] _write: fe fe 3 2b d3 10 
10:42:30.316 DEBU [pymycobot.common] _read : FE FE 04 2B 01 CD A2
10:42:30.434 DEBU [pymycobot.common] _write: fe fe 3 2b d3 10 
10:42:30.441 DEBU [pymycobot.common] _read : FE FE 04 2B 01 CD A2
10:42:30.555 DEBU [pymycobot.common] _write: fe fe 3 2b d3 10 
10:42:30.562 DEBU [pymycobot.common] _read : FE FE 04 2B 01 CD A2
10:42:30.678 DEBU [pymycobot.common] _write: fe fe 3 2b d3 10 
10:42:30.683 DEBU [pymycobot.common] _read : FE FE 04 2B 01 CD A2
10:42:30.799 DEBU [pymycobot.common] _write: fe fe 3 2b d3 10 
10:42:30.811 DEBU [pymycobot.common] _read : FE FE 04 2B 01 CD A2
10:42:30.920 DEBU [pymycobot.common] _write: fe fe 3 2b d3 10 
10:42:30.925 DEBU [pymycobot.common] _read : FE FE 04 2B 01 CD A2
10:42:31.041 DEBU [pymycobot.common] _write: fe fe 3 2b d3 10 
10:42:31.044 DEBU [pymycobot.common] _read : FE FE 04 2B 01 CD A2
10:42:31.163 DEBU [pymycobot.common] _write: fe fe 3 2b d3 10 
10:42:31.169 DEBU [pymycobot.common] _read : FE FE 04 2B 01 CD A2
10:42:31.285 DEBU [pymycobot.common] _write: fe fe 3 2b d3 10 
10:42:31.290 DEBU [pymycobot.common] _read : FE FE 04 2B 01 CD A2
10:42:31.407 DEBU [pymycobot.common] _write: fe fe 3 2b d3 10 
10:42:31.414 DEBU [pymycobot.common] _read : FE FE 04 2B 01 CD A2
10:42:31.527 DEBU [pymycobot.common] _write: fe fe 3 2b d3 10 
10:42:31.532 DEBU [pymycobot.common] _read : FE FE 04 2B 01 CD A2
10:42:31.650 DEBU [pymycobot.common] _write: fe fe 3 2b d3 10 
10:42:31.654 DEBU [pymycobot.common] _read : FE FE 04 2B 01 CD A2
10:42:31.770 DEBU [pymycobot.common] _write: fe fe 3 2b d3 10 
10:42:31.774 DEBU [pymycobot.common] _read : FE FE 04 2B 01 CD A2
10:42:31.892 DEBU [pymycobot.common] _write: fe fe 3 2b d3 10 
10:42:31.907 DEBU [pymycobot.common] _read : FE FE 04 2B 01 CD A2
10:42:32.029 DEBU [pymycobot.common] _write: fe fe 3 2b d3 10 
10:42:32.039 DEBU [pymycobot.common] _read : FE FE 04 2B 01 CD A2
10:42:32.151 DEBU [pymycobot.common] _write: fe fe 3 2b d3 10 
10:42:32.156 DEBU [pymycobot.common] _read : FE FE 04 2B 01 CD A2
10:42:32.272 DEBU [pymycobot.common] _write: fe fe 3 2b d3 10 
10:42:32.277 DEBU [pymycobot.common] _read : FE FE 04 2B 01 CD A2
10:42:32.393 DEBU [pymycobot.common] _write: fe fe 3 2b d3 10 
10:42:32.397 DEBU [pymycobot.common] _read : FE FE 04 2B 01 CD A2
10:42:32.514 DEBU [pymycobot.common] _write: fe fe 3 2b d3 10 
10:42:32.517 DEBU [pymycobot.common] _read : FE FE 04 2B 01 CD A2
10:42:32.634 DEBU [pymycobot.common] _write: fe fe 3 2b d3 10 
10:42:32.639 DEBU [pymycobot.common] _read : FE FE 04 2B 01 CD A2
10:42:32.755 DEBU [pymycobot.common] _write: fe fe 3 2b d3 10 
10:42:32.762 DEBU [pymycobot.common] _read : FE FE 04 2B 01 CD A2
10:42:32.770 DEBU [pymycobot.common] _read : FE FE 04 5B 00 CD 46
10:42:32.875 DEBU [pymycobot.common] _write: fe fe 3 2b d3 10 
10:42:32.888 DEBU [pymycobot.common] _read : FE FE 04 2B 00 0D 63
10:42:33.893 DEBU [pymycobot.common] _write: fe fe 4 1c 2 fc f4 
10:42:33.898 DEBU [pymycobot.common] _read : FE FE 11 1C 2E E0 00 00 2E E0 DC D8 00 00 00 00 00 00 29 7C
10:42:33.936 DEBU [pymycobot.common] _write: fe fe 10 22 0 0 0 0 0 0 0 0 0 0 0 0 a 29 22 
10:42:33.954 DEBU [pymycobot.common] _read : FE FE 05 22 FF 01 E7 1C
10:42:34.942 DEBU [pymycobot.common] _write: fe fe 3 2b d3 10 
10:42:34.947 DEBU [pymycobot.common] _read : FE FE 04 2B 01 CD A2
10:42:35.943 DEBU [pymycobot.common] _write: fe fe 3 2b d3 10 
10:42:35.948 DEBU [pymycobot.common] _read : FE FE 04 2B 01 CD A2
10:42:36.949 DEBU [pymycobot.common] _write: fe fe 3 2b d3 10 
10:42:36.953 DEBU [pymycobot.common] _read : FE FE 04 2B 01 CD A2
10:42:37.952 DEBU [pymycobot.common] _write: fe fe 3 2b d3 10 
10:42:37.958 DEBU [pymycobot.common] _read : FE FE 04 2B 01 CD A2
10:42:38.959 DEBU [pymycobot.common] _write: fe fe 3 2b d3 10 
10:42:38.964 DEBU [pymycobot.common] _read : FE FE 04 2B 01 CD A2
10:42:39.961 DEBU [pymycobot.common] _write: fe fe 3 2b d3 10 
10:42:39.970 DEBU [pymycobot.common] _read : FE FE 04 2B 01 CD A2
10:42:40.965 DEBU [pymycobot.common] _write: fe fe 3 2b d3 10 
10:42:40.971 DEBU [pymycobot.common] _read : FE FE 04 2B 01 CD A2
10:42:41.968 DEBU [pymycobot.common] _write: fe fe 3 2b d3 10 
10:42:41.973 DEBU [pymycobot.common] _read : FE FE 04 2B 01 CD A2
10:42:42.639 DEBU [pymycobot.common] _read : FE FE 04 5B 00 CD 46
10:42:44.959 DEBU [pymycobot.common] _write: fe fe 3 2b d3 10 
10:42:44.975 DEBU [pymycobot.common] _read : FE FE 04 2B 00 0D 63
10:42:45.993 DEBU [pymycobot.common] _write: fe fe 4 16 0 9d 73 
10:42:45.998 DEBU [pymycobot.common] _read : FE FE 05 16 FF 01 29 5D
10:42:46.006 DEBU [pymycobot.common] _write: fe fe 3 17 c2 10 
10:42:46.020 DEBU [pymycobot.common] _read : FE FE 04 17 00 0D 72
10:42:46.021 DEBU [pymycobot.common] _write: fe fe 6 30 3 0 1e 19 e6 
10:42:46.036 DEBU [pymycobot.common] _read : FE FE 05 30 FF 01 E2 BC
10:42:46.323 DEBU [pymycobot.common] _write: fe fe 3 2b d3 10 
10:42:46.329 DEBU [pymycobot.common] _read : FE FE 04 2B 01 CD A2
10:42:46.443 DEBU [pymycobot.common] _write: fe fe 3 2b d3 10 
10:42:46.450 DEBU [pymycobot.common] _read : FE FE 04 2B 01 CD A2
10:42:46.565 DEBU [pymycobot.common] _write: fe fe 3 2b d3 10 
10:42:46.571 DEBU [pymycobot.common] _read : FE FE 04 2B 01 CD A2
10:42:46.686 DEBU [pymycobot.common] _write: fe fe 3 2b d3 10 
10:42:46.697 DEBU [pymycobot.common] _read : FE FE 04 2B 01 CD A2
10:42:46.809 DEBU [pymycobot.common] _write: fe fe 3 2b d3 10 
10:42:46.815 DEBU [pymycobot.common] _read : FE FE 04 2B 01 CD A2
10:42:46.929 DEBU [pymycobot.common] _write: fe fe 3 2b d3 10 
10:42:46.935 DEBU [pymycobot.common] _read : FE FE 04 2B 01 CD A2
10:42:47.050 DEBU [pymycobot.common] _write: fe fe 3 2b d3 10 
10:42:47.057 DEBU [pymycobot.common] _read : FE FE 04 2B 01 CD A2
10:42:47.171 DEBU [pymycobot.common] _write: fe fe 3 2b d3 10 
10:42:47.177 DEBU [pymycobot.common] _read : FE FE 04 2B 01 CD A2
10:42:47.291 DEBU [pymycobot.common] _write: fe fe 3 2b d3 10 
10:42:47.297 DEBU [pymycobot.common] _read : FE FE 04 2B 01 CD A2
10:42:47.413 DEBU [pymycobot.common] _write: fe fe 3 2b d3 10 
10:42:47.419 DEBU [pymycobot.common] _read : FE FE 04 2B 01 CD A2
10:42:47.535 DEBU [pymycobot.common] _write: fe fe 3 2b d3 10 
10:42:47.540 DEBU [pymycobot.common] _read : FE FE 04 2B 01 CD A2
10:42:47.656 DEBU [pymycobot.common] _write: fe fe 3 2b d3 10 
10:42:47.662 DEBU [pymycobot.common] _read : FE FE 04 2B 01 CD A2
10:42:47.777 DEBU [pymycobot.common] _write: fe fe 3 2b d3 10 
10:42:47.781 DEBU [pymycobot.common] _read : FE FE 04 2B 01 CD A2
10:42:47.898 DEBU [pymycobot.common] _write: fe fe 3 2b d3 10 
10:42:47.903 DEBU [pymycobot.common] _read : FE FE 04 2B 01 CD A2
10:42:48.018 DEBU [pymycobot.common] _write: fe fe 3 2b d3 10 
10:42:48.023 DEBU [pymycobot.common] _read : FE FE 04 2B 01 CD A2
10:42:48.139 DEBU [pymycobot.common] _write: fe fe 3 2b d3 10 
10:42:48.145 DEBU [pymycobot.common] _read : FE FE 04 2B 01 CD A2
10:42:48.261 DEBU [pymycobot.common] _write: fe fe 3 2b d3 10 
10:42:48.267 DEBU [pymycobot.common] _read : FE FE 04 2B 01 CD A2
10:42:48.383 DEBU [pymycobot.common] _write: fe fe 3 2b d3 10 
10:42:48.399 DEBU [pymycobot.common] _read : FE FE 04 2B 01 CD A2
10:42:48.521 DEBU [pymycobot.common] _write: fe fe 3 2b d3 10 
10:42:48.530 DEBU [pymycobot.common] _read : FE FE 04 2B 01 CD A2
10:42:48.644 DEBU [pymycobot.common] _write: fe fe 3 2b d3 10 
10:42:48.650 DEBU [pymycobot.common] _read : FE FE 04 2B 01 CD A2
10:42:48.765 DEBU [pymycobot.common] _write: fe fe 3 2b d3 10 
10:42:48.774 DEBU [pymycobot.common] _read : FE FE 04 2B 01 CD A2
10:42:48.887 DEBU [pymycobot.common] _write: fe fe 3 2b d3 10 
10:42:48.892 DEBU [pymycobot.common] _read : FE FE 04 2B 01 CD A2
10:42:49.008 DEBU [pymycobot.common] _write: fe fe 3 2b d3 10 
10:42:49.013 DEBU [pymycobot.common] _read : FE FE 04 2B 01 CD A2
10:42:49.130 DEBU [pymycobot.common] _write: fe fe 3 2b d3 10 
10:42:49.135 DEBU [pymycobot.common] _read : FE FE 04 2B 01 CD A2
10:42:49.251 DEBU [pymycobot.common] _write: fe fe 3 2b d3 10 
10:42:49.256 DEBU [pymycobot.common] _read : FE FE 04 2B 01 CD A2
10:42:49.372 DEBU [pymycobot.common] _write: fe fe 3 2b d3 10 
10:42:49.377 DEBU [pymycobot.common] _read : FE FE 04 2B 01 CD A2
10:42:49.494 DEBU [pymycobot.common] _write: fe fe 3 2b d3 10 
10:42:49.498 DEBU [pymycobot.common] _read : FE FE 04 2B 01 CD A2
10:42:49.617 DEBU [pymycobot.common] _write: fe fe 3 2b d3 10 
10:42:49.635 DEBU [pymycobot.common] _read : FE FE 04 2B 01 CD A2
10:42:49.753 DEBU [pymycobot.common] _write: fe fe 3 2b d3 10 
10:42:49.757 DEBU [pymycobot.common] _read : FE FE 04 2B 01 CD A2
10:42:49.875 DEBU [pymycobot.common] _write: fe fe 3 2b d3 10 
10:42:49.880 DEBU [pymycobot.common] _read : FE FE 04 2B 01 CD A2
10:42:49.997 DEBU [pymycobot.common] _write: fe fe 3 2b d3 10 
10:42:50.001 DEBU [pymycobot.common] _read : FE FE 04 2B 01 CD A2
10:42:50.117 DEBU [pymycobot.common] _write: fe fe 3 2b d3 10 
10:42:50.131 DEBU [pymycobot.common] _read : FE FE 04 2B 01 CD A2
10:42:50.232 DEBU [pymycobot.common] _read : FE FE 04 5B 00 CD 46
10:42:50.239 DEBU [pymycobot.common] _write: fe fe 3 2b d3 10 
10:42:50.244 DEBU [pymycobot.common] _read : FE FE 04 2B 00 0D 63
10:42:51.268 DEBU [pymycobot.common] _write: fe fe 4 1c 3 3c 35 
10:42:51.274 DEBU [pymycobot.common] _read : FE FE 11 1C C2 48 00 00 00 00 C2 48 00 00 00 00 00 00 3E B7
10:42:51.292 DEBU [pymycobot.common] _write: fe fe 10 22 0 0 0 0 0 0 0 0 0 0 0 0 a 29 22 
10:42:51.296 DEBU [pymycobot.common] _read : FE FE 05 22 FF 01 E7 1C
10:42:52.302 DEBU [pymycobot.common] _write: fe fe 3 2b d3 10 
10:42:52.307 DEBU [pymycobot.common] _read : FE FE 04 2B 01 CD A2
10:42:53.315 DEBU [pymycobot.common] _write: fe fe 3 2b d3 10 
10:42:53.320 DEBU [pymycobot.common] _read : FE FE 04 2B 01 CD A2
10:42:54.321 DEBU [pymycobot.common] _write: fe fe 3 2b d3 10 
10:42:54.326 DEBU [pymycobot.common] _read : FE FE 04 2B 01 CD A2
10:42:55.323 DEBU [pymycobot.common] _write: fe fe 3 2b d3 10 
10:42:55.329 DEBU [pymycobot.common] _read : FE FE 04 2B 01 CD A2
10:42:56.328 DEBU [pymycobot.common] _write: fe fe 3 2b d3 10 
10:42:56.333 DEBU [pymycobot.common] _read : FE FE 04 2B 01 CD A2
10:42:57.337 DEBU [pymycobot.common] _write: fe fe 3 2b d3 10 
10:42:57.343 DEBU [pymycobot.common] _read : FE FE 04 2B 01 CD A2
10:42:58.338 DEBU [pymycobot.common] _write: fe fe 3 2b d3 10 
10:42:58.351 DEBU [pymycobot.common] _read : FE FE 04 2B 01 CD A2
10:42:59.340 DEBU [pymycobot.common] _write: fe fe 3 2b d3 10 
10:42:59.345 DEBU [pymycobot.common] _read : FE FE 04 2B 01 CD A2
10:43:00.343 DEBU [pymycobot.common] _write: fe fe 3 2b d3 10 
10:43:00.348 DEBU [pymycobot.common] _read : FE FE 04 2B 01 CD A2
10:43:01.350 DEBU [pymycobot.common] _write: fe fe 3 2b d3 10 
10:43:01.357 DEBU [pymycobot.common] _read : FE FE 04 2B 01 CD A2
10:43:02.352 DEBU [pymycobot.common] _write: fe fe 3 2b d3 10 
10:43:02.361 DEBU [pymycobot.common] _read : FE FE 04 2B 01 CD A2
10:43:02.519 DEBU [pymycobot.common] _read : FE FE 04 5B 00 CD 46
10:43:04.849 DEBU [pymycobot.common] _write: fe fe 3 2b d3 10 
10:43:04.857 DEBU [pymycobot.common] _read : FE FE 04 2B 00 0D 63
10:43:05.874 DEBU [pymycobot.common] _write: fe fe 4 16 0 9d 73 
10:43:05.879 DEBU [pymycobot.common] _read : FE FE 05 16 FF 01 29 5D
10:43:05.886 DEBU [pymycobot.common] _write: fe fe 3 17 c2 10 
10:43:05.892 DEBU [pymycobot.common] _read : FE FE 04 17 00 0D 72
10:43:05.902 DEBU [pymycobot.common] _write: fe fe 6 30 3 1 1e 89 e7 
10:43:05.907 DEBU [pymycobot.common] _read : FE FE 05 30 FF 01 E2 BC
10:43:06.205 DEBU [pymycobot.common] _write: fe fe 3 2b d3 10 
10:43:06.211 DEBU [pymycobot.common] _read : FE FE 04 2B 01 CD A2
10:43:06.327 DEBU [pymycobot.common] _write: fe fe 3 2b d3 10 
10:43:06.332 DEBU [pymycobot.common] _read : FE FE 04 2B 01 CD A2
10:43:06.448 DEBU [pymycobot.common] _write: fe fe 3 2b d3 10 
10:43:06.454 DEBU [pymycobot.common] _read : FE FE 04 2B 01 CD A2
10:43:06.571 DEBU [pymycobot.common] _write: fe fe 3 2b d3 10 
10:43:06.578 DEBU [pymycobot.common] _read : FE FE 04 2B 01 CD A2
10:43:06.692 DEBU [pymycobot.common] _write: fe fe 3 2b d3 10 
10:43:06.696 DEBU [pymycobot.common] _read : FE FE 04 2B 01 CD A2
10:43:06.813 DEBU [pymycobot.common] _write: fe fe 3 2b d3 10 
10:43:06.818 DEBU [pymycobot.common] _read : FE FE 04 2B 01 CD A2
10:43:06.935 DEBU [pymycobot.common] _write: fe fe 3 2b d3 10 
10:43:06.941 DEBU [pymycobot.common] _read : FE FE 04 2B 01 CD A2
10:43:07.055 DEBU [pymycobot.common] _write: fe fe 3 2b d3 10 
10:43:07.061 DEBU [pymycobot.common] _read : FE FE 04 2B 01 CD A2
10:43:07.176 DEBU [pymycobot.common] _write: fe fe 3 2b d3 10 
10:43:07.181 DEBU [pymycobot.common] _read : FE FE 04 2B 01 CD A2
10:43:07.298 DEBU [pymycobot.common] _write: fe fe 3 2b d3 10 
10:43:07.303 DEBU [pymycobot.common] _read : FE FE 04 2B 01 CD A2
10:43:07.419 DEBU [pymycobot.common] _write: fe fe 3 2b d3 10 
10:43:07.423 DEBU [pymycobot.common] _read : FE FE 04 2B 01 CD A2
10:43:07.539 DEBU [pymycobot.common] _write: fe fe 3 2b d3 10 
10:43:07.544 DEBU [pymycobot.common] _read : FE FE 04 2B 01 CD A2
10:43:07.659 DEBU [pymycobot.common] _write: fe fe 3 2b d3 10 
10:43:07.672 DEBU [pymycobot.common] _read : FE FE 04 2B 01 CD A2
10:43:07.781 DEBU [pymycobot.common] _write: fe fe 3 2b d3 10 
10:43:07.787 DEBU [pymycobot.common] _read : FE FE 04 2B 01 CD A2
10:43:07.903 DEBU [pymycobot.common] _write: fe fe 3 2b d3 10 
10:43:07.908 DEBU [pymycobot.common] _read : FE FE 04 2B 01 CD A2
10:43:08.025 DEBU [pymycobot.common] _write: fe fe 3 2b d3 10 
10:43:08.037 DEBU [pymycobot.common] _read : FE FE 04 2B 01 CD A2
10:43:08.146 DEBU [pymycobot.common] _write: fe fe 3 2b d3 10 
10:43:08.152 DEBU [pymycobot.common] _read : FE FE 04 2B 01 CD A2
10:43:08.268 DEBU [pymycobot.common] _write: fe fe 3 2b d3 10 
10:43:08.278 DEBU [pymycobot.common] _read : FE FE 04 2B 01 CD A2
10:43:08.389 DEBU [pymycobot.common] _write: fe fe 3 2b d3 10 
10:43:08.395 DEBU [pymycobot.common] _read : FE FE 04 2B 01 CD A2
10:43:08.512 DEBU [pymycobot.common] _write: fe fe 3 2b d3 10 
10:43:08.521 DEBU [pymycobot.common] _read : FE FE 04 2B 01 CD A2
10:43:08.633 DEBU [pymycobot.common] _write: fe fe 3 2b d3 10 
10:43:08.637 DEBU [pymycobot.common] _read : FE FE 04 2B 01 CD A2
10:43:08.754 DEBU [pymycobot.common] _write: fe fe 3 2b d3 10 
10:43:08.763 DEBU [pymycobot.common] _read : FE FE 04 2B 01 CD A2
10:43:08.875 DEBU [pymycobot.common] _write: fe fe 3 2b d3 10 
10:43:08.886 DEBU [pymycobot.common] _read : FE FE 04 2B 01 CD A2
10:43:08.997 DEBU [pymycobot.common] _write: fe fe 3 2b d3 10 
10:43:09.010 DEBU [pymycobot.common] _read : FE FE 04 2B 01 CD A2
10:43:09.118 DEBU [pymycobot.common] _write: fe fe 3 2b d3 10 
10:43:09.124 DEBU [pymycobot.common] _read : FE FE 04 2B 01 CD A2
10:43:09.240 DEBU [pymycobot.common] _write: fe fe 3 2b d3 10 
10:43:09.246 DEBU [pymycobot.common] _read : FE FE 04 2B 01 CD A2
10:43:09.361 DEBU [pymycobot.common] _write: fe fe 3 2b d3 10 
10:43:09.371 DEBU [pymycobot.common] _read : FE FE 04 2B 01 CD A2
10:43:09.482 DEBU [pymycobot.common] _write: fe fe 3 2b d3 10 
10:43:09.486 DEBU [pymycobot.common] _read : FE FE 04 2B 01 CD A2
10:43:09.603 DEBU [pymycobot.common] _write: fe fe 3 2b d3 10 
10:43:09.608 DEBU [pymycobot.common] _read : FE FE 04 2B 01 CD A2
10:43:09.724 DEBU [pymycobot.common] _write: fe fe 3 2b d3 10 
10:43:09.729 DEBU [pymycobot.common] _read : FE FE 04 2B 01 CD A2
10:43:09.846 DEBU [pymycobot.common] _write: fe fe 3 2b d3 10 
10:43:09.851 DEBU [pymycobot.common] _read : FE FE 04 2B 01 CD A2
10:43:09.968 DEBU [pymycobot.common] _write: fe fe 3 2b d3 10 
10:43:09.973 DEBU [pymycobot.common] _read : FE FE 04 2B 01 CD A2
10:43:10.090 DEBU [pymycobot.common] _write: fe fe 3 2b d3 10 
10:43:10.095 DEBU [pymycobot.common] _read : FE FE 04 2B 01 CD A2
10:43:10.115 DEBU [pymycobot.common] _read : FE FE 04 5B 00 CD 46
10:43:10.211 DEBU [pymycobot.common] _write: fe fe 3 2b d3 10 
10:43:10.222 DEBU [pymycobot.common] _read : FE FE 04 2B 00 0D 63
10:43:11.232 DEBU [pymycobot.common] _write: fe fe 4 1c 3 3c 35 
10:43:11.243 DEBU [pymycobot.common] _read : FE FE 11 1C 3D B7 00 00 00 00 3D B7 00 00 00 00 00 00 34 5C
10:43:11.257 DEBU [pymycobot.common] _write: fe fe 10 22 0 0 0 0 0 0 0 0 0 0 0 0 a 29 22 
10:43:11.262 DEBU [pymycobot.common] _read : FE FE 05 22 FF 01 E7 1C
10:43:12.269 DEBU [pymycobot.common] _write: fe fe 3 2b d3 10 
10:43:12.275 DEBU [pymycobot.common] _read : FE FE 04 2B 01 CD A2
10:43:13.270 DEBU [pymycobot.common] _write: fe fe 3 2b d3 10 
10:43:13.274 DEBU [pymycobot.common] _read : FE FE 04 2B 01 CD A2
10:43:14.272 DEBU [pymycobot.common] _write: fe fe 3 2b d3 10 
10:43:14.281 DEBU [pymycobot.common] _read : FE FE 04 2B 01 CD A2
10:43:15.286 DEBU [pymycobot.common] _write: fe fe 3 2b d3 10 
10:43:15.291 DEBU [pymycobot.common] _read : FE FE 04 2B 01 CD A2
10:43:16.288 DEBU [pymycobot.common] _write: fe fe 3 2b d3 10 
10:43:16.303 DEBU [pymycobot.common] _read : FE FE 04 2B 01 CD A2
10:43:17.294 DEBU [pymycobot.common] _write: fe fe 3 2b d3 10 
10:43:17.310 DEBU [pymycobot.common] _read : FE FE 04 2B 01 CD A2
10:43:18.298 DEBU [pymycobot.common] _write: fe fe 3 2b d3 10 
10:43:18.302 DEBU [pymycobot.common] _read : FE FE 04 2B 01 CD A2
10:43:19.313 DEBU [pymycobot.common] _write: fe fe 3 2b d3 10 
10:43:19.322 DEBU [pymycobot.common] _read : FE FE 04 2B 01 CD A2
10:43:20.315 DEBU [pymycobot.common] _write: fe fe 3 2b d3 10 
10:43:20.325 DEBU [pymycobot.common] _read : FE FE 04 2B 01 CD A2
10:43:21.330 DEBU [pymycobot.common] _write: fe fe 3 2b d3 10 
10:43:21.338 DEBU [pymycobot.common] _read : FE FE 04 2B 01 CD A2
10:43:22.333 DEBU [pymycobot.common] _write: fe fe 3 2b d3 10 
10:43:22.338 DEBU [pymycobot.common] _read : FE FE 04 2B 01 CD A2
10:43:22.481 DEBU [pymycobot.common] _read : FE FE 04 5B 00 CD 46
10:43:24.797 DEBU [pymycobot.common] _write: fe fe 3 2b d3 10 
10:43:24.802 DEBU [pymycobot.common] _read : FE FE 04 2B 00 0D 63
10:43:25.816 DEBU [pymycobot.common] _write: fe fe 4 16 0 9d 73 
10:43:25.822 DEBU [pymycobot.common] _read : FE FE 05 16 FF 01 29 5D
10:43:25.830 DEBU [pymycobot.common] _write: fe fe 3 17 c2 10 
10:43:25.834 DEBU [pymycobot.common] _read : FE FE 04 17 00 0D 72
10:43:25.845 DEBU [pymycobot.common] _write: fe fe 6 30 4 0 28 ce d7 
10:43:25.849 DEBU [pymycobot.common] _read : FE FE 05 30 FF 01 E2 BC
10:43:26.149 DEBU [pymycobot.common] _write: fe fe 3 2b d3 10 
10:43:26.154 DEBU [pymycobot.common] _read : FE FE 04 2B 01 CD A2
10:43:26.270 DEBU [pymycobot.common] _write: fe fe 3 2b d3 10 
10:43:26.276 DEBU [pymycobot.common] _read : FE FE 04 2B 01 CD A2
10:43:26.392 DEBU [pymycobot.common] _write: fe fe 3 2b d3 10 
10:43:26.398 DEBU [pymycobot.common] _read : FE FE 04 2B 01 CD A2
10:43:26.514 DEBU [pymycobot.common] _write: fe fe 3 2b d3 10 
10:43:26.520 DEBU [pymycobot.common] _read : FE FE 04 2B 01 CD A2
10:43:26.636 DEBU [pymycobot.common] _write: fe fe 3 2b d3 10 
10:43:26.641 DEBU [pymycobot.common] _read : FE FE 04 2B 01 CD A2
10:43:26.758 DEBU [pymycobot.common] _write: fe fe 3 2b d3 10 
10:43:26.765 DEBU [pymycobot.common] _read : FE FE 04 2B 01 CD A2
10:43:26.880 DEBU [pymycobot.common] _write: fe fe 3 2b d3 10 
10:43:26.893 DEBU [pymycobot.common] _read : FE FE 04 2B 01 CD A2
10:43:27.002 DEBU [pymycobot.common] _write: fe fe 3 2b d3 10 
10:43:27.008 DEBU [pymycobot.common] _read : FE FE 04 2B 01 CD A2
10:43:27.124 DEBU [pymycobot.common] _write: fe fe 3 2b d3 10 
10:43:27.129 DEBU [pymycobot.common] _read : FE FE 04 2B 01 CD A2
10:43:27.245 DEBU [pymycobot.common] _write: fe fe 3 2b d3 10 
10:43:27.254 DEBU [pymycobot.common] _read : FE FE 04 2B 01 CD A2
10:43:27.367 DEBU [pymycobot.common] _write: fe fe 3 2b d3 10 
10:43:27.371 DEBU [pymycobot.common] _read : FE FE 04 2B 01 CD A2
10:43:27.488 DEBU [pymycobot.common] _write: fe fe 3 2b d3 10 
10:43:27.493 DEBU [pymycobot.common] _read : FE FE 04 2B 01 CD A2
10:43:27.608 DEBU [pymycobot.common] _write: fe fe 3 2b d3 10 
10:43:27.612 DEBU [pymycobot.common] _read : FE FE 04 2B 01 CD A2
10:43:27.730 DEBU [pymycobot.common] _write: fe fe 3 2b d3 10 
10:43:27.736 DEBU [pymycobot.common] _read : FE FE 04 2B 01 CD A2
10:43:27.853 DEBU [pymycobot.common] _write: fe fe 3 2b d3 10 
10:43:27.857 DEBU [pymycobot.common] _read : FE FE 04 2B 01 CD A2
10:43:27.974 DEBU [pymycobot.common] _write: fe fe 3 2b d3 10 
10:43:27.979 DEBU [pymycobot.common] _read : FE FE 04 2B 01 CD A2
10:43:28.097 DEBU [pymycobot.common] _write: fe fe 3 2b d3 10 
10:43:28.101 DEBU [pymycobot.common] _read : FE FE 04 2B 01 CD A2
10:43:28.218 DEBU [pymycobot.common] _write: fe fe 3 2b d3 10 
10:43:28.222 DEBU [pymycobot.common] _read : FE FE 04 2B 01 CD A2
10:43:28.339 DEBU [pymycobot.common] _write: fe fe 3 2b d3 10 
10:43:28.351 DEBU [pymycobot.common] _read : FE FE 04 2B 01 CD A2
10:43:28.460 DEBU [pymycobot.common] _write: fe fe 3 2b d3 10 
10:43:28.464 DEBU [pymycobot.common] _read : FE FE 04 2B 01 CD A2
10:43:28.580 DEBU [pymycobot.common] _write: fe fe 3 2b d3 10 
10:43:28.584 DEBU [pymycobot.common] _read : FE FE 04 2B 01 CD A2
10:43:28.701 DEBU [pymycobot.common] _write: fe fe 3 2b d3 10 
10:43:28.705 DEBU [pymycobot.common] _read : FE FE 04 2B 01 CD A2
10:43:28.821 DEBU [pymycobot.common] _write: fe fe 3 2b d3 10 
10:43:28.825 DEBU [pymycobot.common] _read : FE FE 04 2B 01 CD A2
10:43:28.942 DEBU [pymycobot.common] _write: fe fe 3 2b d3 10 
10:43:28.947 DEBU [pymycobot.common] _read : FE FE 04 2B 01 CD A2
10:43:29.063 DEBU [pymycobot.common] _write: fe fe 3 2b d3 10 
10:43:29.069 DEBU [pymycobot.common] _read : FE FE 04 2B 01 CD A2
10:43:29.185 DEBU [pymycobot.common] _write: fe fe 3 2b d3 10 
10:43:29.200 DEBU [pymycobot.common] _read : FE FE 04 2B 01 CD A2
10:43:29.293 DEBU [pymycobot.common] _read : FE FE 04 5B 00 CD 46
10:43:29.324 DEBU [pymycobot.common] _write: fe fe 3 2b d3 10 
10:43:29.329 DEBU [pymycobot.common] _read : FE FE 04 2B 00 0D 63
10:43:30.344 DEBU [pymycobot.common] _write: fe fe 4 1c 4 fe 74 
10:43:30.349 DEBU [pymycobot.common] _read : FE FE 11 1C BF 8D 00 00 00 00 00 00 BF 8D 00 00 00 00 1A B4
10:43:30.368 DEBU [pymycobot.common] _write: fe fe 10 22 0 0 0 0 0 0 0 0 0 0 0 0 a 29 22 
10:43:30.375 DEBU [pymycobot.common] _read : FE FE 05 22 FF 01 E7 1C
10:43:31.383 DEBU [pymycobot.common] _write: fe fe 3 2b d3 10 
10:43:31.387 DEBU [pymycobot.common] _read : FE FE 04 2B 01 CD A2
10:43:32.387 DEBU [pymycobot.common] _write: fe fe 3 2b d3 10 
10:43:32.392 DEBU [pymycobot.common] _read : FE FE 04 2B 01 CD A2
10:43:33.393 DEBU [pymycobot.common] _write: fe fe 3 2b d3 10 
10:43:33.398 DEBU [pymycobot.common] _read : FE FE 04 2B 01 CD A2
10:43:34.395 DEBU [pymycobot.common] _write: fe fe 3 2b d3 10 
10:43:34.400 DEBU [pymycobot.common] _read : FE FE 04 2B 01 CD A2
10:43:35.400 DEBU [pymycobot.common] _write: fe fe 3 2b d3 10 
10:43:35.406 DEBU [pymycobot.common] _read : FE FE 04 2B 01 CD A2
10:43:36.405 DEBU [pymycobot.common] _write: fe fe 3 2b d3 10 
10:43:36.418 DEBU [pymycobot.common] _read : FE FE 04 2B 01 CD A2
10:43:37.407 DEBU [pymycobot.common] _write: fe fe 3 2b d3 10 
10:43:37.416 DEBU [pymycobot.common] _read : FE FE 04 2B 01 CD A2
10:43:38.414 DEBU [pymycobot.common] _write: fe fe 3 2b d3 10 
10:43:38.422 DEBU [pymycobot.common] _read : FE FE 04 2B 01 CD A2
10:43:39.416 DEBU [pymycobot.common] _write: fe fe 3 2b d3 10 
10:43:39.423 DEBU [pymycobot.common] _read : FE FE 04 2B 01 CD A2
10:43:40.419 DEBU [pymycobot.common] _write: fe fe 3 2b d3 10 
10:43:40.425 DEBU [pymycobot.common] _read : FE FE 04 2B 01 CD A2
10:43:41.426 DEBU [pymycobot.common] _write: fe fe 3 2b d3 10 
10:43:41.432 DEBU [pymycobot.common] _read : FE FE 04 2B 01 CD A2
10:43:42.065 DEBU [pymycobot.common] _read : FE FE 04 5B 00 CD 46
10:43:44.394 DEBU [pymycobot.common] _write: fe fe 3 2b d3 10 
10:43:44.400 DEBU [pymycobot.common] _read : FE FE 04 2B 00 0D 63
10:43:45.416 DEBU [pymycobot.common] _write: fe fe 4 16 0 9d 73 
10:43:45.425 DEBU [pymycobot.common] _read : FE FE 05 16 FF 01 29 5D
10:43:45.430 DEBU [pymycobot.common] _write: fe fe 3 17 c2 10 
10:43:45.444 DEBU [pymycobot.common] _read : FE FE 04 17 00 0D 72
10:43:45.446 DEBU [pymycobot.common] _write: fe fe 6 30 4 1 28 5e d6 
10:43:45.460 DEBU [pymycobot.common] _read : FE FE 05 30 FF 01 E2 BC
10:43:45.750 DEBU [pymycobot.common] _write: fe fe 3 2b d3 10 
10:43:45.757 DEBU [pymycobot.common] _read : FE FE 04 2B 01 CD A2
10:43:45.872 DEBU [pymycobot.common] _write: fe fe 3 2b d3 10 
10:43:45.878 DEBU [pymycobot.common] _read : FE FE 04 2B 01 CD A2
10:43:45.993 DEBU [pymycobot.common] _write: fe fe 3 2b d3 10 
10:43:45.998 DEBU [pymycobot.common] _read : FE FE 04 2B 01 CD A2
10:43:46.115 DEBU [pymycobot.common] _write: fe fe 3 2b d3 10 
10:43:46.122 DEBU [pymycobot.common] _read : FE FE 04 2B 01 CD A2
10:43:46.236 DEBU [pymycobot.common] _write: fe fe 3 2b d3 10 
10:43:46.241 DEBU [pymycobot.common] _read : FE FE 04 2B 01 CD A2
10:43:46.358 DEBU [pymycobot.common] _write: fe fe 3 2b d3 10 
10:43:46.364 DEBU [pymycobot.common] _read : FE FE 04 2B 01 CD A2
10:43:46.480 DEBU [pymycobot.common] _write: fe fe 3 2b d3 10 
10:43:46.495 DEBU [pymycobot.common] _read : FE FE 04 2B 01 CD A2
10:43:46.617 DEBU [pymycobot.common] _write: fe fe 3 2b d3 10 
10:43:46.622 DEBU [pymycobot.common] _read : FE FE 04 2B 01 CD A2
10:43:46.738 DEBU [pymycobot.common] _write: fe fe 3 2b d3 10 
10:43:46.745 DEBU [pymycobot.common] _read : FE FE 04 2B 01 CD A2
10:43:46.861 DEBU [pymycobot.common] _write: fe fe 3 2b d3 10 
10:43:46.868 DEBU [pymycobot.common] _read : FE FE 04 2B 01 CD A2
10:43:46.983 DEBU [pymycobot.common] _write: fe fe 3 2b d3 10 
10:43:46.988 DEBU [pymycobot.common] _read : FE FE 04 2B 01 CD A2
10:43:47.104 DEBU [pymycobot.common] _write: fe fe 3 2b d3 10 
10:43:47.111 DEBU [pymycobot.common] _read : FE FE 04 2B 01 CD A2
10:43:47.225 DEBU [pymycobot.common] _write: fe fe 3 2b d3 10 
10:43:47.230 DEBU [pymycobot.common] _read : FE FE 04 2B 01 CD A2
10:43:47.346 DEBU [pymycobot.common] _write: fe fe 3 2b d3 10 
10:43:47.352 DEBU [pymycobot.common] _read : FE FE 04 2B 01 CD A2
10:43:47.468 DEBU [pymycobot.common] _write: fe fe 3 2b d3 10 
10:43:47.473 DEBU [pymycobot.common] _read : FE FE 04 2B 01 CD A2
10:43:47.590 DEBU [pymycobot.common] _write: fe fe 3 2b d3 10 
10:43:47.596 DEBU [pymycobot.common] _read : FE FE 04 2B 01 CD A2
10:43:47.712 DEBU [pymycobot.common] _write: fe fe 3 2b d3 10 
10:43:47.723 DEBU [pymycobot.common] _read : FE FE 04 2B 01 CD A2
10:43:47.834 DEBU [pymycobot.common] _write: fe fe 3 2b d3 10 
10:43:47.841 DEBU [pymycobot.common] _read : FE FE 04 2B 01 CD A2
10:43:47.956 DEBU [pymycobot.common] _write: fe fe 3 2b d3 10 
10:43:47.960 DEBU [pymycobot.common] _read : FE FE 04 2B 01 CD A2
10:43:48.075 DEBU [pymycobot.common] _write: fe fe 3 2b d3 10 
10:43:48.080 DEBU [pymycobot.common] _read : FE FE 04 2B 01 CD A2
10:43:48.197 DEBU [pymycobot.common] _write: fe fe 3 2b d3 10 
10:43:48.202 DEBU [pymycobot.common] _read : FE FE 04 2B 01 CD A2
10:43:48.318 DEBU [pymycobot.common] _write: fe fe 3 2b d3 10 
10:43:48.323 DEBU [pymycobot.common] _read : FE FE 04 2B 01 CD A2
10:43:48.440 DEBU [pymycobot.common] _write: fe fe 3 2b d3 10 
10:43:48.453 DEBU [pymycobot.common] _read : FE FE 04 2B 01 CD A2
10:43:48.562 DEBU [pymycobot.common] _write: fe fe 3 2b d3 10 
10:43:48.567 DEBU [pymycobot.common] _read : FE FE 04 2B 01 CD A2
10:43:48.684 DEBU [pymycobot.common] _write: fe fe 3 2b d3 10 
10:43:48.690 DEBU [pymycobot.common] _read : FE FE 04 2B 01 CD A2
10:43:48.805 DEBU [pymycobot.common] _write: fe fe 3 2b d3 10 
10:43:48.810 DEBU [pymycobot.common] _read : FE FE 04 2B 01 CD A2
10:43:48.902 DEBU [pymycobot.common] _read : FE FE 04 5B 00 CD 46
10:43:48.928 DEBU [pymycobot.common] _write: fe fe 3 2b d3 10 
10:43:48.933 DEBU [pymycobot.common] _read : FE FE 04 2B 00 0D 63
10:43:49.949 DEBU [pymycobot.common] _write: fe fe 4 1c 4 fe 74 
10:43:49.955 DEBU [pymycobot.common] _read : FE FE 11 1C 40 74 00 00 00 00 00 00 40 74 00 00 00 00 C6 9E
10:43:49.970 DEBU [pymycobot.common] _write: fe fe 10 22 0 0 0 0 0 0 0 0 0 0 0 0 a 29 22 
10:43:49.974 DEBU [pymycobot.common] _read : FE FE 05 22 FF 01 E7 1C
10:43:50.982 DEBU [pymycobot.common] _write: fe fe 3 2b d3 10 
10:43:50.986 DEBU [pymycobot.common] _read : FE FE 04 2B 01 CD A2
10:43:51.987 DEBU [pymycobot.common] _write: fe fe 3 2b d3 10 
10:43:51.994 DEBU [pymycobot.common] _read : FE FE 04 2B 01 CD A2
10:43:52.996 DEBU [pymycobot.common] _write: fe fe 3 2b d3 10 
10:43:53.007 DEBU [pymycobot.common] _read : FE FE 04 2B 01 CD A2
10:43:54.003 DEBU [pymycobot.common] _write: fe fe 3 2b d3 10 
10:43:54.008 DEBU [pymycobot.common] _read : FE FE 04 2B 01 CD A2
10:43:55.008 DEBU [pymycobot.common] _write: fe fe 3 2b d3 10 
10:43:55.016 DEBU [pymycobot.common] _read : FE FE 04 2B 01 CD A2
10:43:56.010 DEBU [pymycobot.common] _write: fe fe 3 2b d3 10 
10:43:56.015 DEBU [pymycobot.common] _read : FE FE 04 2B 01 CD A2
10:43:57.015 DEBU [pymycobot.common] _write: fe fe 3 2b d3 10 
10:43:57.020 DEBU [pymycobot.common] _read : FE FE 04 2B 01 CD A2
10:43:58.016 DEBU [pymycobot.common] _write: fe fe 3 2b d3 10 
10:43:58.029 DEBU [pymycobot.common] _read : FE FE 04 2B 01 CD A2
10:43:59.023 DEBU [pymycobot.common] _write: fe fe 3 2b d3 10 
10:43:59.027 DEBU [pymycobot.common] _read : FE FE 04 2B 01 CD A2
10:44:00.028 DEBU [pymycobot.common] _write: fe fe 3 2b d3 10 
10:44:00.033 DEBU [pymycobot.common] _read : FE FE 04 2B 01 CD A2
10:44:01.033 DEBU [pymycobot.common] _write: fe fe 3 2b d3 10 
10:44:01.037 DEBU [pymycobot.common] _read : FE FE 04 2B 01 CD A2
10:44:01.657 DEBU [pymycobot.common] _read : FE FE 04 5B 00 CD 46
10:44:03.981 DEBU [pymycobot.common] _write: fe fe 3 2b d3 10 
10:44:03.987 DEBU [pymycobot.common] _read : FE FE 04 2B 00 0D 63
10:44:05.012 DEBU [pymycobot.common] _write: fe fe 4 16 0 9d 73 
10:44:05.018 DEBU [pymycobot.common] _read : FE FE 05 16 FF 01 29 5D
10:44:05.025 DEBU [pymycobot.common] _write: fe fe 3 17 c2 10 
10:44:05.030 DEBU [pymycobot.common] _read : FE FE 04 17 00 0D 72
10:44:05.040 DEBU [pymycobot.common] _write: fe fe 6 30 5 0 32 c5 7 
10:44:05.045 DEBU [pymycobot.common] _read : FE FE 05 30 FF 01 E2 BC
10:44:05.345 DEBU [pymycobot.common] _write: fe fe 3 2b d3 10 
10:44:05.352 DEBU [pymycobot.common] _read : FE FE 04 2B 01 CD A2
10:44:05.467 DEBU [pymycobot.common] _write: fe fe 3 2b d3 10 
10:44:05.474 DEBU [pymycobot.common] _read : FE FE 04 2B 01 CD A2
10:44:05.589 DEBU [pymycobot.common] _write: fe fe 3 2b d3 10 
10:44:05.598 DEBU [pymycobot.common] _read : FE FE 04 2B 01 CD A2
10:44:05.709 DEBU [pymycobot.common] _write: fe fe 3 2b d3 10 
10:44:05.714 DEBU [pymycobot.common] _read : FE FE 04 2B 01 CD A2
10:44:05.831 DEBU [pymycobot.common] _write: fe fe 3 2b d3 10 
10:44:05.836 DEBU [pymycobot.common] _read : FE FE 04 2B 01 CD A2
10:44:05.953 DEBU [pymycobot.common] _write: fe fe 3 2b d3 10 
10:44:05.959 DEBU [pymycobot.common] _read : FE FE 04 2B 01 CD A2
10:44:06.075 DEBU [pymycobot.common] _write: fe fe 3 2b d3 10 
10:44:06.080 DEBU [pymycobot.common] _read : FE FE 04 2B 01 CD A2
10:44:06.196 DEBU [pymycobot.common] _write: fe fe 3 2b d3 10 
10:44:06.202 DEBU [pymycobot.common] _read : FE FE 04 2B 01 CD A2
10:44:06.318 DEBU [pymycobot.common] _write: fe fe 3 2b d3 10 
10:44:06.323 DEBU [pymycobot.common] _read : FE FE 04 2B 01 CD A2
10:44:06.440 DEBU [pymycobot.common] _write: fe fe 3 2b d3 10 
10:44:06.446 DEBU [pymycobot.common] _read : FE FE 04 2B 01 CD A2
10:44:06.561 DEBU [pymycobot.common] _write: fe fe 3 2b d3 10 
10:44:06.567 DEBU [pymycobot.common] _read : FE FE 04 2B 01 CD A2
10:44:06.684 DEBU [pymycobot.common] _write: fe fe 3 2b d3 10 
10:44:06.694 DEBU [pymycobot.common] _read : FE FE 04 2B 01 CD A2
10:44:06.804 DEBU [pymycobot.common] _write: fe fe 3 2b d3 10 
10:44:06.810 DEBU [pymycobot.common] _read : FE FE 04 2B 01 CD A2
10:44:06.925 DEBU [pymycobot.common] _write: fe fe 3 2b d3 10 
10:44:06.932 DEBU [pymycobot.common] _read : FE FE 04 2B 01 CD A2
10:44:07.046 DEBU [pymycobot.common] _write: fe fe 3 2b d3 10 
10:44:07.052 DEBU [pymycobot.common] _read : FE FE 04 2B 01 CD A2
10:44:07.168 DEBU [pymycobot.common] _write: fe fe 3 2b d3 10 
10:44:07.174 DEBU [pymycobot.common] _read : FE FE 04 2B 01 CD A2
10:44:07.290 DEBU [pymycobot.common] _write: fe fe 3 2b d3 10 
10:44:07.294 DEBU [pymycobot.common] _read : FE FE 04 2B 01 CD A2
10:44:07.411 DEBU [pymycobot.common] _write: fe fe 3 2b d3 10 
10:44:07.416 DEBU [pymycobot.common] _read : FE FE 04 2B 01 CD A2
10:44:07.531 DEBU [pymycobot.common] _write: fe fe 3 2b d3 10 
10:44:07.538 DEBU [pymycobot.common] _read : FE FE 04 2B 01 CD A2
10:44:07.653 DEBU [pymycobot.common] _write: fe fe 3 2b d3 10 
10:44:07.659 DEBU [pymycobot.common] _read : FE FE 04 2B 01 CD A2
10:44:07.774 DEBU [pymycobot.common] _write: fe fe 3 2b d3 10 
10:44:07.778 DEBU [pymycobot.common] _read : FE FE 04 2B 01 CD A2
10:44:07.895 DEBU [pymycobot.common] _write: fe fe 3 2b d3 10 
10:44:07.900 DEBU [pymycobot.common] _read : FE FE 04 2B 01 CD A2
10:44:07.949 DEBU [pymycobot.common] _read : FE FE 04 5B 00 CD 46
10:44:08.016 DEBU [pymycobot.common] _write: fe fe 3 2b d3 10 
10:44:08.022 DEBU [pymycobot.common] _read : FE FE 04 2B 00 0D 63
10:44:09.034 DEBU [pymycobot.common] _write: fe fe 4 1c 5 3e b5 
10:44:09.041 DEBU [pymycobot.common] _read : FE FE 11 1C BF 8D 00 00 00 00 00 00 00 00 BF 8D 00 00 35 37
10:44:09.058 DEBU [pymycobot.common] _write: fe fe 10 22 0 0 0 0 0 0 0 0 0 0 0 0 a 29 22 
10:44:09.063 DEBU [pymycobot.common] _read : FE FE 05 22 FF 01 E7 1C
10:44:10.064 DEBU [pymycobot.common] _write: fe fe 3 2b d3 10 
10:44:10.070 DEBU [pymycobot.common] _read : FE FE 04 2B 01 CD A2
10:44:11.072 DEBU [pymycobot.common] _write: fe fe 3 2b d3 10 
10:44:11.079 DEBU [pymycobot.common] _read : FE FE 04 2B 01 CD A2
10:44:12.077 DEBU [pymycobot.common] _write: fe fe 3 2b d3 10 
10:44:12.082 DEBU [pymycobot.common] _read : FE FE 04 2B 01 CD A2
10:44:13.078 DEBU [pymycobot.common] _write: fe fe 3 2b d3 10 
10:44:13.082 DEBU [pymycobot.common] _read : FE FE 04 2B 01 CD A2
10:44:14.091 DEBU [pymycobot.common] _write: fe fe 3 2b d3 10 
10:44:14.097 DEBU [pymycobot.common] _read : FE FE 04 2B 01 CD A2
10:44:15.098 DEBU [pymycobot.common] _write: fe fe 3 2b d3 10 
10:44:15.102 DEBU [pymycobot.common] _read : FE FE 04 2B 01 CD A2
10:44:16.112 DEBU [pymycobot.common] _write: fe fe 3 2b d3 10 
10:44:16.116 DEBU [pymycobot.common] _read : FE FE 04 2B 01 CD A2
10:44:17.117 DEBU [pymycobot.common] _write: fe fe 3 2b d3 10 
10:44:17.124 DEBU [pymycobot.common] _read : FE FE 04 2B 01 CD A2
10:44:18.120 DEBU [pymycobot.common] _write: fe fe 3 2b d3 10 
10:44:18.128 DEBU [pymycobot.common] _read : FE FE 04 2B 01 CD A2
10:44:19.124 DEBU [pymycobot.common] _write: fe fe 3 2b d3 10 
10:44:19.130 DEBU [pymycobot.common] _read : FE FE 04 2B 01 CD A2
10:44:20.125 DEBU [pymycobot.common] _write: fe fe 3 2b d3 10 
10:44:20.130 DEBU [pymycobot.common] _read : FE FE 04 2B 01 CD A2
10:44:20.759 DEBU [pymycobot.common] _read : FE FE 04 5B 00 CD 46
10:44:23.075 DEBU [pymycobot.common] _write: fe fe 3 2b d3 10 
10:44:23.080 DEBU [pymycobot.common] _read : FE FE 04 2B 00 0D 63
10:44:24.094 DEBU [pymycobot.common] _write: fe fe 4 16 0 9d 73 
10:44:24.099 DEBU [pymycobot.common] _read : FE FE 05 16 FF 01 29 5D
10:44:24.108 DEBU [pymycobot.common] _write: fe fe 3 17 c2 10 
10:44:24.113 DEBU [pymycobot.common] _read : FE FE 04 17 00 0D 72
10:44:24.123 DEBU [pymycobot.common] _write: fe fe 6 30 5 1 32 55 6 
10:44:24.128 DEBU [pymycobot.common] _read : FE FE 05 30 FF 01 E2 BC
10:44:24.425 DEBU [pymycobot.common] _write: fe fe 3 2b d3 10 
10:44:24.432 DEBU [pymycobot.common] _read : FE FE 04 2B 01 CD A2
10:44:24.547 DEBU [pymycobot.common] _write: fe fe 3 2b d3 10 
10:44:24.552 DEBU [pymycobot.common] _read : FE FE 04 2B 01 CD A2
10:44:24.671 DEBU [pymycobot.common] _write: fe fe 3 2b d3 10 
10:44:24.684 DEBU [pymycobot.common] _read : FE FE 04 2B 01 CD A2
10:44:24.805 DEBU [pymycobot.common] _write: fe fe 3 2b d3 10 
10:44:24.812 DEBU [pymycobot.common] _read : FE FE 04 2B 01 CD A2
10:44:24.926 DEBU [pymycobot.common] _write: fe fe 3 2b d3 10 
10:44:24.934 DEBU [pymycobot.common] _read : FE FE 04 2B 01 CD A2
10:44:25.048 DEBU [pymycobot.common] _write: fe fe 3 2b d3 10 
10:44:25.053 DEBU [pymycobot.common] _read : FE FE 04 2B 01 CD A2
10:44:25.169 DEBU [pymycobot.common] _write: fe fe 3 2b d3 10 
10:44:25.173 DEBU [pymycobot.common] _read : FE FE 04 2B 01 CD A2
10:44:25.290 DEBU [pymycobot.common] _write: fe fe 3 2b d3 10 
10:44:25.295 DEBU [pymycobot.common] _read : FE FE 04 2B 01 CD A2
10:44:25.412 DEBU [pymycobot.common] _write: fe fe 3 2b d3 10 
10:44:25.418 DEBU [pymycobot.common] _read : FE FE 04 2B 01 CD A2
10:44:25.534 DEBU [pymycobot.common] _write: fe fe 3 2b d3 10 
10:44:25.540 DEBU [pymycobot.common] _read : FE FE 04 2B 01 CD A2
10:44:25.655 DEBU [pymycobot.common] _write: fe fe 3 2b d3 10 
10:44:25.659 DEBU [pymycobot.common] _read : FE FE 04 2B 01 CD A2
10:44:25.776 DEBU [pymycobot.common] _write: fe fe 3 2b d3 10 
10:44:25.788 DEBU [pymycobot.common] _read : FE FE 04 2B 01 CD A2
10:44:25.901 DEBU [pymycobot.common] _write: fe fe 3 2b d3 10 
10:44:25.906 DEBU [pymycobot.common] _read : FE FE 04 2B 01 CD A2
10:44:26.022 DEBU [pymycobot.common] _write: fe fe 3 2b d3 10 
10:44:26.032 DEBU [pymycobot.common] _read : FE FE 04 2B 01 CD A2
10:44:26.144 DEBU [pymycobot.common] _write: fe fe 3 2b d3 10 
10:44:26.153 DEBU [pymycobot.common] _read : FE FE 04 2B 01 CD A2
10:44:26.265 DEBU [pymycobot.common] _write: fe fe 3 2b d3 10 
10:44:26.270 DEBU [pymycobot.common] _read : FE FE 04 2B 01 CD A2
10:44:26.386 DEBU [pymycobot.common] _write: fe fe 3 2b d3 10 
10:44:26.398 DEBU [pymycobot.common] _read : FE FE 04 2B 01 CD A2
10:44:26.509 DEBU [pymycobot.common] _write: fe fe 3 2b d3 10 
10:44:26.515 DEBU [pymycobot.common] _read : FE FE 04 2B 01 CD A2
10:44:26.629 DEBU [pymycobot.common] _write: fe fe 3 2b d3 10 
10:44:26.634 DEBU [pymycobot.common] _read : FE FE 04 2B 01 CD A2
10:44:26.750 DEBU [pymycobot.common] _write: fe fe 3 2b d3 10 
10:44:26.757 DEBU [pymycobot.common] _read : FE FE 04 2B 01 CD A2
10:44:26.872 DEBU [pymycobot.common] _write: fe fe 3 2b d3 10 
10:44:26.876 DEBU [pymycobot.common] _read : FE FE 04 2B 01 CD A2
10:44:26.993 DEBU [pymycobot.common] _write: fe fe 3 2b d3 10 
10:44:27.000 DEBU [pymycobot.common] _read : FE FE 04 2B 01 CD A2
10:44:27.026 DEBU [pymycobot.common] _read : FE FE 04 5B 00 CD 46
10:44:27.115 DEBU [pymycobot.common] _write: fe fe 3 2b d3 10 
10:44:27.121 DEBU [pymycobot.common] _read : FE FE 04 2B 00 0D 63
10:44:28.136 DEBU [pymycobot.common] _write: fe fe 4 1c 5 3e b5 
10:44:28.142 DEBU [pymycobot.common] _read : FE FE 11 1C 40 74 00 00 00 00 00 00 00 00 40 74 00 00 D7 75
10:44:28.158 DEBU [pymycobot.common] _write: fe fe 10 22 0 0 0 0 0 0 0 0 0 0 0 0 a 29 22 
10:44:28.172 DEBU [pymycobot.common] _read : FE FE 05 22 FF 01 E7 1C
10:44:29.171 DEBU [pymycobot.common] _write: fe fe 3 2b d3 10 
10:44:29.181 DEBU [pymycobot.common] _read : FE FE 04 2B 01 CD A2
10:44:30.179 DEBU [pymycobot.common] _write: fe fe 3 2b d3 10 
10:44:30.186 DEBU [pymycobot.common] _read : FE FE 04 2B 01 CD A2
10:44:31.184 DEBU [pymycobot.common] _write: fe fe 3 2b d3 10 
10:44:31.189 DEBU [pymycobot.common] _read : FE FE 04 2B 01 CD A2
10:44:32.191 DEBU [pymycobot.common] _write: fe fe 3 2b d3 10 
10:44:32.198 DEBU [pymycobot.common] _read : FE FE 04 2B 01 CD A2
10:44:33.192 DEBU [pymycobot.common] _write: fe fe 3 2b d3 10 
10:44:33.199 DEBU [pymycobot.common] _read : FE FE 04 2B 01 CD A2
10:44:34.195 DEBU [pymycobot.common] _write: fe fe 3 2b d3 10 
10:44:34.200 DEBU [pymycobot.common] _read : FE FE 04 2B 01 CD A2
10:44:35.204 DEBU [pymycobot.common] _write: fe fe 3 2b d3 10 
10:44:35.220 DEBU [pymycobot.common] _read : FE FE 04 2B 01 CD A2
10:44:36.205 DEBU [pymycobot.common] _write: fe fe 3 2b d3 10 
10:44:36.211 DEBU [pymycobot.common] _read : FE FE 04 2B 01 CD A2
10:44:37.209 DEBU [pymycobot.common] _write: fe fe 3 2b d3 10 
10:44:37.213 DEBU [pymycobot.common] _read : FE FE 04 2B 01 CD A2
10:44:38.210 DEBU [pymycobot.common] _write: fe fe 3 2b d3 10 
10:44:38.217 DEBU [pymycobot.common] _read : FE FE 04 2B 01 CD A2
10:44:39.215 DEBU [pymycobot.common] _write: fe fe 3 2b d3 10 
10:44:39.228 DEBU [pymycobot.common] _read : FE FE 04 2B 01 CD A2
10:44:39.862 DEBU [pymycobot.common] _read : FE FE 04 5B 00 CD 46
10:44:42.178 DEBU [pymycobot.common] _write: fe fe 3 2b d3 10 
10:44:42.184 DEBU [pymycobot.common] _read : FE FE 04 2B 00 0D 63
10:44:43.201 DEBU [pymycobot.common] _write: fe fe 4 16 0 9d 73 
10:44:43.206 DEBU [pymycobot.common] _read : FE FE 05 16 FF 01 29 5D
10:44:43.213 DEBU [pymycobot.common] _write: fe fe 3 17 c2 10 
10:44:43.218 DEBU [pymycobot.common] _read : FE FE 04 17 00 0D 72
10:44:43.228 DEBU [pymycobot.common] _write: fe fe 6 30 6 0 3c 1 76 
10:44:43.233 DEBU [pymycobot.common] _read : FE FE 05 30 FF 01 E2 BC
10:44:43.531 DEBU [pymycobot.common] _write: fe fe 3 2b d3 10 
10:44:43.536 DEBU [pymycobot.common] _read : FE FE 04 2B 01 CD A2
10:44:43.653 DEBU [pymycobot.common] _write: fe fe 3 2b d3 10 
10:44:43.660 DEBU [pymycobot.common] _read : FE FE 04 2B 01 CD A2
10:44:43.775 DEBU [pymycobot.common] _write: fe fe 3 2b d3 10 
10:44:43.779 DEBU [pymycobot.common] _read : FE FE 04 2B 01 CD A2
10:44:43.896 DEBU [pymycobot.common] _write: fe fe 3 2b d3 10 
10:44:43.901 DEBU [pymycobot.common] _read : FE FE 04 2B 01 CD A2
10:44:44.018 DEBU [pymycobot.common] _write: fe fe 3 2b d3 10 
10:44:44.033 DEBU [pymycobot.common] _read : FE FE 04 2B 01 CD A2
10:44:44.140 DEBU [pymycobot.common] _write: fe fe 3 2b d3 10 
10:44:44.155 DEBU [pymycobot.common] _read : FE FE 04 2B 01 CD A2
10:44:44.276 DEBU [pymycobot.common] _write: fe fe 3 2b d3 10 
10:44:44.282 DEBU [pymycobot.common] _read : FE FE 04 2B 01 CD A2
10:44:44.398 DEBU [pymycobot.common] _write: fe fe 3 2b d3 10 
10:44:44.403 DEBU [pymycobot.common] _read : FE FE 04 2B 01 CD A2
10:44:44.519 DEBU [pymycobot.common] _write: fe fe 3 2b d3 10 
10:44:44.524 DEBU [pymycobot.common] _read : FE FE 04 2B 01 CD A2
10:44:44.642 DEBU [pymycobot.common] _write: fe fe 3 2b d3 10 
10:44:44.647 DEBU [pymycobot.common] _read : FE FE 04 2B 01 CD A2
10:44:44.763 DEBU [pymycobot.common] _write: fe fe 3 2b d3 10 
10:44:44.770 DEBU [pymycobot.common] _read : FE FE 04 2B 01 CD A2
10:44:44.884 DEBU [pymycobot.common] _write: fe fe 3 2b d3 10 
10:44:44.889 DEBU [pymycobot.common] _read : FE FE 04 2B 01 CD A2
10:44:45.007 DEBU [pymycobot.common] _write: fe fe 3 2b d3 10 
10:44:45.012 DEBU [pymycobot.common] _read : FE FE 04 2B 01 CD A2
10:44:45.128 DEBU [pymycobot.common] _write: fe fe 3 2b d3 10 
10:44:45.135 DEBU [pymycobot.common] _read : FE FE 04 2B 01 CD A2
10:44:45.250 DEBU [pymycobot.common] _write: fe fe 3 2b d3 10 
10:44:45.254 DEBU [pymycobot.common] _read : FE FE 04 2B 01 CD A2
10:44:45.372 DEBU [pymycobot.common] _write: fe fe 3 2b d3 10 
10:44:45.378 DEBU [pymycobot.common] _read : FE FE 04 2B 01 CD A2
10:44:45.493 DEBU [pymycobot.common] _write: fe fe 3 2b d3 10 
10:44:45.499 DEBU [pymycobot.common] _read : FE FE 04 2B 01 CD A2
10:44:45.616 DEBU [pymycobot.common] _write: fe fe 3 2b d3 10 
10:44:45.622 DEBU [pymycobot.common] _read : FE FE 04 2B 01 CD A2
10:44:45.737 DEBU [pymycobot.common] _write: fe fe 3 2b d3 10 
10:44:45.742 DEBU [pymycobot.common] _read : FE FE 04 2B 01 CD A2
10:44:45.860 DEBU [pymycobot.common] _write: fe fe 3 2b d3 10 
10:44:45.875 DEBU [pymycobot.common] _read : FE FE 04 5B 00 CD 46 FE FE 04 2B 00 0D 63
10:44:47.019 DEBU [pymycobot.common] _write: fe fe 4 1c 6 3f f5 
10:44:47.023 DEBU [pymycobot.common] _read : FE FE 11 1C BB A5 00 00 00 00 00 00 00 00 00 00 BB A5 AD 55
10:44:47.043 DEBU [pymycobot.common] _write: fe fe 10 22 0 0 0 0 0 0 0 0 0 0 0 0 a 29 22 
10:44:47.050 DEBU [pymycobot.common] _read : FE FE 05 22 FF 01 E7 1C
10:44:48.050 DEBU [pymycobot.common] _write: fe fe 3 2b d3 10 
10:44:48.060 DEBU [pymycobot.common] _read : FE FE 04 2B 01 CD A2
10:44:49.052 DEBU [pymycobot.common] _write: fe fe 3 2b d3 10 
10:44:49.060 DEBU [pymycobot.common] _read : FE FE 04 2B 01 CD A2
10:44:50.054 DEBU [pymycobot.common] _write: fe fe 3 2b d3 10 
10:44:50.063 DEBU [pymycobot.common] _read : FE FE 04 2B 01 CD A2
10:44:51.056 DEBU [pymycobot.common] _write: fe fe 3 2b d3 10 
10:44:51.061 DEBU [pymycobot.common] _read : FE FE 04 2B 01 CD A2
10:44:52.059 DEBU [pymycobot.common] _write: fe fe 3 2b d3 10 
10:44:52.065 DEBU [pymycobot.common] _read : FE FE 04 2B 01 CD A2
10:44:53.065 DEBU [pymycobot.common] _write: fe fe 3 2b d3 10 
10:44:53.072 DEBU [pymycobot.common] _read : FE FE 04 2B 01 CD A2
10:44:54.072 DEBU [pymycobot.common] _write: fe fe 3 2b d3 10 
10:44:54.082 DEBU [pymycobot.common] _read : FE FE 04 2B 01 CD A2
10:44:55.074 DEBU [pymycobot.common] _write: fe fe 3 2b d3 10 
10:44:55.078 DEBU [pymycobot.common] _read : FE FE 04 2B 01 CD A2
10:44:56.080 DEBU [pymycobot.common] _write: fe fe 3 2b d3 10 
10:44:56.086 DEBU [pymycobot.common] _read : FE FE 04 2B 01 CD A2
10:44:57.085 DEBU [pymycobot.common] _write: fe fe 3 2b d3 10 
10:44:57.090 DEBU [pymycobot.common] _read : FE FE 04 2B 01 CD A2
10:44:58.089 DEBU [pymycobot.common] _write: fe fe 3 2b d3 10 
10:44:58.096 DEBU [pymycobot.common] _read : FE FE 04 2B 01 CD A2
10:44:59.092 DEBU [pymycobot.common] _write: fe fe 3 2b d3 10 
10:44:59.101 DEBU [pymycobot.common] _read : FE FE 04 2B 01 CD A2
10:44:59.408 DEBU [pymycobot.common] _read : FE FE 04 5B 00 CD 46
10:45:01.715 DEBU [pymycobot.common] _write: fe fe 3 2b d3 10 
10:45:01.720 DEBU [pymycobot.common] _read : FE FE 04 2B 00 0D 63
10:45:02.733 DEBU [pymycobot.common] _write: fe fe 4 16 0 9d 73 
10:45:02.738 DEBU [pymycobot.common] _read : FE FE 05 16 FF 01 29 5D
10:45:02.747 DEBU [pymycobot.common] _write: fe fe 3 17 c2 10 
10:45:02.752 DEBU [pymycobot.common] _read : FE FE 04 17 00 0D 72
10:45:02.762 DEBU [pymycobot.common] _write: fe fe 6 30 6 1 3c 91 77 
10:45:02.767 DEBU [pymycobot.common] _read : FE FE 05 30 FF 01 E2 BC
10:45:03.063 DEBU [pymycobot.common] _write: fe fe 3 2b d3 10 
10:45:03.069 DEBU [pymycobot.common] _read : FE FE 04 2B 01 CD A2
10:45:03.186 DEBU [pymycobot.common] _write: fe fe 3 2b d3 10 
10:45:03.191 DEBU [pymycobot.common] _read : FE FE 04 2B 01 CD A2
10:45:03.306 DEBU [pymycobot.common] _write: fe fe 3 2b d3 10 
10:45:03.311 DEBU [pymycobot.common] _read : FE FE 04 2B 01 CD A2
10:45:03.427 DEBU [pymycobot.common] _write: fe fe 3 2b d3 10 
10:45:03.433 DEBU [pymycobot.common] _read : FE FE 04 2B 01 CD A2
10:45:03.548 DEBU [pymycobot.common] _write: fe fe 3 2b d3 10 
10:45:03.554 DEBU [pymycobot.common] _read : FE FE 04 2B 01 CD A2
10:45:03.669 DEBU [pymycobot.common] _write: fe fe 3 2b d3 10 
10:45:03.675 DEBU [pymycobot.common] _read : FE FE 04 2B 01 CD A2
10:45:03.790 DEBU [pymycobot.common] _write: fe fe 3 2b d3 10 
10:45:03.801 DEBU [pymycobot.common] _read : FE FE 04 2B 01 CD A2
10:45:03.910 DEBU [pymycobot.common] _write: fe fe 3 2b d3 10 
10:45:03.915 DEBU [pymycobot.common] _read : FE FE 04 2B 01 CD A2
10:45:04.032 DEBU [pymycobot.common] _write: fe fe 3 2b d3 10 
10:45:04.035 DEBU [pymycobot.common] _read : FE FE 04 2B 01 CD A2
10:45:04.153 DEBU [pymycobot.common] _write: fe fe 3 2b d3 10 
10:45:04.166 DEBU [pymycobot.common] _read : FE FE 04 2B 01 CD A2
10:45:04.275 DEBU [pymycobot.common] _write: fe fe 3 2b d3 10 
10:45:04.279 DEBU [pymycobot.common] _read : FE FE 04 2B 01 CD A2
10:45:04.398 DEBU [pymycobot.common] _write: fe fe 3 2b d3 10 
10:45:04.404 DEBU [pymycobot.common] _read : FE FE 04 2B 01 CD A2
10:45:04.518 DEBU [pymycobot.common] _write: fe fe 3 2b d3 10 
10:45:04.523 DEBU [pymycobot.common] _read : FE FE 04 2B 01 CD A2
10:45:04.640 DEBU [pymycobot.common] _write: fe fe 3 2b d3 10 
10:45:04.649 DEBU [pymycobot.common] _read : FE FE 04 2B 01 CD A2
10:45:04.760 DEBU [pymycobot.common] _write: fe fe 3 2b d3 10 
10:45:04.766 DEBU [pymycobot.common] _read : FE FE 04 2B 01 CD A2
10:45:04.880 DEBU [pymycobot.common] _write: fe fe 3 2b d3 10 
10:45:04.885 DEBU [pymycobot.common] _read : FE FE 04 2B 01 CD A2
10:45:05.000 DEBU [pymycobot.common] _write: fe fe 3 2b d3 10 
10:45:05.006 DEBU [pymycobot.common] _read : FE FE 04 2B 01 CD A2
10:45:05.121 DEBU [pymycobot.common] _write: fe fe 3 2b d3 10 
10:45:05.126 DEBU [pymycobot.common] _read : FE FE 04 2B 01 CD A2
10:45:05.243 DEBU [pymycobot.common] _write: fe fe 3 2b d3 10 
10:45:05.248 DEBU [pymycobot.common] _read : FE FE 04 2B 01 CD A2
10:45:05.365 DEBU [pymycobot.common] _write: fe fe 3 2b d3 10 
10:45:05.371 DEBU [pymycobot.common] _read : FE FE 04 2B 01 CD A2
10:45:05.398 DEBU [pymycobot.common] _read : FE FE 04 5B 00 CD 46
10:45:05.486 DEBU [pymycobot.common] _write: fe fe 3 2b d3 10 
10:45:05.491 DEBU [pymycobot.common] _read : FE FE 04 2B 00 0D 63
10:45:06.503 DEBU [pymycobot.common] _write: fe fe 4 1c 6 3f f5 
10:45:06.514 DEBU [pymycobot.common] _read : FE FE 11 1C 44 5C 00 00 00 00 00 00 00 00 00 00 44 5C D8 76
10:45:06.527 DEBU [pymycobot.common] _write: fe fe 10 22 0 0 0 0 0 0 0 0 0 0 0 0 a 29 22 
10:45:06.533 DEBU [pymycobot.common] _read : FE FE 05 22 FF 01 E7 1C
10:45:07.534 DEBU [pymycobot.common] _write: fe fe 3 2b d3 10 
10:45:07.539 DEBU [pymycobot.common] _read : FE FE 04 2B 01 CD A2
10:45:08.536 DEBU [pymycobot.common] _write: fe fe 3 2b d3 10 
10:45:08.541 DEBU [pymycobot.common] _read : FE FE 04 2B 01 CD A2
10:45:09.539 DEBU [pymycobot.common] _write: fe fe 3 2b d3 10 
10:45:09.544 DEBU [pymycobot.common] _read : FE FE 04 2B 01 CD A2
10:45:10.541 DEBU [pymycobot.common] _write: fe fe 3 2b d3 10 
10:45:10.545 DEBU [pymycobot.common] _read : FE FE 04 2B 01 CD A2
10:45:11.544 DEBU [pymycobot.common] _write: fe fe 3 2b d3 10 
10:45:11.552 DEBU [pymycobot.common] _read : FE FE 04 2B 01 CD A2
10:45:12.548 DEBU [pymycobot.common] _write: fe fe 3 2b d3 10 
10:45:12.555 DEBU [pymycobot.common] _read : FE FE 04 2B 01 CD A2
10:45:13.548 DEBU [pymycobot.common] _write: fe fe 3 2b d3 10 
10:45:13.556 DEBU [pymycobot.common] _read : FE FE 04 2B 01 CD A2
10:45:14.551 DEBU [pymycobot.common] _write: fe fe 3 2b d3 10 
10:45:14.556 DEBU [pymycobot.common] _read : FE FE 04 2B 01 CD A2
10:45:15.552 DEBU [pymycobot.common] _write: fe fe 3 2b d3 10 
10:45:15.556 DEBU [pymycobot.common] _read : FE FE 04 2B 01 CD A2
10:45:16.554 DEBU [pymycobot.common] _write: fe fe 3 2b d3 10 
10:45:16.569 DEBU [pymycobot.common] _read : FE FE 04 2B 01 CD A2
10:45:17.556 DEBU [pymycobot.common] _write: fe fe 3 2b d3 10 
10:45:17.565 DEBU [pymycobot.common] _read : FE FE 04 2B 01 CD A2
10:45:18.564 DEBU [pymycobot.common] _write: fe fe 3 2b d3 10 
10:45:18.571 DEBU [pymycobot.common] _read : FE FE 04 2B 01 CD A2
10:45:18.896 DEBU [pymycobot.common] _read : FE FE 04 5B 00 CD 46
10:45:21.206 DEBU [pymycobot.common] _write: fe fe 3 2b d3 10 
10:45:21.211 DEBU [pymycobot.common] _read : FE FE 04 2B 00 0D 63
10:45:22.224 DEBU [pymycobot.common] _write: fe fe 4 16 1 5d b2 
10:45:24.447 DEBU [pymycobot.common] _read : FE FE 05 16 FF 01 29 5D
10:45:24.462 DEBU [pymycobot.common] _write: fe fe 3 17 c2 10 
10:45:24.478 DEBU [pymycobot.common] _read : FE FE 04 17 01 CD B3
10:45:24.492 DEBU [pymycobot.common] _write: fe fe 6 30 1 0 14 de c7 
10:45:24.497 DEBU [pymycobot.common] _read : FE FE 05 30 FF 01 E2 BC
10:45:24.797 DEBU [pymycobot.common] _write: fe fe 3 2b d3 10 
10:45:24.801 DEBU [pymycobot.common] _read : FE FE 04 2B 00 0D 63
10:45:25.813 DEBU [pymycobot.common] _write: fe fe 4 1c 1 fd b4 
10:45:25.818 DEBU [pymycobot.common] _read : FE FE 11 1C 00 00 00 00 00 00 00 00 00 00 00 00 00 00 39 D0
10:45:25.838 DEBU [pymycobot.common] _write: fe fe 10 22 0 0 0 0 0 0 0 0 0 0 0 0 a 29 22 
10:45:25.843 DEBU [pymycobot.common] _read : FE FE 05 22 FF 01 E7 1C
10:45:26.840 DEBU [pymycobot.common] _write: fe fe 3 2b d3 10 
10:45:26.846 DEBU [pymycobot.common] _read : FE FE 04 2B 01 CD A2
10:45:27.848 DEBU [pymycobot.common] _write: fe fe 3 2b d3 10 
10:45:27.853 DEBU [pymycobot.common] _read : FE FE 04 2B 00 0D 63
10:45:28.106 DEBU [pymycobot.common] _write: fe fe 3 2b d3 10 
10:45:28.111 DEBU [pymycobot.common] _read : FE FE 04 2B 00 0D 63
10:45:30.441 DEBU [pymycobot.common] _write: fe fe 3 2b d3 10 
10:45:30.452 DEBU [pymycobot.common] _read : FE FE 04 2B 00 0D 63
10:45:31.455 DEBU [pymycobot.common] _write: fe fe 4 16 1 5d b2 
10:45:31.473 DEBU [pymycobot.common] _read : FE FE 05 16 FF 01 29 5D
10:45:31.485 DEBU [pymycobot.common] _write: fe fe 3 17 c2 10 
10:45:31.492 DEBU [pymycobot.common] _read : FE FE 04 17 01 CD B3
10:45:31.500 DEBU [pymycobot.common] _write: fe fe 6 30 1 1 32 94 47 
10:45:31.508 DEBU [pymycobot.common] _read : FE FE 05 30 FF 01 E2 BC
10:45:31.804 DEBU [pymycobot.common] _write: fe fe 3 2b d3 10 
10:45:31.808 DEBU [pymycobot.common] _read : FE FE 04 2B 00 0D 63
10:45:32.822 DEBU [pymycobot.common] _write: fe fe 4 1c 1 fd b4 
10:45:32.827 DEBU [pymycobot.common] _read : FE FE 11 1C 00 00 00 00 00 00 00 00 00 00 00 00 00 00 39 D0
10:45:32.845 DEBU [pymycobot.common] _write: fe fe 10 22 0 0 0 0 0 0 0 0 0 0 0 0 a 29 22 
10:45:32.850 DEBU [pymycobot.common] _read : FE FE 05 22 FF 01 E7 1C
10:45:33.856 DEBU [pymycobot.common] _write: fe fe 3 2b d3 10 
10:45:33.860 DEBU [pymycobot.common] _read : FE FE 04 2B 00 0D 63
10:45:34.113 DEBU [pymycobot.common] _write: fe fe 3 2b d3 10 
10:45:34.120 DEBU [pymycobot.common] _read : FE FE 04 2B 00 0D 63
10:45:36.447 DEBU [pymycobot.common] _write: fe fe 3 2b d3 10 
10:45:36.453 DEBU [pymycobot.common] _read : FE FE 04 2B 00 0D 63
10:45:37.466 DEBU [pymycobot.common] _write: fe fe 4 16 1 5d b2 
10:45:37.474 DEBU [pymycobot.common] _read : FE FE 05 16 FF 01 29 5D
10:45:37.479 DEBU [pymycobot.common] _write: fe fe 3 17 c2 10 
10:45:37.483 DEBU [pymycobot.common] _read : FE FE 04 17 01 CD B3
10:45:37.494 DEBU [pymycobot.common] _write: fe fe 7 21 3 23 28 a 35 3 
10:45:37.499 DEBU [pymycobot.common] _read : FE FE 05 21 FF 01 E7 EC
10:45:38.501 DEBU [pymycobot.common] _write: fe fe 3 2b d3 10 
10:45:38.506 DEBU [pymycobot.common] _read : FE FE 04 2B 01 CD A2
10:45:39.509 DEBU [pymycobot.common] _write: fe fe 3 2b d3 10 
10:45:39.515 DEBU [pymycobot.common] _read : FE FE 04 2B 01 CD A2
10:45:40.516 DEBU [pymycobot.common] _write: fe fe 3 2b d3 10 
10:45:40.520 DEBU [pymycobot.common] _read : FE FE 04 2B 01 CD A2
10:45:41.518 DEBU [pymycobot.common] _write: fe fe 3 2b d3 10 
10:45:41.524 DEBU [pymycobot.common] _read : FE FE 04 2B 01 CD A2
10:45:42.522 DEBU [pymycobot.common] _write: fe fe 3 2b d3 10 
10:45:42.528 DEBU [pymycobot.common] _read : FE FE 04 2B 01 CD A2
10:45:43.536 DEBU [pymycobot.common] _write: fe fe 3 2b d3 10 
10:45:43.542 DEBU [pymycobot.common] _read : FE FE 04 2B 00 0D 63
10:45:43.794 DEBU [pymycobot.common] _write: fe fe 3 2b d3 10 
10:45:43.798 DEBU [pymycobot.common] _read : FE FE 04 2B 00 0D 63
10:45:44.113 DEBU [pymycobot.common] _write: fe fe 3 2b d3 10 
10:45:44.121 DEBU [pymycobot.common] _read : FE FE 04 2B 00 0D 63
10:45:45.131 DEBU [pymycobot.common] _write: fe fe 6 30 2 0 14 de 37 
10:45:45.138 DEBU [pymycobot.common] _read : FE FE 05 30 FF 01 E2 BC
10:45:45.435 DEBU [pymycobot.common] _write: fe fe 3 2b d3 10 
10:45:46.595 DEBU [pymycobot.common] _write: fe fe 4 1c 2 fc f4 
10:45:46.596 ERRO [pymycobot.common] Socket send error: [WinError 10053] 你的主机中的软件中止了一个已建立的连接。
10:45:46.726 DEBU [pymycobot.common] _write: fe fe 10 22 0 0 0 0 0 0 0 0 0 0 0 0 a 29 22 
10:45:46.726 ERRO [pymycobot.common] Socket send error: [WinError 10053] 你的主机中的软件中止了一个已建立的连接。
10:45:46.808 DEBU [pymycobot.common] _write: fe fe 4 16 1 5d b2 
10:45:46.808 ERRO [pymycobot.common] Socket send error: [WinError 10053] 你的主机中的软件中止了一个已建立的连接。
10:45:46.871 DEBU [pymycobot.common] _write: fe fe 10 22 0 0 0 0 0 0 0 0 0 0 0 0 a 29 22 
10:45:46.872 ERRO [pymycobot.common] Socket send error: [WinError 10053] 你的主机中的软件中止了一个已建立的连接。
10:45:46.923 DEBU [pymycobot.common] _write: fe fe 4 16 1 5d b2 
10:45:46.923 ERRO [pymycobot.common] Socket send error: [WinError 10053] 你的主机中的软件中止了一个已建立的连接。
10:45:46.996 DEBU [pymycobot.common] _write: fe fe 10 22 0 0 0 0 0 0 0 0 0 0 0 0 a 29 22 
10:45:46.996 ERRO [pymycobot.common] Socket send error: [WinError 10053] 你的主机中的软件中止了一个已建立的连接。
10:45:47.044 DEBU [pymycobot.common] _write: fe fe 4 16 1 5d b2 
10:45:47.044 ERRO [pymycobot.common] Socket send error: [WinError 10053] 你的主机中的软件中止了一个已建立的连接。
10:45:47.094 DEBU [pymycobot.common] _write: fe fe 10 22 0 0 0 0 0 0 0 0 0 0 0 0 a 29 22 
10:45:47.094 ERRO [pymycobot.common] Socket send error: [WinError 10053] 你的主机中的软件中止了一个已建立的连接。
10:45:47.164 DEBU [pymycobot.common] _write: fe fe 4 16 1 5d b2 
10:45:47.164 ERRO [pymycobot.common] Socket send error: [WinError 10053] 你的主机中的软件中止了一个已建立的连接。
10:45:47.210 DEBU [pymycobot.common] _write: fe fe 10 22 0 0 0 0 0 0 0 0 0 0 0 0 a 29 22 
10:45:47.210 ERRO [pymycobot.common] Socket send error: [WinError 10053] 你的主机中的软件中止了一个已建立的连接。
10:45:47.284 DEBU [pymycobot.common] _write: fe fe 4 16 1 5d b2 
10:45:47.285 ERRO [pymycobot.common] Socket send error: [WinError 10053] 你的主机中的软件中止了一个已建立的连接。
10:45:47.335 DEBU [pymycobot.common] _write: fe fe 10 22 0 0 0 0 0 0 0 0 0 0 0 0 a 29 22 
10:45:47.336 ERRO [pymycobot.common] Socket send error: [WinError 10053] 你的主机中的软件中止了一个已建立的连接。
10:45:47.388 DEBU [pymycobot.common] _write: fe fe 4 16 1 5d b2 
10:45:47.388 ERRO [pymycobot.common] Socket send error: [WinError 10053] 你的主机中的软件中止了一个已建立的连接。
10:45:47.467 DEBU [pymycobot.common] _write: fe fe 10 22 0 0 0 0 0 0 0 0 0 0 0 0 a 29 22 
10:45:47.467 ERRO [pymycobot.common] Socket send error: [WinError 10053] 你的主机中的软件中止了一个已建立的连接。
10:45:47.519 DEBU [pymycobot.common] _write: fe fe 4 16 1 5d b2 
10:45:47.519 ERRO [pymycobot.common] Socket send error: [WinError 10053] 你的主机中的软件中止了一个已建立的连接。
10:45:47.570 DEBU [pymycobot.common] _write: fe fe 10 22 0 0 0 0 0 0 0 0 0 0 0 0 a 29 22 
10:45:47.570 ERRO [pymycobot.common] Socket send error: [WinError 10053] 你的主机中的软件中止了一个已建立的连接。
10:45:47.640 DEBU [pymycobot.common] _write: fe fe 4 16 1 5d b2 
10:45:47.640 ERRO [pymycobot.common] Socket send error: [WinError 10053] 你的主机中的软件中止了一个已建立的连接。
10:45:47.690 DEBU [pymycobot.common] _write: fe fe 10 22 0 0 0 0 0 0 0 0 0 0 0 0 a 29 22 
10:45:47.690 ERRO [pymycobot.common] Socket send error: [WinError 10053] 你的主机中的软件中止了一个已建立的连接。
10:45:47.774 DEBU [pymycobot.common] _write: fe fe 4 16 1 5d b2 
10:45:47.774 ERRO [pymycobot.common] Socket send error: [WinError 10053] 你的主机中的软件中止了一个已建立的连接。
10:45:47.821 DEBU [pymycobot.common] _write: fe fe 10 22 0 0 0 0 0 0 0 0 0 0 0 0 a 29 22 
10:45:47.821 ERRO [pymycobot.common] Socket send error: [WinError 10053] 你的主机中的软件中止了一个已建立的连接。
10:45:47.871 DEBU [pymycobot.common] _write: fe fe 10 22 0 0 0 0 0 0 0 0 0 0 0 0 a 29 22 
10:45:47.872 ERRO [pymycobot.common] Socket send error: [WinError 10053] 你的主机中的软件中止了一个已建立的连接。
10:45:47.952 DEBU [pymycobot.common] _write: fe fe 10 22 0 0 0 0 0 0 0 0 0 0 0 0 a 29 22 
10:45:47.953 ERRO [pymycobot.common] Socket send error: [WinError 10053] 你的主机中的软件中止了一个已建立的连接。
10:45:48.011 DEBU [pymycobot.common] _write: fe fe 10 22 0 0 0 0 0 0 0 0 0 0 0 0 a 29 22 
10:45:48.012 ERRO [pymycobot.common] Socket send error: [WinError 10053] 你的主机中的软件中止了一个已建立的连接。
10:45:48.067 DEBU [pymycobot.common] _write: fe fe 10 22 0 0 0 0 0 0 0 0 0 0 0 0 a 29 22 
10:45:48.068 ERRO [pymycobot.common] Socket send error: [WinError 10053] 你的主机中的软件中止了一个已建立的连接。
10:45:48.144 DEBU [pymycobot.common] _write: fe fe 10 22 0 0 0 0 0 0 0 0 0 0 0 0 a 29 22 
10:45:48.145 ERRO [pymycobot.common] Socket send error: [WinError 10053] 你的主机中的软件中止了一个已建立的连接。
10:45:48.217 DEBU [pymycobot.common] _write: fe fe 10 22 0 0 0 0 0 0 0 0 0 0 0 0 a 29 22 
10:45:48.218 ERRO [pymycobot.common] Socket send error: [WinError 10053] 你的主机中的软件中止了一个已建立的连接。
10:45:48.219 DEBU [pymycobot.common] _write: fe fe 4 16 0 9d 73 
10:45:48.220 ERRO [pymycobot.common] Socket send error: [WinError 10053] 你的主机中的软件中止了一个已建立的连接。
10:52:37.381 DEBU [pymycobot.common] _write: fe fe 4 16 0 9d 73 
10:52:37.384 DEBU [pymycobot.common] _read : FE FE 05 16 FF 01 29 5D
10:52:37.393 DEBU [pymycobot.common] _write: fe fe 3 17 c2 10 
10:52:37.399 DEBU [pymycobot.common] _read : FE FE 04 17 00 0D 72
10:52:37.409 DEBU [pymycobot.common] _write: fe fe 10 22 0 0 b b8 d8 f0 f8 30 0 0 0 0 a 8e 8 
10:52:37.414 DEBU [pymycobot.common] _read : FE FE 05 22 FF 01 E7 1C
10:52:38.411 DEBU [pymycobot.common] _write: fe fe 3 2b d3 10 
10:52:38.421 DEBU [pymycobot.common] _read : FE FE 04 2B 01 CD A2
10:52:39.416 DEBU [pymycobot.common] _write: fe fe 3 2b d3 10 
10:52:39.420 DEBU [pymycobot.common] _read : FE FE 04 2B 01 CD A2
10:52:40.432 DEBU [pymycobot.common] _write: fe fe 3 2b d3 10 
10:52:40.437 DEBU [pymycobot.common] _read : FE FE 04 2B 01 CD A2
10:52:41.445 DEBU [pymycobot.common] _write: fe fe 3 2b d3 10 
10:52:41.454 DEBU [pymycobot.common] _read : FE FE 04 2B 01 CD A2
10:52:42.450 DEBU [pymycobot.common] _write: fe fe 3 2b d3 10 
10:52:42.454 DEBU [pymycobot.common] _read : FE FE 04 2B 01 CD A2
10:52:43.452 DEBU [pymycobot.common] _write: fe fe 3 2b d3 10 
10:52:43.457 DEBU [pymycobot.common] _read : FE FE 04 2B 01 CD A2
10:52:44.454 DEBU [pymycobot.common] _write: fe fe 3 2b d3 10 
10:52:44.470 DEBU [pymycobot.common] _read : FE FE 04 2B 01 CD A2
10:52:45.457 DEBU [pymycobot.common] _write: fe fe 3 2b d3 10 
10:52:45.464 DEBU [pymycobot.common] _read : FE FE 04 2B 01 CD A2
10:52:46.459 DEBU [pymycobot.common] _write: fe fe 3 2b d3 10 
10:52:46.475 DEBU [pymycobot.common] _read : FE FE 04 2B 01 CD A2
10:52:47.462 DEBU [pymycobot.common] _write: fe fe 3 2b d3 10 
10:52:47.474 DEBU [pymycobot.common] _read : FE FE 04 2B 01 CD A2
10:52:48.464 DEBU [pymycobot.common] _write: fe fe 3 2b d3 10 
10:52:48.469 DEBU [pymycobot.common] _read : FE FE 04 2B 01 CD A2
10:52:49.469 DEBU [pymycobot.common] _write: fe fe 3 2b d3 10 
10:52:49.473 DEBU [pymycobot.common] _read : FE FE 04 2B 01 CD A2
10:52:50.473 DEBU [pymycobot.common] _write: fe fe 3 2b d3 10 
10:52:50.483 DEBU [pymycobot.common] _read : FE FE 04 2B 01 CD A2
10:52:50.786 DEBU [pymycobot.common] _read : FE FE 04 5B 00 CD 46
10:52:51.095 DEBU [pymycobot.common] _write: fe fe 3 2b d3 10 
10:52:51.101 DEBU [pymycobot.common] _read : FE FE 04 2B 00 0D 63
10:52:52.122 DEBU [pymycobot.common] _write: fe fe 6 f5 1 0 1e 15 7b 
10:52:52.129 DEBU [pymycobot.common] _read : FE FE 05 F5 FF 01 DF AC
10:52:52.426 DEBU [pymycobot.common] _write: fe fe 3 2b d3 10 
10:52:52.431 DEBU [pymycobot.common] _read : FE FE 04 2B 01 CD A2
10:52:52.548 DEBU [pymycobot.common] _write: fe fe 3 2b d3 10 
10:52:52.553 DEBU [pymycobot.common] _read : FE FE 04 2B 01 CD A2
10:52:52.669 DEBU [pymycobot.common] _write: fe fe 3 2b d3 10 
10:52:52.674 DEBU [pymycobot.common] _read : FE FE 04 2B 01 CD A2
10:52:52.790 DEBU [pymycobot.common] _write: fe fe 3 2b d3 10 
10:52:52.797 DEBU [pymycobot.common] _read : FE FE 04 2B 01 CD A2
10:52:52.913 DEBU [pymycobot.common] _write: fe fe 3 2b d3 10 
10:52:52.917 DEBU [pymycobot.common] _read : FE FE 04 2B 01 CD A2
10:52:53.034 DEBU [pymycobot.common] _write: fe fe 3 2b d3 10 
10:52:53.039 DEBU [pymycobot.common] _read : FE FE 04 2B 01 CD A2
10:52:53.154 DEBU [pymycobot.common] _write: fe fe 3 2b d3 10 
10:52:53.160 DEBU [pymycobot.common] _read : FE FE 04 2B 01 CD A2
10:52:53.274 DEBU [pymycobot.common] _write: fe fe 3 2b d3 10 
10:52:53.278 DEBU [pymycobot.common] _read : FE FE 04 2B 01 CD A2
10:52:53.395 DEBU [pymycobot.common] _write: fe fe 3 2b d3 10 
10:52:53.407 DEBU [pymycobot.common] _read : FE FE 04 2B 01 CD A2
10:52:53.516 DEBU [pymycobot.common] _write: fe fe 3 2b d3 10 
10:52:53.528 DEBU [pymycobot.common] _read : FE FE 04 2B 01 CD A2
10:52:53.639 DEBU [pymycobot.common] _write: fe fe 3 2b d3 10 
10:52:53.646 DEBU [pymycobot.common] _read : FE FE 04 2B 01 CD A2
10:52:53.759 DEBU [pymycobot.common] _write: fe fe 3 2b d3 10 
10:52:53.766 DEBU [pymycobot.common] _read : FE FE 04 2B 01 CD A2
10:52:53.880 DEBU [pymycobot.common] _write: fe fe 3 2b d3 10 
10:52:53.886 DEBU [pymycobot.common] _read : FE FE 04 2B 01 CD A2
10:52:54.000 DEBU [pymycobot.common] _write: fe fe 3 2b d3 10 
10:52:54.014 DEBU [pymycobot.common] _read : FE FE 04 2B 01 CD A2
10:52:54.121 DEBU [pymycobot.common] _write: fe fe 3 2b d3 10 
10:52:54.126 DEBU [pymycobot.common] _read : FE FE 04 2B 01 CD A2
10:52:54.243 DEBU [pymycobot.common] _write: fe fe 3 2b d3 10 
10:52:54.247 DEBU [pymycobot.common] _read : FE FE 04 2B 01 CD A2
10:52:54.363 DEBU [pymycobot.common] _write: fe fe 3 2b d3 10 
10:52:54.369 DEBU [pymycobot.common] _read : FE FE 04 2B 01 CD A2
10:52:54.484 DEBU [pymycobot.common] _write: fe fe 3 2b d3 10 
10:52:54.489 DEBU [pymycobot.common] _read : FE FE 04 2B 01 CD A2
10:52:54.604 DEBU [pymycobot.common] _write: fe fe 3 2b d3 10 
10:52:54.608 DEBU [pymycobot.common] _read : FE FE 04 2B 01 CD A2
10:52:54.727 DEBU [pymycobot.common] _write: fe fe 3 2b d3 10 
10:52:54.731 DEBU [pymycobot.common] _read : FE FE 04 2B 01 CD A2
10:52:54.849 DEBU [pymycobot.common] _write: fe fe 3 2b d3 10 
10:52:54.854 DEBU [pymycobot.common] _read : FE FE 04 2B 01 CD A2
10:52:54.969 DEBU [pymycobot.common] _write: fe fe 3 2b d3 10 
10:52:54.974 DEBU [pymycobot.common] _read : FE FE 04 2B 01 CD A2
10:52:55.090 DEBU [pymycobot.common] _write: fe fe 3 2b d3 10 
10:52:55.096 DEBU [pymycobot.common] _read : FE FE 04 2B 01 CD A2
10:52:55.210 DEBU [pymycobot.common] _write: fe fe 3 2b d3 10 
10:52:55.214 DEBU [pymycobot.common] _read : FE FE 04 2B 01 CD A2
10:52:55.331 DEBU [pymycobot.common] _write: fe fe 3 2b d3 10 
10:52:55.335 DEBU [pymycobot.common] _read : FE FE 04 2B 01 CD A2
10:52:55.454 DEBU [pymycobot.common] _write: fe fe 3 2b d3 10 
10:52:55.460 DEBU [pymycobot.common] _read : FE FE 04 2B 01 CD A2
10:52:55.575 DEBU [pymycobot.common] _write: fe fe 3 2b d3 10 
10:52:55.582 DEBU [pymycobot.common] _read : FE FE 04 2B 01 CD A2
10:52:55.696 DEBU [pymycobot.common] _write: fe fe 3 2b d3 10 
10:52:55.702 DEBU [pymycobot.common] _read : FE FE 04 2B 01 CD A2
10:52:55.817 DEBU [pymycobot.common] _write: fe fe 3 2b d3 10 
10:52:55.823 DEBU [pymycobot.common] _read : FE FE 04 2B 01 CD A2
10:52:55.937 DEBU [pymycobot.common] _write: fe fe 3 2b d3 10 
10:52:55.945 DEBU [pymycobot.common] _read : FE FE 04 2B 01 CD A2
10:52:56.059 DEBU [pymycobot.common] _write: fe fe 3 2b d3 10 
10:52:56.065 DEBU [pymycobot.common] _read : FE FE 04 2B 01 CD A2
10:52:56.182 DEBU [pymycobot.common] _write: fe fe 3 2b d3 10 
10:52:56.187 DEBU [pymycobot.common] _read : FE FE 04 2B 01 CD A2
10:52:56.303 DEBU [pymycobot.common] _write: fe fe 3 2b d3 10 
10:52:56.308 DEBU [pymycobot.common] _read : FE FE 04 2B 01 CD A2
10:52:56.426 DEBU [pymycobot.common] _write: fe fe 3 2b d3 10 
10:52:56.430 DEBU [pymycobot.common] _read : FE FE 04 2B 01 CD A2
10:52:56.546 DEBU [pymycobot.common] _write: fe fe 3 2b d3 10 
10:52:56.553 DEBU [pymycobot.common] _read : FE FE 04 2B 01 CD A2
10:52:56.667 DEBU [pymycobot.common] _write: fe fe 3 2b d3 10 
10:52:56.671 DEBU [pymycobot.common] _read : FE FE 04 2B 01 CD A2
10:52:56.790 DEBU [pymycobot.common] _write: fe fe 3 2b d3 10 
10:52:56.796 DEBU [pymycobot.common] _read : FE FE 04 2B 01 CD A2
10:52:56.912 DEBU [pymycobot.common] _write: fe fe 3 2b d3 10 
10:52:56.918 DEBU [pymycobot.common] _read : FE FE 04 2B 01 CD A2
10:52:57.033 DEBU [pymycobot.common] _write: fe fe 3 2b d3 10 
10:52:57.037 DEBU [pymycobot.common] _read : FE FE 04 2B 01 CD A2
10:52:57.153 DEBU [pymycobot.common] _write: fe fe 3 2b d3 10 
10:52:57.158 DEBU [pymycobot.common] _read : FE FE 04 2B 01 CD A2
10:52:57.274 DEBU [pymycobot.common] _write: fe fe 3 2b d3 10 
10:52:57.279 DEBU [pymycobot.common] _read : FE FE 04 2B 01 CD A2
10:52:57.397 DEBU [pymycobot.common] _write: fe fe 3 2b d3 10 
10:52:57.401 DEBU [pymycobot.common] _read : FE FE 04 2B 01 CD A2
10:52:57.518 DEBU [pymycobot.common] _write: fe fe 3 2b d3 10 
10:52:57.522 DEBU [pymycobot.common] _read : FE FE 04 2B 01 CD A2
10:52:57.639 DEBU [pymycobot.common] _write: fe fe 3 2b d3 10 
10:52:57.644 DEBU [pymycobot.common] _read : FE FE 04 2B 01 CD A2
10:52:57.760 DEBU [pymycobot.common] _write: fe fe 3 2b d3 10 
10:52:57.764 DEBU [pymycobot.common] _read : FE FE 04 2B 01 CD A2
10:52:57.882 DEBU [pymycobot.common] _write: fe fe 3 2b d3 10 
10:52:57.888 DEBU [pymycobot.common] _read : FE FE 04 2B 01 CD A2
10:52:58.004 DEBU [pymycobot.common] _write: fe fe 3 2b d3 10 
10:52:58.008 DEBU [pymycobot.common] _read : FE FE 04 2B 01 CD A2
10:52:58.125 DEBU [pymycobot.common] _write: fe fe 3 2b d3 10 
10:52:58.131 DEBU [pymycobot.common] _read : FE FE 04 2B 01 CD A2
10:52:58.246 DEBU [pymycobot.common] _write: fe fe 3 2b d3 10 
10:52:58.256 DEBU [pymycobot.common] _read : FE FE 04 2B 01 CD A2
10:52:58.366 DEBU [pymycobot.common] _write: fe fe 3 2b d3 10 
10:52:58.371 DEBU [pymycobot.common] _read : FE FE 04 2B 01 CD A2
10:52:58.487 DEBU [pymycobot.common] _write: fe fe 3 2b d3 10 
10:52:58.492 DEBU [pymycobot.common] _read : FE FE 04 2B 01 CD A2
10:52:58.609 DEBU [pymycobot.common] _write: fe fe 3 2b d3 10 
10:52:58.614 DEBU [pymycobot.common] _read : FE FE 04 2B 01 CD A2
10:52:58.731 DEBU [pymycobot.common] _write: fe fe 3 2b d3 10 
10:52:58.736 DEBU [pymycobot.common] _read : FE FE 04 2B 01 CD A2
10:52:58.852 DEBU [pymycobot.common] _write: fe fe 3 2b d3 10 
10:52:58.856 DEBU [pymycobot.common] _read : FE FE 04 2B 01 CD A2
10:52:58.972 DEBU [pymycobot.common] _write: fe fe 3 2b d3 10 
10:52:58.976 DEBU [pymycobot.common] _read : FE FE 04 2B 01 CD A2
10:52:59.094 DEBU [pymycobot.common] _write: fe fe 3 2b d3 10 
10:52:59.099 DEBU [pymycobot.common] _read : FE FE 04 2B 01 CD A2
10:52:59.217 DEBU [pymycobot.common] _write: fe fe 3 2b d3 10 
10:52:59.222 DEBU [pymycobot.common] _read : FE FE 04 2B 01 CD A2
10:52:59.338 DEBU [pymycobot.common] _write: fe fe 3 2b d3 10 
10:52:59.343 DEBU [pymycobot.common] _read : FE FE 04 2B 01 CD A2
10:52:59.459 DEBU [pymycobot.common] _write: fe fe 3 2b d3 10 
10:52:59.463 DEBU [pymycobot.common] _read : FE FE 04 2B 01 CD A2
10:52:59.579 DEBU [pymycobot.common] _write: fe fe 3 2b d3 10 
10:52:59.583 DEBU [pymycobot.common] _read : FE FE 04 2B 01 CD A2
10:52:59.703 DEBU [pymycobot.common] _write: fe fe 3 2b d3 10 
10:52:59.714 DEBU [pymycobot.common] _read : FE FE 04 2B 01 CD A2
10:52:59.823 DEBU [pymycobot.common] _write: fe fe 3 2b d3 10 
10:52:59.827 DEBU [pymycobot.common] _read : FE FE 04 2B 01 CD A2
10:52:59.944 DEBU [pymycobot.common] _write: fe fe 3 2b d3 10 
10:52:59.950 DEBU [pymycobot.common] _read : FE FE 04 2B 01 CD A2
10:53:00.066 DEBU [pymycobot.common] _write: fe fe 3 2b d3 10 
10:53:00.073 DEBU [pymycobot.common] _read : FE FE 04 2B 01 CD A2
10:53:00.187 DEBU [pymycobot.common] _write: fe fe 3 2b d3 10 
10:53:00.192 DEBU [pymycobot.common] _read : FE FE 04 2B 01 CD A2
10:53:00.309 DEBU [pymycobot.common] _write: fe fe 3 2b d3 10 
10:53:00.314 DEBU [pymycobot.common] _read : FE FE 04 2B 01 CD A2
10:53:00.429 DEBU [pymycobot.common] _write: fe fe 3 2b d3 10 
10:53:00.434 DEBU [pymycobot.common] _read : FE FE 04 2B 01 CD A2
10:53:00.550 DEBU [pymycobot.common] _write: fe fe 3 2b d3 10 
10:53:00.558 DEBU [pymycobot.common] _read : FE FE 04 2B 01 CD A2
10:53:00.672 DEBU [pymycobot.common] _write: fe fe 3 2b d3 10 
10:53:00.678 DEBU [pymycobot.common] _read : FE FE 04 2B 01 CD A2
10:53:00.795 DEBU [pymycobot.common] _write: fe fe 3 2b d3 10 
10:53:00.811 DEBU [pymycobot.common] _read : FE FE 04 2B 01 CD A2
10:53:00.930 DEBU [pymycobot.common] _write: fe fe 3 2b d3 10 
10:53:00.935 DEBU [pymycobot.common] _read : FE FE 04 2B 01 CD A2
10:53:01.052 DEBU [pymycobot.common] _write: fe fe 3 2b d3 10 
10:53:01.058 DEBU [pymycobot.common] _read : FE FE 04 2B 01 CD A2
10:53:01.174 DEBU [pymycobot.common] _write: fe fe 3 2b d3 10 
10:53:01.178 DEBU [pymycobot.common] _read : FE FE 04 2B 01 CD A2
10:53:01.296 DEBU [pymycobot.common] _write: fe fe 3 2b d3 10 
10:53:01.304 DEBU [pymycobot.common] _read : FE FE 04 2B 01 CD A2
10:53:01.416 DEBU [pymycobot.common] _write: fe fe 3 2b d3 10 
10:53:01.421 DEBU [pymycobot.common] _read : FE FE 04 2B 01 CD A2
10:53:01.538 DEBU [pymycobot.common] _write: fe fe 3 2b d3 10 
10:53:01.544 DEBU [pymycobot.common] _read : FE FE 04 2B 01 CD A2
10:53:01.659 DEBU [pymycobot.common] _write: fe fe 3 2b d3 10 
10:53:01.665 DEBU [pymycobot.common] _read : FE FE 04 2B 01 CD A2
10:53:01.780 DEBU [pymycobot.common] _write: fe fe 3 2b d3 10 
10:53:01.791 DEBU [pymycobot.common] _read : FE FE 04 2B 01 CD A2
10:53:01.902 DEBU [pymycobot.common] _write: fe fe 3 2b d3 10 
10:53:01.912 DEBU [pymycobot.common] _read : FE FE 04 2B 01 CD A2
10:53:02.024 DEBU [pymycobot.common] _write: fe fe 3 2b d3 10 
10:53:02.036 DEBU [pymycobot.common] _read : FE FE 04 2B 01 CD A2
10:53:02.146 DEBU [pymycobot.common] _write: fe fe 3 2b d3 10 
10:53:02.152 DEBU [pymycobot.common] _read : FE FE 04 2B 01 CD A2
10:53:02.268 DEBU [pymycobot.common] _write: fe fe 3 2b d3 10 
10:53:02.278 DEBU [pymycobot.common] _read : FE FE 04 2B 01 CD A2
10:53:02.389 DEBU [pymycobot.common] _write: fe fe 3 2b d3 10 
10:53:02.395 DEBU [pymycobot.common] _read : FE FE 04 2B 01 CD A2
10:53:02.511 DEBU [pymycobot.common] _write: fe fe 3 2b d3 10 
10:53:02.511 DEBU [pymycobot.common] _read : FE FE 04 5B 24 D6 46
10:53:02.526 DEBU [pymycobot.common] _read : FE FE 04 2B 00 0D 63
10:53:03.638 DEBU [pymycobot.common] _write: fe fe 4 16 0 9d 73 
10:53:03.642 DEBU [pymycobot.common] _read : FE FE 05 16 FF 01 29 5D
10:53:03.652 DEBU [pymycobot.common] _write: fe fe 3 17 c2 10 
10:53:03.666 DEBU [pymycobot.common] _read : FE FE 04 17 00 0D 72
10:53:03.668 DEBU [pymycobot.common] _write: fe fe 10 22 0 0 b b8 d8 f0 f8 30 0 0 0 0 a 8e 8 
10:53:03.672 DEBU [pymycobot.common] _read : FE FE 05 22 FF 01 E7 1C
10:53:04.674 DEBU [pymycobot.common] _write: fe fe 3 2b d3 10 
10:53:04.679 DEBU [pymycobot.common] _read : FE FE 04 2B 01 CD A2
10:53:05.674 DEBU [pymycobot.common] _write: fe fe 3 2b d3 10 
10:53:05.679 DEBU [pymycobot.common] _read : FE FE 04 2B 01 CD A2
10:53:06.678 DEBU [pymycobot.common] _write: fe fe 3 2b d3 10 
10:53:06.683 DEBU [pymycobot.common] _read : FE FE 04 2B 01 CD A2
10:53:07.693 DEBU [pymycobot.common] _write: fe fe 3 2b d3 10 
10:53:07.697 DEBU [pymycobot.common] _read : FE FE 04 2B 01 CD A2
10:53:08.706 DEBU [pymycobot.common] _write: fe fe 3 2b d3 10 
10:53:08.711 DEBU [pymycobot.common] _read : FE FE 04 2B 01 CD A2
10:53:09.721 DEBU [pymycobot.common] _write: fe fe 3 2b d3 10 
10:53:09.727 DEBU [pymycobot.common] _read : FE FE 04 2B 01 CD A2
10:53:10.662 DEBU [pymycobot.common] _read : FE FE 04 5B 00 CD 46
10:53:10.977 DEBU [pymycobot.common] _write: fe fe 3 2b d3 10 
10:53:10.982 DEBU [pymycobot.common] _read : FE FE 04 2B 00 0D 63
10:53:11.995 DEBU [pymycobot.common] _write: fe fe 6 f5 1 1 32 58 7b 
10:53:12.003 DEBU [pymycobot.common] _read : FE FE 05 F5 FF 01 DF AC
10:53:12.297 DEBU [pymycobot.common] _write: fe fe 3 2b d3 10 
10:53:12.303 DEBU [pymycobot.common] _read : FE FE 04 2B 01 CD A2
10:53:12.420 DEBU [pymycobot.common] _write: fe fe 3 2b d3 10 
10:53:12.425 DEBU [pymycobot.common] _read : FE FE 04 2B 01 CD A2
10:53:12.540 DEBU [pymycobot.common] _write: fe fe 3 2b d3 10 
10:53:12.547 DEBU [pymycobot.common] _read : FE FE 04 2B 01 CD A2
10:53:12.662 DEBU [pymycobot.common] _write: fe fe 3 2b d3 10 
10:53:12.668 DEBU [pymycobot.common] _read : FE FE 04 2B 01 CD A2
10:53:12.784 DEBU [pymycobot.common] _write: fe fe 3 2b d3 10 
10:53:12.789 DEBU [pymycobot.common] _read : FE FE 04 2B 01 CD A2
10:53:12.904 DEBU [pymycobot.common] _write: fe fe 3 2b d3 10 
10:53:12.909 DEBU [pymycobot.common] _read : FE FE 04 2B 01 CD A2
10:53:13.026 DEBU [pymycobot.common] _write: fe fe 3 2b d3 10 
10:53:13.030 DEBU [pymycobot.common] _read : FE FE 04 2B 01 CD A2
10:53:13.148 DEBU [pymycobot.common] _write: fe fe 3 2b d3 10 
10:53:13.152 DEBU [pymycobot.common] _read : FE FE 04 2B 01 CD A2
10:53:13.268 DEBU [pymycobot.common] _write: fe fe 3 2b d3 10 
10:53:13.273 DEBU [pymycobot.common] _read : FE FE 04 2B 01 CD A2
10:53:13.389 DEBU [pymycobot.common] _write: fe fe 3 2b d3 10 
10:53:13.395 DEBU [pymycobot.common] _read : FE FE 04 2B 01 CD A2
10:53:13.510 DEBU [pymycobot.common] _write: fe fe 3 2b d3 10 
10:53:13.526 DEBU [pymycobot.common] _read : FE FE 04 2B 01 CD A2
10:53:13.646 DEBU [pymycobot.common] _write: fe fe 3 2b d3 10 
10:53:13.656 DEBU [pymycobot.common] _read : FE FE 04 2B 01 CD A2
10:53:13.768 DEBU [pymycobot.common] _write: fe fe 3 2b d3 10 
10:53:13.773 DEBU [pymycobot.common] _read : FE FE 04 2B 01 CD A2
10:53:13.889 DEBU [pymycobot.common] _write: fe fe 3 2b d3 10 
10:53:13.893 DEBU [pymycobot.common] _read : FE FE 04 2B 01 CD A2
10:53:14.010 DEBU [pymycobot.common] _write: fe fe 3 2b d3 10 
10:53:14.014 DEBU [pymycobot.common] _read : FE FE 04 2B 01 CD A2
10:53:14.132 DEBU [pymycobot.common] _write: fe fe 3 2b d3 10 
10:53:14.137 DEBU [pymycobot.common] _read : FE FE 04 2B 01 CD A2
10:53:14.252 DEBU [pymycobot.common] _write: fe fe 3 2b d3 10 
10:53:14.257 DEBU [pymycobot.common] _read : FE FE 04 2B 01 CD A2
10:53:14.375 DEBU [pymycobot.common] _write: fe fe 3 2b d3 10 
10:53:14.383 DEBU [pymycobot.common] _read : FE FE 04 2B 01 CD A2
10:53:14.497 DEBU [pymycobot.common] _write: fe fe 3 2b d3 10 
10:53:14.501 DEBU [pymycobot.common] _read : FE FE 04 2B 01 CD A2
10:53:14.621 DEBU [pymycobot.common] _write: fe fe 3 2b d3 10 
10:53:14.634 DEBU [pymycobot.common] _read : FE FE 04 2B 01 CD A2
10:53:14.743 DEBU [pymycobot.common] _write: fe fe 3 2b d3 10 
10:53:14.747 DEBU [pymycobot.common] _read : FE FE 04 2B 01 CD A2
10:53:14.865 DEBU [pymycobot.common] _write: fe fe 3 2b d3 10 
10:53:14.880 DEBU [pymycobot.common] _read : FE FE 04 2B 01 CD A2
10:53:15.002 DEBU [pymycobot.common] _write: fe fe 3 2b d3 10 
10:53:15.008 DEBU [pymycobot.common] _read : FE FE 04 2B 01 CD A2
10:53:15.125 DEBU [pymycobot.common] _write: fe fe 3 2b d3 10 
10:53:15.131 DEBU [pymycobot.common] _read : FE FE 04 2B 01 CD A2
10:53:15.245 DEBU [pymycobot.common] _write: fe fe 3 2b d3 10 
10:53:15.251 DEBU [pymycobot.common] _read : FE FE 04 2B 01 CD A2
10:53:15.366 DEBU [pymycobot.common] _write: fe fe 3 2b d3 10 
10:53:15.371 DEBU [pymycobot.common] _read : FE FE 04 2B 01 CD A2
10:53:15.489 DEBU [pymycobot.common] _write: fe fe 3 2b d3 10 
10:53:15.496 DEBU [pymycobot.common] _read : FE FE 04 2B 01 CD A2
10:53:15.609 DEBU [pymycobot.common] _write: fe fe 3 2b d3 10 
10:53:15.615 DEBU [pymycobot.common] _read : FE FE 04 2B 01 CD A2
10:53:15.731 DEBU [pymycobot.common] _write: fe fe 3 2b d3 10 
10:53:15.736 DEBU [pymycobot.common] _read : FE FE 04 2B 01 CD A2
10:53:15.853 DEBU [pymycobot.common] _write: fe fe 3 2b d3 10 
10:53:15.857 DEBU [pymycobot.common] _read : FE FE 04 2B 01 CD A2
10:53:15.975 DEBU [pymycobot.common] _write: fe fe 3 2b d3 10 
10:53:15.984 DEBU [pymycobot.common] _read : FE FE 04 2B 01 CD A2
10:53:16.096 DEBU [pymycobot.common] _write: fe fe 3 2b d3 10 
10:53:16.103 DEBU [pymycobot.common] _read : FE FE 04 2B 01 CD A2
10:53:16.220 DEBU [pymycobot.common] _write: fe fe 3 2b d3 10 
10:53:16.225 DEBU [pymycobot.common] _read : FE FE 04 2B 01 CD A2
10:53:16.341 DEBU [pymycobot.common] _write: fe fe 3 2b d3 10 
10:53:16.348 DEBU [pymycobot.common] _read : FE FE 04 2B 01 CD A2
10:53:16.462 DEBU [pymycobot.common] _write: fe fe 3 2b d3 10 
10:53:16.469 DEBU [pymycobot.common] _read : FE FE 04 2B 01 CD A2
10:53:16.584 DEBU [pymycobot.common] _write: fe fe 3 2b d3 10 
10:53:16.591 DEBU [pymycobot.common] _read : FE FE 04 2B 01 CD A2
10:53:16.706 DEBU [pymycobot.common] _write: fe fe 3 2b d3 10 
10:53:16.711 DEBU [pymycobot.common] _read : FE FE 04 2B 01 CD A2
10:53:16.829 DEBU [pymycobot.common] _write: fe fe 3 2b d3 10 
10:53:16.837 DEBU [pymycobot.common] _read : FE FE 04 2B 01 CD A2
10:53:16.952 DEBU [pymycobot.common] _write: fe fe 3 2b d3 10 
10:53:16.957 DEBU [pymycobot.common] _read : FE FE 04 2B 01 CD A2
10:53:17.073 DEBU [pymycobot.common] _write: fe fe 3 2b d3 10 
10:53:17.088 DEBU [pymycobot.common] _read : FE FE 04 2B 01 CD A2
10:53:17.210 DEBU [pymycobot.common] _write: fe fe 3 2b d3 10 
10:53:17.219 DEBU [pymycobot.common] _read : FE FE 04 2B 01 CD A2
10:53:17.331 DEBU [pymycobot.common] _write: fe fe 3 2b d3 10 
10:53:17.337 DEBU [pymycobot.common] _read : FE FE 04 2B 01 CD A2
10:53:17.452 DEBU [pymycobot.common] _write: fe fe 3 2b d3 10 
10:53:17.456 DEBU [pymycobot.common] _read : FE FE 04 2B 01 CD A2
10:53:17.573 DEBU [pymycobot.common] _write: fe fe 3 2b d3 10 
10:53:17.584 DEBU [pymycobot.common] _read : FE FE 04 2B 01 CD A2
10:53:17.693 DEBU [pymycobot.common] _write: fe fe 3 2b d3 10 
10:53:17.706 DEBU [pymycobot.common] _read : FE FE 04 2B 01 CD A2
10:53:17.814 DEBU [pymycobot.common] _write: fe fe 3 2b d3 10 
10:53:17.820 DEBU [pymycobot.common] _read : FE FE 04 2B 01 CD A2
10:53:17.934 DEBU [pymycobot.common] _write: fe fe 3 2b d3 10 
10:53:17.940 DEBU [pymycobot.common] _read : FE FE 04 2B 01 CD A2
10:53:18.057 DEBU [pymycobot.common] _write: fe fe 3 2b d3 10 
10:53:18.064 DEBU [pymycobot.common] _read : FE FE 04 2B 01 CD A2
10:53:18.179 DEBU [pymycobot.common] _write: fe fe 3 2b d3 10 
10:53:18.185 DEBU [pymycobot.common] _read : FE FE 04 2B 01 CD A2
10:53:18.301 DEBU [pymycobot.common] _write: fe fe 3 2b d3 10 
10:53:18.307 DEBU [pymycobot.common] _read : FE FE 04 2B 01 CD A2
10:53:18.395 DEBU [pymycobot.common] _read : FE FE 04 5B 24 D6 46
10:53:18.422 DEBU [pymycobot.common] _write: fe fe 3 2b d3 10 
10:53:18.428 DEBU [pymycobot.common] _read : FE FE 04 2B 00 0D 63
10:53:19.452 DEBU [pymycobot.common] _write: fe fe 4 16 0 9d 73 
10:53:19.457 DEBU [pymycobot.common] _read : FE FE 05 16 FF 01 29 5D
10:53:19.471 DEBU [pymycobot.common] _write: fe fe 3 17 c2 10 
10:53:19.476 DEBU [pymycobot.common] _read : FE FE 04 17 00 0D 72
10:53:19.486 DEBU [pymycobot.common] _write: fe fe 10 22 0 0 b b8 d8 f0 f8 30 0 0 0 0 a 8e 8 
10:53:19.491 DEBU [pymycobot.common] _read : FE FE 05 22 FF 01 E7 1C
10:53:20.491 DEBU [pymycobot.common] _write: fe fe 3 2b d3 10 
10:53:20.498 DEBU [pymycobot.common] _read : FE FE 04 2B 01 CD A2
10:53:21.496 DEBU [pymycobot.common] _write: fe fe 3 2b d3 10 
10:53:21.501 DEBU [pymycobot.common] _read : FE FE 04 2B 01 CD A2
10:53:22.501 DEBU [pymycobot.common] _write: fe fe 3 2b d3 10 
10:53:22.506 DEBU [pymycobot.common] _read : FE FE 04 2B 01 CD A2
10:53:23.507 DEBU [pymycobot.common] _write: fe fe 3 2b d3 10 
10:53:23.514 DEBU [pymycobot.common] _read : FE FE 04 2B 01 CD A2
10:53:24.515 DEBU [pymycobot.common] _write: fe fe 3 2b d3 10 
10:53:24.519 DEBU [pymycobot.common] _read : FE FE 04 2B 01 CD A2
10:53:25.528 DEBU [pymycobot.common] _write: fe fe 3 2b d3 10 
10:53:25.532 DEBU [pymycobot.common] _read : FE FE 04 2B 01 CD A2
10:53:26.542 DEBU [pymycobot.common] _write: fe fe 3 2b d3 10 
10:53:26.551 DEBU [pymycobot.common] _read : FE FE 04 2B 01 CD A2
10:53:26.577 DEBU [pymycobot.common] _read : FE FE 04 5B 00 CD 46
10:53:26.893 DEBU [pymycobot.common] _write: fe fe 3 2b d3 10 
10:53:26.900 DEBU [pymycobot.common] _read : FE FE 04 2B 00 0D 63
10:53:27.914 DEBU [pymycobot.common] _write: fe fe 6 f5 2 0 46 ef 8a 
10:53:27.921 DEBU [pymycobot.common] _read : FE FE 05 F5 FF 01 DF AC
10:53:28.217 DEBU [pymycobot.common] _write: fe fe 3 2b d3 10 
10:53:28.226 DEBU [pymycobot.common] _read : FE FE 04 2B 01 CD A2
10:53:28.337 DEBU [pymycobot.common] _write: fe fe 3 2b d3 10 
10:53:28.342 DEBU [pymycobot.common] _read : FE FE 04 2B 01 CD A2
10:53:28.458 DEBU [pymycobot.common] _write: fe fe 3 2b d3 10 
10:53:28.462 DEBU [pymycobot.common] _read : FE FE 04 2B 01 CD A2
10:53:28.581 DEBU [pymycobot.common] _write: fe fe 3 2b d3 10 
10:53:28.586 DEBU [pymycobot.common] _read : FE FE 04 2B 01 CD A2
10:53:28.702 DEBU [pymycobot.common] _write: fe fe 3 2b d3 10 
10:53:28.708 DEBU [pymycobot.common] _read : FE FE 04 2B 01 CD A2
10:53:28.825 DEBU [pymycobot.common] _write: fe fe 3 2b d3 10 
10:53:28.830 DEBU [pymycobot.common] _read : FE FE 04 2B 01 CD A2
10:53:28.945 DEBU [pymycobot.common] _write: fe fe 3 2b d3 10 
10:53:28.959 DEBU [pymycobot.common] _read : FE FE 04 2B 01 CD A2
10:53:29.066 DEBU [pymycobot.common] _write: fe fe 3 2b d3 10 
10:53:29.071 DEBU [pymycobot.common] _read : FE FE 04 2B 01 CD A2
10:53:29.187 DEBU [pymycobot.common] _write: fe fe 3 2b d3 10 
10:53:29.204 DEBU [pymycobot.common] _read : FE FE 04 2B 01 CD A2
10:53:29.324 DEBU [pymycobot.common] _write: fe fe 3 2b d3 10 
10:53:29.335 DEBU [pymycobot.common] _read : FE FE 04 2B 01 CD A2
10:53:29.445 DEBU [pymycobot.common] _write: fe fe 3 2b d3 10 
10:53:29.456 DEBU [pymycobot.common] _read : FE FE 04 2B 01 CD A2
10:53:29.567 DEBU [pymycobot.common] _write: fe fe 3 2b d3 10 
10:53:29.572 DEBU [pymycobot.common] _read : FE FE 04 2B 01 CD A2
10:53:29.688 DEBU [pymycobot.common] _write: fe fe 3 2b d3 10 
10:53:29.693 DEBU [pymycobot.common] _read : FE FE 04 2B 01 CD A2
10:53:29.810 DEBU [pymycobot.common] _write: fe fe 3 2b d3 10 
10:53:29.824 DEBU [pymycobot.common] _read : FE FE 04 2B 01 CD A2
10:53:29.932 DEBU [pymycobot.common] _write: fe fe 3 2b d3 10 
10:53:29.940 DEBU [pymycobot.common] _read : FE FE 04 2B 01 CD A2
10:53:30.054 DEBU [pymycobot.common] _write: fe fe 3 2b d3 10 
10:53:30.060 DEBU [pymycobot.common] _read : FE FE 04 2B 01 CD A2
10:53:30.175 DEBU [pymycobot.common] _write: fe fe 3 2b d3 10 
10:53:30.179 DEBU [pymycobot.common] _read : FE FE 04 2B 01 CD A2
10:53:30.297 DEBU [pymycobot.common] _write: fe fe 3 2b d3 10 
10:53:30.302 DEBU [pymycobot.common] _read : FE FE 04 2B 01 CD A2
10:53:30.419 DEBU [pymycobot.common] _write: fe fe 3 2b d3 10 
10:53:30.424 DEBU [pymycobot.common] _read : FE FE 04 2B 01 CD A2
10:53:30.540 DEBU [pymycobot.common] _write: fe fe 3 2b d3 10 
10:53:30.546 DEBU [pymycobot.common] _read : FE FE 04 2B 01 CD A2
10:53:30.662 DEBU [pymycobot.common] _write: fe fe 3 2b d3 10 
10:53:30.666 DEBU [pymycobot.common] _read : FE FE 04 2B 01 CD A2
10:53:30.784 DEBU [pymycobot.common] _write: fe fe 3 2b d3 10 
10:53:30.789 DEBU [pymycobot.common] _read : FE FE 04 2B 01 CD A2
10:53:30.905 DEBU [pymycobot.common] _write: fe fe 3 2b d3 10 
10:53:30.911 DEBU [pymycobot.common] _read : FE FE 04 2B 01 CD A2
10:53:31.027 DEBU [pymycobot.common] _write: fe fe 3 2b d3 10 
10:53:31.031 DEBU [pymycobot.common] _read : FE FE 04 2B 01 CD A2
10:53:31.150 DEBU [pymycobot.common] _write: fe fe 3 2b d3 10 
10:53:31.158 DEBU [pymycobot.common] _read : FE FE 04 2B 01 CD A2
10:53:31.271 DEBU [pymycobot.common] _write: fe fe 3 2b d3 10 
10:53:31.278 DEBU [pymycobot.common] _read : FE FE 04 2B 01 CD A2
10:53:31.392 DEBU [pymycobot.common] _write: fe fe 3 2b d3 10 
10:53:31.398 DEBU [pymycobot.common] _read : FE FE 04 2B 01 CD A2
10:53:31.514 DEBU [pymycobot.common] _write: fe fe 3 2b d3 10 
10:53:31.520 DEBU [pymycobot.common] _read : FE FE 04 2B 01 CD A2
10:53:31.636 DEBU [pymycobot.common] _write: fe fe 3 2b d3 10 
10:53:31.640 DEBU [pymycobot.common] _read : FE FE 04 2B 01 CD A2
10:53:31.757 DEBU [pymycobot.common] _write: fe fe 3 2b d3 10 
10:53:31.762 DEBU [pymycobot.common] _read : FE FE 04 2B 01 CD A2
10:53:31.877 DEBU [pymycobot.common] _write: fe fe 3 2b d3 10 
10:53:31.884 DEBU [pymycobot.common] _read : FE FE 04 2B 01 CD A2
10:53:31.999 DEBU [pymycobot.common] _write: fe fe 3 2b d3 10 
10:53:32.003 DEBU [pymycobot.common] _read : FE FE 04 2B 01 CD A2
10:53:32.121 DEBU [pymycobot.common] _write: fe fe 3 2b d3 10 
10:53:32.127 DEBU [pymycobot.common] _read : FE FE 04 2B 01 CD A2
10:53:32.242 DEBU [pymycobot.common] _write: fe fe 3 2b d3 10 
10:53:32.246 DEBU [pymycobot.common] _read : FE FE 04 2B 01 CD A2
10:53:32.363 DEBU [pymycobot.common] _write: fe fe 3 2b d3 10 
10:53:32.369 DEBU [pymycobot.common] _read : FE FE 04 2B 01 CD A2
10:53:32.484 DEBU [pymycobot.common] _write: fe fe 3 2b d3 10 
10:53:32.489 DEBU [pymycobot.common] _read : FE FE 04 2B 01 CD A2
10:53:32.584 DEBU [pymycobot.common] _read : FE FE 04 5B 00 CD 46
10:53:32.605 DEBU [pymycobot.common] _write: fe fe 3 2b d3 10 
10:53:32.611 DEBU [pymycobot.common] _read : FE FE 04 2B 00 0D 63
10:53:33.634 DEBU [pymycobot.common] _write: fe fe 4 16 0 9d 73 
10:53:33.638 DEBU [pymycobot.common] _read : FE FE 05 16 FF 01 29 5D
10:53:33.639 DEBU [pymycobot.common] _write: fe fe 3 17 c2 10 
10:53:33.654 DEBU [pymycobot.common] _read : FE FE 04 17 00 0D 72
10:53:33.670 DEBU [pymycobot.common] _write: fe fe 10 22 0 0 b b8 d8 f0 f8 30 0 0 0 0 a 8e 8 
10:53:33.675 DEBU [pymycobot.common] _read : FE FE 05 22 FF 01 E7 1C
10:53:34.673 DEBU [pymycobot.common] _write: fe fe 3 2b d3 10 
10:53:34.678 DEBU [pymycobot.common] _read : FE FE 04 2B 01 CD A2
10:53:35.685 DEBU [pymycobot.common] _write: fe fe 3 2b d3 10 
10:53:35.690 DEBU [pymycobot.common] _read : FE FE 04 2B 01 CD A2
10:53:36.688 DEBU [pymycobot.common] _write: fe fe 3 2b d3 10 
10:53:36.694 DEBU [pymycobot.common] _read : FE FE 04 2B 01 CD A2
10:53:37.703 DEBU [pymycobot.common] _write: fe fe 3 2b d3 10 
10:53:37.715 DEBU [pymycobot.common] _read : FE FE 04 2B 01 CD A2
10:53:38.709 DEBU [pymycobot.common] _write: fe fe 3 2b d3 10 
10:53:38.713 DEBU [pymycobot.common] _read : FE FE 04 2B 01 CD A2
10:53:39.709 DEBU [pymycobot.common] _write: fe fe 3 2b d3 10 
10:53:39.714 DEBU [pymycobot.common] _read : FE FE 04 2B 01 CD A2
10:53:40.711 DEBU [pymycobot.common] _write: fe fe 3 2b d3 10 
10:53:40.716 DEBU [pymycobot.common] _read : FE FE 04 2B 01 CD A2
10:53:41.716 DEBU [pymycobot.common] _write: fe fe 3 2b d3 10 
10:53:41.721 DEBU [pymycobot.common] _read : FE FE 04 2B 01 CD A2
10:53:42.719 DEBU [pymycobot.common] _write: fe fe 3 2b d3 10 
10:53:42.735 DEBU [pymycobot.common] _read : FE FE 04 2B 01 CD A2
10:53:43.722 DEBU [pymycobot.common] _write: fe fe 3 2b d3 10 
10:53:43.728 DEBU [pymycobot.common] _read : FE FE 04 2B 01 CD A2
10:53:44.060 DEBU [pymycobot.common] _read : FE FE 04 5B 00 CD 46
10:53:44.374 DEBU [pymycobot.common] _write: fe fe 3 2b d3 10 
10:53:44.380 DEBU [pymycobot.common] _read : FE FE 04 2B 00 0D 63
10:53:45.396 DEBU [pymycobot.common] _write: fe fe 6 f5 2 1 14 82 a 
10:53:45.408 DEBU [pymycobot.common] _read : FE FE 05 F5 FF 01 DF AC
10:53:45.700 DEBU [pymycobot.common] _write: fe fe 3 2b d3 10 
10:53:45.704 DEBU [pymycobot.common] _read : FE FE 04 2B 01 CD A2
10:53:45.823 DEBU [pymycobot.common] _write: fe fe 3 2b d3 10 
10:53:45.828 DEBU [pymycobot.common] _read : FE FE 04 2B 01 CD A2
10:53:45.945 DEBU [pymycobot.common] _write: fe fe 3 2b d3 10 
10:53:45.951 DEBU [pymycobot.common] _read : FE FE 04 2B 01 CD A2
10:53:46.067 DEBU [pymycobot.common] _write: fe fe 3 2b d3 10 
10:53:46.075 DEBU [pymycobot.common] _read : FE FE 04 2B 01 CD A2
10:53:46.190 DEBU [pymycobot.common] _write: fe fe 3 2b d3 10 
10:53:46.195 DEBU [pymycobot.common] _read : FE FE 04 2B 01 CD A2
10:53:46.311 DEBU [pymycobot.common] _write: fe fe 3 2b d3 10 
10:53:46.317 DEBU [pymycobot.common] _read : FE FE 04 2B 01 CD A2
10:53:46.432 DEBU [pymycobot.common] _write: fe fe 3 2b d3 10 
10:53:46.439 DEBU [pymycobot.common] _read : FE FE 04 2B 01 CD A2
10:53:46.556 DEBU [pymycobot.common] _write: fe fe 3 2b d3 10 
10:53:46.561 DEBU [pymycobot.common] _read : FE FE 04 2B 01 CD A2
10:53:46.676 DEBU [pymycobot.common] _write: fe fe 3 2b d3 10 
10:53:46.691 DEBU [pymycobot.common] _read : FE FE 04 2B 01 CD A2
10:53:46.813 DEBU [pymycobot.common] _write: fe fe 3 2b d3 10 
10:53:46.818 DEBU [pymycobot.common] _read : FE FE 04 2B 01 CD A2
10:53:46.933 DEBU [pymycobot.common] _write: fe fe 3 2b d3 10 
10:53:46.937 DEBU [pymycobot.common] _read : FE FE 04 2B 01 CD A2
10:53:47.054 DEBU [pymycobot.common] _write: fe fe 3 2b d3 10 
10:53:47.065 DEBU [pymycobot.common] _read : FE FE 04 2B 01 CD A2
10:53:47.174 DEBU [pymycobot.common] _write: fe fe 3 2b d3 10 
10:53:47.180 DEBU [pymycobot.common] _read : FE FE 04 2B 01 CD A2
10:53:47.296 DEBU [pymycobot.common] _write: fe fe 3 2b d3 10 
10:53:47.303 DEBU [pymycobot.common] _read : FE FE 04 2B 01 CD A2
10:53:47.417 DEBU [pymycobot.common] _write: fe fe 3 2b d3 10 
10:53:47.423 DEBU [pymycobot.common] _read : FE FE 04 2B 01 CD A2
10:53:47.538 DEBU [pymycobot.common] _write: fe fe 3 2b d3 10 
10:53:47.543 DEBU [pymycobot.common] _read : FE FE 04 2B 01 CD A2
10:53:47.659 DEBU [pymycobot.common] _write: fe fe 3 2b d3 10 
10:53:47.664 DEBU [pymycobot.common] _read : FE FE 04 2B 01 CD A2
10:53:47.780 DEBU [pymycobot.common] _write: fe fe 3 2b d3 10 
10:53:47.786 DEBU [pymycobot.common] _read : FE FE 04 2B 01 CD A2
10:53:47.901 DEBU [pymycobot.common] _write: fe fe 3 2b d3 10 
10:53:47.915 DEBU [pymycobot.common] _read : FE FE 04 2B 01 CD A2
10:53:48.023 DEBU [pymycobot.common] _write: fe fe 3 2b d3 10 
10:53:48.029 DEBU [pymycobot.common] _read : FE FE 04 2B 01 CD A2
10:53:48.145 DEBU [pymycobot.common] _write: fe fe 3 2b d3 10 
10:53:48.158 DEBU [pymycobot.common] _read : FE FE 04 2B 01 CD A2
10:53:48.266 DEBU [pymycobot.common] _write: fe fe 3 2b d3 10 
10:53:48.273 DEBU [pymycobot.common] _read : FE FE 04 2B 01 CD A2
10:53:48.387 DEBU [pymycobot.common] _write: fe fe 3 2b d3 10 
10:53:48.393 DEBU [pymycobot.common] _read : FE FE 04 2B 01 CD A2
10:53:48.508 DEBU [pymycobot.common] _write: fe fe 3 2b d3 10 
10:53:48.513 DEBU [pymycobot.common] _read : FE FE 04 2B 01 CD A2
10:53:48.630 DEBU [pymycobot.common] _write: fe fe 3 2b d3 10 
10:53:48.634 DEBU [pymycobot.common] _read : FE FE 04 2B 01 CD A2
10:53:48.751 DEBU [pymycobot.common] _write: fe fe 3 2b d3 10 
10:53:48.755 DEBU [pymycobot.common] _read : FE FE 04 2B 01 CD A2
10:53:48.873 DEBU [pymycobot.common] _write: fe fe 3 2b d3 10 
10:53:48.879 DEBU [pymycobot.common] _read : FE FE 04 2B 01 CD A2
10:53:48.996 DEBU [pymycobot.common] _write: fe fe 3 2b d3 10 
10:53:49.001 DEBU [pymycobot.common] _read : FE FE 04 2B 01 CD A2
10:53:49.116 DEBU [pymycobot.common] _write: fe fe 3 2b d3 10 
10:53:49.121 DEBU [pymycobot.common] _read : FE FE 04 2B 01 CD A2
10:53:49.237 DEBU [pymycobot.common] _write: fe fe 3 2b d3 10 
10:53:49.242 DEBU [pymycobot.common] _read : FE FE 04 2B 01 CD A2
10:53:49.358 DEBU [pymycobot.common] _write: fe fe 3 2b d3 10 
10:53:49.363 DEBU [pymycobot.common] _read : FE FE 04 2B 01 CD A2
10:53:49.480 DEBU [pymycobot.common] _write: fe fe 3 2b d3 10 
10:53:49.486 DEBU [pymycobot.common] _read : FE FE 04 2B 01 CD A2
10:53:49.602 DEBU [pymycobot.common] _write: fe fe 3 2b d3 10 
10:53:49.607 DEBU [pymycobot.common] _read : FE FE 04 2B 01 CD A2
10:53:49.722 DEBU [pymycobot.common] _write: fe fe 3 2b d3 10 
10:53:49.726 DEBU [pymycobot.common] _read : FE FE 04 2B 01 CD A2
10:53:49.843 DEBU [pymycobot.common] _write: fe fe 3 2b d3 10 
10:53:49.851 DEBU [pymycobot.common] _read : FE FE 04 2B 01 CD A2
10:53:49.966 DEBU [pymycobot.common] _write: fe fe 3 2b d3 10 
10:53:49.971 DEBU [pymycobot.common] _read : FE FE 04 2B 01 CD A2
10:53:50.087 DEBU [pymycobot.common] _write: fe fe 3 2b d3 10 
10:53:50.091 DEBU [pymycobot.common] _read : FE FE 04 2B 01 CD A2
10:53:50.209 DEBU [pymycobot.common] _write: fe fe 3 2b d3 10 
10:53:50.213 DEBU [pymycobot.common] _read : FE FE 04 2B 01 CD A2
10:53:50.330 DEBU [pymycobot.common] _write: fe fe 3 2b d3 10 
10:53:50.336 DEBU [pymycobot.common] _read : FE FE 04 2B 01 CD A2
10:53:50.451 DEBU [pymycobot.common] _write: fe fe 3 2b d3 10 
10:53:50.464 DEBU [pymycobot.common] _read : FE FE 04 2B 01 CD A2
10:53:50.571 DEBU [pymycobot.common] _write: fe fe 3 2b d3 10 
10:53:50.577 DEBU [pymycobot.common] _read : FE FE 04 2B 01 CD A2
10:53:50.693 DEBU [pymycobot.common] _write: fe fe 3 2b d3 10 
10:53:50.698 DEBU [pymycobot.common] _read : FE FE 04 2B 01 CD A2
10:53:50.814 DEBU [pymycobot.common] _write: fe fe 3 2b d3 10 
10:53:50.820 DEBU [pymycobot.common] _read : FE FE 04 2B 01 CD A2
10:53:50.936 DEBU [pymycobot.common] _write: fe fe 3 2b d3 10 
10:53:50.942 DEBU [pymycobot.common] _read : FE FE 04 2B 01 CD A2
10:53:51.057 DEBU [pymycobot.common] _write: fe fe 3 2b d3 10 
10:53:51.061 DEBU [pymycobot.common] _read : FE FE 04 2B 01 CD A2
10:53:51.179 DEBU [pymycobot.common] _write: fe fe 3 2b d3 10 
10:53:51.183 DEBU [pymycobot.common] _read : FE FE 04 2B 01 CD A2
10:53:51.300 DEBU [pymycobot.common] _write: fe fe 3 2b d3 10 
10:53:51.305 DEBU [pymycobot.common] _read : FE FE 04 2B 01 CD A2
10:53:51.421 DEBU [pymycobot.common] _write: fe fe 3 2b d3 10 
10:53:51.428 DEBU [pymycobot.common] _read : FE FE 04 2B 01 CD A2
10:53:51.543 DEBU [pymycobot.common] _write: fe fe 3 2b d3 10 
10:53:51.547 DEBU [pymycobot.common] _read : FE FE 04 2B 01 CD A2
10:53:51.664 DEBU [pymycobot.common] _write: fe fe 3 2b d3 10 
10:53:51.669 DEBU [pymycobot.common] _read : FE FE 04 2B 01 CD A2
10:53:51.785 DEBU [pymycobot.common] _write: fe fe 3 2b d3 10 
10:53:51.790 DEBU [pymycobot.common] _read : FE FE 04 2B 01 CD A2
10:53:51.905 DEBU [pymycobot.common] _write: fe fe 3 2b d3 10 
10:53:51.911 DEBU [pymycobot.common] _read : FE FE 04 2B 01 CD A2
10:53:52.027 DEBU [pymycobot.common] _write: fe fe 3 2b d3 10 
10:53:52.032 DEBU [pymycobot.common] _read : FE FE 04 2B 01 CD A2
10:53:52.149 DEBU [pymycobot.common] _write: fe fe 3 2b d3 10 
10:53:52.153 DEBU [pymycobot.common] _read : FE FE 04 2B 01 CD A2
10:53:52.270 DEBU [pymycobot.common] _write: fe fe 3 2b d3 10 
10:53:52.277 DEBU [pymycobot.common] _read : FE FE 04 2B 01 CD A2
10:53:52.392 DEBU [pymycobot.common] _write: fe fe 3 2b d3 10 
10:53:52.397 DEBU [pymycobot.common] _read : FE FE 04 2B 01 CD A2
10:53:52.513 DEBU [pymycobot.common] _write: fe fe 3 2b d3 10 
10:53:52.518 DEBU [pymycobot.common] _read : FE FE 04 2B 01 CD A2
10:53:52.636 DEBU [pymycobot.common] _write: fe fe 3 2b d3 10 
10:53:52.642 DEBU [pymycobot.common] _read : FE FE 04 2B 01 CD A2
10:53:52.757 DEBU [pymycobot.common] _write: fe fe 3 2b d3 10 
10:53:52.763 DEBU [pymycobot.common] _read : FE FE 04 2B 01 CD A2
10:53:52.878 DEBU [pymycobot.common] _write: fe fe 3 2b d3 10 
10:53:52.884 DEBU [pymycobot.common] _read : FE FE 04 2B 01 CD A2
10:53:52.999 DEBU [pymycobot.common] _write: fe fe 3 2b d3 10 
10:53:53.004 DEBU [pymycobot.common] _read : FE FE 04 2B 01 CD A2
10:53:53.121 DEBU [pymycobot.common] _write: fe fe 3 2b d3 10 
10:53:53.134 DEBU [pymycobot.common] _read : FE FE 04 2B 01 CD A2
10:53:53.244 DEBU [pymycobot.common] _write: fe fe 3 2b d3 10 
10:53:53.248 DEBU [pymycobot.common] _read : FE FE 04 2B 01 CD A2
10:53:53.364 DEBU [pymycobot.common] _write: fe fe 3 2b d3 10 
10:53:53.371 DEBU [pymycobot.common] _read : FE FE 04 2B 01 CD A2
10:53:53.487 DEBU [pymycobot.common] _write: fe fe 3 2b d3 10 
10:53:53.501 DEBU [pymycobot.common] _read : FE FE 04 2B 01 CD A2
10:53:53.608 DEBU [pymycobot.common] _write: fe fe 3 2b d3 10 
10:53:53.624 DEBU [pymycobot.common] _read : FE FE 04 2B 01 CD A2
10:53:53.743 DEBU [pymycobot.common] _write: fe fe 3 2b d3 10 
10:53:53.747 DEBU [pymycobot.common] _read : FE FE 04 2B 01 CD A2
10:53:53.864 DEBU [pymycobot.common] _write: fe fe 3 2b d3 10 
10:53:53.870 DEBU [pymycobot.common] _read : FE FE 04 2B 01 CD A2
10:53:53.984 DEBU [pymycobot.common] _write: fe fe 3 2b d3 10 
10:53:53.989 DEBU [pymycobot.common] _read : FE FE 04 2B 01 CD A2
10:53:54.104 DEBU [pymycobot.common] _write: fe fe 3 2b d3 10 
10:53:54.109 DEBU [pymycobot.common] _read : FE FE 04 2B 01 CD A2
10:53:54.224 DEBU [pymycobot.common] _write: fe fe 3 2b d3 10 
10:53:54.229 DEBU [pymycobot.common] _read : FE FE 04 2B 01 CD A2
10:53:54.346 DEBU [pymycobot.common] _write: fe fe 3 2b d3 10 
10:53:54.351 DEBU [pymycobot.common] _read : FE FE 04 2B 01 CD A2
10:53:54.467 DEBU [pymycobot.common] _write: fe fe 3 2b d3 10 
10:53:54.475 DEBU [pymycobot.common] _read : FE FE 04 2B 01 CD A2
10:53:54.588 DEBU [pymycobot.common] _write: fe fe 3 2b d3 10 
10:53:54.593 DEBU [pymycobot.common] _read : FE FE 04 2B 01 CD A2
10:53:54.710 DEBU [pymycobot.common] _write: fe fe 3 2b d3 10 
10:53:54.716 DEBU [pymycobot.common] _read : FE FE 04 2B 01 CD A2
10:53:54.832 DEBU [pymycobot.common] _write: fe fe 3 2b d3 10 
10:53:54.839 DEBU [pymycobot.common] _read : FE FE 04 2B 01 CD A2
10:53:54.952 DEBU [pymycobot.common] _write: fe fe 3 2b d3 10 
10:53:54.959 DEBU [pymycobot.common] _read : FE FE 04 2B 01 CD A2
10:53:55.074 DEBU [pymycobot.common] _write: fe fe 3 2b d3 10 
10:53:55.079 DEBU [pymycobot.common] _read : FE FE 04 2B 01 CD A2
10:53:55.194 DEBU [pymycobot.common] _write: fe fe 3 2b d3 10 
10:53:55.202 DEBU [pymycobot.common] _read : FE FE 04 2B 01 CD A2
10:53:55.316 DEBU [pymycobot.common] _write: fe fe 3 2b d3 10 
10:53:55.321 DEBU [pymycobot.common] _read : FE FE 04 2B 01 CD A2
10:53:55.437 DEBU [pymycobot.common] _write: fe fe 3 2b d3 10 
10:53:55.443 DEBU [pymycobot.common] _read : FE FE 04 2B 01 CD A2
10:53:55.559 DEBU [pymycobot.common] _write: fe fe 3 2b d3 10 
10:53:55.565 DEBU [pymycobot.common] _read : FE FE 04 2B 01 CD A2
10:53:55.680 DEBU [pymycobot.common] _write: fe fe 3 2b d3 10 
10:53:55.685 DEBU [pymycobot.common] _read : FE FE 04 2B 01 CD A2
10:53:55.802 DEBU [pymycobot.common] _write: fe fe 3 2b d3 10 
10:53:55.808 DEBU [pymycobot.common] _read : FE FE 04 2B 01 CD A2
10:53:55.922 DEBU [pymycobot.common] _write: fe fe 3 2b d3 10 
10:53:55.927 DEBU [pymycobot.common] _read : FE FE 04 2B 01 CD A2
10:53:56.044 DEBU [pymycobot.common] _write: fe fe 3 2b d3 10 
10:53:56.049 DEBU [pymycobot.common] _read : FE FE 04 2B 01 CD A2
10:53:56.167 DEBU [pymycobot.common] _write: fe fe 3 2b d3 10 
10:53:56.172 DEBU [pymycobot.common] _read : FE FE 04 2B 01 CD A2
10:53:56.288 DEBU [pymycobot.common] _write: fe fe 3 2b d3 10 
10:53:56.301 DEBU [pymycobot.common] _read : FE FE 04 2B 01 CD A2
10:53:56.411 DEBU [pymycobot.common] _write: fe fe 3 2b d3 10 
10:53:56.415 DEBU [pymycobot.common] _read : FE FE 04 2B 01 CD A2
10:53:56.533 DEBU [pymycobot.common] _write: fe fe 3 2b d3 10 
10:53:56.542 DEBU [pymycobot.common] _read : FE FE 04 2B 01 CD A2
10:53:56.655 DEBU [pymycobot.common] _write: fe fe 3 2b d3 10 
10:53:56.664 DEBU [pymycobot.common] _read : FE FE 04 2B 01 CD A2
10:53:56.778 DEBU [pymycobot.common] _write: fe fe 3 2b d3 10 
10:53:56.783 DEBU [pymycobot.common] _read : FE FE 04 2B 01 CD A2
10:53:56.898 DEBU [pymycobot.common] _write: fe fe 3 2b d3 10 
10:53:56.904 DEBU [pymycobot.common] _read : FE FE 04 2B 01 CD A2
10:53:57.020 DEBU [pymycobot.common] _write: fe fe 3 2b d3 10 
10:53:57.024 DEBU [pymycobot.common] _read : FE FE 04 2B 01 CD A2
10:53:57.142 DEBU [pymycobot.common] _write: fe fe 3 2b d3 10 
10:53:57.146 DEBU [pymycobot.common] _read : FE FE 04 2B 01 CD A2
10:53:57.263 DEBU [pymycobot.common] _write: fe fe 3 2b d3 10 
10:53:57.269 DEBU [pymycobot.common] _read : FE FE 04 2B 01 CD A2
10:53:57.385 DEBU [pymycobot.common] _write: fe fe 3 2b d3 10 
10:53:57.389 DEBU [pymycobot.common] _read : FE FE 04 2B 01 CD A2
10:53:57.507 DEBU [pymycobot.common] _write: fe fe 3 2b d3 10 
10:53:57.512 DEBU [pymycobot.common] _read : FE FE 04 2B 01 CD A2
10:53:57.628 DEBU [pymycobot.common] _write: fe fe 3 2b d3 10 
10:53:57.634 DEBU [pymycobot.common] _read : FE FE 04 2B 01 CD A2
10:53:57.752 DEBU [pymycobot.common] _write: fe fe 3 2b d3 10 
10:53:57.757 DEBU [pymycobot.common] _read : FE FE 04 2B 01 CD A2
10:53:57.874 DEBU [pymycobot.common] _write: fe fe 3 2b d3 10 
10:53:57.878 DEBU [pymycobot.common] _read : FE FE 04 2B 01 CD A2
10:53:57.995 DEBU [pymycobot.common] _write: fe fe 3 2b d3 10 
10:53:58.011 DEBU [pymycobot.common] _read : FE FE 04 2B 01 CD A2
10:53:58.131 DEBU [pymycobot.common] _write: fe fe 3 2b d3 10 
10:53:58.137 DEBU [pymycobot.common] _read : FE FE 04 2B 01 CD A2
10:53:58.252 DEBU [pymycobot.common] _write: fe fe 3 2b d3 10 
10:53:58.257 DEBU [pymycobot.common] _read : FE FE 04 2B 01 CD A2
10:53:58.375 DEBU [pymycobot.common] _write: fe fe 3 2b d3 10 
10:53:58.381 DEBU [pymycobot.common] _read : FE FE 04 2B 01 CD A2
10:53:58.497 DEBU [pymycobot.common] _write: fe fe 3 2b d3 10 
10:53:58.505 DEBU [pymycobot.common] _read : FE FE 04 2B 01 CD A2
10:53:58.619 DEBU [pymycobot.common] _write: fe fe 3 2b d3 10 
10:53:58.628 DEBU [pymycobot.common] _read : FE FE 04 2B 01 CD A2
10:53:58.741 DEBU [pymycobot.common] _write: fe fe 3 2b d3 10 
10:53:58.749 DEBU [pymycobot.common] _read : FE FE 04 2B 01 CD A2
10:53:58.861 DEBU [pymycobot.common] _write: fe fe 3 2b d3 10 
10:53:58.866 DEBU [pymycobot.common] _read : FE FE 04 2B 01 CD A2
10:53:58.982 DEBU [pymycobot.common] _write: fe fe 3 2b d3 10 
10:53:58.987 DEBU [pymycobot.common] _read : FE FE 04 2B 01 CD A2
10:53:59.104 DEBU [pymycobot.common] _write: fe fe 3 2b d3 10 
10:53:59.109 DEBU [pymycobot.common] _read : FE FE 04 2B 01 CD A2
10:53:59.225 DEBU [pymycobot.common] _write: fe fe 3 2b d3 10 
10:53:59.234 DEBU [pymycobot.common] _read : FE FE 04 2B 01 CD A2
10:53:59.347 DEBU [pymycobot.common] _write: fe fe 3 2b d3 10 
10:53:59.353 DEBU [pymycobot.common] _read : FE FE 04 2B 01 CD A2
10:53:59.469 DEBU [pymycobot.common] _write: fe fe 3 2b d3 10 
10:53:59.479 DEBU [pymycobot.common] _read : FE FE 04 2B 01 CD A2
10:53:59.591 DEBU [pymycobot.common] _write: fe fe 3 2b d3 10 
10:53:59.595 DEBU [pymycobot.common] _read : FE FE 04 2B 01 CD A2
10:53:59.713 DEBU [pymycobot.common] _write: fe fe 3 2b d3 10 
10:53:59.719 DEBU [pymycobot.common] _read : FE FE 04 2B 01 CD A2
10:53:59.834 DEBU [pymycobot.common] _write: fe fe 3 2b d3 10 
10:53:59.840 DEBU [pymycobot.common] _read : FE FE 04 2B 01 CD A2
10:53:59.957 DEBU [pymycobot.common] _write: fe fe 3 2b d3 10 
10:53:59.974 DEBU [pymycobot.common] _read : FE FE 04 2B 01 CD A2
10:54:00.092 DEBU [pymycobot.common] _write: fe fe 3 2b d3 10 
10:54:00.104 DEBU [pymycobot.common] _read : FE FE 04 2B 01 CD A2
10:54:00.214 DEBU [pymycobot.common] _write: fe fe 3 2b d3 10 
10:54:00.227 DEBU [pymycobot.common] _read : FE FE 04 2B 01 CD A2
10:54:00.334 DEBU [pymycobot.common] _write: fe fe 3 2b d3 10 
10:54:00.339 DEBU [pymycobot.common] _read : FE FE 04 2B 01 CD A2
10:54:00.456 DEBU [pymycobot.common] _write: fe fe 3 2b d3 10 
10:54:00.462 DEBU [pymycobot.common] _read : FE FE 04 2B 01 CD A2
10:54:00.579 DEBU [pymycobot.common] _write: fe fe 3 2b d3 10 
10:54:00.585 DEBU [pymycobot.common] _read : FE FE 04 2B 01 CD A2
10:54:00.700 DEBU [pymycobot.common] _write: fe fe 3 2b d3 10 
10:54:00.704 DEBU [pymycobot.common] _read : FE FE 04 2B 01 CD A2
10:54:00.790 DEBU [pymycobot.common] _read : FE FE 04 5B 00 CD 46
10:54:00.821 DEBU [pymycobot.common] _write: fe fe 3 2b d3 10 
10:54:00.827 DEBU [pymycobot.common] _read : FE FE 04 2B 00 0D 63
10:54:01.846 DEBU [pymycobot.common] _write: fe fe 4 16 0 9d 73 
10:54:01.851 DEBU [pymycobot.common] _read : FE FE 05 16 FF 01 29 5D
10:54:01.853 DEBU [pymycobot.common] _write: fe fe 3 17 c2 10 
10:54:01.867 DEBU [pymycobot.common] _read : FE FE 04 17 00 0D 72
10:54:01.883 DEBU [pymycobot.common] _write: fe fe 10 22 0 0 b b8 d8 f0 f8 30 0 0 0 0 a 8e 8 
10:54:01.888 DEBU [pymycobot.common] _read : FE FE 05 22 FF 01 E7 1C
10:54:02.889 DEBU [pymycobot.common] _write: fe fe 3 2b d3 10 
10:54:02.900 DEBU [pymycobot.common] _read : FE FE 04 2B 01 CD A2
10:54:03.904 DEBU [pymycobot.common] _write: fe fe 3 2b d3 10 
10:54:03.909 DEBU [pymycobot.common] _read : FE FE 04 2B 01 CD A2
10:54:04.919 DEBU [pymycobot.common] _write: fe fe 3 2b d3 10 
10:54:04.923 DEBU [pymycobot.common] _read : FE FE 04 2B 01 CD A2
10:54:05.920 DEBU [pymycobot.common] _write: fe fe 3 2b d3 10 
10:54:05.926 DEBU [pymycobot.common] _read : FE FE 04 2B 01 CD A2
10:54:06.935 DEBU [pymycobot.common] _write: fe fe 3 2b d3 10 
10:54:06.939 DEBU [pymycobot.common] _read : FE FE 04 2B 01 CD A2
10:54:07.949 DEBU [pymycobot.common] _write: fe fe 3 2b d3 10 
10:54:07.963 DEBU [pymycobot.common] _read : FE FE 04 2B 01 CD A2
10:54:08.952 DEBU [pymycobot.common] _write: fe fe 3 2b d3 10 
10:54:08.965 DEBU [pymycobot.common] _read : FE FE 04 2B 01 CD A2
10:54:09.142 DEBU [pymycobot.common] _read : FE FE 04 5B 00 CD 46
10:54:09.452 DEBU [pymycobot.common] _write: fe fe 3 2b d3 10 
10:54:09.458 DEBU [pymycobot.common] _read : FE FE 04 2B 00 0D 63
10:54:10.471 DEBU [pymycobot.common] _write: fe fe 6 f5 3 0 1e d5 da 
10:54:10.480 DEBU [pymycobot.common] _read : FE FE 05 F5 FF 01 DF AC
10:54:10.775 DEBU [pymycobot.common] _write: fe fe 3 2b d3 10 
10:54:10.788 DEBU [pymycobot.common] _read : FE FE 04 2B 01 CD A2
10:54:10.896 DEBU [pymycobot.common] _write: fe fe 3 2b d3 10 
10:54:10.909 DEBU [pymycobot.common] _read : FE FE 04 2B 01 CD A2
10:54:11.018 DEBU [pymycobot.common] _write: fe fe 3 2b d3 10 
10:54:11.023 DEBU [pymycobot.common] _read : FE FE 04 2B 01 CD A2
10:54:11.140 DEBU [pymycobot.common] _write: fe fe 3 2b d3 10 
10:54:11.145 DEBU [pymycobot.common] _read : FE FE 04 2B 01 CD A2
10:54:11.259 DEBU [pymycobot.common] _write: fe fe 3 2b d3 10 
10:54:11.264 DEBU [pymycobot.common] _read : FE FE 04 2B 01 CD A2
10:54:11.380 DEBU [pymycobot.common] _write: fe fe 3 2b d3 10 
10:54:11.386 DEBU [pymycobot.common] _read : FE FE 04 2B 01 CD A2
10:54:11.501 DEBU [pymycobot.common] _write: fe fe 3 2b d3 10 
10:54:11.507 DEBU [pymycobot.common] _read : FE FE 04 2B 01 CD A2
10:54:11.623 DEBU [pymycobot.common] _write: fe fe 3 2b d3 10 
10:54:11.630 DEBU [pymycobot.common] _read : FE FE 04 2B 01 CD A2
10:54:11.745 DEBU [pymycobot.common] _write: fe fe 3 2b d3 10 
10:54:11.750 DEBU [pymycobot.common] _read : FE FE 04 2B 01 CD A2
10:54:11.867 DEBU [pymycobot.common] _write: fe fe 3 2b d3 10 
10:54:11.873 DEBU [pymycobot.common] _read : FE FE 04 2B 01 CD A2
10:54:11.987 DEBU [pymycobot.common] _write: fe fe 3 2b d3 10 
10:54:11.994 DEBU [pymycobot.common] _read : FE FE 04 2B 01 CD A2
10:54:12.109 DEBU [pymycobot.common] _write: fe fe 3 2b d3 10 
10:54:12.115 DEBU [pymycobot.common] _read : FE FE 04 2B 01 CD A2
10:54:12.230 DEBU [pymycobot.common] _write: fe fe 3 2b d3 10 
10:54:12.235 DEBU [pymycobot.common] _read : FE FE 04 2B 01 CD A2
10:54:12.351 DEBU [pymycobot.common] _write: fe fe 3 2b d3 10 
10:54:12.365 DEBU [pymycobot.common] _read : FE FE 04 2B 01 CD A2
10:54:12.487 DEBU [pymycobot.common] _write: fe fe 3 2b d3 10 
10:54:12.493 DEBU [pymycobot.common] _read : FE FE 04 2B 01 CD A2
10:54:12.608 DEBU [pymycobot.common] _write: fe fe 3 2b d3 10 
10:54:12.619 DEBU [pymycobot.common] _read : FE FE 04 2B 01 CD A2
10:54:12.731 DEBU [pymycobot.common] _write: fe fe 3 2b d3 10 
10:54:12.742 DEBU [pymycobot.common] _read : FE FE 04 2B 01 CD A2
10:54:12.853 DEBU [pymycobot.common] _write: fe fe 3 2b d3 10 
10:54:12.858 DEBU [pymycobot.common] _read : FE FE 04 2B 01 CD A2
10:54:12.973 DEBU [pymycobot.common] _write: fe fe 3 2b d3 10 
10:54:12.981 DEBU [pymycobot.common] _read : FE FE 04 2B 01 CD A2
10:54:13.094 DEBU [pymycobot.common] _write: fe fe 3 2b d3 10 
10:54:13.105 DEBU [pymycobot.common] _read : FE FE 04 2B 01 CD A2
10:54:13.215 DEBU [pymycobot.common] _write: fe fe 3 2b d3 10 
10:54:13.221 DEBU [pymycobot.common] _read : FE FE 04 2B 01 CD A2
10:54:13.336 DEBU [pymycobot.common] _write: fe fe 3 2b d3 10 
10:54:13.341 DEBU [pymycobot.common] _read : FE FE 04 2B 01 CD A2
10:54:13.457 DEBU [pymycobot.common] _write: fe fe 3 2b d3 10 
10:54:13.468 DEBU [pymycobot.common] _read : FE FE 04 2B 01 CD A2
10:54:13.578 DEBU [pymycobot.common] _write: fe fe 3 2b d3 10 
10:54:13.583 DEBU [pymycobot.common] _read : FE FE 04 2B 01 CD A2
10:54:13.701 DEBU [pymycobot.common] _write: fe fe 3 2b d3 10 
10:54:13.705 DEBU [pymycobot.common] _read : FE FE 04 2B 01 CD A2
10:54:13.821 DEBU [pymycobot.common] _write: fe fe 3 2b d3 10 
10:54:13.833 DEBU [pymycobot.common] _read : FE FE 04 2B 01 CD A2
10:54:13.942 DEBU [pymycobot.common] _write: fe fe 3 2b d3 10 
10:54:13.947 DEBU [pymycobot.common] _read : FE FE 04 2B 01 CD A2
10:54:14.063 DEBU [pymycobot.common] _write: fe fe 3 2b d3 10 
10:54:14.070 DEBU [pymycobot.common] _read : FE FE 04 2B 01 CD A2
10:54:14.184 DEBU [pymycobot.common] _write: fe fe 3 2b d3 10 
10:54:14.189 DEBU [pymycobot.common] _read : FE FE 04 2B 01 CD A2
10:54:14.305 DEBU [pymycobot.common] _write: fe fe 3 2b d3 10 
10:54:14.310 DEBU [pymycobot.common] _read : FE FE 04 2B 01 CD A2
10:54:14.425 DEBU [pymycobot.common] _write: fe fe 3 2b d3 10 
10:54:14.431 DEBU [pymycobot.common] _read : FE FE 04 2B 01 CD A2
10:54:14.545 DEBU [pymycobot.common] _write: fe fe 3 2b d3 10 
10:54:14.553 DEBU [pymycobot.common] _read : FE FE 04 2B 01 CD A2
10:54:14.666 DEBU [pymycobot.common] _write: fe fe 3 2b d3 10 
10:54:14.670 DEBU [pymycobot.common] _read : FE FE 04 2B 01 CD A2
10:54:14.789 DEBU [pymycobot.common] _write: fe fe 3 2b d3 10 
10:54:14.793 DEBU [pymycobot.common] _read : FE FE 04 2B 01 CD A2
10:54:14.910 DEBU [pymycobot.common] _write: fe fe 3 2b d3 10 
10:54:14.926 DEBU [pymycobot.common] _read : FE FE 04 2B 01 CD A2
10:54:15.046 DEBU [pymycobot.common] _write: fe fe 3 2b d3 10 
10:54:15.050 DEBU [pymycobot.common] _read : FE FE 04 2B 01 CD A2
10:54:15.166 DEBU [pymycobot.common] _write: fe fe 3 2b d3 10 
10:54:15.171 DEBU [pymycobot.common] _read : FE FE 04 2B 01 CD A2
10:54:15.288 DEBU [pymycobot.common] _write: fe fe 3 2b d3 10 
10:54:15.301 DEBU [pymycobot.common] _read : FE FE 04 2B 01 CD A2
10:54:15.409 DEBU [pymycobot.common] _write: fe fe 3 2b d3 10 
10:54:15.413 DEBU [pymycobot.common] _read : FE FE 04 2B 01 CD A2
10:54:15.532 DEBU [pymycobot.common] _write: fe fe 3 2b d3 10 
10:54:15.537 DEBU [pymycobot.common] _read : FE FE 04 2B 01 CD A2
10:54:15.653 DEBU [pymycobot.common] _write: fe fe 3 2b d3 10 
10:54:15.666 DEBU [pymycobot.common] _read : FE FE 04 2B 01 CD A2
10:54:15.775 DEBU [pymycobot.common] _write: fe fe 3 2b d3 10 
10:54:15.781 DEBU [pymycobot.common] _read : FE FE 04 2B 01 CD A2
10:54:15.896 DEBU [pymycobot.common] _write: fe fe 3 2b d3 10 
10:54:15.901 DEBU [pymycobot.common] _read : FE FE 04 2B 01 CD A2
10:54:16.016 DEBU [pymycobot.common] _write: fe fe 3 2b d3 10 
10:54:16.029 DEBU [pymycobot.common] _read : FE FE 04 2B 01 CD A2
10:54:16.137 DEBU [pymycobot.common] _write: fe fe 3 2b d3 10 
10:54:16.142 DEBU [pymycobot.common] _read : FE FE 04 2B 01 CD A2
10:54:16.258 DEBU [pymycobot.common] _write: fe fe 3 2b d3 10 
10:54:16.264 DEBU [pymycobot.common] _read : FE FE 04 2B 01 CD A2
10:54:16.379 DEBU [pymycobot.common] _write: fe fe 3 2b d3 10 
10:54:16.385 DEBU [pymycobot.common] _read : FE FE 04 2B 01 CD A2
10:54:16.499 DEBU [pymycobot.common] _write: fe fe 3 2b d3 10 
10:54:16.504 DEBU [pymycobot.common] _read : FE FE 04 2B 01 CD A2
10:54:16.621 DEBU [pymycobot.common] _write: fe fe 3 2b d3 10 
10:54:16.629 DEBU [pymycobot.common] _read : FE FE 04 2B 01 CD A2
10:54:16.742 DEBU [pymycobot.common] _write: fe fe 3 2b d3 10 
10:54:16.746 DEBU [pymycobot.common] _read : FE FE 04 2B 01 CD A2
10:54:16.862 DEBU [pymycobot.common] _write: fe fe 3 2b d3 10 
10:54:16.867 DEBU [pymycobot.common] _read : FE FE 04 2B 01 CD A2
10:54:16.984 DEBU [pymycobot.common] _write: fe fe 3 2b d3 10 
10:54:16.989 DEBU [pymycobot.common] _read : FE FE 04 2B 01 CD A2
10:54:17.106 DEBU [pymycobot.common] _write: fe fe 3 2b d3 10 
10:54:17.114 DEBU [pymycobot.common] _read : FE FE 04 2B 01 CD A2
10:54:17.227 DEBU [pymycobot.common] _write: fe fe 3 2b d3 10 
10:54:17.231 DEBU [pymycobot.common] _read : FE FE 04 2B 01 CD A2
10:54:17.348 DEBU [pymycobot.common] _write: fe fe 3 2b d3 10 
10:54:17.354 DEBU [pymycobot.common] _read : FE FE 04 2B 01 CD A2
10:54:17.470 DEBU [pymycobot.common] _write: fe fe 3 2b d3 10 
10:54:17.475 DEBU [pymycobot.common] _read : FE FE 04 2B 01 CD A2
10:54:17.591 DEBU [pymycobot.common] _write: fe fe 3 2b d3 10 
10:54:17.597 DEBU [pymycobot.common] _read : FE FE 04 2B 01 CD A2
10:54:17.712 DEBU [pymycobot.common] _write: fe fe 3 2b d3 10 
10:54:17.718 DEBU [pymycobot.common] _read : FE FE 04 2B 01 CD A2
10:54:17.832 DEBU [pymycobot.common] _write: fe fe 3 2b d3 10 
10:54:17.843 DEBU [pymycobot.common] _read : FE FE 04 2B 01 CD A2
10:54:17.954 DEBU [pymycobot.common] _write: fe fe 3 2b d3 10 
10:54:17.959 DEBU [pymycobot.common] _read : FE FE 04 2B 01 CD A2
10:54:18.075 DEBU [pymycobot.common] _write: fe fe 3 2b d3 10 
10:54:18.080 DEBU [pymycobot.common] _read : FE FE 04 2B 01 CD A2
10:54:18.197 DEBU [pymycobot.common] _write: fe fe 3 2b d3 10 
10:54:18.202 DEBU [pymycobot.common] _read : FE FE 04 2B 01 CD A2
10:54:18.317 DEBU [pymycobot.common] _write: fe fe 3 2b d3 10 
10:54:18.322 DEBU [pymycobot.common] _read : FE FE 04 2B 01 CD A2
10:54:18.439 DEBU [pymycobot.common] _write: fe fe 3 2b d3 10 
10:54:18.444 DEBU [pymycobot.common] _read : FE FE 04 2B 01 CD A2
10:54:18.559 DEBU [pymycobot.common] _write: fe fe 3 2b d3 10 
10:54:18.572 DEBU [pymycobot.common] _read : FE FE 04 2B 01 CD A2
10:54:18.680 DEBU [pymycobot.common] _write: fe fe 3 2b d3 10 
10:54:18.697 DEBU [pymycobot.common] _read : FE FE 04 2B 01 CD A2
10:54:18.818 DEBU [pymycobot.common] _write: fe fe 3 2b d3 10 
10:54:18.824 DEBU [pymycobot.common] _read : FE FE 04 2B 01 CD A2
10:54:18.940 DEBU [pymycobot.common] _write: fe fe 3 2b d3 10 
10:54:18.944 DEBU [pymycobot.common] _read : FE FE 04 2B 01 CD A2
10:54:19.062 DEBU [pymycobot.common] _write: fe fe 3 2b d3 10 
10:54:19.066 DEBU [pymycobot.common] _read : FE FE 04 2B 01 CD A2
10:54:19.183 DEBU [pymycobot.common] _write: fe fe 3 2b d3 10 
10:54:19.189 DEBU [pymycobot.common] _read : FE FE 04 2B 01 CD A2
10:54:19.304 DEBU [pymycobot.common] _write: fe fe 3 2b d3 10 
10:54:19.309 DEBU [pymycobot.common] _read : FE FE 04 2B 01 CD A2
10:54:19.426 DEBU [pymycobot.common] _write: fe fe 3 2b d3 10 
10:54:19.443 DEBU [pymycobot.common] _read : FE FE 04 2B 01 CD A2
10:54:19.564 DEBU [pymycobot.common] _write: fe fe 3 2b d3 10 
10:54:19.575 DEBU [pymycobot.common] _read : FE FE 04 2B 01 CD A2
10:54:19.685 DEBU [pymycobot.common] _write: fe fe 3 2b d3 10 
10:54:19.690 DEBU [pymycobot.common] _read : FE FE 04 2B 01 CD A2
10:54:19.807 DEBU [pymycobot.common] _write: fe fe 3 2b d3 10 
10:54:19.811 DEBU [pymycobot.common] _read : FE FE 04 2B 01 CD A2
10:54:19.927 DEBU [pymycobot.common] _write: fe fe 3 2b d3 10 
10:54:19.933 DEBU [pymycobot.common] _read : FE FE 04 2B 01 CD A2
10:54:20.049 DEBU [pymycobot.common] _write: fe fe 3 2b d3 10 
10:54:20.057 DEBU [pymycobot.common] _read : FE FE 04 2B 01 CD A2
10:54:20.170 DEBU [pymycobot.common] _write: fe fe 3 2b d3 10 
10:54:20.174 DEBU [pymycobot.common] _read : FE FE 04 2B 01 CD A2
10:54:20.289 DEBU [pymycobot.common] _write: fe fe 3 2b d3 10 
10:54:20.293 DEBU [pymycobot.common] _read : FE FE 04 2B 01 CD A2
10:54:20.410 DEBU [pymycobot.common] _write: fe fe 3 2b d3 10 
10:54:20.414 DEBU [pymycobot.common] _read : FE FE 04 2B 01 CD A2
10:54:20.530 DEBU [pymycobot.common] _write: fe fe 3 2b d3 10 
10:54:20.536 DEBU [pymycobot.common] _read : FE FE 04 2B 01 CD A2
10:54:20.652 DEBU [pymycobot.common] _write: fe fe 3 2b d3 10 
10:54:20.658 DEBU [pymycobot.common] _read : FE FE 04 2B 01 CD A2
10:54:20.773 DEBU [pymycobot.common] _write: fe fe 3 2b d3 10 
10:54:20.779 DEBU [pymycobot.common] _read : FE FE 04 2B 01 CD A2
10:54:20.862 DEBU [pymycobot.common] _read : FE FE 04 5B 00 CD 46
10:54:20.893 DEBU [pymycobot.common] _write: fe fe 3 2b d3 10 
10:54:20.897 DEBU [pymycobot.common] _read : FE FE 04 2B 00 0D 63
10:54:21.920 DEBU [pymycobot.common] _write: fe fe 4 16 0 9d 73 
10:54:21.943 DEBU [pymycobot.common] _read : FE FE 05 16 FF 01 29 5D
10:54:21.958 DEBU [pymycobot.common] _write: fe fe 3 17 c2 10 
10:54:21.963 DEBU [pymycobot.common] _read : FE FE 04 17 00 0D 72
10:54:21.973 DEBU [pymycobot.common] _write: fe fe 10 22 0 0 b b8 d8 f0 f8 30 0 0 0 0 a 8e 8 
10:54:21.980 DEBU [pymycobot.common] _read : FE FE 05 22 FF 01 E7 1C
10:54:22.986 DEBU [pymycobot.common] _write: fe fe 3 2b d3 10 
10:54:22.992 DEBU [pymycobot.common] _read : FE FE 04 2B 01 CD A2
10:54:23.987 DEBU [pymycobot.common] _write: fe fe 3 2b d3 10 
10:54:23.992 DEBU [pymycobot.common] _read : FE FE 04 2B 01 CD A2
10:54:24.993 DEBU [pymycobot.common] _write: fe fe 3 2b d3 10 
10:54:24.998 DEBU [pymycobot.common] _read : FE FE 04 2B 01 CD A2
10:54:26.000 DEBU [pymycobot.common] _write: fe fe 3 2b d3 10 
10:54:26.005 DEBU [pymycobot.common] _read : FE FE 04 2B 01 CD A2
10:54:27.003 DEBU [pymycobot.common] _write: fe fe 3 2b d3 10 
10:54:27.008 DEBU [pymycobot.common] _read : FE FE 04 2B 01 CD A2
10:54:28.005 DEBU [pymycobot.common] _write: fe fe 3 2b d3 10 
10:54:28.010 DEBU [pymycobot.common] _read : FE FE 04 2B 01 CD A2
10:54:28.679 DEBU [pymycobot.common] _read : FE FE 04 5B 00 CD 46
10:54:28.991 DEBU [pymycobot.common] _write: fe fe 3 2b d3 10 
10:54:28.996 DEBU [pymycobot.common] _read : FE FE 04 2B 00 0D 63
10:54:30.020 DEBU [pymycobot.common] _write: fe fe 6 f5 3 1 1e 45 db 
10:54:30.025 DEBU [pymycobot.common] _read : FE FE 05 F5 FF 01 DF AC
10:54:30.323 DEBU [pymycobot.common] _write: fe fe 3 2b d3 10 
10:54:30.328 DEBU [pymycobot.common] _read : FE FE 04 2B 01 CD A2
10:54:30.446 DEBU [pymycobot.common] _write: fe fe 3 2b d3 10 
10:54:30.452 DEBU [pymycobot.common] _read : FE FE 04 2B 01 CD A2
10:54:30.567 DEBU [pymycobot.common] _write: fe fe 3 2b d3 10 
10:54:30.573 DEBU [pymycobot.common] _read : FE FE 04 2B 01 CD A2
10:54:30.690 DEBU [pymycobot.common] _write: fe fe 3 2b d3 10 
10:54:30.694 DEBU [pymycobot.common] _read : FE FE 04 2B 01 CD A2
10:54:30.811 DEBU [pymycobot.common] _write: fe fe 3 2b d3 10 
10:54:30.820 DEBU [pymycobot.common] _read : FE FE 04 2B 01 CD A2
10:54:30.933 DEBU [pymycobot.common] _write: fe fe 3 2b d3 10 
10:54:30.939 DEBU [pymycobot.common] _read : FE FE 04 2B 01 CD A2
10:54:31.054 DEBU [pymycobot.common] _write: fe fe 3 2b d3 10 
10:54:31.063 DEBU [pymycobot.common] _read : FE FE 04 2B 01 CD A2
10:54:31.176 DEBU [pymycobot.common] _write: fe fe 3 2b d3 10 
10:54:31.182 DEBU [pymycobot.common] _read : FE FE 04 2B 01 CD A2
10:54:31.298 DEBU [pymycobot.common] _write: fe fe 3 2b d3 10 
10:54:31.304 DEBU [pymycobot.common] _read : FE FE 04 2B 01 CD A2
10:54:31.419 DEBU [pymycobot.common] _write: fe fe 3 2b d3 10 
10:54:31.424 DEBU [pymycobot.common] _read : FE FE 04 2B 01 CD A2
10:54:31.540 DEBU [pymycobot.common] _write: fe fe 3 2b d3 10 
10:54:31.545 DEBU [pymycobot.common] _read : FE FE 04 2B 01 CD A2
10:54:31.662 DEBU [pymycobot.common] _write: fe fe 3 2b d3 10 
10:54:31.669 DEBU [pymycobot.common] _read : FE FE 04 2B 01 CD A2
10:54:31.783 DEBU [pymycobot.common] _write: fe fe 3 2b d3 10 
10:54:31.788 DEBU [pymycobot.common] _read : FE FE 04 2B 01 CD A2
10:54:31.904 DEBU [pymycobot.common] _write: fe fe 3 2b d3 10 
10:54:31.910 DEBU [pymycobot.common] _read : FE FE 04 2B 01 CD A2
10:54:32.027 DEBU [pymycobot.common] _write: fe fe 3 2b d3 10 
10:54:32.031 DEBU [pymycobot.common] _read : FE FE 04 2B 01 CD A2
10:54:32.148 DEBU [pymycobot.common] _write: fe fe 3 2b d3 10 
10:54:32.153 DEBU [pymycobot.common] _read : FE FE 04 2B 01 CD A2
10:54:32.269 DEBU [pymycobot.common] _write: fe fe 3 2b d3 10 
10:54:32.278 DEBU [pymycobot.common] _read : FE FE 04 2B 01 CD A2
10:54:32.391 DEBU [pymycobot.common] _write: fe fe 3 2b d3 10 
10:54:32.396 DEBU [pymycobot.common] _read : FE FE 04 2B 01 CD A2
10:54:32.513 DEBU [pymycobot.common] _write: fe fe 3 2b d3 10 
10:54:32.518 DEBU [pymycobot.common] _read : FE FE 04 2B 01 CD A2
10:54:32.633 DEBU [pymycobot.common] _write: fe fe 3 2b d3 10 
10:54:32.643 DEBU [pymycobot.common] _read : FE FE 04 2B 01 CD A2
10:54:32.754 DEBU [pymycobot.common] _write: fe fe 3 2b d3 10 
10:54:32.759 DEBU [pymycobot.common] _read : FE FE 04 2B 01 CD A2
10:54:32.876 DEBU [pymycobot.common] _write: fe fe 3 2b d3 10 
10:54:32.891 DEBU [pymycobot.common] _read : FE FE 04 2B 01 CD A2
10:54:33.013 DEBU [pymycobot.common] _write: fe fe 3 2b d3 10 
10:54:33.017 DEBU [pymycobot.common] _read : FE FE 04 2B 01 CD A2
10:54:33.136 DEBU [pymycobot.common] _write: fe fe 3 2b d3 10 
10:54:33.142 DEBU [pymycobot.common] _read : FE FE 04 2B 01 CD A2
10:54:33.257 DEBU [pymycobot.common] _write: fe fe 3 2b d3 10 
10:54:33.270 DEBU [pymycobot.common] _read : FE FE 04 2B 01 CD A2
10:54:33.377 DEBU [pymycobot.common] _write: fe fe 3 2b d3 10 
10:54:33.384 DEBU [pymycobot.common] _read : FE FE 04 2B 01 CD A2
10:54:33.500 DEBU [pymycobot.common] _write: fe fe 3 2b d3 10 
10:54:33.508 DEBU [pymycobot.common] _read : FE FE 04 2B 01 CD A2
10:54:33.621 DEBU [pymycobot.common] _write: fe fe 3 2b d3 10 
10:54:33.626 DEBU [pymycobot.common] _read : FE FE 04 2B 01 CD A2
10:54:33.742 DEBU [pymycobot.common] _write: fe fe 3 2b d3 10 
10:54:33.747 DEBU [pymycobot.common] _read : FE FE 04 2B 01 CD A2
10:54:33.863 DEBU [pymycobot.common] _write: fe fe 3 2b d3 10 
10:54:33.868 DEBU [pymycobot.common] _read : FE FE 04 2B 01 CD A2
10:54:33.984 DEBU [pymycobot.common] _write: fe fe 3 2b d3 10 
10:54:33.990 DEBU [pymycobot.common] _read : FE FE 04 2B 01 CD A2
10:54:34.107 DEBU [pymycobot.common] _write: fe fe 3 2b d3 10 
10:54:34.112 DEBU [pymycobot.common] _read : FE FE 04 2B 01 CD A2
10:54:34.228 DEBU [pymycobot.common] _write: fe fe 3 2b d3 10 
10:54:34.236 DEBU [pymycobot.common] _read : FE FE 04 2B 01 CD A2
10:54:34.350 DEBU [pymycobot.common] _write: fe fe 3 2b d3 10 
10:54:34.354 DEBU [pymycobot.common] _read : FE FE 04 2B 01 CD A2
10:54:34.472 DEBU [pymycobot.common] _write: fe fe 3 2b d3 10 
10:54:34.478 DEBU [pymycobot.common] _read : FE FE 04 2B 01 CD A2
10:54:34.594 DEBU [pymycobot.common] _write: fe fe 3 2b d3 10 
10:54:34.599 DEBU [pymycobot.common] _read : FE FE 04 2B 01 CD A2
10:54:34.714 DEBU [pymycobot.common] _write: fe fe 3 2b d3 10 
10:54:34.719 DEBU [pymycobot.common] _read : FE FE 04 2B 01 CD A2
10:54:34.834 DEBU [pymycobot.common] _write: fe fe 3 2b d3 10 
10:54:34.839 DEBU [pymycobot.common] _read : FE FE 04 2B 01 CD A2
10:54:34.955 DEBU [pymycobot.common] _write: fe fe 3 2b d3 10 
10:54:34.960 DEBU [pymycobot.common] _read : FE FE 04 2B 01 CD A2
10:54:35.077 DEBU [pymycobot.common] _write: fe fe 3 2b d3 10 
10:54:35.083 DEBU [pymycobot.common] _read : FE FE 04 2B 01 CD A2
10:54:35.197 DEBU [pymycobot.common] _write: fe fe 3 2b d3 10 
10:54:35.205 DEBU [pymycobot.common] _read : FE FE 04 2B 01 CD A2
10:54:35.319 DEBU [pymycobot.common] _write: fe fe 3 2b d3 10 
10:54:35.324 DEBU [pymycobot.common] _read : FE FE 04 2B 01 CD A2
10:54:35.440 DEBU [pymycobot.common] _write: fe fe 3 2b d3 10 
10:54:35.457 DEBU [pymycobot.common] _read : FE FE 04 2B 01 CD A2
10:54:35.577 DEBU [pymycobot.common] _write: fe fe 3 2b d3 10 
10:54:35.584 DEBU [pymycobot.common] _read : FE FE 04 2B 01 CD A2
10:54:35.699 DEBU [pymycobot.common] _write: fe fe 3 2b d3 10 
10:54:35.703 DEBU [pymycobot.common] _read : FE FE 04 2B 01 CD A2
10:54:35.820 DEBU [pymycobot.common] _write: fe fe 3 2b d3 10 
10:54:35.826 DEBU [pymycobot.common] _read : FE FE 04 2B 01 CD A2
10:54:35.942 DEBU [pymycobot.common] _write: fe fe 3 2b d3 10 
10:54:35.948 DEBU [pymycobot.common] _read : FE FE 04 2B 01 CD A2
10:54:36.063 DEBU [pymycobot.common] _write: fe fe 3 2b d3 10 
10:54:36.071 DEBU [pymycobot.common] _read : FE FE 04 2B 01 CD A2
10:54:36.186 DEBU [pymycobot.common] _write: fe fe 3 2b d3 10 
10:54:36.193 DEBU [pymycobot.common] _read : FE FE 04 2B 01 CD A2
10:54:36.307 DEBU [pymycobot.common] _write: fe fe 3 2b d3 10 
10:54:36.317 DEBU [pymycobot.common] _read : FE FE 04 2B 01 CD A2
10:54:36.427 DEBU [pymycobot.common] _write: fe fe 3 2b d3 10 
10:54:36.432 DEBU [pymycobot.common] _read : FE FE 04 2B 01 CD A2
10:54:36.549 DEBU [pymycobot.common] _write: fe fe 3 2b d3 10 
10:54:36.554 DEBU [pymycobot.common] _read : FE FE 04 2B 01 CD A2
10:54:36.670 DEBU [pymycobot.common] _write: fe fe 3 2b d3 10 
10:54:36.676 DEBU [pymycobot.common] _read : FE FE 04 2B 01 CD A2
10:54:36.793 DEBU [pymycobot.common] _write: fe fe 3 2b d3 10 
10:54:36.797 DEBU [pymycobot.common] _read : FE FE 04 2B 01 CD A2
10:54:36.913 DEBU [pymycobot.common] _write: fe fe 3 2b d3 10 
10:54:36.924 DEBU [pymycobot.common] _read : FE FE 04 2B 01 CD A2
10:54:37.034 DEBU [pymycobot.common] _write: fe fe 3 2b d3 10 
10:54:37.045 DEBU [pymycobot.common] _read : FE FE 04 2B 01 CD A2
10:54:37.157 DEBU [pymycobot.common] _write: fe fe 3 2b d3 10 
10:54:37.163 DEBU [pymycobot.common] _read : FE FE 04 2B 01 CD A2
10:54:37.278 DEBU [pymycobot.common] _write: fe fe 3 2b d3 10 
10:54:37.290 DEBU [pymycobot.common] _read : FE FE 04 2B 01 CD A2
10:54:37.399 DEBU [pymycobot.common] _write: fe fe 3 2b d3 10 
10:54:37.405 DEBU [pymycobot.common] _read : FE FE 04 2B 01 CD A2
10:54:37.520 DEBU [pymycobot.common] _write: fe fe 3 2b d3 10 
10:54:37.525 DEBU [pymycobot.common] _read : FE FE 04 2B 01 CD A2
10:54:37.642 DEBU [pymycobot.common] _write: fe fe 3 2b d3 10 
10:54:37.647 DEBU [pymycobot.common] _read : FE FE 04 2B 01 CD A2
10:54:37.763 DEBU [pymycobot.common] _write: fe fe 3 2b d3 10 
10:54:37.768 DEBU [pymycobot.common] _read : FE FE 04 2B 01 CD A2
10:54:37.885 DEBU [pymycobot.common] _write: fe fe 3 2b d3 10 
10:54:37.890 DEBU [pymycobot.common] _read : FE FE 04 2B 01 CD A2
10:54:38.006 DEBU [pymycobot.common] _write: fe fe 3 2b d3 10 
10:54:38.010 DEBU [pymycobot.common] _read : FE FE 04 2B 01 CD A2
10:54:38.127 DEBU [pymycobot.common] _write: fe fe 3 2b d3 10 
10:54:38.137 DEBU [pymycobot.common] _read : FE FE 04 2B 01 CD A2
10:54:38.249 DEBU [pymycobot.common] _write: fe fe 3 2b d3 10 
10:54:38.254 DEBU [pymycobot.common] _read : FE FE 04 2B 01 CD A2
10:54:38.370 DEBU [pymycobot.common] _write: fe fe 3 2b d3 10 
10:54:38.375 DEBU [pymycobot.common] _read : FE FE 04 2B 01 CD A2
10:54:38.491 DEBU [pymycobot.common] _write: fe fe 3 2b d3 10 
10:54:38.495 DEBU [pymycobot.common] _read : FE FE 04 2B 01 CD A2
10:54:38.613 DEBU [pymycobot.common] _write: fe fe 3 2b d3 10 
10:54:38.618 DEBU [pymycobot.common] _read : FE FE 04 2B 01 CD A2
10:54:38.734 DEBU [pymycobot.common] _write: fe fe 3 2b d3 10 
10:54:38.738 DEBU [pymycobot.common] _read : FE FE 04 2B 01 CD A2
10:54:38.856 DEBU [pymycobot.common] _write: fe fe 3 2b d3 10 
10:54:38.865 DEBU [pymycobot.common] _read : FE FE 04 2B 01 CD A2
10:54:38.976 DEBU [pymycobot.common] _write: fe fe 3 2b d3 10 
10:54:38.982 DEBU [pymycobot.common] _read : FE FE 04 2B 01 CD A2
10:54:39.097 DEBU [pymycobot.common] _write: fe fe 3 2b d3 10 
10:54:39.100 DEBU [pymycobot.common] _read : FE FE 04 2B 01 CD A2
10:54:39.219 DEBU [pymycobot.common] _write: fe fe 3 2b d3 10 
10:54:39.225 DEBU [pymycobot.common] _read : FE FE 04 2B 01 CD A2
10:54:39.340 DEBU [pymycobot.common] _write: fe fe 3 2b d3 10 
10:54:39.346 DEBU [pymycobot.common] _read : FE FE 04 2B 01 CD A2
10:54:39.460 DEBU [pymycobot.common] _write: fe fe 3 2b d3 10 
10:54:39.465 DEBU [pymycobot.common] _read : FE FE 04 2B 01 CD A2
10:54:39.582 DEBU [pymycobot.common] _write: fe fe 3 2b d3 10 
10:54:39.594 DEBU [pymycobot.common] _read : FE FE 04 2B 01 CD A2
10:54:39.705 DEBU [pymycobot.common] _write: fe fe 3 2b d3 10 
10:54:39.715 DEBU [pymycobot.common] _read : FE FE 04 2B 01 CD A2
10:54:39.826 DEBU [pymycobot.common] _write: fe fe 3 2b d3 10 
10:54:39.833 DEBU [pymycobot.common] _read : FE FE 04 2B 01 CD A2
10:54:39.946 DEBU [pymycobot.common] _write: fe fe 3 2b d3 10 
10:54:39.951 DEBU [pymycobot.common] _read : FE FE 04 2B 01 CD A2
10:54:40.068 DEBU [pymycobot.common] _write: fe fe 3 2b d3 10 
10:54:40.072 DEBU [pymycobot.common] _read : FE FE 04 2B 01 CD A2
10:54:40.191 DEBU [pymycobot.common] _write: fe fe 3 2b d3 10 
10:54:40.197 DEBU [pymycobot.common] _read : FE FE 04 2B 01 CD A2
10:54:40.313 DEBU [pymycobot.common] _write: fe fe 3 2b d3 10 
10:54:40.319 DEBU [pymycobot.common] _read : FE FE 04 2B 01 CD A2
10:54:40.404 DEBU [pymycobot.common] _read : FE FE 04 5B 00 CD 46
10:54:40.434 DEBU [pymycobot.common] _write: fe fe 3 2b d3 10 
10:54:40.438 DEBU [pymycobot.common] _read : FE FE 04 2B 00 0D 63
10:54:41.462 DEBU [pymycobot.common] _write: fe fe 4 16 1 5d b2 
10:54:43.685 DEBU [pymycobot.common] _read : FE FE 05 16 FF 01 29 5D
10:54:43.698 DEBU [pymycobot.common] _write: fe fe 3 17 c2 10 
10:54:43.704 DEBU [pymycobot.common] _read : FE FE 04 17 01 CD B3
10:54:43.714 DEBU [pymycobot.common] _write: fe fe 10 22 0 0 b b8 d8 f0 f8 30 0 0 0 0 a 8e 8 
10:54:43.719 DEBU [pymycobot.common] _read : FE FE 05 22 FF 01 E7 1C
10:54:44.723 DEBU [pymycobot.common] _write: fe fe 3 2b d3 10 
10:54:44.728 DEBU [pymycobot.common] _read : FE FE 04 2B 00 0D 63
10:54:44.979 DEBU [pymycobot.common] _write: fe fe 3 2b d3 10 
10:54:44.985 DEBU [pymycobot.common] _read : FE FE 04 2B 00 0D 63
10:54:45.296 DEBU [pymycobot.common] _write: fe fe 3 2b d3 10 
10:54:45.301 DEBU [pymycobot.common] _read : FE FE 04 2B 00 0D 63
10:54:46.313 DEBU [pymycobot.common] _write: fe fe 6 f5 1 0 14 12 fb 
10:54:46.317 DEBU [pymycobot.common] _read : FE FE 05 F5 FF 01 DF AC
10:54:46.616 DEBU [pymycobot.common] _write: fe fe 3 2b d3 10 
10:54:46.620 DEBU [pymycobot.common] _read : FE FE 04 2B 00 0D 63
10:54:47.642 DEBU [pymycobot.common] _write: fe fe 4 16 1 5d b2 
10:54:47.648 DEBU [pymycobot.common] _read : FE FE 05 16 FF 01 29 5D
10:54:47.651 DEBU [pymycobot.common] _write: fe fe 3 17 c2 10 
10:54:47.657 DEBU [pymycobot.common] _read : FE FE 04 17 01 CD B3
10:54:47.667 DEBU [pymycobot.common] _write: fe fe 10 22 0 0 b b8 d8 f0 f8 30 0 0 0 0 a 8e 8 
10:54:47.671 DEBU [pymycobot.common] _read : FE FE 05 22 FF 01 E7 1C
10:54:48.672 DEBU [pymycobot.common] _write: fe fe 3 2b d3 10 
10:54:48.678 DEBU [pymycobot.common] _read : FE FE 04 2B 01 CD A2
10:54:49.684 DEBU [pymycobot.common] _write: fe fe 3 2b d3 10 
10:54:49.689 DEBU [pymycobot.common] _read : FE FE 04 2B 01 CD A2
10:54:50.688 DEBU [pymycobot.common] _write: fe fe 3 2b d3 10 
10:54:50.693 DEBU [pymycobot.common] _read : FE FE 04 2B 01 CD A2
10:54:51.702 DEBU [pymycobot.common] _write: fe fe 3 2b d3 10 
10:54:51.707 DEBU [pymycobot.common] _read : FE FE 04 2B 01 CD A2
10:54:52.710 DEBU [pymycobot.common] _write: fe fe 3 2b d3 10 
10:54:52.719 DEBU [pymycobot.common] _read : FE FE 04 2B 01 CD A2
10:54:53.713 DEBU [pymycobot.common] _write: fe fe 3 2b d3 10 
10:54:53.719 DEBU [pymycobot.common] _read : FE FE 04 2B 00 0D 63
10:54:53.971 DEBU [pymycobot.common] _write: fe fe 3 2b d3 10 
10:54:53.977 DEBU [pymycobot.common] _read : FE FE 04 2B 00 0D 63
10:54:54.291 DEBU [pymycobot.common] _write: fe fe 3 2b d3 10 
10:54:54.300 DEBU [pymycobot.common] _read : FE FE 04 2B 00 0D 63
10:54:55.309 DEBU [pymycobot.common] _write: fe fe 6 f5 1 1 32 58 7b 
10:54:55.313 DEBU [pymycobot.common] _read : FE FE 05 F5 FF 01 DF AC
10:54:55.388 DEBU [pymycobot.common] _read : FE FE 04 5B 0B 0A 07
10:54:55.612 DEBU [pymycobot.common] _write: fe fe 3 2b d3 10 
10:54:55.617 DEBU [pymycobot.common] _read : FE FE 04 2B 00 0D 63
10:54:56.637 DEBU [pymycobot.common] _write: fe fe 4 16 1 5d b2 
10:54:56.644 DEBU [pymycobot.common] _read : FE FE 05 16 FF 01 29 5D
10:54:56.645 DEBU [pymycobot.common] _write: fe fe 3 17 c2 10 
10:54:56.660 DEBU [pymycobot.common] _read : FE FE 04 17 01 CD B3
10:54:56.676 DEBU [pymycobot.common] _write: fe fe 10 22 0 0 b b8 d8 f0 f8 30 0 0 0 0 a 8e 8 
10:54:56.682 DEBU [pymycobot.common] _read : FE FE 05 22 FF 01 E7 1C
10:54:57.692 DEBU [pymycobot.common] _write: fe fe 3 2b d3 10 
10:54:57.698 DEBU [pymycobot.common] _read : FE FE 04 2B 00 0D 63
10:54:57.950 DEBU [pymycobot.common] _write: fe fe 3 2b d3 10 
10:54:57.955 DEBU [pymycobot.common] _read : FE FE 04 2B 00 0D 63
10:54:58.267 DEBU [pymycobot.common] _write: fe fe 3 2b d3 10 
10:54:58.273 DEBU [pymycobot.common] _read : FE FE 04 2B 00 0D 63
10:54:59.286 DEBU [pymycobot.common] _write: fe fe 6 f5 2 0 14 12 b 
10:54:59.293 DEBU [pymycobot.common] _read : FE FE 05 F5 FF 01 DF AC
10:54:59.589 DEBU [pymycobot.common] _write: fe fe 3 2b d3 10 
10:54:59.594 DEBU [pymycobot.common] _read : FE FE 04 2B 00 0D 63
10:55:00.618 DEBU [pymycobot.common] _write: fe fe 4 16 1 5d b2 
10:55:00.638 DEBU [pymycobot.common] _read : FE FE 05 16 FF 01 29 5D
10:55:00.653 DEBU [pymycobot.common] _write: fe fe 3 17 c2 10 
10:55:00.657 DEBU [pymycobot.common] _read : FE FE 04 17 01 CD B3
10:55:00.669 DEBU [pymycobot.common] _write: fe fe 10 22 0 0 b b8 d8 f0 f8 30 0 0 0 0 a 8e 8 
10:55:00.674 DEBU [pymycobot.common] _read : FE FE 05 22 FF 01 E7 1C
10:55:01.674 DEBU [pymycobot.common] _write: fe fe 3 2b d3 10 
10:55:01.690 DEBU [pymycobot.common] _read : FE FE 04 2B 00 0D 63
10:55:01.932 DEBU [pymycobot.common] _write: fe fe 3 2b d3 10 
10:55:01.938 DEBU [pymycobot.common] _read : FE FE 04 2B 00 0D 63
10:55:02.252 DEBU [pymycobot.common] _write: fe fe 3 2b d3 10 
10:55:02.268 DEBU [pymycobot.common] _read : FE FE 04 2B 00 0D 63
10:55:03.286 DEBU [pymycobot.common] _write: fe fe 6 f5 2 1 14 82 a 
10:55:03.291 DEBU [pymycobot.common] _read : FE FE 05 F5 FF 01 DF AC
10:55:03.592 DEBU [pymycobot.common] _write: fe fe 3 2b d3 10 
10:55:03.597 DEBU [pymycobot.common] _read : FE FE 04 2B 00 0D 63
10:55:04.616 DEBU [pymycobot.common] _write: fe fe 4 16 1 5d b2 
10:55:04.624 DEBU [pymycobot.common] _read : FE FE 05 16 FF 01 29 5D
10:55:04.637 DEBU [pymycobot.common] _write: fe fe 3 17 c2 10 
10:55:04.652 DEBU [pymycobot.common] _read : FE FE 04 17 01 CD B3
10:55:04.668 DEBU [pymycobot.common] _write: fe fe 10 22 0 0 b b8 d8 f0 f8 30 0 0 0 0 a 8e 8 
10:55:04.673 DEBU [pymycobot.common] _read : FE FE 05 22 FF 01 E7 1C
10:55:05.673 DEBU [pymycobot.common] _write: fe fe 3 2b d3 10 
10:55:05.679 DEBU [pymycobot.common] _read : FE FE 04 2B 00 0D 63
10:55:05.930 DEBU [pymycobot.common] _write: fe fe 3 2b d3 10 
10:55:05.936 DEBU [pymycobot.common] _read : FE FE 04 2B 00 0D 63
10:55:06.248 DEBU [pymycobot.common] _write: fe fe 3 2b d3 10 
10:55:06.253 DEBU [pymycobot.common] _read : FE FE 04 2B 00 0D 63
10:55:07.269 DEBU [pymycobot.common] _write: fe fe 6 f5 3 0 1e d5 da 
10:55:07.276 DEBU [pymycobot.common] _read : FE FE 05 F5 FF 01 DF AC
10:55:07.571 DEBU [pymycobot.common] _write: fe fe 3 2b d3 10 
10:55:07.577 DEBU [pymycobot.common] _read : FE FE 04 2B 00 0D 63
10:55:08.596 DEBU [pymycobot.common] _write: fe fe 4 16 1 5d b2 
10:55:11.599 DEBU [pymycobot.common] _write: fe fe 3 17 c2 10 
10:55:11.600 ERRO [pymycobot.common] Socket send error: [WinError 10053] 你的主机中的软件中止了一个已建立的连接。
10:55:11.744 DEBU [pymycobot.common] _write: fe fe 4 16 0 9d 73 
10:55:11.745 ERRO [pymycobot.common] Socket send error: [WinError 10053] 你的主机中的软件中止了一个已建立的连接。
10:55:41.574 DEBU [pymycobot.common] _write: fe fe 4 40 0 3d 4c 
10:55:41.589 DEBU [pymycobot.common] _read : FE FE 05 40 00 96 67 BD
10:55:41.603 DEBU [pymycobot.common] _write: fe fe 4 40 1 fd 8d 
10:55:41.608 DEBU [pymycobot.common] _read : FE FE 05 40 00 C8 9F 3C
10:55:41.617 DEBU [pymycobot.common] _write: fe fe 4 16 0 9d 73 
10:55:41.622 DEBU [pymycobot.common] _read : FE FE 05 16 FF 01 29 5D
10:55:41.629 DEBU [pymycobot.common] _write: fe fe 4 68 0 3d 52 
10:55:41.634 DEBU [pymycobot.common] _read : FE FE 05 68 FF 01 31 3D
10:55:41.644 DEBU [pymycobot.common] _write: fe fe 4 29 1 ad a3 
10:55:41.649 DEBU [pymycobot.common] _read : FE FE 05 29 FF 01 25 6D
10:55:50.364 DEBU [pymycobot.common] _write: fe fe 6 41 0 0 64 c6 8c 
10:55:50.370 DEBU [pymycobot.common] _read : FE FE 05 41 FF 01 F9 EC
10:55:50.383 DEBU [pymycobot.common] _write: fe fe 6 41 1 0 64 6 dd 
10:55:50.389 DEBU [pymycobot.common] _read : FE FE 05 41 FF 01 F9 EC
10:55:50.408 DEBU [pymycobot.common] _write: fe fe 6 41 0 0 96 43 d 
10:55:50.414 DEBU [pymycobot.common] _read : FE FE 05 41 FF 01 F9 EC
10:55:50.425 DEBU [pymycobot.common] _write: fe fe 6 41 1 0 c8 7b dd 
10:55:50.431 DEBU [pymycobot.common] _read : FE FE 05 41 FF 01 F9 EC
10:55:50.441 DEBU [pymycobot.common] _write: fe fe 6 43 0 0 c8 3 8d 
10:55:50.447 DEBU [pymycobot.common] _read : FE FE 05 43 FF 01 39 4D
10:55:50.456 DEBU [pymycobot.common] _write: fe fe 6 43 1 1 90 a9 dc 
10:55:50.461 DEBU [pymycobot.common] _read : FE FE 05 43 FF 01 39 4D
10:55:59.307 DEBU [pymycobot.common] _write: fe fe 4 42 0 5d 4d 
10:55:59.312 DEBU [pymycobot.common] _read : FE FE 05 42 00 C8 5F 9D
10:55:59.316 DEBU [pymycobot.common] _write: fe fe 4 42 1 9d 8c 
10:55:59.320 DEBU [pymycobot.common] _read : FE FE 05 42 01 90 35 9D
10:55:59.332 DEBU [pymycobot.common] _write: fe fe 4 42 2 9c cc 
10:55:59.338 DEBU [pymycobot.common] _read : FE FE 05 42 01 90 35 9D
10:55:59.490 DEBU [pymycobot.common] _write: fe fe 4 42 x1 e2 f2 
10:55:59.596 DEBU [pymycobot.common] _write: fe fe 4 16 0 9d 73 
10:55:59.602 DEBU [pymycobot.common] _read : FE FE 05 16 FF 01 29 5D
10:55:59.617 DEBU [pymycobot.common] _write: fe fe 4 68 0 3d 52 
10:55:59.627 DEBU [pymycobot.common] _read : FE FE 05 68 FF 01 31 3D
10:55:59.632 DEBU [pymycobot.common] _write: fe fe 4 29 1 ad a3 
10:55:59.637 DEBU [pymycobot.common] _read : FE FE 05 29 FF 01 25 6D
10:57:06.307 DEBU [pymycobot.common] _write: fe fe 6 43 0 0 64 7e 8d 
10:57:06.312 DEBU [pymycobot.common] _read : FE FE 05 43 FF 01 39 4D
10:57:06.319 DEBU [pymycobot.common] _write: fe fe 6 43 1 0 64 be dc 
10:57:06.326 DEBU [pymycobot.common] _read : FE FE 05 43 FF 01 39 4D
10:57:06.355 DEBU [pymycobot.common] _write: fe fe 6 41 0 0 96 43 d 
10:57:06.359 DEBU [pymycobot.common] _read : FE FE 05 41 FF 01 F9 EC
10:57:06.361 DEBU [pymycobot.common] _write: fe fe 6 41 1 0 c8 7b dd 
10:57:06.376 DEBU [pymycobot.common] _read : FE FE 05 41 FF 01 F9 EC
10:57:06.391 DEBU [pymycobot.common] _write: fe fe 6 43 0 0 c8 3 8d 
10:57:06.396 DEBU [pymycobot.common] _read : FE FE 05 43 FF 01 39 4D
10:57:06.406 DEBU [pymycobot.common] _write: fe fe 6 43 1 1 90 a9 dc 
10:57:06.416 DEBU [pymycobot.common] _read : FE FE 05 43 FF 01 39 4D
10:57:14.367 DEBU [pymycobot.common] _write: fe fe 6 41 0 0 64 c6 8c 
10:57:14.371 DEBU [pymycobot.common] _read : FE FE 05 41 FF 01 F9 EC
10:57:14.385 DEBU [pymycobot.common] _write: fe fe 6 41 1 0 64 6 dd 
10:57:14.395 DEBU [pymycobot.common] _read : FE FE 05 41 FF 01 F9 EC
10:57:14.414 DEBU [pymycobot.common] _write: fe fe 6 41 0 0 96 43 d 
10:57:14.422 DEBU [pymycobot.common] _read : FE FE 05 41 FF 01 F9 EC
10:57:14.427 DEBU [pymycobot.common] _write: fe fe 6 41 1 0 c8 7b dd 
10:57:14.433 DEBU [pymycobot.common] _read : FE FE 05 41 FF 01 F9 EC
10:57:14.442 DEBU [pymycobot.common] _write: fe fe 6 43 0 0 c8 3 8d 
10:57:14.448 DEBU [pymycobot.common] _read : FE FE 05 43 FF 01 39 4D
10:57:14.457 DEBU [pymycobot.common] _write: fe fe 6 43 1 1 90 a9 dc 
10:57:14.463 DEBU [pymycobot.common] _read : FE FE 05 43 FF 01 39 4D
10:57:19.253 DEBU [pymycobot.common] _write: fe fe 4 42 0 5d 4d 
10:57:19.259 DEBU [pymycobot.common] _read : FE FE 05 42 00 C8 5F 9D
10:57:19.275 DEBU [pymycobot.common] _write: fe fe 4 42 1 9d 8c 
10:57:19.280 DEBU [pymycobot.common] _read : FE FE 05 42 01 90 35 9D
10:57:19.290 DEBU [pymycobot.common] _write: fe fe 4 42 2 9c cc 
10:57:19.295 DEBU [pymycobot.common] _read : FE FE 05 42 01 90 35 9D
10:57:19.526 DEBU [pymycobot.common] _write: fe fe 4 42 x1 e2 f2 
10:57:19.674 DEBU [pymycobot.common] _write: fe fe 4 16 0 9d 73 
10:57:19.679 DEBU [pymycobot.common] _read : FE FE 05 16 FF 01 29 5D
10:57:19.681 DEBU [pymycobot.common] _write: fe fe 4 68 0 3d 52 
10:57:19.697 DEBU [pymycobot.common] _read : FE FE 05 68 FF 01 31 3D
10:57:19.711 DEBU [pymycobot.common] _write: fe fe 4 29 1 ad a3 
10:57:19.716 DEBU [pymycobot.common] _read : FE FE 05 29 FF 01 25 6D
10:57:25.096 DEBU [pymycobot.common] _write: fe fe 4 40 0 3d 4c 
10:57:25.101 DEBU [pymycobot.common] _read : FE FE 05 40 00 96 67 BD
10:57:25.117 DEBU [pymycobot.common] _write: fe fe 4 40 1 fd 8d 
10:57:25.122 DEBU [pymycobot.common] _read : FE FE 05 40 00 C8 9F 3C
10:57:25.136 DEBU [pymycobot.common] _write: fe fe 4 16 0 9d 73 
10:57:25.141 DEBU [pymycobot.common] _read : FE FE 05 16 FF 01 29 5D
10:57:25.145 DEBU [pymycobot.common] _write: fe fe 4 68 0 3d 52 
10:57:25.150 DEBU [pymycobot.common] _read : FE FE 05 68 FF 01 31 3D
10:57:25.160 DEBU [pymycobot.common] _write: fe fe 4 29 1 ad a3 
10:57:25.171 DEBU [pymycobot.common] _read : FE FE 05 29 FF 01 25 6D
10:57:30.822 DEBU [pymycobot.common] _write: fe fe 4 42 0 5d 4d 
10:57:30.826 DEBU [pymycobot.common] _read : FE FE 05 42 00 C8 5F 9D
10:57:30.843 DEBU [pymycobot.common] _write: fe fe 4 42 1 9d 8c 
10:57:30.847 DEBU [pymycobot.common] _read : FE FE 05 42 01 90 35 9D
10:57:30.859 DEBU [pymycobot.common] _write: fe fe 4 42 2 9c cc 
10:57:30.864 DEBU [pymycobot.common] _read : FE FE 05 42 01 90 35 9D
10:57:31.036 DEBU [pymycobot.common] _write: fe fe 4 42 x1 e2 f2 
10:57:31.158 DEBU [pymycobot.common] _write: fe fe 4 16 0 9d 73 
10:57:31.163 DEBU [pymycobot.common] _read : FE FE 05 16 FF 01 29 5D
10:57:31.177 DEBU [pymycobot.common] _write: fe fe 4 68 0 3d 52 
10:57:31.183 DEBU [pymycobot.common] _read : FE FE 05 68 FF 01 31 3D
10:57:31.192 DEBU [pymycobot.common] _write: fe fe 4 29 1 ad a3 
10:57:31.197 DEBU [pymycobot.common] _read : FE FE 05 29 FF 01 25 6D
11:00:50.967 DEBU [pymycobot.common] _write: fe fe 3 2b d3 10 
11:00:50.972 DEBU [pymycobot.common] _read : FE FE 04 2B 00 0D 63
11:00:56.001 DEBU [pymycobot.common] _write: fe fe 10 22 0 0 b b8 d8 f0 f8 30 0 0 0 0 a 8e 8 
11:00:56.006 DEBU [pymycobot.common] _read : FE FE 05 22 FF 01 E7 1C
11:00:56.196 DEBU [pymycobot.common] _read : FE FE 04 5B 00 CD 46
11:00:57.011 DEBU [pymycobot.common] _write: fe fe 3 2b d3 10 
11:00:57.015 DEBU [pymycobot.common] _read : FE FE 04 2B 00 0D 63
11:00:57.463 DEBU [pymycobot.common] _write: fe fe 3 2b d3 10 
11:00:57.469 DEBU [pymycobot.common] _read : FE FE 04 2B 00 0D 63
11:01:06.899 DEBU [pymycobot.common] _write: fe fe 3 2b d3 10 
11:01:06.911 DEBU [pymycobot.common] _read : FE FE 04 2B 00 0D 63
11:01:11.942 DEBU [pymycobot.common] _write: fe fe 10 22 0 0 b b8 d8 f0 f8 30 0 0 0 0 a 8e 8 
11:01:11.947 DEBU [pymycobot.common] _read : FE FE 05 22 FF 01 E7 1C
11:01:11.965 DEBU [pymycobot.common] _read : FE FE 04 5B 00 CD 46
11:01:12.957 DEBU [pymycobot.common] _write: fe fe 3 2b d3 10 
11:01:12.969 DEBU [pymycobot.common] _read : FE FE 04 2B 00 0D 63
11:01:13.064 DEBU [pymycobot.common] _write: fe fe 4 16 0 9d 73 
11:01:13.070 DEBU [pymycobot.common] _read : FE FE 05 16 FF 01 29 5D
11:01:13.078 DEBU [pymycobot.common] _write: fe fe 4 68 0 3d 52 
11:01:13.083 DEBU [pymycobot.common] _read : FE FE 05 68 FF 01 31 3D
11:01:13.093 DEBU [pymycobot.common] _write: fe fe 4 29 1 ad a3 
11:01:13.101 DEBU [pymycobot.common] _read : FE FE 05 29 FF 01 25 6D
11:01:13.108 DEBU [pymycobot.common] _write: fe fe 10 22 0 0 0 0 0 0 0 0 0 0 0 0 a 29 22 
11:01:13.114 DEBU [pymycobot.common] _read : FE FE 05 22 FF 01 E7 1C
11:01:14.122 DEBU [pymycobot.common] _write: fe fe 3 2b d3 10 
11:01:14.127 DEBU [pymycobot.common] _read : FE FE 04 2B 01 CD A2
11:01:15.126 DEBU [pymycobot.common] _write: fe fe 3 2b d3 10 
11:01:15.132 DEBU [pymycobot.common] _read : FE FE 04 2B 01 CD A2
11:01:16.130 DEBU [pymycobot.common] _write: fe fe 3 2b d3 10 
11:01:16.134 DEBU [pymycobot.common] _read : FE FE 04 2B 01 CD A2
11:01:17.132 DEBU [pymycobot.common] _write: fe fe 3 2b d3 10 
11:01:17.139 DEBU [pymycobot.common] _read : FE FE 04 2B 01 CD A2
11:01:18.135 DEBU [pymycobot.common] _write: fe fe 3 2b d3 10 
11:01:18.141 DEBU [pymycobot.common] _read : FE FE 04 2B 01 CD A2
11:01:19.137 DEBU [pymycobot.common] _write: fe fe 3 2b d3 10 
11:01:19.141 DEBU [pymycobot.common] _read : FE FE 04 2B 01 CD A2
11:01:20.138 DEBU [pymycobot.common] _write: fe fe 3 2b d3 10 
11:01:20.152 DEBU [pymycobot.common] _read : FE FE 04 2B 01 CD A2
11:01:21.153 DEBU [pymycobot.common] _write: fe fe 3 2b d3 10 
11:01:21.165 DEBU [pymycobot.common] _read : FE FE 04 2B 01 CD A2
11:01:22.156 DEBU [pymycobot.common] _write: fe fe 3 2b d3 10 
11:01:22.164 DEBU [pymycobot.common] _read : FE FE 04 2B 01 CD A2
11:01:23.159 DEBU [pymycobot.common] _write: fe fe 3 2b d3 10 
11:01:23.165 DEBU [pymycobot.common] _read : FE FE 04 2B 01 CD A2
11:01:24.160 DEBU [pymycobot.common] _write: fe fe 3 2b d3 10 
11:01:24.166 DEBU [pymycobot.common] _read : FE FE 04 2B 01 CD A2
11:01:25.161 DEBU [pymycobot.common] _write: fe fe 3 2b d3 10 
11:01:25.172 DEBU [pymycobot.common] _read : FE FE 04 2B 01 CD A2
11:01:25.415 DEBU [pymycobot.common] _read : FE FE 04 5B 00 CD 46
11:01:27.729 DEBU [pymycobot.common] _write: fe fe 3 2b d3 10 
11:01:27.734 DEBU [pymycobot.common] _read : FE FE 04 2B 00 0D 63
11:02:01.491 DEBU [pymycobot.common] _write: fe fe 3 2b d3 10 
11:02:01.497 DEBU [pymycobot.common] _read : FE FE 04 2B 00 0D 63
11:02:06.509 DEBU [pymycobot.common] _write: fe fe 10 22 0 0 b b8 d8 f0 f8 30 0 0 0 0 a 8e 8 
11:02:06.516 DEBU [pymycobot.common] _read : FE FE 05 22 FF 01 E7 1C
11:02:07.524 DEBU [pymycobot.common] _write: fe fe 3 2b d3 10 
11:02:07.528 DEBU [pymycobot.common] _read : FE FE 04 2B 01 CD A2
11:02:07.540 DEBU [pymycobot.common] _write: fe fe 4 16 0 9d 73 
11:02:07.546 DEBU [pymycobot.common] _read : FE FE 05 16 FF 01 29 5D
11:02:07.555 DEBU [pymycobot.common] _write: fe fe 4 68 0 3d 52 
11:02:07.559 DEBU [pymycobot.common] _read : FE FE 05 68 FF 01 31 3D
11:02:07.570 DEBU [pymycobot.common] _write: fe fe 4 29 1 ad a3 
11:02:07.574 DEBU [pymycobot.common] _read : FE FE 05 29 FF 01 25 6D
11:02:07.585 DEBU [pymycobot.common] _write: fe fe 10 22 0 0 0 0 0 0 0 0 0 0 0 0 a 29 22 
11:02:07.590 DEBU [pymycobot.common] _read : FE FE 05 22 FF 01 E7 1C
11:02:07.731 DEBU [pymycobot.common] _read : FE FE 04 5B 0B 0A 07
11:02:10.045 DEBU [pymycobot.common] _write: fe fe 3 2b d3 10 
11:02:10.051 DEBU [pymycobot.common] _read : FE FE 04 2B 01 CD A2
11:02:10.167 DEBU [pymycobot.common] _write: fe fe 3 2b d3 10 
11:02:10.172 DEBU [pymycobot.common] _read : FE FE 04 2B 01 CD A2
11:02:10.289 DEBU [pymycobot.common] _write: fe fe 3 2b d3 10 
11:02:10.293 DEBU [pymycobot.common] _read : FE FE 04 2B 01 CD A2
11:02:10.412 DEBU [pymycobot.common] _write: fe fe 3 2b d3 10 
11:02:10.417 DEBU [pymycobot.common] _read : FE FE 04 2B 01 CD A2
11:02:10.534 DEBU [pymycobot.common] _write: fe fe 3 2b d3 10 
11:02:10.539 DEBU [pymycobot.common] _read : FE FE 04 2B 01 CD A2
11:02:10.657 DEBU [pymycobot.common] _write: fe fe 3 2b d3 10 
11:02:10.662 DEBU [pymycobot.common] _read : FE FE 04 2B 01 CD A2
11:02:10.779 DEBU [pymycobot.common] _write: fe fe 3 2b d3 10 
11:02:10.783 DEBU [pymycobot.common] _read : FE FE 04 2B 01 CD A2
11:02:10.900 DEBU [pymycobot.common] _write: fe fe 3 2b d3 10 
11:02:48.328 DEBU [pymycobot.common] _write: fe fe 3 2b d3 10 
11:02:53.608 DEBU [pymycobot.common] _write: fe fe 10 22 0 0 b b8 d8 f0 f8 30 0 0 0 0 a 8e 8 
11:02:54.611 DEBU [pymycobot.common] _write: fe fe 3 2b d3 10 
11:02:54.769 DEBU [pymycobot.common] _write: fe fe 4 16 0 9d 73 
11:02:57.778 DEBU [pymycobot.common] _write: fe fe 4 68 0 3d 52 
11:02:57.931 DEBU [pymycobot.common] _write: fe fe 4 29 1 ad a3 
11:03:00.935 DEBU [pymycobot.common] _write: fe fe 10 22 0 0 0 0 0 0 0 0 0 0 0 0 a 29 22 
11:03:01.937 DEBU [pymycobot.common] _write: fe fe 3 2b d3 10 
11:03:02.941 DEBU [pymycobot.common] _write: fe fe 3 2b d3 10 
11:03:03.947 DEBU [pymycobot.common] _write: fe fe 3 2b d3 10 
11:03:04.098 DEBU [pymycobot.common] _write: fe fe 10 22 0 0 0 0 0 0 0 0 0 0 0 0 a 29 22 
11:03:04.100 DEBU [pymycobot.common] _write: fe fe 3 2b d3 10 
11:03:05.102 DEBU [pymycobot.common] _write: fe fe 3 2b d3 10 
11:03:09.695 DEBU [pymycobot.common] _write: fe fe 3 2b d3 10 
11:03:15.021 DEBU [pymycobot.common] _write: fe fe 10 22 0 0 b b8 d8 f0 f8 30 0 0 0 0 a 8e 8 
11:03:16.023 DEBU [pymycobot.common] _write: fe fe 3 2b d3 10 
11:03:16.193 DEBU [pymycobot.common] _write: fe fe 4 16 0 9d 73 
11:03:39.862 DEBU [pymycobot.common] _write: fe fe 3 2b d3 10 
11:03:39.866 DEBU [pymycobot.common] _read : FE FE 04 2B 00 0D 63
11:03:44.887 DEBU [pymycobot.common] _write: fe fe 10 22 0 0 b b8 d8 f0 f8 30 0 0 0 0 a 8e 8 
11:03:44.892 DEBU [pymycobot.common] _read : FE FE 05 22 FF 01 E7 1C
11:03:45.903 DEBU [pymycobot.common] _write: fe fe 3 2b d3 10 
11:03:45.906 DEBU [pymycobot.common] _read : FE FE 04 2B 01 CD A2
11:03:45.919 DEBU [pymycobot.common] _write: fe fe 4 16 0 9d 73 
11:03:45.924 DEBU [pymycobot.common] _read : FE FE 05 16 FF 01 29 5D
11:03:45.933 DEBU [pymycobot.common] _write: fe fe 4 68 0 3d 52 
11:03:45.939 DEBU [pymycobot.common] _read : FE FE 05 68 FF 01 31 3D
11:03:45.948 DEBU [pymycobot.common] _write: fe fe 4 29 1 ad a3 
11:03:45.953 DEBU [pymycobot.common] _read : FE FE 05 29 FF 01 25 6D
11:03:45.963 DEBU [pymycobot.common] _write: fe fe 10 22 0 0 0 0 0 0 0 0 0 0 0 0 a 29 22 
11:03:45.967 DEBU [pymycobot.common] _read : FE FE 05 22 FF 01 E7 1C
11:03:46.103 DEBU [pymycobot.common] _read : FE FE 04 5B 0B 0A 07
11:03:48.422 DEBU [pymycobot.common] _write: fe fe 3 2b d3 10 
11:03:48.423 DEBU [pymycobot.common] _read : FE FE 04 5B 00 CD 46
11:03:48.437 DEBU [pymycobot.common] _read : FE FE 04 2B 00 0D 63
11:04:38.336 DEBU [pymycobot.common] _write: fe fe 3 2b d3 10 
11:04:38.341 DEBU [pymycobot.common] _read : FE FE 04 2B 00 0D 63
11:04:43.346 DEBU [pymycobot.common] _write: fe fe 10 22 0 0 b b8 d8 f0 f8 30 0 0 0 0 a 8e 8 
11:04:43.351 DEBU [pymycobot.common] _read : FE FE 05 22 FF 01 E7 1C
11:04:44.363 DEBU [pymycobot.common] _write: fe fe 3 2b d3 10 
11:04:44.376 DEBU [pymycobot.common] _read : FE FE 04 2B 01 CD A2
11:04:44.379 DEBU [pymycobot.common] _write: fe fe 4 16 0 9d 73 
11:04:44.384 DEBU [pymycobot.common] _read : FE FE 05 16 FF 01 29 5D
11:04:44.394 DEBU [pymycobot.common] _write: fe fe 4 68 0 3d 52 
11:04:44.399 DEBU [pymycobot.common] _read : FE FE 05 68 FF 01 31 3D
11:04:44.410 DEBU [pymycobot.common] _write: fe fe 4 29 1 ad a3 
11:04:44.416 DEBU [pymycobot.common] _read : FE FE 05 29 FF 01 25 6D
11:04:44.425 DEBU [pymycobot.common] _write: fe fe 10 22 0 0 0 0 0 0 0 0 0 0 0 0 a 29 22 
11:04:44.432 DEBU [pymycobot.common] _read : FE FE 05 22 FF 01 E7 1C
11:04:44.574 DEBU [pymycobot.common] _read : FE FE 04 5B 0B 0A 07
11:04:46.550 DEBU [pymycobot.common] _read : FE FE 04 5B 00 CD 46
11:04:46.895 DEBU [pymycobot.common] _write: fe fe 3 2b d3 10 
11:04:46.899 DEBU [pymycobot.common] _read : FE FE 04 2B 00 0D 63
11:11:40.609 DEBU [pymycobot.common] _write: fe fe 3 2b d3 10 
11:11:45.893 DEBU [pymycobot.common] _write: fe fe 10 22 0 0 b b8 d8 f0 f8 30 0 0 0 0 a 8e 8 
11:11:46.895 DEBU [pymycobot.common] _write: fe fe 3 2b d3 10 
11:11:47.066 DEBU [pymycobot.common] _write: fe fe 4 16 0 9d 73 
11:11:50.073 DEBU [pymycobot.common] _write: fe fe 4 68 0 3d 52 
11:11:50.224 DEBU [pymycobot.common] _write: fe fe 4 29 1 ad a3 
11:11:53.235 DEBU [pymycobot.common] _write: fe fe 10 22 0 0 0 0 0 0 0 0 0 0 0 0 a 29 22 
11:11:54.240 DEBU [pymycobot.common] _write: fe fe 3 2b d3 10 
11:11:55.240 DEBU [pymycobot.common] _write: fe fe 3 2b d3 10 
11:11:56.245 DEBU [pymycobot.common] _write: fe fe 3 2b d3 10 
11:11:56.398 DEBU [pymycobot.common] _write: fe fe 10 22 0 0 0 0 0 0 0 0 0 0 0 0 a 29 22 
11:11:56.399 DEBU [pymycobot.common] _write: fe fe 3 2b d3 10 
11:11:57.400 DEBU [pymycobot.common] _write: fe fe 3 2b d3 10 
11:11:58.404 DEBU [pymycobot.common] _write: fe fe 3 2b d3 10 
11:11:59.255 DEBU [pymycobot.common] _write: fe fe 3 2b d3 10 
11:11:59.407 DEBU [pymycobot.common] _write: fe fe 10 22 0 0 0 0 0 0 0 0 0 0 0 0 a 29 22 
11:11:59.407 DEBU [pymycobot.common] _write: fe fe 3 2b d3 10 
11:12:30.644 DEBU [pymycobot.common] _write: fe fe 3 2b d3 10 
11:12:30.656 DEBU [pymycobot.common] _read : FE FE 04 2B 00 0D 63
11:12:35.684 DEBU [pymycobot.common] _write: fe fe 10 22 0 0 b b8 d8 f0 f8 30 0 0 0 0 a 8e 8 
11:12:35.693 DEBU [pymycobot.common] _read : FE FE 05 22 FF 01 E7 1C
11:12:36.686 DEBU [pymycobot.common] _write: fe fe 3 2b d3 10 
11:12:36.694 DEBU [pymycobot.common] _read : FE FE 04 2B 01 CD A2
11:12:36.702 DEBU [pymycobot.common] _write: fe fe 4 16 0 9d 73 
11:12:36.705 DEBU [pymycobot.common] _read : FE FE 05 16 FF 01 29 5D
11:12:36.716 DEBU [pymycobot.common] _write: fe fe 4 68 0 3d 52 
11:12:36.721 DEBU [pymycobot.common] _read : FE FE 05 68 FF 01 31 3D
11:12:36.731 DEBU [pymycobot.common] _write: fe fe 4 29 1 ad a3 
11:12:36.738 DEBU [pymycobot.common] _read : FE FE 05 29 FF 01 25 6D
11:12:36.747 DEBU [pymycobot.common] _write: fe fe 10 22 0 0 0 0 0 0 0 0 0 0 0 0 a 29 22 
11:12:36.754 DEBU [pymycobot.common] _read : FE FE 05 22 FF 01 E7 1C
11:12:36.836 DEBU [pymycobot.common] _read : FE FE 04 5B 0B 0A 07
11:12:39.150 DEBU [pymycobot.common] _write: fe fe 3 2b d3 10 
11:12:39.155 DEBU [pymycobot.common] _read : FE FE 04 2B 01 CD A2
11:12:39.272 DEBU [pymycobot.common] _write: fe fe 3 2b d3 10 
11:12:39.290 DEBU [pymycobot.common] _read : FE FE 04 2B 01 CD A2
11:12:39.408 DEBU [pymycobot.common] _write: fe fe 3 2b d3 10 
11:12:39.420 DEBU [pymycobot.common] _read : FE FE 04 2B 01 CD A2
11:12:39.531 DEBU [pymycobot.common] _write: fe fe 3 2b d3 10 
11:12:39.536 DEBU [pymycobot.common] _read : FE FE 04 2B 01 CD A2
11:12:39.652 DEBU [pymycobot.common] _write: fe fe 3 2b d3 10 
11:12:39.663 DEBU [pymycobot.common] _read : FE FE 04 2B 01 CD A2
11:12:39.774 DEBU [pymycobot.common] _write: fe fe 3 2b d3 10 
11:12:39.778 DEBU [pymycobot.common] _read : FE FE 04 2B 01 CD A2
11:12:39.894 DEBU [pymycobot.common] _write: fe fe 3 2b d3 10 
11:12:39.900 DEBU [pymycobot.common] _read : FE FE 04 2B 01 CD A2
11:12:40.015 DEBU [pymycobot.common] _write: fe fe 3 2b d3 10 
11:12:40.027 DEBU [pymycobot.common] _read : FE FE 04 2B 01 CD A2
11:12:40.137 DEBU [pymycobot.common] _write: fe fe 3 2b d3 10 
11:12:40.142 DEBU [pymycobot.common] _read : FE FE 04 2B 01 CD A2
11:12:40.257 DEBU [pymycobot.common] _write: fe fe 3 2b d3 10 
11:12:40.262 DEBU [pymycobot.common] _read : FE FE 04 2B 01 CD A2
11:12:40.378 DEBU [pymycobot.common] _write: fe fe 3 2b d3 10 
11:12:40.383 DEBU [pymycobot.common] _read : FE FE 04 2B 01 CD A2
11:12:40.501 DEBU [pymycobot.common] _write: fe fe 3 2b d3 10 
11:12:40.529 DEBU [pymycobot.common] _read : FE FE 04 2B 01 CD A2
11:12:40.639 DEBU [pymycobot.common] _write: fe fe 3 2b d3 10 
11:12:40.643 DEBU [pymycobot.common] _read : FE FE 04 2B 01 CD A2
11:12:40.760 DEBU [pymycobot.common] _write: fe fe 3 2b d3 10 
11:12:40.766 DEBU [pymycobot.common] _read : FE FE 04 2B 01 CD A2
11:12:40.881 DEBU [pymycobot.common] _write: fe fe 3 2b d3 10 
11:12:40.887 DEBU [pymycobot.common] _read : FE FE 04 2B 01 CD A2
11:12:41.002 DEBU [pymycobot.common] _write: fe fe 3 2b d3 10 
11:12:41.006 DEBU [pymycobot.common] _read : FE FE 04 2B 01 CD A2
11:12:41.124 DEBU [pymycobot.common] _write: fe fe 3 2b d3 10 
11:12:41.129 DEBU [pymycobot.common] _read : FE FE 04 2B 01 CD A2
11:12:41.244 DEBU [pymycobot.common] _write: fe fe 3 2b d3 10 
11:12:41.251 DEBU [pymycobot.common] _read : FE FE 04 2B 01 CD A2
11:12:41.366 DEBU [pymycobot.common] _write: fe fe 3 2b d3 10 
11:12:41.381 DEBU [pymycobot.common] _read : FE FE 04 2B 01 CD A2
11:12:41.504 DEBU [pymycobot.common] _write: fe fe 3 2b d3 10 
11:12:41.509 DEBU [pymycobot.common] _read : FE FE 04 2B 01 CD A2
11:12:41.624 DEBU [pymycobot.common] _write: fe fe 3 2b d3 10 
11:12:41.632 DEBU [pymycobot.common] _read : FE FE 04 2B 01 CD A2
11:12:41.746 DEBU [pymycobot.common] _write: fe fe 3 2b d3 10 
11:12:41.755 DEBU [pymycobot.common] _read : FE FE 04 2B 01 CD A2
11:12:41.867 DEBU [pymycobot.common] _write: fe fe 3 2b d3 10 
11:12:41.877 DEBU [pymycobot.common] _read : FE FE 04 2B 01 CD A2
11:12:41.988 DEBU [pymycobot.common] _write: fe fe 3 2b d3 10 
11:12:41.994 DEBU [pymycobot.common] _read : FE FE 04 2B 01 CD A2
11:12:42.111 DEBU [pymycobot.common] _write: fe fe 3 2b d3 10 
11:12:42.116 DEBU [pymycobot.common] _read : FE FE 04 2B 01 CD A2
11:12:42.233 DEBU [pymycobot.common] _write: fe fe 3 2b d3 10 
11:12:42.242 DEBU [pymycobot.common] _read : FE FE 04 2B 01 CD A2
11:12:42.354 DEBU [pymycobot.common] _write: fe fe 3 2b d3 10 
11:12:42.360 DEBU [pymycobot.common] _read : FE FE 04 2B 01 CD A2
11:12:42.475 DEBU [pymycobot.common] _write: fe fe 3 2b d3 10 
11:12:42.481 DEBU [pymycobot.common] _read : FE FE 04 2B 01 CD A2
11:12:42.548 DEBU [pymycobot.common] _read : FE FE 04 5B 00 CD 46
11:12:42.597 DEBU [pymycobot.common] _write: fe fe 3 2b d3 10 
11:12:42.601 DEBU [pymycobot.common] _read : FE FE 04 2B 00 0D 63
11:12:47.643 DEBU [pymycobot.common] _write: fe fe 3 2b d3 10 
11:12:47.647 DEBU [pymycobot.common] _read : FE FE 04 2B 00 0D 63
11:12:52.662 DEBU [pymycobot.common] _write: fe fe 10 22 0 0 b b8 d8 f0 f8 30 0 0 0 0 a 8e 8 
11:12:52.668 DEBU [pymycobot.common] _read : FE FE 05 22 FF 01 E7 1C
11:12:53.678 DEBU [pymycobot.common] _write: fe fe 3 2b d3 10 
11:12:53.684 DEBU [pymycobot.common] _read : FE FE 04 2B 01 CD A2
11:12:53.693 DEBU [pymycobot.common] _write: fe fe 4 16 0 9d 73 
11:12:53.699 DEBU [pymycobot.common] _read : FE FE 05 16 FF 01 29 5D
11:12:53.708 DEBU [pymycobot.common] _write: fe fe 4 68 0 3d 52 
11:12:53.713 DEBU [pymycobot.common] _read : FE FE 05 68 FF 01 31 3D
11:12:53.724 DEBU [pymycobot.common] _write: fe fe 4 29 1 ad a3 
11:12:53.732 DEBU [pymycobot.common] _read : FE FE 05 29 FF 01 25 6D
11:12:53.739 DEBU [pymycobot.common] _write: fe fe 10 22 0 0 0 0 0 0 0 0 0 0 0 0 a 29 22 
11:12:53.743 DEBU [pymycobot.common] _read : FE FE 05 22 FF 01 E7 1C
11:12:53.821 DEBU [pymycobot.common] _read : FE FE 04 5B 0B 0A 07
11:12:55.424 DEBU [pymycobot.common] _read : FE FE 04 5B 00 CD 46
11:12:56.137 DEBU [pymycobot.common] _write: fe fe 3 2b d3 10 
11:12:56.143 DEBU [pymycobot.common] _read : FE FE 04 2B 00 0D 63
11:13:07.324 DEBU [pymycobot.common] _write: fe fe 3 2b d3 10 
11:13:07.329 DEBU [pymycobot.common] _read : FE FE 04 2B 00 0D 63
11:13:12.344 DEBU [pymycobot.common] _write: fe fe 10 22 0 0 b b8 d8 f0 f8 30 0 0 0 0 a 8e 8 
11:13:12.360 DEBU [pymycobot.common] _read : FE FE 05 22 FF 01 E7 1C
11:13:13.348 DEBU [pymycobot.common] _write: fe fe 3 2b d3 10 
11:13:13.355 DEBU [pymycobot.common] _read : FE FE 04 2B 01 CD A2
11:13:13.666 DEBU [pymycobot.common] _write: fe fe 3 2b d3 10 
11:13:13.671 DEBU [pymycobot.common] _read : FE FE 04 2B 01 CD A2
11:13:13.788 DEBU [pymycobot.common] _write: fe fe 3 2b d3 10 
11:13:13.794 DEBU [pymycobot.common] _read : FE FE 04 2B 01 CD A2
11:13:13.909 DEBU [pymycobot.common] _write: fe fe 3 2b d3 10 
11:13:13.914 DEBU [pymycobot.common] _read : FE FE 04 2B 01 CD A2
11:13:14.032 DEBU [pymycobot.common] _write: fe fe 3 2b d3 10 
11:13:14.037 DEBU [pymycobot.common] _read : FE FE 04 2B 01 CD A2
11:13:14.153 DEBU [pymycobot.common] _write: fe fe 3 2b d3 10 
11:13:14.159 DEBU [pymycobot.common] _read : FE FE 04 2B 01 CD A2
11:13:14.274 DEBU [pymycobot.common] _write: fe fe 3 2b d3 10 
11:13:14.279 DEBU [pymycobot.common] _read : FE FE 04 2B 01 CD A2
11:13:14.395 DEBU [pymycobot.common] _write: fe fe 3 2b d3 10 
11:13:14.404 DEBU [pymycobot.common] _read : FE FE 04 2B 01 CD A2
11:13:14.517 DEBU [pymycobot.common] _write: fe fe 3 2b d3 10 
11:13:14.521 DEBU [pymycobot.common] _read : FE FE 04 2B 01 CD A2
11:13:14.639 DEBU [pymycobot.common] _write: fe fe 3 2b d3 10 
11:13:14.644 DEBU [pymycobot.common] _read : FE FE 04 2B 01 CD A2
11:13:14.762 DEBU [pymycobot.common] _write: fe fe 3 2b d3 10 
11:13:14.768 DEBU [pymycobot.common] _read : FE FE 04 2B 01 CD A2
11:13:14.884 DEBU [pymycobot.common] _write: fe fe 3 2b d3 10 
11:13:14.889 DEBU [pymycobot.common] _read : FE FE 04 2B 01 CD A2
11:13:15.004 DEBU [pymycobot.common] _write: fe fe 3 2b d3 10 
11:13:15.009 DEBU [pymycobot.common] _read : FE FE 04 2B 01 CD A2
11:13:15.124 DEBU [pymycobot.common] _write: fe fe 3 2b d3 10 
11:13:15.128 DEBU [pymycobot.common] _read : FE FE 04 2B 01 CD A2
11:13:15.245 DEBU [pymycobot.common] _write: fe fe 3 2b d3 10 
11:13:15.251 DEBU [pymycobot.common] _read : FE FE 04 2B 01 CD A2
11:13:15.366 DEBU [pymycobot.common] _write: fe fe 3 2b d3 10 
11:13:15.372 DEBU [pymycobot.common] _read : FE FE 04 2B 01 CD A2
11:13:15.488 DEBU [pymycobot.common] _write: fe fe 3 2b d3 10 
11:13:15.494 DEBU [pymycobot.common] _read : FE FE 04 2B 01 CD A2
11:13:15.609 DEBU [pymycobot.common] _write: fe fe 3 2b d3 10 
11:13:15.614 DEBU [pymycobot.common] _read : FE FE 04 2B 01 CD A2
11:13:15.732 DEBU [pymycobot.common] _write: fe fe 3 2b d3 10 
11:13:15.738 DEBU [pymycobot.common] _read : FE FE 04 2B 01 CD A2
11:13:15.853 DEBU [pymycobot.common] _write: fe fe 3 2b d3 10 
11:13:15.858 DEBU [pymycobot.common] _read : FE FE 04 2B 01 CD A2
11:13:15.975 DEBU [pymycobot.common] _write: fe fe 3 2b d3 10 
11:13:15.986 DEBU [pymycobot.common] _read : FE FE 04 2B 01 CD A2
11:13:16.096 DEBU [pymycobot.common] _write: fe fe 3 2b d3 10 
11:13:16.103 DEBU [pymycobot.common] _read : FE FE 04 2B 01 CD A2
11:13:16.218 DEBU [pymycobot.common] _write: fe fe 3 2b d3 10 
11:13:16.226 DEBU [pymycobot.common] _read : FE FE 04 2B 01 CD A2
11:13:16.339 DEBU [pymycobot.common] _write: fe fe 3 2b d3 10 
11:13:16.344 DEBU [pymycobot.common] _read : FE FE 04 2B 01 CD A2
11:13:16.460 DEBU [pymycobot.common] _write: fe fe 3 2b d3 10 
11:13:16.468 DEBU [pymycobot.common] _read : FE FE 04 2B 01 CD A2
11:13:16.582 DEBU [pymycobot.common] _write: fe fe 3 2b d3 10 
11:13:16.587 DEBU [pymycobot.common] _read : FE FE 04 2B 01 CD A2
11:13:16.703 DEBU [pymycobot.common] _write: fe fe 3 2b d3 10 
11:13:16.708 DEBU [pymycobot.common] _read : FE FE 04 2B 01 CD A2
11:13:16.825 DEBU [pymycobot.common] _write: fe fe 3 2b d3 10 
11:13:16.830 DEBU [pymycobot.common] _read : FE FE 04 2B 01 CD A2
11:13:16.947 DEBU [pymycobot.common] _write: fe fe 3 2b d3 10 
11:13:16.953 DEBU [pymycobot.common] _read : FE FE 04 2B 01 CD A2
11:13:17.067 DEBU [pymycobot.common] _write: fe fe 3 2b d3 10 
11:13:17.071 DEBU [pymycobot.common] _read : FE FE 04 2B 01 CD A2
11:13:17.189 DEBU [pymycobot.common] _write: fe fe 3 2b d3 10 
11:13:17.193 DEBU [pymycobot.common] _read : FE FE 04 2B 01 CD A2
11:13:17.309 DEBU [pymycobot.common] _write: fe fe 3 2b d3 10 
11:13:17.314 DEBU [pymycobot.common] _read : FE FE 04 2B 01 CD A2
11:13:17.431 DEBU [pymycobot.common] _write: fe fe 3 2b d3 10 
11:13:17.436 DEBU [pymycobot.common] _read : FE FE 04 2B 01 CD A2
11:13:17.552 DEBU [pymycobot.common] _write: fe fe 3 2b d3 10 
11:13:17.556 DEBU [pymycobot.common] _read : FE FE 04 2B 01 CD A2
11:13:17.676 DEBU [pymycobot.common] _write: fe fe 3 2b d3 10 
11:13:17.681 DEBU [pymycobot.common] _read : FE FE 04 2B 01 CD A2
11:13:17.798 DEBU [pymycobot.common] _write: fe fe 3 2b d3 10 
11:13:17.802 DEBU [pymycobot.common] _read : FE FE 04 2B 01 CD A2
11:13:17.918 DEBU [pymycobot.common] _write: fe fe 3 2b d3 10 
11:13:17.923 DEBU [pymycobot.common] _read : FE FE 04 2B 01 CD A2
11:13:18.040 DEBU [pymycobot.common] _write: fe fe 3 2b d3 10 
11:13:18.045 DEBU [pymycobot.common] _read : FE FE 04 2B 01 CD A2
11:13:18.161 DEBU [pymycobot.common] _write: fe fe 3 2b d3 10 
11:13:18.165 DEBU [pymycobot.common] _read : FE FE 04 2B 01 CD A2
11:13:18.282 DEBU [pymycobot.common] _write: fe fe 3 2b d3 10 
11:13:18.288 DEBU [pymycobot.common] _read : FE FE 04 2B 01 CD A2
11:13:18.403 DEBU [pymycobot.common] _write: fe fe 3 2b d3 10 
11:13:18.407 DEBU [pymycobot.common] _read : FE FE 04 2B 01 CD A2
11:13:18.525 DEBU [pymycobot.common] _write: fe fe 3 2b d3 10 
11:13:18.529 DEBU [pymycobot.common] _read : FE FE 04 2B 01 CD A2
11:13:18.644 DEBU [pymycobot.common] _write: fe fe 3 2b d3 10 
11:13:18.649 DEBU [pymycobot.common] _read : FE FE 04 2B 01 CD A2
11:13:18.765 DEBU [pymycobot.common] _write: fe fe 3 2b d3 10 
11:13:18.771 DEBU [pymycobot.common] _read : FE FE 04 2B 01 CD A2
11:13:18.887 DEBU [pymycobot.common] _write: fe fe 3 2b d3 10 
11:13:18.893 DEBU [pymycobot.common] _read : FE FE 04 2B 01 CD A2
11:13:19.008 DEBU [pymycobot.common] _write: fe fe 3 2b d3 10 
11:13:19.012 DEBU [pymycobot.common] _read : FE FE 04 2B 01 CD A2
11:13:19.128 DEBU [pymycobot.common] _write: fe fe 3 2b d3 10 
11:13:19.134 DEBU [pymycobot.common] _read : FE FE 04 2B 01 CD A2
11:13:19.250 DEBU [pymycobot.common] _write: fe fe 3 2b d3 10 
11:13:19.263 DEBU [pymycobot.common] _read : FE FE 04 2B 01 CD A2
11:13:19.372 DEBU [pymycobot.common] _write: fe fe 3 2b d3 10 
11:13:19.376 DEBU [pymycobot.common] _read : FE FE 04 2B 01 CD A2
11:13:19.494 DEBU [pymycobot.common] _write: fe fe 3 2b d3 10 
11:13:19.499 DEBU [pymycobot.common] _read : FE FE 04 2B 01 CD A2
11:13:19.616 DEBU [pymycobot.common] _write: fe fe 3 2b d3 10 
11:13:19.627 DEBU [pymycobot.common] _read : FE FE 04 2B 01 CD A2
11:13:19.718 DEBU [pymycobot.common] _read : FE FE 04 5B 00 CD 46
11:13:19.737 DEBU [pymycobot.common] _write: fe fe 3 2b d3 10 
11:13:19.746 DEBU [pymycobot.common] _read : FE FE 04 2B 00 0D 63
11:13:46.397 DEBU [pymycobot.common] _write: fe fe 3 2b d3 10 
11:13:46.401 DEBU [pymycobot.common] _read : FE FE 04 2B 00 0D 63
11:13:51.427 DEBU [pymycobot.common] _write: fe fe 10 22 0 0 b b8 d8 f0 f8 30 0 0 0 0 a 8e 8 
11:13:51.442 DEBU [pymycobot.common] _read : FE FE 05 22 FF 01 E7 1C
11:13:51.458 DEBU [pymycobot.common] _read : FE FE 04 5B 00 CD 46
11:13:52.430 DEBU [pymycobot.common] _write: fe fe 3 2b d3 10 
11:13:52.435 DEBU [pymycobot.common] _read : FE FE 04 2B 00 0D 63
11:13:52.564 DEBU [pymycobot.common] _write: fe fe 4 16 0 9d 73 
11:13:52.572 DEBU [pymycobot.common] _read : FE FE 05 16 FF 01 29 5D
11:13:52.581 DEBU [pymycobot.common] _write: fe fe 4 68 0 3d 52 
11:13:52.586 DEBU [pymycobot.common] _read : FE FE 05 68 FF 01 31 3D
11:13:52.899 DEBU [pymycobot.common] _write: fe fe 3 2b d3 10 
11:13:52.904 DEBU [pymycobot.common] _read : FE FE 04 2B 00 0D 63
11:14:01.775 DEBU [pymycobot.common] _write: fe fe 3 2b d3 10 
11:14:01.780 DEBU [pymycobot.common] _read : FE FE 04 2B 00 0D 63
11:14:06.800 DEBU [pymycobot.common] _write: fe fe 10 22 0 0 b b8 d8 f0 f8 30 0 0 0 0 a 8e 8 
11:14:06.818 DEBU [pymycobot.common] _read : FE FE 05 22 FF 01 E7 1C
11:14:07.550 DEBU [pymycobot.common] _read : FE FE 04 5B 00 CD 46
11:14:07.802 DEBU [pymycobot.common] _write: fe fe 3 2b d3 10 
11:14:07.814 DEBU [pymycobot.common] _read : FE FE 04 2B 00 0D 63
11:14:07.946 DEBU [pymycobot.common] _write: fe fe 4 16 0 9d 73 
11:14:07.950 DEBU [pymycobot.common] _read : FE FE 05 16 FF 01 29 5D
11:14:07.954 DEBU [pymycobot.common] _write: fe fe 4 68 0 3d 52 
11:14:07.959 DEBU [pymycobot.common] _read : FE FE 05 68 FF 01 31 3D
11:14:08.272 DEBU [pymycobot.common] _write: fe fe 3 2b d3 10 
11:14:08.277 DEBU [pymycobot.common] _read : FE FE 04 2B 00 0D 63
11:31:26.830 DEBU [pymycobot.common] _write: fe fe 3 7 e 11 
11:31:26.835 DEBU [pymycobot.common] _read : FE FE 05 07 00 00 1C 8D
11:31:26.848 DEBU [pymycobot.common] _write: fe fe 3 8 a 51 
11:31:26.855 DEBU [pymycobot.common] _read : FE FE 05 08 FF 01 2F 3D
11:31:26.862 DEBU [pymycobot.common] _write: fe fe 10 22 0 0 0 0 0 0 0 0 0 0 0 0 a 29 22 
11:31:26.868 DEBU [pymycobot.common] _read : FE FE 05 22 FF 01 E7 1C
11:31:27.867 DEBU [pymycobot.common] _write: fe fe 3 2b d3 10 
11:31:27.877 DEBU [pymycobot.common] _read : FE FE 04 2B 01 CD A2
11:31:28.874 DEBU [pymycobot.common] _write: fe fe 3 2b d3 10 
11:31:28.880 DEBU [pymycobot.common] _read : FE FE 04 2B 01 CD A2
11:31:29.883 DEBU [pymycobot.common] _write: fe fe 3 2b d3 10 
11:31:29.888 DEBU [pymycobot.common] _read : FE FE 04 2B 01 CD A2
11:31:30.891 DEBU [pymycobot.common] _write: fe fe 3 2b d3 10 
11:31:30.896 DEBU [pymycobot.common] _read : FE FE 04 2B 01 CD A2
11:31:31.899 DEBU [pymycobot.common] _write: fe fe 3 2b d3 10 
11:31:31.904 DEBU [pymycobot.common] _read : FE FE 04 2B 01 CD A2
11:31:32.904 DEBU [pymycobot.common] _write: fe fe 3 2b d3 10 
11:31:32.909 DEBU [pymycobot.common] _read : FE FE 04 2B 01 CD A2
11:31:33.670 DEBU [pymycobot.common] _read : FE FE 04 5B 00 CD 46
11:31:35.690 DEBU [pymycobot.common] _write: fe fe 10 22 0 0 0 0 dc d8 0 0 23 28 0 0 a 71 2a 
11:31:35.695 DEBU [pymycobot.common] _read : FE FE 05 22 FF 01 E7 1C
11:31:36.695 DEBU [pymycobot.common] _write: fe fe 3 2b d3 10 
11:31:36.700 DEBU [pymycobot.common] _read : FE FE 04 2B 01 CD A2
11:31:37.696 DEBU [pymycobot.common] _write: fe fe 3 2b d3 10 
11:31:37.703 DEBU [pymycobot.common] _read : FE FE 04 2B 01 CD A2
11:31:38.701 DEBU [pymycobot.common] _write: fe fe 3 2b d3 10 
11:31:38.706 DEBU [pymycobot.common] _read : FE FE 04 2B 01 CD A2
11:31:39.705 DEBU [pymycobot.common] _write: fe fe 3 2b d3 10 
11:31:39.710 DEBU [pymycobot.common] _read : FE FE 04 2B 01 CD A2
11:31:40.709 DEBU [pymycobot.common] _write: fe fe 3 2b d3 10 
11:31:40.713 DEBU [pymycobot.common] _read : FE FE 04 2B 01 CD A2
11:31:41.717 DEBU [pymycobot.common] _write: fe fe 3 2b d3 10 
11:31:41.727 DEBU [pymycobot.common] _read : FE FE 04 2B 01 CD A2
11:31:42.386 DEBU [pymycobot.common] _read : FE FE 04 5B 00 CD 46
11:31:45.402 DEBU [pymycobot.common] _write: fe fe 7 24 2 fd a8 a 33 cf 
11:31:45.406 DEBU [pymycobot.common] _read : FE FE 05 24 FF 01 E6 FC
11:31:46.408 DEBU [pymycobot.common] _write: fe fe 3 2b d3 10 
11:31:46.420 DEBU [pymycobot.common] _read : FE FE 04 2B 01 CD A2
11:31:47.412 DEBU [pymycobot.common] _write: fe fe 3 2b d3 10 
11:31:47.421 DEBU [pymycobot.common] _read : FE FE 04 2B 01 CD A2
11:31:47.562 DEBU [pymycobot.common] _read : FE FE 04 5B 24 D6 46
11:31:47.564 DEBU [pymycobot.common] _write: fe fe 3 20 14 51 
11:31:47.579 DEBU [pymycobot.common] _read : FE FE 0F 20 FF C9 FF E2 DC F7 00 00 23 28 00 00 68 10
11:31:55.187 DEBU [pymycobot.common] _write: fe fe 3 7 e 11 
11:31:55.192 DEBU [pymycobot.common] _read : FE FE 05 07 D0 24 C7 D0
11:31:55.206 DEBU [pymycobot.common] _write: fe fe 3 8 a 51 
11:31:55.210 DEBU [pymycobot.common] _read : FE FE 05 08 FF 01 2F 3D
11:31:55.220 DEBU [pymycobot.common] _write: fe fe 10 22 0 0 0 0 0 0 0 0 0 0 0 0 a 29 22 
11:31:55.225 DEBU [pymycobot.common] _read : FE FE 05 22 FF 01 E7 1C
11:31:56.224 DEBU [pymycobot.common] _write: fe fe 3 2b d3 10 
11:31:56.229 DEBU [pymycobot.common] _read : FE FE 04 2B 01 CD A2
11:31:57.229 DEBU [pymycobot.common] _write: fe fe 3 2b d3 10 
11:31:57.234 DEBU [pymycobot.common] _read : FE FE 04 2B 01 CD A2
11:31:58.235 DEBU [pymycobot.common] _write: fe fe 3 2b d3 10 
11:31:58.250 DEBU [pymycobot.common] _read : FE FE 04 2B 01 CD A2
11:31:59.240 DEBU [pymycobot.common] _write: fe fe 3 2b d3 10 
11:31:59.245 DEBU [pymycobot.common] _read : FE FE 04 2B 01 CD A2
11:32:00.241 DEBU [pymycobot.common] _write: fe fe 3 2b d3 10 
11:32:00.247 DEBU [pymycobot.common] _read : FE FE 04 2B 01 CD A2
11:32:01.244 DEBU [pymycobot.common] _write: fe fe 3 2b d3 10 
11:32:01.250 DEBU [pymycobot.common] _read : FE FE 04 2B 01 CD A2
11:32:01.918 DEBU [pymycobot.common] _read : FE FE 04 5B 00 CD 46
11:32:03.935 DEBU [pymycobot.common] _write: fe fe 10 22 fb 62 e 5e d8 53 1b a1 3 82 0 0 a 6c 36 
11:32:03.941 DEBU [pymycobot.common] _read : FE FE 05 22 FF 01 E7 1C
11:32:04.947 DEBU [pymycobot.common] _write: fe fe 3 2b d3 10 
11:32:04.952 DEBU [pymycobot.common] _read : FE FE 04 2B 01 CD A2
11:32:05.949 DEBU [pymycobot.common] _write: fe fe 3 2b d3 10 
11:32:05.953 DEBU [pymycobot.common] _read : FE FE 04 2B 01 CD A2
11:32:06.953 DEBU [pymycobot.common] _write: fe fe 3 2b d3 10 
11:32:06.959 DEBU [pymycobot.common] _read : FE FE 04 2B 01 CD A2
11:32:07.956 DEBU [pymycobot.common] _write: fe fe 3 2b d3 10 
11:32:07.962 DEBU [pymycobot.common] _read : FE FE 04 2B 01 CD A2
11:32:08.956 DEBU [pymycobot.common] _write: fe fe 3 2b d3 10 
11:32:08.963 DEBU [pymycobot.common] _read : FE FE 04 2B 01 CD A2
11:32:09.957 DEBU [pymycobot.common] _write: fe fe 3 2b d3 10 
11:32:09.962 DEBU [pymycobot.common] _read : FE FE 04 2B 01 CD A2
11:32:10.961 DEBU [pymycobot.common] _write: fe fe 3 2b d3 10 
11:32:10.974 DEBU [pymycobot.common] _read : FE FE 04 2B 01 CD A2
11:32:11.410 DEBU [pymycobot.common] _read : FE FE 04 5B 00 CD 46
11:32:14.425 DEBU [pymycobot.common] _write: fe fe 7 24 1 0 0 a 47 21 
11:32:14.435 DEBU [pymycobot.common] _read : FE FE 05 24 FF 01 E6 FC
11:32:14.444 DEBU [pymycobot.common] _read : FE FE 04 5B 24 D6 46
11:32:14.455 DEBU [pymycobot.common] _write: fe fe 3 20 14 51 
11:32:14.465 DEBU [pymycobot.common] _read : FE FE 0F 20 FB 62 0E 5D D8 53 1B A1 03 81 00 00 5B 67
11:32:18.002 DEBU [pymycobot.common] _write: fe fe 3 7 e 11 
11:32:18.006 DEBU [pymycobot.common] _read : FE FE 05 07 D0 24 C7 D0
11:32:18.024 DEBU [pymycobot.common] _write: fe fe 3 8 a 51 
11:32:18.035 DEBU [pymycobot.common] _read : FE FE 05 08 FF 01 2F 3D
11:32:18.037 DEBU [pymycobot.common] _write: fe fe 10 22 0 0 0 0 0 0 0 0 0 0 0 0 a 29 22 
11:32:18.041 DEBU [pymycobot.common] _read : FE FE 05 22 FF 01 E7 1C
11:32:19.040 DEBU [pymycobot.common] _write: fe fe 3 2b d3 10 
11:32:19.044 DEBU [pymycobot.common] _read : FE FE 04 2B 01 CD A2
11:32:20.043 DEBU [pymycobot.common] _write: fe fe 3 2b d3 10 
11:32:20.048 DEBU [pymycobot.common] _read : FE FE 04 2B 01 CD A2
11:32:21.047 DEBU [pymycobot.common] _write: fe fe 3 2b d3 10 
11:32:21.052 DEBU [pymycobot.common] _read : FE FE 04 2B 01 CD A2
11:32:22.051 DEBU [pymycobot.common] _write: fe fe 3 2b d3 10 
11:32:22.056 DEBU [pymycobot.common] _read : FE FE 04 2B 01 CD A2
11:32:23.053 DEBU [pymycobot.common] _write: fe fe 3 2b d3 10 
11:32:23.059 DEBU [pymycobot.common] _read : FE FE 04 2B 01 CD A2
11:32:24.059 DEBU [pymycobot.common] _write: fe fe 3 2b d3 10 
11:32:24.064 DEBU [pymycobot.common] _read : FE FE 04 2B 01 CD A2
11:32:25.061 DEBU [pymycobot.common] _write: fe fe 3 2b d3 10 
11:32:25.070 DEBU [pymycobot.common] _read : FE FE 04 2B 01 CD A2
11:32:25.513 DEBU [pymycobot.common] _read : FE FE 04 5B 00 CD 46
11:32:27.527 DEBU [pymycobot.common] _write: fe fe 10 22 fc 95 ee bb fd 30 12 c5 3 82 0 0 a ec b9 
11:32:27.538 DEBU [pymycobot.common] _read : FE FE 05 22 FF 01 E7 1C
11:32:28.541 DEBU [pymycobot.common] _write: fe fe 3 2b d3 10 
11:32:28.547 DEBU [pymycobot.common] _read : FE FE 04 2B 01 CD A2
11:32:29.544 DEBU [pymycobot.common] _write: fe fe 3 2b d3 10 
11:32:29.559 DEBU [pymycobot.common] _read : FE FE 04 2B 01 CD A2
11:32:30.549 DEBU [pymycobot.common] _write: fe fe 3 2b d3 10 
11:32:30.553 DEBU [pymycobot.common] _read : FE FE 04 2B 01 CD A2
11:32:31.435 DEBU [pymycobot.common] _read : FE FE 04 5B 00 CD 46
11:32:34.456 DEBU [pymycobot.common] _write: fe fe 7 24 1 f a0 a 44 69 
11:32:34.462 DEBU [pymycobot.common] _read : FE FE 05 24 FF 01 E6 FC
11:32:35.471 DEBU [pymycobot.common] _write: fe fe 3 2b d3 10 
11:32:35.482 DEBU [pymycobot.common] _read : FE FE 04 2B 00 0D 63
11:32:35.731 DEBU [pymycobot.common] _write: fe fe 3 2b d3 10 
11:32:35.737 DEBU [pymycobot.common] _read : FE FE 04 2B 00 0D 63
11:32:45.408 DEBU [pymycobot.common] _write: fe fe 3 7 e 11 
11:32:45.413 DEBU [pymycobot.common] _read : FE FE 05 07 00 00 1C 8D
11:32:45.572 DEBU [pymycobot.common] _write: fe fe 3 8 a 51 
11:32:45.579 DEBU [pymycobot.common] _read : FE FE 05 08 FF 01 2F 3D
11:32:45.592 DEBU [pymycobot.common] _write: fe fe 10 22 0 0 0 0 0 0 0 0 0 0 0 0 a 29 22 
11:32:45.598 DEBU [pymycobot.common] _read : FE FE 05 22 FF 01 E7 1C
11:32:46.605 DEBU [pymycobot.common] _write: fe fe 3 2b d3 10 
11:32:46.611 DEBU [pymycobot.common] _read : FE FE 04 2B 01 CD A2
11:32:47.611 DEBU [pymycobot.common] _write: fe fe 3 2b d3 10 
11:32:47.618 DEBU [pymycobot.common] _read : FE FE 04 2B 01 CD A2
11:32:48.613 DEBU [pymycobot.common] _write: fe fe 3 2b d3 10 
11:32:48.618 DEBU [pymycobot.common] _read : FE FE 04 2B 01 CD A2
11:32:49.485 DEBU [pymycobot.common] _read : FE FE 04 5B 00 CD 46
11:36:32.403 DEBU [pymycobot.common] _write: fe fe 4 4a 1 5d 8b 
11:36:32.408 DEBU [pymycobot.common] _read : FE FE 06 4A 01 F9 8E FD 1C
11:36:32.424 DEBU [pymycobot.common] _write: fe fe 4 4a 2 5c cb 
11:36:32.429 DEBU [pymycobot.common] _read : FE FE 06 4A 02 FB 50 C5 6D
11:36:32.439 DEBU [pymycobot.common] _write: fe fe 4 4a 3 9c a 
11:36:32.446 DEBU [pymycobot.common] _read : FE FE 06 4A 03 F9 D4 06 3D
11:36:32.455 DEBU [pymycobot.common] _write: fe fe 4 4a 4 5e 4b 
11:36:32.469 DEBU [pymycobot.common] _read : FE FE 06 4A 04 F9 8E FC 0C
11:36:32.485 DEBU [pymycobot.common] _write: fe fe 4 4a 5 9e 8a 
11:36:32.490 DEBU [pymycobot.common] _read : FE FE 06 4A 05 F9 8E 3C 5D
11:36:32.501 DEBU [pymycobot.common] _write: fe fe 4 4a 6 9f ca 
11:36:32.506 DEBU [pymycobot.common] _read : FE FE 06 4A 06 F9 2A 87 AC
11:36:32.519 DEBU [pymycobot.common] _write: fe fe 4 16 0 9d 73 
11:36:32.524 DEBU [pymycobot.common] _read : FE FE 05 16 FF 01 29 5D
11:36:32.530 DEBU [pymycobot.common] _write: fe fe 4 68 0 3d 52 
11:36:32.534 DEBU [pymycobot.common] _read : FE FE 05 68 FF 01 31 3D
11:36:39.927 DEBU [pymycobot.common] _write: fe fe 6 4c 1 f9 f2 94 1d 
11:36:39.937 DEBU [pymycobot.common] _read : FE FE 05 4C FF 01 3A 7D
11:36:39.952 DEBU [pymycobot.common] _write: fe fe 7 21 1 c5 68 a ba d2 
11:36:39.958 DEBU [pymycobot.common] _read : FE FE 05 21 FF 01 E7 EC
11:36:40.958 DEBU [pymycobot.common] _write: fe fe 3 2b d3 10 
11:36:40.963 DEBU [pymycobot.common] _read : FE FE 04 2B 01 CD A2
11:36:41.965 DEBU [pymycobot.common] _write: fe fe 3 2b d3 10 
11:36:41.970 DEBU [pymycobot.common] _read : FE FE 04 2B 01 CD A2
11:36:42.967 DEBU [pymycobot.common] _write: fe fe 3 2b d3 10 
11:36:42.971 DEBU [pymycobot.common] _read : FE FE 04 2B 01 CD A2
11:36:43.970 DEBU [pymycobot.common] _write: fe fe 3 2b d3 10 
11:36:43.976 DEBU [pymycobot.common] _read : FE FE 04 2B 01 CD A2
11:36:44.975 DEBU [pymycobot.common] _write: fe fe 3 2b d3 10 
11:36:44.980 DEBU [pymycobot.common] _read : FE FE 04 2B 01 CD A2
11:36:45.989 DEBU [pymycobot.common] _write: fe fe 3 2b d3 10 
11:36:45.995 DEBU [pymycobot.common] _read : FE FE 04 2B 01 CD A2
11:36:46.993 DEBU [pymycobot.common] _write: fe fe 3 2b d3 10 
11:36:46.998 DEBU [pymycobot.common] _read : FE FE 04 2B 01 CD A2
11:36:47.995 DEBU [pymycobot.common] _write: fe fe 3 2b d3 10 
11:36:48.005 DEBU [pymycobot.common] _read : FE FE 04 2B 01 CD A2
11:36:49.004 DEBU [pymycobot.common] _write: fe fe 3 2b d3 10 
11:36:49.018 DEBU [pymycobot.common] _read : FE FE 04 2B 01 CD A2
11:36:50.016 DEBU [pymycobot.common] _write: fe fe 3 2b d3 10 
11:36:50.021 DEBU [pymycobot.common] _read : FE FE 04 2B 01 CD A2
11:36:50.651 DEBU [pymycobot.common] _read : FE FE 04 5B 00 CD 46
11:36:50.959 DEBU [pymycobot.common] _write: fe fe 3 2b d3 10 
11:36:50.963 DEBU [pymycobot.common] _read : FE FE 04 2B 00 0D 63
11:36:51.977 DEBU [pymycobot.common] _write: fe fe 4 1c 1 fd b4 
11:36:51.982 DEBU [pymycobot.common] _read : FE FE 11 1C C5 68 C5 68 00 00 00 00 00 00 00 00 00 00 38 50
11:36:52.129 DEBU [pymycobot.common] _write: fe fe 10 22 0 0 0 0 0 0 0 0 0 0 0 0 a 29 22 
11:36:52.134 DEBU [pymycobot.common] _read : FE FE 05 22 FF 01 E7 1C
11:36:53.144 DEBU [pymycobot.common] _write: fe fe 3 2b d3 10 
11:36:53.150 DEBU [pymycobot.common] _read : FE FE 04 2B 01 CD A2
11:36:54.146 DEBU [pymycobot.common] _write: fe fe 3 2b d3 10 
11:36:54.151 DEBU [pymycobot.common] _read : FE FE 04 2B 01 CD A2
11:36:55.154 DEBU [pymycobot.common] _write: fe fe 3 2b d3 10 
11:36:55.158 DEBU [pymycobot.common] _read : FE FE 04 2B 01 CD A2
11:36:56.158 DEBU [pymycobot.common] _write: fe fe 3 2b d3 10 
11:36:56.162 DEBU [pymycobot.common] _read : FE FE 04 2B 01 CD A2
11:36:57.158 DEBU [pymycobot.common] _write: fe fe 3 2b d3 10 
11:36:57.164 DEBU [pymycobot.common] _read : FE FE 04 2B 01 CD A2
11:36:58.170 DEBU [pymycobot.common] _write: fe fe 3 2b d3 10 
11:36:58.176 DEBU [pymycobot.common] _read : FE FE 04 2B 01 CD A2
11:36:59.172 DEBU [pymycobot.common] _write: fe fe 3 2b d3 10 
11:36:59.177 DEBU [pymycobot.common] _read : FE FE 04 2B 01 CD A2
11:37:00.177 DEBU [pymycobot.common] _write: fe fe 3 2b d3 10 
11:37:00.182 DEBU [pymycobot.common] _read : FE FE 04 2B 01 CD A2
11:37:01.178 DEBU [pymycobot.common] _write: fe fe 3 2b d3 10 
11:37:01.183 DEBU [pymycobot.common] _read : FE FE 04 2B 01 CD A2
11:37:02.193 DEBU [pymycobot.common] _write: fe fe 3 2b d3 10 
11:37:02.198 DEBU [pymycobot.common] _read : FE FE 04 2B 01 CD A2
11:37:02.828 DEBU [pymycobot.common] _read : FE FE 04 5B 00 CD 46
11:37:05.144 DEBU [pymycobot.common] _write: fe fe 3 2b d3 10 
11:37:05.153 DEBU [pymycobot.common] _read : FE FE 04 2B 00 0D 63
11:37:06.165 DEBU [pymycobot.common] _write: fe fe 6 4c 2 fb b4 6 6d 
11:37:06.169 DEBU [pymycobot.common] _read : FE FE 05 4C FF 01 3A 7D
11:37:06.177 DEBU [pymycobot.common] _write: fe fe 7 21 3 23 28 a 35 3 
11:37:06.188 DEBU [pymycobot.common] _read : FE FE 05 21 FF 01 E7 EC
11:37:07.179 DEBU [pymycobot.common] _write: fe fe 3 2b d3 10 
11:37:07.190 DEBU [pymycobot.common] _read : FE FE 04 2B 01 CD A2
11:37:08.183 DEBU [pymycobot.common] _write: fe fe 3 2b d3 10 
11:37:08.187 DEBU [pymycobot.common] _read : FE FE 04 2B 01 CD A2
11:37:09.188 DEBU [pymycobot.common] _write: fe fe 3 2b d3 10 
11:37:09.203 DEBU [pymycobot.common] _read : FE FE 04 2B 01 CD A2
11:37:10.193 DEBU [pymycobot.common] _write: fe fe 3 2b d3 10 
11:37:10.206 DEBU [pymycobot.common] _read : FE FE 04 2B 01 CD A2
11:37:11.198 DEBU [pymycobot.common] _write: fe fe 3 2b d3 10 
11:37:11.202 DEBU [pymycobot.common] _read : FE FE 04 2B 01 CD A2
11:37:12.201 DEBU [pymycobot.common] _write: fe fe 3 2b d3 10 
11:37:12.208 DEBU [pymycobot.common] _read : FE FE 04 2B 01 CD A2
11:37:12.879 DEBU [pymycobot.common] _read : FE FE 04 5B 00 CD 46
11:37:13.192 DEBU [pymycobot.common] _write: fe fe 3 2b d3 10 
11:37:13.204 DEBU [pymycobot.common] _read : FE FE 04 2B 00 0D 63
11:37:14.210 DEBU [pymycobot.common] _write: fe fe 7 21 2 d6 fc a fb 4d 
11:37:14.217 DEBU [pymycobot.common] _read : FE FE 05 21 FF 01 E7 EC
11:37:15.213 DEBU [pymycobot.common] _write: fe fe 3 2b d3 10 
11:37:15.221 DEBU [pymycobot.common] _read : FE FE 04 2B 01 CD A2
11:37:16.217 DEBU [pymycobot.common] _write: fe fe 3 2b d3 10 
11:37:16.222 DEBU [pymycobot.common] _read : FE FE 04 2B 01 CD A2
11:37:17.220 DEBU [pymycobot.common] _write: fe fe 3 2b d3 10 
11:37:17.226 DEBU [pymycobot.common] _read : FE FE 04 2B 01 CD A2
11:37:18.223 DEBU [pymycobot.common] _write: fe fe 3 2b d3 10 
11:37:18.237 DEBU [pymycobot.common] _read : FE FE 04 2B 01 CD A2
11:37:19.227 DEBU [pymycobot.common] _write: fe fe 3 2b d3 10 
11:37:19.232 DEBU [pymycobot.common] _read : FE FE 04 2B 01 CD A2
11:37:20.231 DEBU [pymycobot.common] _write: fe fe 3 2b d3 10 
11:37:20.235 DEBU [pymycobot.common] _read : FE FE 04 2B 01 CD A2
11:37:21.236 DEBU [pymycobot.common] _write: fe fe 3 2b d3 10 
11:37:21.241 DEBU [pymycobot.common] _read : FE FE 04 2B 01 CD A2
11:37:21.905 DEBU [pymycobot.common] _read : FE FE 04 5B 00 CD 46
11:37:22.215 DEBU [pymycobot.common] _write: fe fe 3 2b d3 10 
11:37:22.220 DEBU [pymycobot.common] _read : FE FE 04 2B 00 0D 63
11:37:23.234 DEBU [pymycobot.common] _write: fe fe 4 1c 2 fc f4 
11:37:23.240 DEBU [pymycobot.common] _read : FE FE 11 1C D6 FD 00 00 D6 FD 23 27 00 00 00 00 00 00 BE F9
11:37:23.260 DEBU [pymycobot.common] _write: fe fe 10 22 0 0 0 0 0 0 0 0 0 0 0 0 a 29 22 
11:37:23.265 DEBU [pymycobot.common] _read : FE FE 05 22 FF 01 E7 1C
11:37:24.266 DEBU [pymycobot.common] _write: fe fe 3 2b d3 10 
11:37:24.276 DEBU [pymycobot.common] _read : FE FE 04 2B 01 CD A2
11:37:25.273 DEBU [pymycobot.common] _write: fe fe 3 2b d3 10 
11:37:25.278 DEBU [pymycobot.common] _read : FE FE 04 2B 01 CD A2
11:37:26.279 DEBU [pymycobot.common] _write: fe fe 3 2b d3 10 
11:37:26.287 DEBU [pymycobot.common] _read : FE FE 04 2B 01 CD A2
11:37:27.280 DEBU [pymycobot.common] _write: fe fe 3 2b d3 10 
11:37:27.284 DEBU [pymycobot.common] _read : FE FE 04 2B 01 CD A2
11:37:28.283 DEBU [pymycobot.common] _write: fe fe 3 2b d3 10 
11:37:28.288 DEBU [pymycobot.common] _read : FE FE 04 2B 01 CD A2
11:37:29.295 DEBU [pymycobot.common] _write: fe fe 3 2b d3 10 
11:37:29.304 DEBU [pymycobot.common] _read : FE FE 04 2B 01 CD A2
11:37:30.299 DEBU [pymycobot.common] _write: fe fe 3 2b d3 10 
11:37:30.306 DEBU [pymycobot.common] _read : FE FE 04 2B 01 CD A2
11:37:30.967 DEBU [pymycobot.common] _read : FE FE 04 5B 00 CD 46
11:37:33.314 DEBU [pymycobot.common] _write: fe fe 3 2b d3 10 
11:37:33.355 DEBU [pymycobot.common] _read : FE FE 04 2B 00 0D 63
11:37:34.415 DEBU [pymycobot.common] _write: fe fe 6 4c 3 fa 24 3a 3d 
11:37:34.421 DEBU [pymycobot.common] _read : FE FE 05 4C FF 01 3A 7D
11:37:34.437 DEBU [pymycobot.common] _write: fe fe 7 21 3 c7 5c a 2 64 
11:37:34.448 DEBU [pymycobot.common] _read : FE FE 05 21 FF 01 E7 EC
11:37:35.448 DEBU [pymycobot.common] _write: fe fe 3 2b d3 10 
11:37:35.468 DEBU [pymycobot.common] _read : FE FE 04 2B 01 CD A2
11:37:36.543 DEBU [pymycobot.common] _write: fe fe 3 2b d3 10 
11:37:36.568 DEBU [pymycobot.common] _read : FE FE 04 2B 01 CD A2
11:37:37.592 DEBU [pymycobot.common] _write: fe fe 3 2b d3 10 
11:37:37.804 DEBU [pymycobot.common] _read : FE FE 04 2B 01 CD A2
11:37:38.567 DEBU [pymycobot.common] _write: fe fe 3 2b d3 10 
11:37:38.595 DEBU [pymycobot.common] _read : FE FE 04 2B 01 CD A2
11:37:39.575 DEBU [pymycobot.common] _write: fe fe 3 2b d3 10 
11:37:39.605 DEBU [pymycobot.common] _read : FE FE 04 2B 01 CD A2
11:37:40.581 DEBU [pymycobot.common] _write: fe fe 3 2b d3 10 
11:37:40.601 DEBU [pymycobot.common] _read : FE FE 04 2B 01 CD A2
11:37:41.594 DEBU [pymycobot.common] _write: fe fe 3 2b d3 10 
11:37:41.618 DEBU [pymycobot.common] _read : FE FE 04 2B 01 CD A2
11:37:42.603 DEBU [pymycobot.common] _write: fe fe 3 2b d3 10 
11:37:42.610 DEBU [pymycobot.common] _read : FE FE 04 2B 01 CD A2
11:37:43.605 DEBU [pymycobot.common] _write: fe fe 3 2b d3 10 
11:37:43.666 DEBU [pymycobot.common] _read : FE FE 04 2B 01 CD A2
11:37:44.609 DEBU [pymycobot.common] _write: fe fe 3 2b d3 10 
11:37:44.744 DEBU [pymycobot.common] _read : FE FE 04 2B 01 CD A2
11:37:44.816 DEBU [pymycobot.common] _read : FE FE 04 5B 00 CD 46
11:37:45.192 DEBU [pymycobot.common] _write: fe fe 3 2b d3 10 
11:37:45.200 DEBU [pymycobot.common] _read : FE FE 04 2B 00 0D 63
11:37:46.252 DEBU [pymycobot.common] _write: fe fe 4 1c 3 3c 35 
11:37:46.293 DEBU [pymycobot.common] _read : FE FE 11 1C C7 5C 00 00 00 00 C7 5C 00 00 00 00 00 00 11 16
11:37:46.484 DEBU [pymycobot.common] _write: fe fe 10 22 0 0 0 0 0 0 0 0 0 0 0 0 a 29 22 
11:37:46.491 DEBU [pymycobot.common] _read : FE FE 05 22 FF 01 E7 1C
11:37:47.489 DEBU [pymycobot.common] _write: fe fe 3 2b d3 10 
11:37:47.498 DEBU [pymycobot.common] _read : FE FE 04 2B 01 CD A2
11:37:48.505 DEBU [pymycobot.common] _write: fe fe 3 2b d3 10 
11:37:48.512 DEBU [pymycobot.common] _read : FE FE 04 2B 01 CD A2
11:37:49.699 DEBU [pymycobot.common] _write: fe fe 3 2b d3 10 
11:37:49.735 DEBU [pymycobot.common] _read : FE FE 04 2B 01 CD A2
11:37:50.645 DEBU [pymycobot.common] _write: fe fe 3 2b d3 10 
11:37:50.659 DEBU [pymycobot.common] _read : FE FE 04 2B 01 CD A2
11:37:51.656 DEBU [pymycobot.common] _write: fe fe 3 2b d3 10 
11:37:51.669 DEBU [pymycobot.common] _read : FE FE 04 2B 01 CD A2
11:37:52.670 DEBU [pymycobot.common] _write: fe fe 3 2b d3 10 
11:37:52.704 DEBU [pymycobot.common] _read : FE FE 04 2B 01 CD A2
11:37:53.681 DEBU [pymycobot.common] _write: fe fe 3 2b d3 10 
11:37:53.695 DEBU [pymycobot.common] _read : FE FE 04 2B 01 CD A2
11:37:54.725 DEBU [pymycobot.common] _write: fe fe 3 2b d3 10 
11:37:54.816 DEBU [pymycobot.common] _read : FE FE 04 2B 01 CD A2
11:37:55.735 DEBU [pymycobot.common] _write: fe fe 3 2b d3 10 
11:37:55.750 DEBU [pymycobot.common] _read : FE FE 04 2B 01 CD A2
11:37:56.810 DEBU [pymycobot.common] _write: fe fe 3 2b d3 10 
11:37:56.822 DEBU [pymycobot.common] _read : FE FE 04 2B 01 CD A2
11:37:56.854 DEBU [pymycobot.common] _read : FE FE 04 5B 00 CD 46
11:37:59.195 DEBU [pymycobot.common] _write: fe fe 3 2b d3 10 
11:37:59.213 DEBU [pymycobot.common] _read : FE FE 04 2B 00 0D 63
11:38:00.238 DEBU [pymycobot.common] _write: fe fe 6 4c 4 f9 f2 95 d 
11:38:00.260 DEBU [pymycobot.common] _read : FE FE 05 4C FF 01 3A 7D
11:38:00.276 DEBU [pymycobot.common] _write: fe fe 7 21 4 c5 68 a 76 d2 
11:38:00.284 DEBU [pymycobot.common] _read : FE FE 05 21 FF 01 E7 EC
11:38:01.288 DEBU [pymycobot.common] _write: fe fe 3 2b d3 10 
11:38:01.300 DEBU [pymycobot.common] _read : FE FE 04 2B 01 CD A2
11:38:02.325 DEBU [pymycobot.common] _write: fe fe 3 2b d3 10 
11:38:02.349 DEBU [pymycobot.common] _read : FE FE 04 2B 01 CD A2
11:38:03.335 DEBU [pymycobot.common] _write: fe fe 3 2b d3 10 
11:38:03.377 DEBU [pymycobot.common] _read : FE FE 04 2B 01 CD A2
11:38:04.344 DEBU [pymycobot.common] _write: fe fe 3 2b d3 10 
11:38:04.350 DEBU [pymycobot.common] _read : FE FE 04 2B 01 CD A2
11:38:05.349 DEBU [pymycobot.common] _write: fe fe 3 2b d3 10 
11:38:05.360 DEBU [pymycobot.common] _read : FE FE 04 2B 01 CD A2
11:38:06.353 DEBU [pymycobot.common] _write: fe fe 3 2b d3 10 
11:38:06.367 DEBU [pymycobot.common] _read : FE FE 04 2B 01 CD A2
11:38:07.361 DEBU [pymycobot.common] _write: fe fe 3 2b d3 10 
11:38:07.368 DEBU [pymycobot.common] _read : FE FE 04 2B 01 CD A2
11:38:08.367 DEBU [pymycobot.common] _write: fe fe 3 2b d3 10 
11:38:08.374 DEBU [pymycobot.common] _read : FE FE 04 2B 01 CD A2
11:38:09.368 DEBU [pymycobot.common] _write: fe fe 3 2b d3 10 
11:38:09.376 DEBU [pymycobot.common] _read : FE FE 04 2B 01 CD A2
11:38:10.372 DEBU [pymycobot.common] _write: fe fe 3 2b d3 10 
11:38:10.378 DEBU [pymycobot.common] _read : FE FE 04 2B 01 CD A2
11:38:10.964 DEBU [pymycobot.common] _read : FE FE 04 5B 00 CD 46
11:38:11.324 DEBU [pymycobot.common] _write: fe fe 3 2b d3 10 
11:38:11.341 DEBU [pymycobot.common] _read : FE FE 04 2B 00 0D 63
11:38:12.354 DEBU [pymycobot.common] _write: fe fe 4 1c 4 fe 74 
11:38:12.361 DEBU [pymycobot.common] _read : FE FE 11 1C C5 69 00 00 00 00 00 00 C5 69 00 00 00 00 C9 C4
11:38:12.401 DEBU [pymycobot.common] _write: fe fe 10 22 0 0 0 0 0 0 0 0 0 0 0 0 a 29 22 
11:38:12.407 DEBU [pymycobot.common] _read : FE FE 05 22 FF 01 E7 1C
11:38:13.405 DEBU [pymycobot.common] _write: fe fe 3 2b d3 10 
11:38:13.413 DEBU [pymycobot.common] _read : FE FE 04 2B 01 CD A2
11:38:14.413 DEBU [pymycobot.common] _write: fe fe 3 2b d3 10 
11:38:14.418 DEBU [pymycobot.common] _read : FE FE 04 2B 01 CD A2
11:38:15.414 DEBU [pymycobot.common] _write: fe fe 3 2b d3 10 
11:38:15.420 DEBU [pymycobot.common] _read : FE FE 04 2B 01 CD A2
11:38:16.429 DEBU [pymycobot.common] _write: fe fe 3 2b d3 10 
11:38:16.436 DEBU [pymycobot.common] _read : FE FE 04 2B 01 CD A2
11:38:17.429 DEBU [pymycobot.common] _write: fe fe 3 2b d3 10 
11:38:17.435 DEBU [pymycobot.common] _read : FE FE 04 2B 01 CD A2
11:38:18.443 DEBU [pymycobot.common] _write: fe fe 3 2b d3 10 
11:38:18.451 DEBU [pymycobot.common] _read : FE FE 04 2B 01 CD A2
11:38:19.467 DEBU [pymycobot.common] _write: fe fe 3 2b d3 10 
11:38:19.503 DEBU [pymycobot.common] _read : FE FE 04 2B 01 CD A2
11:38:20.483 DEBU [pymycobot.common] _write: fe fe 3 2b d3 10 
11:38:20.489 DEBU [pymycobot.common] _read : FE FE 04 2B 01 CD A2
11:38:21.491 DEBU [pymycobot.common] _write: fe fe 3 2b d3 10 
11:38:21.504 DEBU [pymycobot.common] _read : FE FE 04 2B 01 CD A2
11:38:22.494 DEBU [pymycobot.common] _write: fe fe 3 2b d3 10 
11:38:22.501 DEBU [pymycobot.common] _read : FE FE 04 2B 01 CD A2
11:38:23.101 DEBU [pymycobot.common] _read : FE FE 04 5B 00 CD 46
11:38:25.566 DEBU [pymycobot.common] _write: fe fe 3 2b d3 10 
11:38:25.658 DEBU [pymycobot.common] _read : FE FE 04 2B 00 0D 63
11:38:26.817 DEBU [pymycobot.common] _write: fe fe 6 4c 5 f9 f2 55 5c 
11:38:26.846 DEBU [pymycobot.common] _read : FE FE 05 4C FF 01 3A 7D
11:38:26.848 DEBU [pymycobot.common] _write: fe fe 7 21 5 c5 68 a 8a d3 
11:38:26.872 DEBU [pymycobot.common] _read : FE FE 05 21 FF 01 E7 EC
11:38:27.918 DEBU [pymycobot.common] _write: fe fe 3 2b d3 10 
11:38:27.949 DEBU [pymycobot.common] _read : FE FE 04 2B 01 CD A2
11:38:28.926 DEBU [pymycobot.common] _write: fe fe 3 2b d3 10 
11:38:28.933 DEBU [pymycobot.common] _read : FE FE 04 2B 01 CD A2
11:38:29.939 DEBU [pymycobot.common] _write: fe fe 3 2b d3 10 
11:38:29.952 DEBU [pymycobot.common] _read : FE FE 04 2B 01 CD A2
11:38:30.950 DEBU [pymycobot.common] _write: fe fe 3 2b d3 10 
11:38:30.962 DEBU [pymycobot.common] _read : FE FE 04 2B 01 CD A2
11:38:31.977 DEBU [pymycobot.common] _write: fe fe 3 2b d3 10 
11:38:31.986 DEBU [pymycobot.common] _read : FE FE 04 2B 01 CD A2
11:38:32.963 DEBU [pymycobot.common] _write: fe fe 3 2b d3 10 
11:38:33.007 DEBU [pymycobot.common] _read : FE FE 04 2B 01 CD A2
11:38:33.983 DEBU [pymycobot.common] _write: fe fe 3 2b d3 10 
11:38:33.992 DEBU [pymycobot.common] _read : FE FE 04 2B 01 CD A2
11:38:35.008 DEBU [pymycobot.common] _write: fe fe 3 2b d3 10 
11:38:35.038 DEBU [pymycobot.common] _read : FE FE 04 2B 01 CD A2
11:38:36.009 DEBU [pymycobot.common] _write: fe fe 3 2b d3 10 
11:38:36.021 DEBU [pymycobot.common] _read : FE FE 04 2B 01 CD A2
11:38:37.018 DEBU [pymycobot.common] _write: fe fe 3 2b d3 10 
11:38:37.028 DEBU [pymycobot.common] _read : FE FE 04 2B 01 CD A2
11:38:37.559 DEBU [pymycobot.common] _read : FE FE 04 5B 00 CD 46
11:38:37.879 DEBU [pymycobot.common] _write: fe fe 3 2b d3 10 
11:38:37.889 DEBU [pymycobot.common] _read : FE FE 04 2B 00 0D 63
11:38:37.992 DEBU [pymycobot.common] _write: fe fe 3 2b d3 10 
11:38:38.000 DEBU [pymycobot.common] _read : FE FE 04 2B 00 0D 63
11:38:39.001 DEBU [pymycobot.common] _write: fe fe 4 1c 5 3e b5 
11:38:39.022 DEBU [pymycobot.common] _read : FE FE 11 1C C5 68 00 00 00 00 00 00 00 00 C5 68 00 00 04 36
11:38:39.148 DEBU [pymycobot.common] _write: fe fe 10 22 0 0 0 0 0 0 0 0 0 0 0 0 a 29 22 
11:38:39.154 DEBU [pymycobot.common] _read : FE FE 05 22 FF 01 E7 1C
11:38:40.156 DEBU [pymycobot.common] _write: fe fe 3 2b d3 10 
11:38:40.163 DEBU [pymycobot.common] _read : FE FE 04 2B 01 CD A2
11:38:40.415 DEBU [pymycobot.common] _write: fe fe 3 2b d3 10 
11:38:40.437 DEBU [pymycobot.common] _read : FE FE 04 2B 01 CD A2
11:38:40.673 DEBU [pymycobot.common] _write: fe fe 3 2b d3 10 
11:38:40.681 DEBU [pymycobot.common] _read : FE FE 04 2B 01 CD A2
11:38:40.933 DEBU [pymycobot.common] _write: fe fe 3 2b d3 10 
11:38:40.939 DEBU [pymycobot.common] _read : FE FE 04 2B 01 CD A2
11:38:41.193 DEBU [pymycobot.common] _write: fe fe 3 2b d3 10 
11:38:41.200 DEBU [pymycobot.common] _read : FE FE 04 2B 01 CD A2
11:38:41.640 DEBU [pymycobot.common] _write: fe fe 3 2b d3 10 
11:38:41.665 DEBU [pymycobot.common] _read : FE FE 04 2B 01 CD A2
11:38:41.893 DEBU [pymycobot.common] _write: fe fe 3 2b d3 10 
11:38:41.910 DEBU [pymycobot.common] _read : FE FE 04 2B 01 CD A2
11:38:42.150 DEBU [pymycobot.common] _write: fe fe 3 2b d3 10 
11:38:42.162 DEBU [pymycobot.common] _read : FE FE 04 2B 01 CD A2
11:38:42.407 DEBU [pymycobot.common] _write: fe fe 3 2b d3 10 
11:38:42.415 DEBU [pymycobot.common] _read : FE FE 04 2B 01 CD A2
11:38:42.667 DEBU [pymycobot.common] _write: fe fe 3 2b d3 10 
11:38:42.673 DEBU [pymycobot.common] _read : FE FE 04 2B 01 CD A2
11:38:42.928 DEBU [pymycobot.common] _write: fe fe 3 2b d3 10 
11:38:42.936 DEBU [pymycobot.common] _read : FE FE 04 2B 01 CD A2
11:38:43.186 DEBU [pymycobot.common] _write: fe fe 3 2b d3 10 
11:38:43.191 DEBU [pymycobot.common] _read : FE FE 04 2B 01 CD A2
11:38:43.444 DEBU [pymycobot.common] _write: fe fe 3 2b d3 10 
11:38:43.450 DEBU [pymycobot.common] _read : FE FE 04 2B 01 CD A2
11:38:43.705 DEBU [pymycobot.common] _write: fe fe 3 2b d3 10 
11:38:43.709 DEBU [pymycobot.common] _read : FE FE 04 2B 01 CD A2
11:38:43.961 DEBU [pymycobot.common] _write: fe fe 3 2b d3 10 
11:38:43.969 DEBU [pymycobot.common] _read : FE FE 04 2B 01 CD A2
11:38:44.218 DEBU [pymycobot.common] _write: fe fe 3 2b d3 10 
11:38:44.226 DEBU [pymycobot.common] _read : FE FE 04 2B 01 CD A2
11:38:44.476 DEBU [pymycobot.common] _write: fe fe 3 2b d3 10 
11:38:44.482 DEBU [pymycobot.common] _read : FE FE 04 2B 01 CD A2
11:38:44.735 DEBU [pymycobot.common] _write: fe fe 3 2b d3 10 
11:38:44.743 DEBU [pymycobot.common] _read : FE FE 04 2B 01 CD A2
11:38:44.993 DEBU [pymycobot.common] _write: fe fe 3 2b d3 10 
11:38:45.005 DEBU [pymycobot.common] _read : FE FE 04 2B 01 CD A2
11:38:45.250 DEBU [pymycobot.common] _write: fe fe 3 2b d3 10 
11:38:45.256 DEBU [pymycobot.common] _read : FE FE 04 2B 01 CD A2
11:38:45.508 DEBU [pymycobot.common] _write: fe fe 3 2b d3 10 
11:38:45.513 DEBU [pymycobot.common] _read : FE FE 04 2B 01 CD A2
11:38:45.767 DEBU [pymycobot.common] _write: fe fe 3 2b d3 10 
11:38:45.775 DEBU [pymycobot.common] _read : FE FE 04 2B 01 CD A2
11:38:46.024 DEBU [pymycobot.common] _write: fe fe 3 2b d3 10 
11:38:46.031 DEBU [pymycobot.common] _read : FE FE 04 2B 01 CD A2
11:38:46.281 DEBU [pymycobot.common] _write: fe fe 3 2b d3 10 
11:38:46.287 DEBU [pymycobot.common] _read : FE FE 04 2B 01 CD A2
11:38:46.539 DEBU [pymycobot.common] _write: fe fe 3 2b d3 10 
11:38:46.544 DEBU [pymycobot.common] _read : FE FE 04 2B 01 CD A2
11:38:46.798 DEBU [pymycobot.common] _write: fe fe 3 2b d3 10 
11:38:46.807 DEBU [pymycobot.common] _read : FE FE 04 2B 01 CD A2
11:38:47.056 DEBU [pymycobot.common] _write: fe fe 3 2b d3 10 
11:38:47.065 DEBU [pymycobot.common] _read : FE FE 04 2B 01 CD A2
11:38:47.313 DEBU [pymycobot.common] _write: fe fe 3 2b d3 10 
11:38:47.320 DEBU [pymycobot.common] _read : FE FE 04 2B 01 CD A2
11:38:47.570 DEBU [pymycobot.common] _write: fe fe 3 2b d3 10 
11:38:47.577 DEBU [pymycobot.common] _read : FE FE 04 2B 01 CD A2
11:38:47.829 DEBU [pymycobot.common] _write: fe fe 3 2b d3 10 
11:38:47.836 DEBU [pymycobot.common] _read : FE FE 04 2B 01 CD A2
11:38:48.086 DEBU [pymycobot.common] _write: fe fe 3 2b d3 10 
11:38:48.092 DEBU [pymycobot.common] _read : FE FE 04 2B 01 CD A2
11:38:48.345 DEBU [pymycobot.common] _write: fe fe 3 2b d3 10 
11:38:48.356 DEBU [pymycobot.common] _read : FE FE 04 2B 01 CD A2
11:38:48.602 DEBU [pymycobot.common] _write: fe fe 3 2b d3 10 
11:38:48.610 DEBU [pymycobot.common] _read : FE FE 04 2B 01 CD A2
11:38:48.863 DEBU [pymycobot.common] _write: fe fe 3 2b d3 10 
11:38:48.872 DEBU [pymycobot.common] _read : FE FE 04 2B 01 CD A2
11:38:49.123 DEBU [pymycobot.common] _write: fe fe 3 2b d3 10 
11:38:49.134 DEBU [pymycobot.common] _read : FE FE 04 2B 01 CD A2
11:38:49.381 DEBU [pymycobot.common] _write: fe fe 3 2b d3 10 
11:38:49.387 DEBU [pymycobot.common] _read : FE FE 04 2B 01 CD A2
11:38:49.641 DEBU [pymycobot.common] _write: fe fe 3 2b d3 10 
11:38:49.648 DEBU [pymycobot.common] _read : FE FE 04 2B 01 CD A2
11:38:49.840 DEBU [pymycobot.common] _read : FE FE 04 5B 00 CD 46
11:38:52.168 DEBU [pymycobot.common] _write: fe fe 3 2b d3 10 
11:38:52.173 DEBU [pymycobot.common] _read : FE FE 04 2B 00 0D 63
11:38:52.273 DEBU [pymycobot.common] _write: fe fe 3 2b d3 10 
11:38:52.278 DEBU [pymycobot.common] _read : FE FE 04 2B 00 0D 63
11:38:53.282 DEBU [pymycobot.common] _write: fe fe 6 4c 6 f9 c0 80 2d 
11:38:53.287 DEBU [pymycobot.common] _read : FE FE 05 4C FF 01 3A 7D
11:38:53.291 DEBU [pymycobot.common] _write: fe fe 7 21 6 c3 74 a f 3b 
11:38:53.297 DEBU [pymycobot.common] _read : FE FE 05 21 FF 01 E7 EC
11:38:54.307 DEBU [pymycobot.common] _write: fe fe 3 2b d3 10 
11:38:54.312 DEBU [pymycobot.common] _read : FE FE 04 2B 01 CD A2
11:38:54.566 DEBU [pymycobot.common] _write: fe fe 3 2b d3 10 
11:38:54.572 DEBU [pymycobot.common] _read : FE FE 04 2B 01 CD A2
11:38:54.822 DEBU [pymycobot.common] _write: fe fe 3 2b d3 10 
11:38:54.829 DEBU [pymycobot.common] _read : FE FE 04 2B 01 CD A2
11:38:55.082 DEBU [pymycobot.common] _write: fe fe 3 2b d3 10 
11:38:55.088 DEBU [pymycobot.common] _read : FE FE 04 2B 01 CD A2
11:38:55.341 DEBU [pymycobot.common] _write: fe fe 3 2b d3 10 
11:38:55.346 DEBU [pymycobot.common] _read : FE FE 04 2B 01 CD A2
11:38:55.599 DEBU [pymycobot.common] _write: fe fe 3 2b d3 10 
11:38:55.604 DEBU [pymycobot.common] _read : FE FE 04 2B 01 CD A2
11:38:55.858 DEBU [pymycobot.common] _write: fe fe 3 2b d3 10 
11:38:55.875 DEBU [pymycobot.common] _read : FE FE 04 2B 01 CD A2
11:38:56.117 DEBU [pymycobot.common] _write: fe fe 3 2b d3 10 
11:38:56.126 DEBU [pymycobot.common] _read : FE FE 04 2B 01 CD A2
11:38:56.375 DEBU [pymycobot.common] _write: fe fe 3 2b d3 10 
11:38:56.380 DEBU [pymycobot.common] _read : FE FE 04 2B 01 CD A2
11:38:56.633 DEBU [pymycobot.common] _write: fe fe 3 2b d3 10 
11:38:56.648 DEBU [pymycobot.common] _read : FE FE 04 2B 01 CD A2
11:38:56.887 DEBU [pymycobot.common] _write: fe fe 3 2b d3 10 
11:38:56.893 DEBU [pymycobot.common] _read : FE FE 04 2B 01 CD A2
11:38:57.146 DEBU [pymycobot.common] _write: fe fe 3 2b d3 10 
11:38:57.153 DEBU [pymycobot.common] _read : FE FE 04 2B 01 CD A2
11:38:57.402 DEBU [pymycobot.common] _write: fe fe 3 2b d3 10 
11:38:57.418 DEBU [pymycobot.common] _read : FE FE 04 2B 01 CD A2
11:38:57.659 DEBU [pymycobot.common] _write: fe fe 3 2b d3 10 
11:38:57.666 DEBU [pymycobot.common] _read : FE FE 04 2B 01 CD A2
11:38:57.920 DEBU [pymycobot.common] _write: fe fe 3 2b d3 10 
11:38:57.927 DEBU [pymycobot.common] _read : FE FE 04 2B 01 CD A2
11:38:58.177 DEBU [pymycobot.common] _write: fe fe 3 2b d3 10 
11:38:58.183 DEBU [pymycobot.common] _read : FE FE 04 2B 01 CD A2
11:38:58.433 DEBU [pymycobot.common] _write: fe fe 3 2b d3 10 
11:38:58.439 DEBU [pymycobot.common] _read : FE FE 04 2B 01 CD A2
11:38:58.690 DEBU [pymycobot.common] _write: fe fe 3 2b d3 10 
11:38:58.697 DEBU [pymycobot.common] _read : FE FE 04 2B 01 CD A2
11:38:58.948 DEBU [pymycobot.common] _write: fe fe 3 2b d3 10 
11:38:58.961 DEBU [pymycobot.common] _read : FE FE 04 2B 01 CD A2
11:38:59.206 DEBU [pymycobot.common] _write: fe fe 3 2b d3 10 
11:38:59.211 DEBU [pymycobot.common] _read : FE FE 04 2B 01 CD A2
11:38:59.461 DEBU [pymycobot.common] _write: fe fe 3 2b d3 10 
11:38:59.469 DEBU [pymycobot.common] _read : FE FE 04 2B 01 CD A2
11:38:59.721 DEBU [pymycobot.common] _write: fe fe 3 2b d3 10 
11:38:59.726 DEBU [pymycobot.common] _read : FE FE 04 2B 01 CD A2
11:38:59.982 DEBU [pymycobot.common] _write: fe fe 3 2b d3 10 
11:38:59.987 DEBU [pymycobot.common] _read : FE FE 04 2B 01 CD A2
11:39:00.238 DEBU [pymycobot.common] _write: fe fe 3 2b d3 10 
11:39:00.246 DEBU [pymycobot.common] _read : FE FE 04 2B 01 CD A2
11:39:00.499 DEBU [pymycobot.common] _write: fe fe 3 2b d3 10 
11:39:00.506 DEBU [pymycobot.common] _read : FE FE 04 2B 01 CD A2
11:39:00.758 DEBU [pymycobot.common] _write: fe fe 3 2b d3 10 
11:39:00.763 DEBU [pymycobot.common] _read : FE FE 04 2B 01 CD A2
11:39:01.012 DEBU [pymycobot.common] _write: fe fe 3 2b d3 10 
11:39:01.018 DEBU [pymycobot.common] _read : FE FE 04 2B 01 CD A2
11:39:01.270 DEBU [pymycobot.common] _write: fe fe 3 2b d3 10 
11:39:01.279 DEBU [pymycobot.common] _read : FE FE 04 2B 01 CD A2
11:39:01.527 DEBU [pymycobot.common] _write: fe fe 3 2b d3 10 
11:39:01.533 DEBU [pymycobot.common] _read : FE FE 04 2B 01 CD A2
11:39:01.784 DEBU [pymycobot.common] _write: fe fe 3 2b d3 10 
11:39:01.789 DEBU [pymycobot.common] _read : FE FE 04 2B 01 CD A2
11:39:02.042 DEBU [pymycobot.common] _write: fe fe 3 2b d3 10 
11:39:02.049 DEBU [pymycobot.common] _read : FE FE 04 2B 01 CD A2
11:39:02.300 DEBU [pymycobot.common] _write: fe fe 3 2b d3 10 
11:39:02.311 DEBU [pymycobot.common] _read : FE FE 04 2B 01 CD A2
11:39:02.558 DEBU [pymycobot.common] _write: fe fe 3 2b d3 10 
11:39:02.563 DEBU [pymycobot.common] _read : FE FE 04 2B 01 CD A2
11:39:02.820 DEBU [pymycobot.common] _write: fe fe 3 2b d3 10 
11:39:02.827 DEBU [pymycobot.common] _read : FE FE 04 2B 01 CD A2
11:39:03.079 DEBU [pymycobot.common] _write: fe fe 3 2b d3 10 
11:39:03.086 DEBU [pymycobot.common] _read : FE FE 04 2B 01 CD A2
11:39:03.337 DEBU [pymycobot.common] _write: fe fe 3 2b d3 10 
11:39:03.342 DEBU [pymycobot.common] _read : FE FE 04 2B 01 CD A2
11:39:03.595 DEBU [pymycobot.common] _write: fe fe 3 2b d3 10 
11:39:03.600 DEBU [pymycobot.common] _read : FE FE 04 2B 01 CD A2
11:39:03.854 DEBU [pymycobot.common] _write: fe fe 3 2b d3 10 
11:39:03.860 DEBU [pymycobot.common] _read : FE FE 04 2B 01 CD A2
11:39:04.113 DEBU [pymycobot.common] _write: fe fe 3 2b d3 10 
11:39:04.118 DEBU [pymycobot.common] _read : FE FE 04 2B 01 CD A2
11:39:04.325 DEBU [pymycobot.common] _read : FE FE 04 5B 00 CD 46
11:39:04.644 DEBU [pymycobot.common] _write: fe fe 3 2b d3 10 
11:39:04.650 DEBU [pymycobot.common] _read : FE FE 04 2B 00 0D 63
11:39:04.752 DEBU [pymycobot.common] _write: fe fe 3 2b d3 10 
11:39:04.760 DEBU [pymycobot.common] _read : FE FE 04 2B 00 0D 63
11:39:05.767 DEBU [pymycobot.common] _write: fe fe 4 1c 6 3f f5 
11:39:05.773 DEBU [pymycobot.common] _read : FE FE 11 1C C3 75 00 00 00 00 00 00 00 00 00 00 C3 75 D8 31
11:39:05.797 DEBU [pymycobot.common] _write: fe fe 10 22 0 0 0 0 0 0 0 0 0 0 0 0 a 29 22 
11:39:05.802 DEBU [pymycobot.common] _read : FE FE 05 22 FF 01 E7 1C
11:39:06.814 DEBU [pymycobot.common] _write: fe fe 3 2b d3 10 
11:39:06.821 DEBU [pymycobot.common] _read : FE FE 04 2B 01 CD A2
11:39:07.073 DEBU [pymycobot.common] _write: fe fe 3 2b d3 10 
11:39:07.088 DEBU [pymycobot.common] _read : FE FE 04 2B 01 CD A2
11:39:07.331 DEBU [pymycobot.common] _write: fe fe 3 2b d3 10 
11:39:07.336 DEBU [pymycobot.common] _read : FE FE 04 2B 01 CD A2
11:39:07.592 DEBU [pymycobot.common] _write: fe fe 3 2b d3 10 
11:39:07.598 DEBU [pymycobot.common] _read : FE FE 04 2B 01 CD A2
11:39:07.849 DEBU [pymycobot.common] _write: fe fe 3 2b d3 10 
11:39:07.856 DEBU [pymycobot.common] _read : FE FE 04 2B 01 CD A2
11:39:08.108 DEBU [pymycobot.common] _write: fe fe 3 2b d3 10 
11:39:08.120 DEBU [pymycobot.common] _read : FE FE 04 2B 01 CD A2
11:39:08.365 DEBU [pymycobot.common] _write: fe fe 3 2b d3 10 
11:39:08.373 DEBU [pymycobot.common] _read : FE FE 04 2B 01 CD A2
11:39:08.623 DEBU [pymycobot.common] _write: fe fe 3 2b d3 10 
11:39:08.629 DEBU [pymycobot.common] _read : FE FE 04 2B 01 CD A2
11:39:08.882 DEBU [pymycobot.common] _write: fe fe 3 2b d3 10 
11:39:08.889 DEBU [pymycobot.common] _read : FE FE 04 2B 01 CD A2
11:39:09.141 DEBU [pymycobot.common] _write: fe fe 3 2b d3 10 
11:39:09.149 DEBU [pymycobot.common] _read : FE FE 04 2B 01 CD A2
11:39:09.399 DEBU [pymycobot.common] _write: fe fe 3 2b d3 10 
11:39:09.405 DEBU [pymycobot.common] _read : FE FE 04 2B 01 CD A2
11:39:09.657 DEBU [pymycobot.common] _write: fe fe 3 2b d3 10 
11:39:09.664 DEBU [pymycobot.common] _read : FE FE 04 2B 01 CD A2
11:39:09.913 DEBU [pymycobot.common] _write: fe fe 3 2b d3 10 
11:39:09.923 DEBU [pymycobot.common] _read : FE FE 04 2B 01 CD A2
11:39:10.171 DEBU [pymycobot.common] _write: fe fe 3 2b d3 10 
11:39:10.177 DEBU [pymycobot.common] _read : FE FE 04 2B 01 CD A2
11:39:10.429 DEBU [pymycobot.common] _write: fe fe 3 2b d3 10 
11:39:10.434 DEBU [pymycobot.common] _read : FE FE 04 2B 01 CD A2
11:39:10.688 DEBU [pymycobot.common] _write: fe fe 3 2b d3 10 
11:39:10.703 DEBU [pymycobot.common] _read : FE FE 04 2B 01 CD A2
11:39:10.946 DEBU [pymycobot.common] _write: fe fe 3 2b d3 10 
11:39:10.954 DEBU [pymycobot.common] _read : FE FE 04 2B 01 CD A2
11:39:11.206 DEBU [pymycobot.common] _write: fe fe 3 2b d3 10 
11:39:11.210 DEBU [pymycobot.common] _read : FE FE 04 2B 01 CD A2
11:39:11.461 DEBU [pymycobot.common] _write: fe fe 3 2b d3 10 
11:39:11.466 DEBU [pymycobot.common] _read : FE FE 04 2B 01 CD A2
11:39:11.743 DEBU [pymycobot.common] _write: fe fe 3 2b d3 10 
11:39:11.752 DEBU [pymycobot.common] _read : FE FE 04 2B 01 CD A2
11:39:12.005 DEBU [pymycobot.common] _write: fe fe 3 2b d3 10 
11:39:12.012 DEBU [pymycobot.common] _read : FE FE 04 2B 01 CD A2
11:39:12.263 DEBU [pymycobot.common] _write: fe fe 3 2b d3 10 
11:39:12.269 DEBU [pymycobot.common] _read : FE FE 04 2B 01 CD A2
11:39:12.523 DEBU [pymycobot.common] _write: fe fe 3 2b d3 10 
11:39:12.527 DEBU [pymycobot.common] _read : FE FE 04 2B 01 CD A2
11:39:12.779 DEBU [pymycobot.common] _write: fe fe 3 2b d3 10 
11:39:12.791 DEBU [pymycobot.common] _read : FE FE 04 2B 01 CD A2
11:39:13.038 DEBU [pymycobot.common] _write: fe fe 3 2b d3 10 
11:39:13.055 DEBU [pymycobot.common] _read : FE FE 04 2B 01 CD A2
11:39:13.297 DEBU [pymycobot.common] _write: fe fe 3 2b d3 10 
11:39:13.307 DEBU [pymycobot.common] _read : FE FE 04 2B 01 CD A2
11:39:13.555 DEBU [pymycobot.common] _write: fe fe 3 2b d3 10 
11:39:13.561 DEBU [pymycobot.common] _read : FE FE 04 2B 01 CD A2
11:39:13.813 DEBU [pymycobot.common] _write: fe fe 3 2b d3 10 
11:39:13.821 DEBU [pymycobot.common] _read : FE FE 04 2B 01 CD A2
11:39:14.071 DEBU [pymycobot.common] _write: fe fe 3 2b d3 10 
11:39:14.077 DEBU [pymycobot.common] _read : FE FE 04 2B 01 CD A2
11:39:14.331 DEBU [pymycobot.common] _write: fe fe 3 2b d3 10 
11:39:14.335 DEBU [pymycobot.common] _read : FE FE 04 2B 01 CD A2
11:39:14.590 DEBU [pymycobot.common] _write: fe fe 3 2b d3 10 
11:39:14.596 DEBU [pymycobot.common] _read : FE FE 04 2B 01 CD A2
11:39:14.848 DEBU [pymycobot.common] _write: fe fe 3 2b d3 10 
11:39:14.854 DEBU [pymycobot.common] _read : FE FE 04 2B 01 CD A2
11:39:15.104 DEBU [pymycobot.common] _write: fe fe 3 2b d3 10 
11:39:15.110 DEBU [pymycobot.common] _read : FE FE 04 2B 01 CD A2
11:39:15.365 DEBU [pymycobot.common] _write: fe fe 3 2b d3 10 
11:39:15.372 DEBU [pymycobot.common] _read : FE FE 04 2B 01 CD A2
11:39:15.621 DEBU [pymycobot.common] _write: fe fe 3 2b d3 10 
11:39:15.629 DEBU [pymycobot.common] _read : FE FE 04 2B 01 CD A2
11:39:15.881 DEBU [pymycobot.common] _write: fe fe 3 2b d3 10 
11:39:15.890 DEBU [pymycobot.common] _read : FE FE 04 2B 01 CD A2
11:39:16.139 DEBU [pymycobot.common] _write: fe fe 3 2b d3 10 
11:39:16.143 DEBU [pymycobot.common] _read : FE FE 04 2B 01 CD A2
11:39:16.397 DEBU [pymycobot.common] _write: fe fe 3 2b d3 10 
11:39:16.403 DEBU [pymycobot.common] _read : FE FE 04 2B 01 CD A2
11:39:16.655 DEBU [pymycobot.common] _write: fe fe 3 2b d3 10 
11:39:16.661 DEBU [pymycobot.common] _read : FE FE 04 2B 01 CD A2
11:39:16.822 DEBU [pymycobot.common] _read : FE FE 04 5B 00 CD 46
11:39:19.152 DEBU [pymycobot.common] _write: fe fe 3 2b d3 10 
11:39:19.158 DEBU [pymycobot.common] _read : FE FE 04 2B 00 0D 63
11:39:19.259 DEBU [pymycobot.common] _write: fe fe 3 2b d3 10 
11:39:19.264 DEBU [pymycobot.common] _read : FE FE 04 2B 00 0D 63
11:39:20.272 DEBU [pymycobot.common] _write: fe fe 10 22 0 0 0 0 0 0 0 0 0 0 0 0 a 29 22 
11:39:20.279 DEBU [pymycobot.common] _read : FE FE 05 22 FF 01 E7 1C
11:39:20.294 DEBU [pymycobot.common] _read : FE FE 04 5B 00 CD 46
11:39:22.619 DEBU [pymycobot.common] _write: fe fe 3 2b d3 10 
11:39:22.624 DEBU [pymycobot.common] _read : FE FE 04 2B 00 0D 63
11:39:23.627 DEBU [pymycobot.common] _write: fe fe 10 22 0 0 0 0 0 0 0 0 0 0 0 0 a 29 22 
11:39:23.633 DEBU [pymycobot.common] _read : FE FE 05 22 FF 01 E7 1C
11:39:23.644 DEBU [pymycobot.common] _read : FE FE 04 5B 00 CD 46
11:39:25.965 DEBU [pymycobot.common] _write: fe fe 3 2b d3 10 
11:39:25.971 DEBU [pymycobot.common] _read : FE FE 04 2B 00 0D 63
11:39:26.984 DEBU [pymycobot.common] _write: fe fe 10 22 0 0 0 0 0 0 0 0 0 0 0 0 a 29 22 
11:39:26.989 DEBU [pymycobot.common] _read : FE FE 05 22 FF 01 E7 1C
11:39:26.998 DEBU [pymycobot.common] _read : FE FE 04 5B 00 CD 46
11:39:29.319 DEBU [pymycobot.common] _write: fe fe 3 2b d3 10 
11:39:29.326 DEBU [pymycobot.common] _read : FE FE 04 2B 00 0D 63
11:39:30.341 DEBU [pymycobot.common] _write: fe fe 10 22 0 0 0 0 0 0 0 0 0 0 0 0 a 29 22 
11:39:30.345 DEBU [pymycobot.common] _read : FE FE 05 22 FF 01 E7 1C
11:39:30.358 DEBU [pymycobot.common] _read : FE FE 04 5B 00 CD 46
11:39:32.680 DEBU [pymycobot.common] _write: fe fe 3 2b d3 10 
11:39:32.689 DEBU [pymycobot.common] _read : FE FE 04 2B 00 0D 63
11:39:33.705 DEBU [pymycobot.common] _write: fe fe 10 22 0 0 0 0 0 0 0 0 0 0 0 0 a 29 22 
11:39:33.712 DEBU [pymycobot.common] _read : FE FE 05 22 FF 01 E7 1C
11:39:33.728 DEBU [pymycobot.common] _read : FE FE 04 5B 00 CD 46
11:39:36.052 DEBU [pymycobot.common] _write: fe fe 3 2b d3 10 
11:39:36.059 DEBU [pymycobot.common] _read : FE FE 04 2B 00 0D 63
11:39:37.059 DEBU [pymycobot.common] _write: fe fe 10 22 0 0 0 0 0 0 0 0 0 0 0 0 a 29 22 
11:39:37.064 DEBU [pymycobot.common] _read : FE FE 05 22 FF 01 E7 1C
11:39:37.075 DEBU [pymycobot.common] _read : FE FE 04 5B 00 CD 46
11:39:39.393 DEBU [pymycobot.common] _write: fe fe 3 2b d3 10 
11:39:39.409 DEBU [pymycobot.common] _read : FE FE 04 2B 00 0D 63
11:39:40.409 DEBU [pymycobot.common] _write: fe fe 10 22 0 0 0 0 0 0 0 0 0 0 0 0 a 29 22 
11:39:40.414 DEBU [pymycobot.common] _read : FE FE 05 22 FF 01 E7 1C
11:39:40.425 DEBU [pymycobot.common] _read : FE FE 04 5B 00 CD 46
11:39:42.746 DEBU [pymycobot.common] _write: fe fe 3 2b d3 10 
11:39:42.751 DEBU [pymycobot.common] _read : FE FE 04 2B 00 0D 63
11:39:43.767 DEBU [pymycobot.common] _write: fe fe 10 22 0 0 0 0 0 0 0 0 0 0 0 0 a 29 22 
11:39:43.774 DEBU [pymycobot.common] _read : FE FE 05 22 FF 01 E7 1C
11:39:43.790 DEBU [pymycobot.common] _read : FE FE 04 5B 00 CD 46
11:39:46.100 DEBU [pymycobot.common] _write: fe fe 3 2b d3 10 
11:39:46.106 DEBU [pymycobot.common] _read : FE FE 04 2B 00 0D 63
11:39:47.115 DEBU [pymycobot.common] _write: fe fe 6 4c 1 f9 8e 75 1c 
11:39:47.122 DEBU [pymycobot.common] _read : FE FE 05 4C FF 01 3A 7D
11:39:47.236 DEBU [pymycobot.common] _write: fe fe 6 4c 2 fb 50 4d 6d 
11:39:47.242 DEBU [pymycobot.common] _read : FE FE 05 4C FF 01 3A 7D
11:39:47.358 DEBU [pymycobot.common] _write: fe fe 6 4c 3 f9 d4 8e 3d 
11:39:47.364 DEBU [pymycobot.common] _read : FE FE 05 4C FF 01 3A 7D
11:39:47.479 DEBU [pymycobot.common] _write: fe fe 6 4c 4 f9 8e 74 c 
11:39:47.492 DEBU [pymycobot.common] _read : FE FE 05 4C FF 01 3A 7D
11:39:47.601 DEBU [pymycobot.common] _write: fe fe 6 4c 5 f9 8e b4 5d 
11:39:47.607 DEBU [pymycobot.common] _read : FE FE 05 4C FF 01 3A 7D
11:39:47.722 DEBU [pymycobot.common] _write: fe fe 6 4c 6 f9 2a f ac 
11:39:47.729 DEBU [pymycobot.common] _read : FE FE 05 4C FF 01 3A 7D
11:39:47.843 DEBU [pymycobot.common] _write: fe fe 6 4d 1 6 72 38 5c 
11:39:47.850 DEBU [pymycobot.common] _read : FE FE 05 4D FF 01 FA 2C
11:39:47.964 DEBU [pymycobot.common] _write: fe fe 6 4d 2 4 b0 c9 2c 
11:39:47.977 DEBU [pymycobot.common] _read : FE FE 05 4D FF 01 FA 2C
11:39:48.087 DEBU [pymycobot.common] _write: fe fe 6 4d 3 6 2c 0 7c 
11:39:48.092 DEBU [pymycobot.common] _read : FE FE 05 4D FF 01 FA 2C
11:39:48.210 DEBU [pymycobot.common] _write: fe fe 6 4d 4 6 72 39 4c 
11:39:48.217 DEBU [pymycobot.common] _read : FE FE 05 4D FF 01 FA 2C
11:39:48.332 DEBU [pymycobot.common] _write: fe fe 6 4d 5 6 72 f9 1d 
11:39:48.337 DEBU [pymycobot.common] _read : FE FE 05 4D FF 01 FA 2C
11:39:48.455 DEBU [pymycobot.common] _write: fe fe 6 4d 6 6 d6 42 ec 
11:39:48.462 DEBU [pymycobot.common] _read : FE FE 05 4D FF 01 FA 2C
11:41:10.490 DEBU [pymycobot.common] _write: fe fe 6 4c 1 f9 f2 94 1d 
11:41:10.495 DEBU [pymycobot.common] _read : FE FE 05 4C FF 01 3A 7D
11:41:10.509 DEBU [pymycobot.common] _write: fe fe 7 21 1 c1 80 a 7b dd 
11:41:10.514 DEBU [pymycobot.common] _read : FE FE 05 21 FF 01 E7 EC
11:41:11.510 DEBU [pymycobot.common] _write: fe fe 3 2b d3 10 
11:41:11.516 DEBU [pymycobot.common] _read : FE FE 04 2B 01 CD A2
11:41:12.522 DEBU [pymycobot.common] _write: fe fe 3 2b d3 10 
11:41:12.527 DEBU [pymycobot.common] _read : FE FE 04 2B 01 CD A2
11:41:13.527 DEBU [pymycobot.common] _write: fe fe 3 2b d3 10 
11:41:13.533 DEBU [pymycobot.common] _read : FE FE 04 2B 01 CD A2
11:41:14.529 DEBU [pymycobot.common] _write: fe fe 3 2b d3 10 
11:41:14.535 DEBU [pymycobot.common] _read : FE FE 04 2B 01 CD A2
11:41:15.536 DEBU [pymycobot.common] _write: fe fe 3 2b d3 10 
11:41:15.540 DEBU [pymycobot.common] _read : FE FE 04 2B 01 CD A2
11:41:16.541 DEBU [pymycobot.common] _write: fe fe 3 2b d3 10 
11:41:16.555 DEBU [pymycobot.common] _read : FE FE 04 2B 01 CD A2
11:41:17.546 DEBU [pymycobot.common] _write: fe fe 3 2b d3 10 
11:41:17.553 DEBU [pymycobot.common] _read : FE FE 04 2B 01 CD A2
11:41:18.551 DEBU [pymycobot.common] _write: fe fe 3 2b d3 10 
11:41:18.557 DEBU [pymycobot.common] _read : FE FE 04 2B 01 CD A2
11:41:19.555 DEBU [pymycobot.common] _write: fe fe 3 2b d3 10 
11:41:19.560 DEBU [pymycobot.common] _read : FE FE 04 2B 01 CD A2
11:41:20.568 DEBU [pymycobot.common] _write: fe fe 3 2b d3 10 
11:41:20.573 DEBU [pymycobot.common] _read : FE FE 04 2B 01 CD A2
11:41:21.479 DEBU [pymycobot.common] _read : FE FE 04 5B 00 CD 46
11:41:21.798 DEBU [pymycobot.common] _write: fe fe 3 2b d3 10 
11:41:21.803 DEBU [pymycobot.common] _read : FE FE 04 2B 00 0D 63
11:41:22.829 DEBU [pymycobot.common] _write: fe fe 4 1c 1 fd b4 
11:41:22.835 DEBU [pymycobot.common] _read : FE FE 11 1C C3 44 C3 44 00 00 00 00 00 00 00 00 00 00 0A A4
11:41:22.846 DEBU [pymycobot.common] _write: fe fe 10 22 0 0 0 0 0 0 0 0 0 0 0 0 a 29 22 
11:41:22.851 DEBU [pymycobot.common] _read : FE FE 05 22 FF 01 E7 1C
11:41:23.848 DEBU [pymycobot.common] _write: fe fe 3 2b d3 10 
11:41:23.853 DEBU [pymycobot.common] _read : FE FE 04 2B 01 CD A2
11:41:24.851 DEBU [pymycobot.common] _write: fe fe 3 2b d3 10 
11:41:24.856 DEBU [pymycobot.common] _read : FE FE 04 2B 01 CD A2
11:41:25.854 DEBU [pymycobot.common] _write: fe fe 3 2b d3 10 
11:41:25.858 DEBU [pymycobot.common] _read : FE FE 04 2B 01 CD A2
11:41:26.856 DEBU [pymycobot.common] _write: fe fe 3 2b d3 10 
11:41:26.862 DEBU [pymycobot.common] _read : FE FE 04 2B 01 CD A2
11:41:27.860 DEBU [pymycobot.common] _write: fe fe 3 2b d3 10 
11:41:27.864 DEBU [pymycobot.common] _read : FE FE 04 2B 01 CD A2
11:41:28.862 DEBU [pymycobot.common] _write: fe fe 3 2b d3 10 
11:41:28.873 DEBU [pymycobot.common] _read : FE FE 04 2B 01 CD A2
11:41:29.862 DEBU [pymycobot.common] _write: fe fe 3 2b d3 10 
11:41:29.867 DEBU [pymycobot.common] _read : FE FE 04 2B 01 CD A2
11:41:30.864 DEBU [pymycobot.common] _write: fe fe 3 2b d3 10 
11:41:30.868 DEBU [pymycobot.common] _read : FE FE 04 2B 01 CD A2
11:41:31.866 DEBU [pymycobot.common] _write: fe fe 3 2b d3 10 
11:41:31.879 DEBU [pymycobot.common] _read : FE FE 04 2B 01 CD A2
11:41:32.881 DEBU [pymycobot.common] _write: fe fe 3 2b d3 10 
11:41:32.886 DEBU [pymycobot.common] _read : FE FE 04 2B 01 CD A2
11:41:33.886 DEBU [pymycobot.common] _write: fe fe 3 2b d3 10 
11:41:33.893 DEBU [pymycobot.common] _read : FE FE 04 2B 01 CD A2
11:41:33.906 DEBU [pymycobot.common] _read : FE FE 04 5B 00 CD 46
11:41:36.224 DEBU [pymycobot.common] _write: fe fe 3 2b d3 10 
11:41:36.228 DEBU [pymycobot.common] _read : FE FE 04 2B 00 0D 63
11:41:37.244 DEBU [pymycobot.common] _write: fe fe 6 4c 2 fb b4 6 6d 
11:41:37.251 DEBU [pymycobot.common] _read : FE FE 05 4C FF 01 3A 7D
11:41:37.257 DEBU [pymycobot.common] _write: fe fe 7 21 3 23 28 a 35 3 
11:41:37.263 DEBU [pymycobot.common] _read : FE FE 05 21 FF 01 E7 EC
11:41:38.263 DEBU [pymycobot.common] _write: fe fe 3 2b d3 10 
11:41:38.272 DEBU [pymycobot.common] _read : FE FE 04 2B 01 CD A2
11:41:39.267 DEBU [pymycobot.common] _write: fe fe 3 2b d3 10 
11:41:39.282 DEBU [pymycobot.common] _read : FE FE 04 2B 01 CD A2
11:41:40.270 DEBU [pymycobot.common] _write: fe fe 3 2b d3 10 
11:41:40.275 DEBU [pymycobot.common] _read : FE FE 04 2B 01 CD A2
11:41:41.277 DEBU [pymycobot.common] _write: fe fe 3 2b d3 10 
11:41:41.289 DEBU [pymycobot.common] _read : FE FE 04 2B 01 CD A2
11:41:42.287 DEBU [pymycobot.common] _write: fe fe 3 2b d3 10 
11:41:42.299 DEBU [pymycobot.common] _read : FE FE 04 2B 01 CD A2
11:41:43.289 DEBU [pymycobot.common] _write: fe fe 3 2b d3 10 
11:41:43.295 DEBU [pymycobot.common] _read : FE FE 04 2B 01 CD A2
11:41:43.957 DEBU [pymycobot.common] _read : FE FE 04 5B 00 CD 46
11:41:44.274 DEBU [pymycobot.common] _write: fe fe 3 2b d3 10 
11:41:44.278 DEBU [pymycobot.common] _read : FE FE 04 2B 00 0D 63
11:41:45.290 DEBU [pymycobot.common] _write: fe fe 7 21 2 d3 14 a fa 13 
11:41:45.296 DEBU [pymycobot.common] _read : FE FE 05 21 FF 01 E7 EC
11:41:46.294 DEBU [pymycobot.common] _write: fe fe 3 2b d3 10 
11:41:46.299 DEBU [pymycobot.common] _read : FE FE 04 2B 01 CD A2
11:41:47.296 DEBU [pymycobot.common] _write: fe fe 3 2b d3 10 
11:41:47.307 DEBU [pymycobot.common] _read : FE FE 04 2B 01 CD A2
11:41:48.298 DEBU [pymycobot.common] _write: fe fe 3 2b d3 10 
11:41:48.304 DEBU [pymycobot.common] _read : FE FE 04 2B 01 CD A2
11:41:49.299 DEBU [pymycobot.common] _write: fe fe 3 2b d3 10 
11:41:49.303 DEBU [pymycobot.common] _read : FE FE 04 2B 01 CD A2
11:41:50.312 DEBU [pymycobot.common] _write: fe fe 3 2b d3 10 
11:41:50.317 DEBU [pymycobot.common] _read : FE FE 04 2B 01 CD A2
11:41:51.314 DEBU [pymycobot.common] _write: fe fe 3 2b d3 10 
11:41:51.325 DEBU [pymycobot.common] _read : FE FE 04 2B 01 CD A2
11:41:52.318 DEBU [pymycobot.common] _write: fe fe 3 2b d3 10 
11:41:52.323 DEBU [pymycobot.common] _read : FE FE 04 2B 01 CD A2
11:41:53.277 DEBU [pymycobot.common] _read : FE FE 04 5B 00 CD 46
11:41:53.591 DEBU [pymycobot.common] _write: fe fe 3 2b d3 10 
11:41:53.596 DEBU [pymycobot.common] _read : FE FE 04 2B 00 0D 63
11:41:54.608 DEBU [pymycobot.common] _write: fe fe 4 1c 2 fc f4 
11:41:54.614 DEBU [pymycobot.common] _read : FE FE 11 1C D4 D2 00 00 D4 D2 23 27 00 00 00 00 00 00 E8 E8
11:41:54.626 DEBU [pymycobot.common] _write: fe fe 10 22 0 0 0 0 0 0 0 0 0 0 0 0 a 29 22 
11:41:54.642 DEBU [pymycobot.common] _read : FE FE 05 22 FF 01 E7 1C
11:41:55.641 DEBU [pymycobot.common] _write: fe fe 3 2b d3 10 
11:41:55.646 DEBU [pymycobot.common] _read : FE FE 04 2B 01 CD A2
11:41:56.647 DEBU [pymycobot.common] _write: fe fe 3 2b d3 10 
11:41:56.653 DEBU [pymycobot.common] _read : FE FE 04 2B 01 CD A2
11:41:57.660 DEBU [pymycobot.common] _write: fe fe 3 2b d3 10 
11:41:57.664 DEBU [pymycobot.common] _read : FE FE 04 2B 01 CD A2
11:41:58.663 DEBU [pymycobot.common] _write: fe fe 3 2b d3 10 
11:41:58.669 DEBU [pymycobot.common] _read : FE FE 04 2B 01 CD A2
11:41:59.665 DEBU [pymycobot.common] _write: fe fe 3 2b d3 10 
11:41:59.672 DEBU [pymycobot.common] _read : FE FE 04 2B 01 CD A2
11:42:00.678 DEBU [pymycobot.common] _write: fe fe 3 2b d3 10 
11:42:00.692 DEBU [pymycobot.common] _read : FE FE 04 2B 01 CD A2
11:42:01.681 DEBU [pymycobot.common] _write: fe fe 3 2b d3 10 
11:42:01.688 DEBU [pymycobot.common] _read : FE FE 04 2B 01 CD A2
11:42:02.683 DEBU [pymycobot.common] _write: fe fe 3 2b d3 10 
11:42:02.689 DEBU [pymycobot.common] _read : FE FE 04 2B 01 CD A2
11:42:02.705 DEBU [pymycobot.common] _read : FE FE 04 5B 00 CD 46
11:42:05.024 DEBU [pymycobot.common] _write: fe fe 3 2b d3 10 
11:42:05.030 DEBU [pymycobot.common] _read : FE FE 04 2B 00 0D 63
11:42:06.056 DEBU [pymycobot.common] _write: fe fe 6 4c 3 fa 24 3a 3d 
11:42:06.060 DEBU [pymycobot.common] _read : FE FE 05 4C FF 01 3A 7D
11:42:06.069 DEBU [pymycobot.common] _write: fe fe 7 21 3 c3 74 a c3 3b 
11:42:06.074 DEBU [pymycobot.common] _read : FE FE 05 21 FF 01 E7 EC
11:42:07.071 DEBU [pymycobot.common] _write: fe fe 3 2b d3 10 
11:42:07.075 DEBU [pymycobot.common] _read : FE FE 04 2B 01 CD A2
11:42:08.071 DEBU [pymycobot.common] _write: fe fe 3 2b d3 10 
11:42:08.076 DEBU [pymycobot.common] _read : FE FE 04 2B 01 CD A2
11:42:09.076 DEBU [pymycobot.common] _write: fe fe 3 2b d3 10 
11:42:09.080 DEBU [pymycobot.common] _read : FE FE 04 2B 01 CD A2
11:42:10.079 DEBU [pymycobot.common] _write: fe fe 3 2b d3 10 
11:42:10.086 DEBU [pymycobot.common] _read : FE FE 04 2B 01 CD A2
11:42:11.083 DEBU [pymycobot.common] _write: fe fe 3 2b d3 10 
11:42:11.089 DEBU [pymycobot.common] _read : FE FE 04 2B 01 CD A2
11:42:12.083 DEBU [pymycobot.common] _write: fe fe 3 2b d3 10 
11:42:12.088 DEBU [pymycobot.common] _read : FE FE 04 2B 01 CD A2
11:42:13.086 DEBU [pymycobot.common] _write: fe fe 3 2b d3 10 
11:42:13.101 DEBU [pymycobot.common] _read : FE FE 04 2B 01 CD A2
11:42:14.101 DEBU [pymycobot.common] _write: fe fe 3 2b d3 10 
11:42:14.109 DEBU [pymycobot.common] _read : FE FE 04 2B 01 CD A2
11:42:15.104 DEBU [pymycobot.common] _write: fe fe 3 2b d3 10 
11:42:15.108 DEBU [pymycobot.common] _read : FE FE 04 2B 01 CD A2
11:42:16.105 DEBU [pymycobot.common] _write: fe fe 3 2b d3 10 
11:42:16.109 DEBU [pymycobot.common] _read : FE FE 04 2B 01 CD A2
11:42:16.722 DEBU [pymycobot.common] _read : FE FE 04 5B 00 CD 46
11:42:17.036 DEBU [pymycobot.common] _write: fe fe 3 2b d3 10 
11:42:17.040 DEBU [pymycobot.common] _read : FE FE 04 2B 00 0D 63
11:42:18.058 DEBU [pymycobot.common] _write: fe fe 4 1c 3 3c 35 
11:42:18.065 DEBU [pymycobot.common] _read : FE FE 11 1C C5 32 00 00 00 00 C5 32 00 00 00 00 00 00 E2 8C
11:42:18.075 DEBU [pymycobot.common] _write: fe fe 10 22 0 0 0 0 0 0 0 0 0 0 0 0 a 29 22 
11:42:18.079 DEBU [pymycobot.common] _read : FE FE 05 22 FF 01 E7 1C
11:42:19.078 DEBU [pymycobot.common] _write: fe fe 3 2b d3 10 
11:42:19.082 DEBU [pymycobot.common] _read : FE FE 04 2B 01 CD A2
11:42:20.092 DEBU [pymycobot.common] _write: fe fe 3 2b d3 10 
11:42:20.098 DEBU [pymycobot.common] _read : FE FE 04 2B 01 CD A2
11:42:21.099 DEBU [pymycobot.common] _write: fe fe 3 2b d3 10 
11:42:21.112 DEBU [pymycobot.common] _read : FE FE 04 2B 01 CD A2
11:42:22.101 DEBU [pymycobot.common] _write: fe fe 3 2b d3 10 
11:42:22.109 DEBU [pymycobot.common] _read : FE FE 04 2B 01 CD A2
11:42:23.104 DEBU [pymycobot.common] _write: fe fe 3 2b d3 10 
11:42:23.111 DEBU [pymycobot.common] _read : FE FE 04 2B 01 CD A2
11:42:24.106 DEBU [pymycobot.common] _write: fe fe 3 2b d3 10 
11:42:24.109 DEBU [pymycobot.common] _read : FE FE 04 2B 01 CD A2
11:42:25.109 DEBU [pymycobot.common] _write: fe fe 3 2b d3 10 
11:42:25.117 DEBU [pymycobot.common] _read : FE FE 04 2B 01 CD A2
11:42:26.121 DEBU [pymycobot.common] _write: fe fe 3 2b d3 10 
11:42:26.126 DEBU [pymycobot.common] _read : FE FE 04 2B 01 CD A2
11:42:27.126 DEBU [pymycobot.common] _write: fe fe 3 2b d3 10 
11:42:27.139 DEBU [pymycobot.common] _read : FE FE 04 2B 01 CD A2
11:42:28.129 DEBU [pymycobot.common] _write: fe fe 3 2b d3 10 
11:42:28.133 DEBU [pymycobot.common] _read : FE FE 04 2B 01 CD A2
11:42:28.811 DEBU [pymycobot.common] _read : FE FE 04 5B 00 CD 46
11:42:31.124 DEBU [pymycobot.common] _write: fe fe 3 2b d3 10 
11:42:31.129 DEBU [pymycobot.common] _read : FE FE 04 2B 00 0D 63
11:42:32.144 DEBU [pymycobot.common] _write: fe fe 6 4c 4 f9 f2 95 d 
11:42:32.148 DEBU [pymycobot.common] _read : FE FE 05 4C FF 01 3A 7D
11:42:32.156 DEBU [pymycobot.common] _write: fe fe 7 21 4 c1 80 a b7 dd 
11:42:32.162 DEBU [pymycobot.common] _read : FE FE 05 21 FF 01 E7 EC
11:42:33.169 DEBU [pymycobot.common] _write: fe fe 3 2b d3 10 
11:42:33.174 DEBU [pymycobot.common] _read : FE FE 04 2B 01 CD A2
11:42:34.173 DEBU [pymycobot.common] _write: fe fe 3 2b d3 10 
11:42:34.181 DEBU [pymycobot.common] _read : FE FE 04 2B 01 CD A2
11:42:35.174 DEBU [pymycobot.common] _write: fe fe 3 2b d3 10 
11:42:35.182 DEBU [pymycobot.common] _read : FE FE 04 2B 01 CD A2
11:42:36.179 DEBU [pymycobot.common] _write: fe fe 3 2b d3 10 
11:42:36.183 DEBU [pymycobot.common] _read : FE FE 04 2B 01 CD A2
11:42:37.192 DEBU [pymycobot.common] _write: fe fe 3 2b d3 10 
11:42:37.198 DEBU [pymycobot.common] _read : FE FE 04 2B 01 CD A2
11:42:38.197 DEBU [pymycobot.common] _write: fe fe 3 2b d3 10 
11:42:38.202 DEBU [pymycobot.common] _read : FE FE 04 2B 01 CD A2
11:42:39.209 DEBU [pymycobot.common] _write: fe fe 3 2b d3 10 
11:42:39.214 DEBU [pymycobot.common] _read : FE FE 04 2B 01 CD A2
11:42:40.223 DEBU [pymycobot.common] _write: fe fe 3 2b d3 10 
11:42:40.229 DEBU [pymycobot.common] _read : FE FE 04 2B 01 CD A2
11:42:41.226 DEBU [pymycobot.common] _write: fe fe 3 2b d3 10 
11:42:41.231 DEBU [pymycobot.common] _read : FE FE 04 2B 01 CD A2
11:42:42.240 DEBU [pymycobot.common] _write: fe fe 3 2b d3 10 
11:42:42.253 DEBU [pymycobot.common] _read : FE FE 04 2B 01 CD A2
11:42:43.138 DEBU [pymycobot.common] _read : FE FE 04 5B 00 CD 46
11:42:43.451 DEBU [pymycobot.common] _write: fe fe 3 2b d3 10 
11:42:43.456 DEBU [pymycobot.common] _read : FE FE 04 2B 00 0D 63
11:42:44.470 DEBU [pymycobot.common] _write: fe fe 4 1c 4 fe 74 
11:42:44.475 DEBU [pymycobot.common] _read : FE FE 11 1C C3 44 00 00 00 00 00 00 C3 44 00 00 00 00 82 02
11:42:44.487 DEBU [pymycobot.common] _write: fe fe 10 22 0 0 0 0 0 0 0 0 0 0 0 0 a 29 22 
11:42:44.492 DEBU [pymycobot.common] _read : FE FE 05 22 FF 01 E7 1C
11:42:45.489 DEBU [pymycobot.common] _write: fe fe 3 2b d3 10 
11:42:45.495 DEBU [pymycobot.common] _read : FE FE 04 2B 01 CD A2
11:42:46.494 DEBU [pymycobot.common] _write: fe fe 3 2b d3 10 
11:42:46.499 DEBU [pymycobot.common] _read : FE FE 04 2B 01 CD A2
11:42:47.498 DEBU [pymycobot.common] _write: fe fe 3 2b d3 10 
11:42:47.503 DEBU [pymycobot.common] _read : FE FE 04 2B 01 CD A2
11:42:48.513 DEBU [pymycobot.common] _write: fe fe 3 2b d3 10 
11:42:48.518 DEBU [pymycobot.common] _read : FE FE 04 2B 01 CD A2
11:42:49.517 DEBU [pymycobot.common] _write: fe fe 3 2b d3 10 
11:42:49.524 DEBU [pymycobot.common] _read : FE FE 04 2B 01 CD A2
11:42:50.523 DEBU [pymycobot.common] _write: fe fe 3 2b d3 10 
11:42:50.528 DEBU [pymycobot.common] _read : FE FE 04 2B 01 CD A2
11:42:51.524 DEBU [pymycobot.common] _write: fe fe 3 2b d3 10 
11:42:51.530 DEBU [pymycobot.common] _read : FE FE 04 2B 01 CD A2
11:42:52.536 DEBU [pymycobot.common] _write: fe fe 3 2b d3 10 
11:42:52.542 DEBU [pymycobot.common] _read : FE FE 04 2B 01 CD A2
11:42:53.538 DEBU [pymycobot.common] _write: fe fe 3 2b d3 10 
11:42:53.543 DEBU [pymycobot.common] _read : FE FE 04 2B 01 CD A2
11:42:54.543 DEBU [pymycobot.common] _write: fe fe 3 2b d3 10 
11:42:54.549 DEBU [pymycobot.common] _read : FE FE 04 2B 01 CD A2
11:42:55.544 DEBU [pymycobot.common] _read : FE FE 04 5B 00 CD 46
11:42:57.852 DEBU [pymycobot.common] _write: fe fe 3 2b d3 10 
11:42:57.860 DEBU [pymycobot.common] _read : FE FE 04 2B 00 0D 63
11:42:58.871 DEBU [pymycobot.common] _write: fe fe 6 4c 5 f9 f2 55 5c 
11:42:58.878 DEBU [pymycobot.common] _read : FE FE 05 4C FF 01 3A 7D
11:42:58.885 DEBU [pymycobot.common] _write: fe fe 7 21 5 c1 80 a 4b dc 
11:42:58.892 DEBU [pymycobot.common] _read : FE FE 05 21 FF 01 E7 EC
11:42:59.901 DEBU [pymycobot.common] _write: fe fe 3 2b d3 10 
11:42:59.905 DEBU [pymycobot.common] _read : FE FE 04 2B 01 CD A2
11:43:00.916 DEBU [pymycobot.common] _write: fe fe 3 2b d3 10 
11:43:00.920 DEBU [pymycobot.common] _read : FE FE 04 2B 01 CD A2
11:43:01.921 DEBU [pymycobot.common] _write: fe fe 3 2b d3 10 
11:43:01.928 DEBU [pymycobot.common] _read : FE FE 04 2B 01 CD A2
11:43:02.922 DEBU [pymycobot.common] _write: fe fe 3 2b d3 10 
11:43:02.927 DEBU [pymycobot.common] _read : FE FE 04 2B 01 CD A2
11:43:03.926 DEBU [pymycobot.common] _write: fe fe 3 2b d3 10 
11:43:03.931 DEBU [pymycobot.common] _read : FE FE 04 2B 01 CD A2
11:43:04.930 DEBU [pymycobot.common] _write: fe fe 3 2b d3 10 
11:43:04.935 DEBU [pymycobot.common] _read : FE FE 04 2B 01 CD A2
11:43:05.937 DEBU [pymycobot.common] _write: fe fe 3 2b d3 10 
11:43:05.951 DEBU [pymycobot.common] _read : FE FE 04 2B 01 CD A2
11:43:06.944 DEBU [pymycobot.common] _write: fe fe 3 2b d3 10 
11:43:06.959 DEBU [pymycobot.common] _read : FE FE 04 2B 01 CD A2
11:43:07.949 DEBU [pymycobot.common] _write: fe fe 3 2b d3 10 
11:43:07.954 DEBU [pymycobot.common] _read : FE FE 04 2B 01 CD A2
11:43:08.953 DEBU [pymycobot.common] _write: fe fe 3 2b d3 10 
11:43:08.959 DEBU [pymycobot.common] _read : FE FE 04 2B 01 CD A2
11:43:09.870 DEBU [pymycobot.common] _read : FE FE 04 5B 00 CD 46
11:43:10.184 DEBU [pymycobot.common] _write: fe fe 3 2b d3 10 
11:43:10.189 DEBU [pymycobot.common] _read : FE FE 04 2B 00 0D 63
11:43:11.203 DEBU [pymycobot.common] _write: fe fe 4 1c 5 3e b5 
11:43:11.208 DEBU [pymycobot.common] _read : FE FE 11 1C C3 44 00 00 00 00 00 00 00 00 C3 44 00 00 EF 9F
11:43:11.220 DEBU [pymycobot.common] _write: fe fe 10 22 0 0 0 0 0 0 0 0 0 0 0 0 a 29 22 
11:43:11.225 DEBU [pymycobot.common] _read : FE FE 05 22 FF 01 E7 1C
11:43:12.223 DEBU [pymycobot.common] _write: fe fe 3 2b d3 10 
11:43:12.229 DEBU [pymycobot.common] _read : FE FE 04 2B 01 CD A2
11:43:13.238 DEBU [pymycobot.common] _write: fe fe 3 2b d3 10 
11:43:13.244 DEBU [pymycobot.common] _read : FE FE 04 2B 01 CD A2
11:43:14.242 DEBU [pymycobot.common] _write: fe fe 3 2b d3 10 
11:43:14.247 DEBU [pymycobot.common] _read : FE FE 04 2B 01 CD A2
11:43:15.244 DEBU [pymycobot.common] _write: fe fe 3 2b d3 10 
11:43:15.255 DEBU [pymycobot.common] _read : FE FE 04 2B 01 CD A2
11:43:16.251 DEBU [pymycobot.common] _write: fe fe 3 2b d3 10 
11:43:16.269 DEBU [pymycobot.common] _read : FE FE 04 2B 01 CD A2
11:43:17.254 DEBU [pymycobot.common] _write: fe fe 3 2b d3 10 
11:43:17.261 DEBU [pymycobot.common] _read : FE FE 04 2B 01 CD A2
11:43:18.254 DEBU [pymycobot.common] _write: fe fe 3 2b d3 10 
11:43:18.259 DEBU [pymycobot.common] _read : FE FE 04 2B 01 CD A2
11:43:19.269 DEBU [pymycobot.common] _write: fe fe 3 2b d3 10 
11:43:19.275 DEBU [pymycobot.common] _read : FE FE 04 2B 01 CD A2
11:43:20.272 DEBU [pymycobot.common] _write: fe fe 3 2b d3 10 
11:43:20.277 DEBU [pymycobot.common] _read : FE FE 04 2B 01 CD A2
11:43:21.286 DEBU [pymycobot.common] _write: fe fe 3 2b d3 10 
11:43:21.290 DEBU [pymycobot.common] _read : FE FE 04 2B 01 CD A2
11:43:22.282 DEBU [pymycobot.common] _read : FE FE 04 5B 00 CD 46
11:43:24.602 DEBU [pymycobot.common] _write: fe fe 3 2b d3 10 
11:43:24.606 DEBU [pymycobot.common] _read : FE FE 04 2B 00 0D 63
11:43:25.623 DEBU [pymycobot.common] _write: fe fe 6 4c 6 f9 c0 80 2d 
11:43:25.635 DEBU [pymycobot.common] _read : FE FE 05 4C FF 01 3A 7D
11:43:25.650 DEBU [pymycobot.common] _write: fe fe 7 21 6 bf 8c a 17 b9 
11:43:25.656 DEBU [pymycobot.common] _read : FE FE 05 21 FF 01 E7 EC
11:43:26.666 DEBU [pymycobot.common] _write: fe fe 3 2b d3 10 
11:43:26.671 DEBU [pymycobot.common] _read : FE FE 04 2B 01 CD A2
11:43:27.681 DEBU [pymycobot.common] _write: fe fe 3 2b d3 10 
11:43:27.685 DEBU [pymycobot.common] _read : FE FE 04 2B 01 CD A2
11:43:28.683 DEBU [pymycobot.common] _write: fe fe 3 2b d3 10 
11:43:28.688 DEBU [pymycobot.common] _read : FE FE 04 2B 01 CD A2
11:43:29.688 DEBU [pymycobot.common] _write: fe fe 3 2b d3 10 
11:43:29.693 DEBU [pymycobot.common] _read : FE FE 04 2B 01 CD A2
11:43:30.689 DEBU [pymycobot.common] _write: fe fe 3 2b d3 10 
11:43:30.692 DEBU [pymycobot.common] _read : FE FE 04 2B 01 CD A2
11:43:31.689 DEBU [pymycobot.common] _write: fe fe 3 2b d3 10 
11:43:31.703 DEBU [pymycobot.common] _read : FE FE 04 2B 01 CD A2
11:43:32.692 DEBU [pymycobot.common] _write: fe fe 3 2b d3 10 
11:43:32.704 DEBU [pymycobot.common] _read : FE FE 04 2B 01 CD A2
11:43:33.698 DEBU [pymycobot.common] _write: fe fe 3 2b d3 10 
11:43:33.705 DEBU [pymycobot.common] _read : FE FE 04 2B 01 CD A2
11:43:34.705 DEBU [pymycobot.common] _write: fe fe 3 2b d3 10 
11:43:34.711 DEBU [pymycobot.common] _read : FE FE 04 2B 01 CD A2
11:43:35.720 DEBU [pymycobot.common] _write: fe fe 3 2b d3 10 
11:43:35.724 DEBU [pymycobot.common] _read : FE FE 04 2B 01 CD A2
11:43:36.724 DEBU [pymycobot.common] _write: fe fe 3 2b d3 10 
11:43:36.729 DEBU [pymycobot.common] _read : FE FE 04 2B 01 CD A2
11:43:36.969 DEBU [pymycobot.common] _read : FE FE 04 5B 00 CD 46
11:43:37.321 DEBU [pymycobot.common] _write: fe fe 3 2b d3 10 
11:43:37.326 DEBU [pymycobot.common] _read : FE FE 04 2B 00 0D 63
11:43:38.339 DEBU [pymycobot.common] _write: fe fe 4 1c 6 3f f5 
11:43:38.345 DEBU [pymycobot.common] _read : FE FE 11 1C C1 4C 00 00 00 00 00 00 00 00 00 00 C1 4C 51 AF
11:43:38.356 DEBU [pymycobot.common] _write: fe fe 10 22 0 0 0 0 0 0 0 0 0 0 0 0 a 29 22 
11:43:38.362 DEBU [pymycobot.common] _read : FE FE 05 22 FF 01 E7 1C
11:43:39.358 DEBU [pymycobot.common] _write: fe fe 3 2b d3 10 
11:43:39.364 DEBU [pymycobot.common] _read : FE FE 04 2B 01 CD A2
11:43:40.372 DEBU [pymycobot.common] _write: fe fe 3 2b d3 10 
11:43:40.376 DEBU [pymycobot.common] _read : FE FE 04 2B 01 CD A2
11:43:41.375 DEBU [pymycobot.common] _write: fe fe 3 2b d3 10 
11:43:41.380 DEBU [pymycobot.common] _read : FE FE 04 2B 01 CD A2
11:43:42.376 DEBU [pymycobot.common] _write: fe fe 3 2b d3 10 
11:43:42.381 DEBU [pymycobot.common] _read : FE FE 04 2B 01 CD A2
11:43:43.377 DEBU [pymycobot.common] _write: fe fe 3 2b d3 10 
11:43:43.383 DEBU [pymycobot.common] _read : FE FE 04 2B 01 CD A2
11:43:44.380 DEBU [pymycobot.common] _write: fe fe 3 2b d3 10 
11:43:44.385 DEBU [pymycobot.common] _read : FE FE 04 2B 01 CD A2
11:43:45.383 DEBU [pymycobot.common] _write: fe fe 3 2b d3 10 
11:43:45.389 DEBU [pymycobot.common] _read : FE FE 04 2B 01 CD A2
11:43:46.397 DEBU [pymycobot.common] _write: fe fe 3 2b d3 10 
11:43:46.402 DEBU [pymycobot.common] _read : FE FE 04 2B 01 CD A2
11:43:47.414 DEBU [pymycobot.common] _write: fe fe 3 2b d3 10 
11:43:47.418 DEBU [pymycobot.common] _read : FE FE 04 2B 01 CD A2
11:43:48.416 DEBU [pymycobot.common] _write: fe fe 3 2b d3 10 
11:43:48.422 DEBU [pymycobot.common] _read : FE FE 04 2B 01 CD A2
11:43:49.418 DEBU [pymycobot.common] _write: fe fe 3 2b d3 10 
11:43:49.422 DEBU [pymycobot.common] _read : FE FE 04 2B 01 CD A2
11:43:49.750 DEBU [pymycobot.common] _read : FE FE 04 5B 00 CD 46
11:43:52.070 DEBU [pymycobot.common] _write: fe fe 3 2b d3 10 
11:43:52.080 DEBU [pymycobot.common] _read : FE FE 04 2B 00 0D 63
11:43:53.093 DEBU [pymycobot.common] _write: fe fe 10 22 0 0 0 0 0 0 0 0 0 0 0 0 a 29 22 
11:43:53.118 DEBU [pymycobot.common] _read : FE FE 05 22 FF 01 E7 1C FE FE 04 5B 00 CD 46
11:43:54.102 DEBU [pymycobot.common] _write: fe fe 3 2b d3 10 
11:43:54.107 DEBU [pymycobot.common] _read : FE FE 04 2B 00 0D 63
11:43:54.362 DEBU [pymycobot.common] _write: fe fe 3 2b d3 10 
11:43:54.370 DEBU [pymycobot.common] _read : FE FE 04 2B 00 0D 63
11:43:56.686 DEBU [pymycobot.common] _write: fe fe 3 2b d3 10 
11:43:56.691 DEBU [pymycobot.common] _read : FE FE 04 2B 00 0D 63
11:43:57.706 DEBU [pymycobot.common] _write: fe fe 10 22 0 0 0 0 0 0 0 0 0 0 0 0 a 29 22 
11:43:57.712 DEBU [pymycobot.common] _read : FE FE 05 22 FF 01 E7 1C
11:43:57.725 DEBU [pymycobot.common] _read : FE FE 04 5B 00 CD 46
11:44:00.039 DEBU [pymycobot.common] _write: fe fe 3 2b d3 10 
11:44:00.043 DEBU [pymycobot.common] _read : FE FE 04 2B 00 0D 63
11:44:01.071 DEBU [pymycobot.common] _write: fe fe 10 22 0 0 0 0 0 0 0 0 0 0 0 0 a 29 22 
11:44:01.076 DEBU [pymycobot.common] _read : FE FE 05 22 FF 01 E7 1C
11:44:01.092 DEBU [pymycobot.common] _read : FE FE 04 5B 00 CD 46
11:44:03.406 DEBU [pymycobot.common] _write: fe fe 3 2b d3 10 
11:44:03.411 DEBU [pymycobot.common] _read : FE FE 04 2B 00 0D 63
11:44:04.426 DEBU [pymycobot.common] _write: fe fe 10 22 0 0 0 0 0 0 0 0 0 0 0 0 a 29 22 
11:44:04.432 DEBU [pymycobot.common] _read : FE FE 05 22 FF 01 E7 1C
11:44:04.444 DEBU [pymycobot.common] _read : FE FE 04 5B 00 CD 46
11:44:06.757 DEBU [pymycobot.common] _write: fe fe 3 2b d3 10 
11:44:06.761 DEBU [pymycobot.common] _read : FE FE 04 2B 00 0D 63
11:44:07.777 DEBU [pymycobot.common] _write: fe fe 10 22 0 0 0 0 0 0 0 0 0 0 0 0 a 29 22 
11:44:07.783 DEBU [pymycobot.common] _read : FE FE 05 22 FF 01 E7 1C
11:44:07.796 DEBU [pymycobot.common] _read : FE FE 04 5B 00 CD 46
11:44:10.111 DEBU [pymycobot.common] _write: fe fe 3 2b d3 10 
11:44:10.119 DEBU [pymycobot.common] _read : FE FE 04 2B 00 0D 63
11:44:11.133 DEBU [pymycobot.common] _write: fe fe 10 22 0 0 0 0 0 0 0 0 0 0 0 0 a 29 22 
11:44:11.145 DEBU [pymycobot.common] _read : FE FE 05 22 FF 01 E7 1C
11:44:11.161 DEBU [pymycobot.common] _read : FE FE 04 5B 00 CD 46
11:44:13.494 DEBU [pymycobot.common] _write: fe fe 3 2b d3 10 
11:44:13.498 DEBU [pymycobot.common] _read : FE FE 04 2B 00 0D 63
11:44:14.514 DEBU [pymycobot.common] _write: fe fe 10 22 0 0 0 0 0 0 0 0 0 0 0 0 a 29 22 
11:44:14.518 DEBU [pymycobot.common] _read : FE FE 05 22 FF 01 E7 1C
11:44:14.531 DEBU [pymycobot.common] _read : FE FE 04 5B 00 CD 46
11:44:16.851 DEBU [pymycobot.common] _write: fe fe 3 2b d3 10 
11:44:16.856 DEBU [pymycobot.common] _read : FE FE 04 2B 00 0D 63
11:44:17.875 DEBU [pymycobot.common] _write: fe fe 10 22 0 0 0 0 0 0 0 0 0 0 0 0 a 29 22 
11:44:17.879 DEBU [pymycobot.common] _read : FE FE 05 22 FF 01 E7 1C
11:44:17.889 DEBU [pymycobot.common] _read : FE FE 04 5B 00 CD 46
11:44:20.208 DEBU [pymycobot.common] _write: fe fe 3 2b d3 10 
11:44:20.216 DEBU [pymycobot.common] _read : FE FE 04 2B 00 0D 63
11:44:21.227 DEBU [pymycobot.common] _write: fe fe 6 4c 1 f9 8e 75 1c 
11:44:21.231 DEBU [pymycobot.common] _read : FE FE 05 4C FF 01 3A 7D
11:44:21.348 DEBU [pymycobot.common] _write: fe fe 6 4c 2 fb 50 4d 6d 
11:44:21.359 DEBU [pymycobot.common] _read : FE FE 05 4C FF 01 3A 7D
11:44:21.470 DEBU [pymycobot.common] _write: fe fe 6 4c 3 f9 d4 8e 3d 
11:44:21.476 DEBU [pymycobot.common] _read : FE FE 05 4C FF 01 3A 7D
11:44:21.591 DEBU [pymycobot.common] _write: fe fe 6 4c 4 f9 8e 74 c 
11:44:21.602 DEBU [pymycobot.common] _read : FE FE 05 4C FF 01 3A 7D
11:44:21.713 DEBU [pymycobot.common] _write: fe fe 6 4c 5 f9 8e b4 5d 
11:44:21.717 DEBU [pymycobot.common] _read : FE FE 05 4C FF 01 3A 7D
11:44:21.834 DEBU [pymycobot.common] _write: fe fe 6 4c 6 f9 2a f ac 
11:44:21.840 DEBU [pymycobot.common] _read : FE FE 05 4C FF 01 3A 7D
11:44:21.954 DEBU [pymycobot.common] _write: fe fe 6 4d 1 6 72 38 5c 
11:44:21.960 DEBU [pymycobot.common] _read : FE FE 05 4D FF 01 FA 2C
11:44:22.075 DEBU [pymycobot.common] _write: fe fe 6 4d 2 4 b0 c9 2c 
11:44:22.081 DEBU [pymycobot.common] _read : FE FE 05 4D FF 01 FA 2C
11:44:22.196 DEBU [pymycobot.common] _write: fe fe 6 4d 3 6 2c 0 7c 
11:44:22.209 DEBU [pymycobot.common] _read : FE FE 05 4D FF 01 FA 2C
11:44:22.317 DEBU [pymycobot.common] _write: fe fe 6 4d 4 6 72 39 4c 
11:44:22.323 DEBU [pymycobot.common] _read : FE FE 05 4D FF 01 FA 2C
11:44:22.438 DEBU [pymycobot.common] _write: fe fe 6 4d 5 6 72 f9 1d 
11:44:22.445 DEBU [pymycobot.common] _read : FE FE 05 4D FF 01 FA 2C
11:44:22.559 DEBU [pymycobot.common] _write: fe fe 6 4d 6 6 d6 42 ec 
11:44:22.566 DEBU [pymycobot.common] _read : FE FE 05 4D FF 01 FA 2C
11:44:42.294 DEBU [pymycobot.common] _write: fe fe 4 4b 1 cd 8a 
11:44:42.299 DEBU [pymycobot.common] _read : FE FE 06 4B 01 06 72 B0 5C
11:44:42.306 DEBU [pymycobot.common] _write: fe fe 4 4b 2 cc ca 
11:44:42.314 DEBU [pymycobot.common] _read : FE FE 06 4B 02 04 B0 41 2C
11:44:42.321 DEBU [pymycobot.common] _write: fe fe 4 4b 3 c b 
11:44:42.327 DEBU [pymycobot.common] _read : FE FE 06 4B 03 06 2C 88 7C
11:44:42.336 DEBU [pymycobot.common] _write: fe fe 4 4b 4 ce 4a 
11:44:42.341 DEBU [pymycobot.common] _read : FE FE 06 4B 04 06 72 B1 4C
11:44:42.351 DEBU [pymycobot.common] _write: fe fe 4 4b 5 e 8b 
11:44:42.356 DEBU [pymycobot.common] _read : FE FE 06 4B 05 06 72 71 1D
11:44:42.365 DEBU [pymycobot.common] _write: fe fe 4 4b 6 f cb 
11:44:42.370 DEBU [pymycobot.common] _read : FE FE 06 4B 06 06 D6 CA EC
11:44:42.383 DEBU [pymycobot.common] _write: fe fe 4 16 0 9d 73 
11:44:42.388 DEBU [pymycobot.common] _read : FE FE 05 16 FF 01 29 5D
11:44:42.395 DEBU [pymycobot.common] _write: fe fe 4 68 0 3d 52 
11:44:42.405 DEBU [pymycobot.common] _read : FE FE 05 68 FF 01 31 3D
11:44:57.273 DEBU [pymycobot.common] _write: fe fe 6 4d 1 6 e d9 5d 
11:44:57.277 DEBU [pymycobot.common] _read : FE FE 05 4D FF 01 FA 2C
11:44:57.286 DEBU [pymycobot.common] _write: fe fe 7 21 1 3e 80 a 4b ed 
11:44:57.291 DEBU [pymycobot.common] _read : FE FE 05 21 FF 01 E7 EC
11:44:58.289 DEBU [pymycobot.common] _write: fe fe 3 2b d3 10 
11:44:58.296 DEBU [pymycobot.common] _read : FE FE 04 2B 01 CD A2
11:44:59.292 DEBU [pymycobot.common] _write: fe fe 3 2b d3 10 
11:44:59.299 DEBU [pymycobot.common] _read : FE FE 04 2B 01 CD A2
11:45:00.292 DEBU [pymycobot.common] _write: fe fe 3 2b d3 10 
11:45:00.296 DEBU [pymycobot.common] _read : FE FE 04 2B 01 CD A2
11:45:01.294 DEBU [pymycobot.common] _write: fe fe 3 2b d3 10 
11:45:01.301 DEBU [pymycobot.common] _read : FE FE 04 2B 01 CD A2
11:45:02.295 DEBU [pymycobot.common] _write: fe fe 3 2b d3 10 
11:45:02.309 DEBU [pymycobot.common] _read : FE FE 04 2B 01 CD A2
11:45:03.300 DEBU [pymycobot.common] _write: fe fe 3 2b d3 10 
11:45:03.305 DEBU [pymycobot.common] _read : FE FE 04 2B 01 CD A2
11:45:04.306 DEBU [pymycobot.common] _write: fe fe 3 2b d3 10 
11:45:04.311 DEBU [pymycobot.common] _read : FE FE 04 2B 01 CD A2
11:45:05.309 DEBU [pymycobot.common] _write: fe fe 3 2b d3 10 
11:45:05.313 DEBU [pymycobot.common] _read : FE FE 04 2B 01 CD A2
11:45:06.313 DEBU [pymycobot.common] _write: fe fe 3 2b d3 10 
11:45:06.318 DEBU [pymycobot.common] _read : FE FE 04 2B 01 CD A2
11:45:07.317 DEBU [pymycobot.common] _write: fe fe 3 2b d3 10 
11:45:07.321 DEBU [pymycobot.common] _read : FE FE 04 2B 01 CD A2
11:45:08.268 DEBU [pymycobot.common] _read : FE FE 04 5B 00 CD 46
11:45:08.572 DEBU [pymycobot.common] _write: fe fe 3 2b d3 10 
11:45:08.578 DEBU [pymycobot.common] _read : FE FE 04 2B 00 0D 63
11:45:09.601 DEBU [pymycobot.common] _write: fe fe 4 1c 1 fd b4 
11:45:09.608 DEBU [pymycobot.common] _read : FE FE 11 1C 3C BC 3C BC 00 00 00 00 00 00 00 00 00 00 3A 7A
11:45:09.618 DEBU [pymycobot.common] _write: fe fe 10 22 0 0 0 0 0 0 0 0 0 0 0 0 a 29 22 
11:45:09.622 DEBU [pymycobot.common] _read : FE FE 05 22 FF 01 E7 1C
11:45:10.632 DEBU [pymycobot.common] _write: fe fe 3 2b d3 10 
11:45:10.638 DEBU [pymycobot.common] _read : FE FE 04 2B 01 CD A2
11:45:11.637 DEBU [pymycobot.common] _write: fe fe 3 2b d3 10 
11:45:11.641 DEBU [pymycobot.common] _read : FE FE 04 2B 01 CD A2
11:45:12.639 DEBU [pymycobot.common] _write: fe fe 3 2b d3 10 
11:45:12.644 DEBU [pymycobot.common] _read : FE FE 04 2B 01 CD A2
11:45:13.641 DEBU [pymycobot.common] _write: fe fe 3 2b d3 10 
11:45:13.646 DEBU [pymycobot.common] _read : FE FE 04 2B 01 CD A2
11:45:14.654 DEBU [pymycobot.common] _write: fe fe 3 2b d3 10 
11:45:14.664 DEBU [pymycobot.common] _read : FE FE 04 2B 01 CD A2
11:45:15.657 DEBU [pymycobot.common] _write: fe fe 3 2b d3 10 
11:45:15.666 DEBU [pymycobot.common] _read : FE FE 04 2B 01 CD A2
11:45:16.662 DEBU [pymycobot.common] _write: fe fe 3 2b d3 10 
11:45:16.666 DEBU [pymycobot.common] _read : FE FE 04 2B 01 CD A2
11:45:17.666 DEBU [pymycobot.common] _write: fe fe 3 2b d3 10 
11:45:17.671 DEBU [pymycobot.common] _read : FE FE 04 2B 01 CD A2
11:45:18.668 DEBU [pymycobot.common] _write: fe fe 3 2b d3 10 
11:45:18.673 DEBU [pymycobot.common] _read : FE FE 04 2B 01 CD A2
11:45:19.671 DEBU [pymycobot.common] _write: fe fe 3 2b d3 10 
11:45:19.680 DEBU [pymycobot.common] _read : FE FE 04 2B 01 CD A2
11:45:20.676 DEBU [pymycobot.common] _read : FE FE 04 5B 00 CD 46
11:45:20.677 DEBU [pymycobot.common] _write: fe fe 3 2b d3 10 
11:45:20.692 DEBU [pymycobot.common] _read : FE FE 04 2B 00 0D 63
11:45:23.032 DEBU [pymycobot.common] _write: fe fe 3 2b d3 10 
11:45:23.037 DEBU [pymycobot.common] _read : FE FE 04 2B 00 0D 63
11:45:24.052 DEBU [pymycobot.common] _write: fe fe 6 4d 2 4 4c 88 2c 
11:45:24.057 DEBU [pymycobot.common] _read : FE FE 05 4D FF 01 FA 2C
11:45:24.064 DEBU [pymycobot.common] _write: fe fe 7 21 3 dc d8 a 5 77 
11:45:24.067 DEBU [pymycobot.common] _read : FE FE 05 21 FF 01 E7 EC
11:45:25.068 DEBU [pymycobot.common] _write: fe fe 3 2b d3 10 
11:45:25.074 DEBU [pymycobot.common] _read : FE FE 04 2B 01 CD A2
11:45:26.072 DEBU [pymycobot.common] _write: fe fe 3 2b d3 10 
11:45:26.077 DEBU [pymycobot.common] _read : FE FE 04 2B 01 CD A2
11:45:27.072 DEBU [pymycobot.common] _write: fe fe 3 2b d3 10 
11:45:27.078 DEBU [pymycobot.common] _read : FE FE 04 2B 01 CD A2
11:45:28.078 DEBU [pymycobot.common] _write: fe fe 3 2b d3 10 
11:45:28.083 DEBU [pymycobot.common] _read : FE FE 04 2B 01 CD A2
11:45:29.080 DEBU [pymycobot.common] _write: fe fe 3 2b d3 10 
11:45:29.089 DEBU [pymycobot.common] _read : FE FE 04 2B 01 CD A2
11:45:30.080 DEBU [pymycobot.common] _write: fe fe 3 2b d3 10 
11:45:30.091 DEBU [pymycobot.common] _read : FE FE 04 2B 01 CD A2
11:45:30.759 DEBU [pymycobot.common] _read : FE FE 04 5B 00 CD 46
11:45:31.066 DEBU [pymycobot.common] _write: fe fe 3 2b d3 10 
11:45:31.071 DEBU [pymycobot.common] _read : FE FE 04 2B 00 0D 63
11:45:32.087 DEBU [pymycobot.common] _write: fe fe 7 21 2 2c ec a a 60 
11:45:32.091 DEBU [pymycobot.common] _read : FE FE 05 21 FF 01 E7 EC
11:45:33.101 DEBU [pymycobot.common] _write: fe fe 3 2b d3 10 
11:45:33.106 DEBU [pymycobot.common] _read : FE FE 04 2B 01 CD A2
11:45:34.103 DEBU [pymycobot.common] _write: fe fe 3 2b d3 10 
11:45:34.107 DEBU [pymycobot.common] _read : FE FE 04 2B 01 CD A2
11:45:35.106 DEBU [pymycobot.common] _write: fe fe 3 2b d3 10 
11:45:35.111 DEBU [pymycobot.common] _read : FE FE 04 2B 01 CD A2
11:45:36.122 DEBU [pymycobot.common] _write: fe fe 3 2b d3 10 
11:45:36.128 DEBU [pymycobot.common] _read : FE FE 04 2B 01 CD A2
11:45:37.126 DEBU [pymycobot.common] _write: fe fe 3 2b d3 10 
11:45:37.131 DEBU [pymycobot.common] _read : FE FE 04 2B 01 CD A2
11:45:38.129 DEBU [pymycobot.common] _write: fe fe 3 2b d3 10 
11:45:38.135 DEBU [pymycobot.common] _read : FE FE 04 2B 01 CD A2
11:45:39.143 DEBU [pymycobot.common] _write: fe fe 3 2b d3 10 
11:45:39.148 DEBU [pymycobot.common] _read : FE FE 04 2B 01 CD A2
11:45:40.059 DEBU [pymycobot.common] _read : FE FE 04 5B 00 CD 46
11:45:40.378 DEBU [pymycobot.common] _write: fe fe 3 2b d3 10 
11:45:40.383 DEBU [pymycobot.common] _read : FE FE 04 2B 00 0D 63
11:45:41.408 DEBU [pymycobot.common] _write: fe fe 4 1c 2 fc f4 
11:45:41.412 DEBU [pymycobot.common] _read : FE FE 11 1C 2B 2E 00 00 2B 2E DC D8 00 00 00 00 00 00 D6 62
11:45:41.424 DEBU [pymycobot.common] _write: fe fe 10 22 0 0 0 0 0 0 0 0 0 0 0 0 a 29 22 
11:45:41.429 DEBU [pymycobot.common] _read : FE FE 05 22 FF 01 E7 1C
11:45:42.439 DEBU [pymycobot.common] _write: fe fe 3 2b d3 10 
11:45:42.444 DEBU [pymycobot.common] _read : FE FE 04 2B 01 CD A2
11:45:43.442 DEBU [pymycobot.common] _write: fe fe 3 2b d3 10 
11:45:43.448 DEBU [pymycobot.common] _read : FE FE 04 2B 01 CD A2
11:45:44.445 DEBU [pymycobot.common] _write: fe fe 3 2b d3 10 
11:45:44.450 DEBU [pymycobot.common] _read : FE FE 04 2B 01 CD A2
11:45:45.446 DEBU [pymycobot.common] _write: fe fe 3 2b d3 10 
11:45:45.451 DEBU [pymycobot.common] _read : FE FE 04 2B 01 CD A2
11:45:46.447 DEBU [pymycobot.common] _write: fe fe 3 2b d3 10 
11:45:46.455 DEBU [pymycobot.common] _read : FE FE 04 2B 01 CD A2
11:45:47.453 DEBU [pymycobot.common] _write: fe fe 3 2b d3 10 
11:45:47.458 DEBU [pymycobot.common] _read : FE FE 04 2B 01 CD A2
11:45:48.455 DEBU [pymycobot.common] _write: fe fe 3 2b d3 10 
11:45:48.460 DEBU [pymycobot.common] _read : FE FE 04 2B 01 CD A2
11:45:49.461 DEBU [pymycobot.common] _write: fe fe 3 2b d3 10 
11:45:49.465 DEBU [pymycobot.common] _read : FE FE 04 2B 01 CD A2
11:45:49.486 DEBU [pymycobot.common] _read : FE FE 04 5B 00 CD 46
11:45:51.803 DEBU [pymycobot.common] _write: fe fe 3 2b d3 10 
11:45:51.809 DEBU [pymycobot.common] _read : FE FE 04 2B 00 0D 63
11:45:52.832 DEBU [pymycobot.common] _write: fe fe 6 4d 3 5 dc b4 7c 
11:45:52.838 DEBU [pymycobot.common] _read : FE FE 05 4D FF 01 FA 2C
11:45:52.846 DEBU [pymycobot.common] _write: fe fe 7 21 3 3c 8c a 33 48 
11:45:52.851 DEBU [pymycobot.common] _read : FE FE 05 21 FF 01 E7 EC
11:45:53.850 DEBU [pymycobot.common] _write: fe fe 3 2b d3 10 
11:45:53.855 DEBU [pymycobot.common] _read : FE FE 04 2B 01 CD A2
11:45:54.852 DEBU [pymycobot.common] _write: fe fe 3 2b d3 10 
11:45:54.857 DEBU [pymycobot.common] _read : FE FE 04 2B 01 CD A2
11:45:55.857 DEBU [pymycobot.common] _write: fe fe 3 2b d3 10 
11:45:55.861 DEBU [pymycobot.common] _read : FE FE 04 2B 01 CD A2
11:45:56.858 DEBU [pymycobot.common] _write: fe fe 3 2b d3 10 
11:45:56.862 DEBU [pymycobot.common] _read : FE FE 04 2B 01 CD A2
11:45:57.870 DEBU [pymycobot.common] _write: fe fe 3 2b d3 10 
11:45:57.875 DEBU [pymycobot.common] _read : FE FE 04 2B 01 CD A2
11:45:58.873 DEBU [pymycobot.common] _write: fe fe 3 2b d3 10 
11:45:58.879 DEBU [pymycobot.common] _read : FE FE 04 2B 01 CD A2
11:45:59.876 DEBU [pymycobot.common] _write: fe fe 3 2b d3 10 
11:45:59.881 DEBU [pymycobot.common] _read : FE FE 04 2B 01 CD A2
11:46:00.879 DEBU [pymycobot.common] _write: fe fe 3 2b d3 10 
11:46:00.889 DEBU [pymycobot.common] _read : FE FE 04 2B 01 CD A2
11:46:01.893 DEBU [pymycobot.common] _write: fe fe 3 2b d3 10 
11:46:01.909 DEBU [pymycobot.common] _read : FE FE 04 2B 01 CD A2
11:46:02.895 DEBU [pymycobot.common] _write: fe fe 3 2b d3 10 
11:46:02.899 DEBU [pymycobot.common] _read : FE FE 04 2B 01 CD A2
11:46:03.486 DEBU [pymycobot.common] _read : FE FE 04 5B 00 CD 46
11:46:03.804 DEBU [pymycobot.common] _write: fe fe 3 2b d3 10 
11:46:03.808 DEBU [pymycobot.common] _read : FE FE 04 2B 00 0D 63
11:46:04.834 DEBU [pymycobot.common] _write: fe fe 4 1c 3 3c 35 
11:46:04.838 DEBU [pymycobot.common] _read : FE FE 11 1C 3A CE 00 00 00 00 3A CE 00 00 00 00 00 00 2B 51
11:46:04.850 DEBU [pymycobot.common] _write: fe fe 10 22 0 0 0 0 0 0 0 0 0 0 0 0 a 29 22 
11:46:04.856 DEBU [pymycobot.common] _read : FE FE 05 22 FF 01 E7 1C
11:46:05.851 DEBU [pymycobot.common] _write: fe fe 3 2b d3 10 
11:46:05.867 DEBU [pymycobot.common] _read : FE FE 04 2B 01 CD A2
11:46:06.866 DEBU [pymycobot.common] _write: fe fe 3 2b d3 10 
11:46:06.870 DEBU [pymycobot.common] _read : FE FE 04 2B 01 CD A2
11:46:07.868 DEBU [pymycobot.common] _write: fe fe 3 2b d3 10 
11:46:07.872 DEBU [pymycobot.common] _read : FE FE 04 2B 01 CD A2
11:46:08.871 DEBU [pymycobot.common] _write: fe fe 3 2b d3 10 
11:46:08.875 DEBU [pymycobot.common] _read : FE FE 04 2B 01 CD A2
11:46:09.872 DEBU [pymycobot.common] _write: fe fe 3 2b d3 10 
11:46:09.877 DEBU [pymycobot.common] _read : FE FE 04 2B 01 CD A2
11:46:10.886 DEBU [pymycobot.common] _write: fe fe 3 2b d3 10 
11:46:10.891 DEBU [pymycobot.common] _read : FE FE 04 2B 01 CD A2
11:46:11.887 DEBU [pymycobot.common] _write: fe fe 3 2b d3 10 
11:46:11.892 DEBU [pymycobot.common] _read : FE FE 04 2B 01 CD A2
11:46:12.889 DEBU [pymycobot.common] _write: fe fe 3 2b d3 10 
11:46:12.893 DEBU [pymycobot.common] _read : FE FE 04 2B 01 CD A2
11:46:13.895 DEBU [pymycobot.common] _write: fe fe 3 2b d3 10 
11:46:13.898 DEBU [pymycobot.common] _read : FE FE 04 2B 01 CD A2
11:46:14.896 DEBU [pymycobot.common] _write: fe fe 3 2b d3 10 
11:46:14.905 DEBU [pymycobot.common] _read : FE FE 04 2B 01 CD A2
11:46:15.593 DEBU [pymycobot.common] _read : FE FE 04 5B 00 CD 46
11:46:17.907 DEBU [pymycobot.common] _write: fe fe 3 2b d3 10 
11:46:17.911 DEBU [pymycobot.common] _read : FE FE 04 2B 00 0D 63
11:46:18.930 DEBU [pymycobot.common] _write: fe fe 6 4d 4 6 e d8 4d 
11:46:18.935 DEBU [pymycobot.common] _read : FE FE 05 4D FF 01 FA 2C
11:46:18.942 DEBU [pymycobot.common] _write: fe fe 7 21 4 3e 80 a 87 ed 
11:46:18.959 DEBU [pymycobot.common] _read : FE FE 05 21 FF 01 E7 EC
11:46:19.947 DEBU [pymycobot.common] _write: fe fe 3 2b d3 10 
11:46:19.953 DEBU [pymycobot.common] _read : FE FE 04 2B 01 CD A2
11:46:20.953 DEBU [pymycobot.common] _write: fe fe 3 2b d3 10 
11:46:20.960 DEBU [pymycobot.common] _read : FE FE 04 2B 01 CD A2
11:46:21.955 DEBU [pymycobot.common] _write: fe fe 3 2b d3 10 
11:46:21.959 DEBU [pymycobot.common] _read : FE FE 04 2B 01 CD A2
11:46:22.958 DEBU [pymycobot.common] _write: fe fe 3 2b d3 10 
11:46:22.964 DEBU [pymycobot.common] _read : FE FE 04 2B 01 CD A2
11:46:23.972 DEBU [pymycobot.common] _write: fe fe 3 2b d3 10 
11:46:23.977 DEBU [pymycobot.common] _read : FE FE 04 2B 01 CD A2
11:46:24.987 DEBU [pymycobot.common] _write: fe fe 3 2b d3 10 
11:46:24.992 DEBU [pymycobot.common] _read : FE FE 04 2B 01 CD A2
11:46:26.000 DEBU [pymycobot.common] _write: fe fe 3 2b d3 10 
11:46:26.005 DEBU [pymycobot.common] _read : FE FE 04 2B 01 CD A2
11:46:27.000 DEBU [pymycobot.common] _write: fe fe 3 2b d3 10 
11:46:27.004 DEBU [pymycobot.common] _read : FE FE 04 2B 01 CD A2
11:46:28.013 DEBU [pymycobot.common] _write: fe fe 3 2b d3 10 
11:46:28.020 DEBU [pymycobot.common] _read : FE FE 04 2B 01 CD A2
11:46:29.020 DEBU [pymycobot.common] _write: fe fe 3 2b d3 10 
11:46:29.031 DEBU [pymycobot.common] _read : FE FE 04 2B 01 CD A2
11:46:29.928 DEBU [pymycobot.common] _read : FE FE 04 5B 00 CD 46
11:46:30.237 DEBU [pymycobot.common] _write: fe fe 3 2b d3 10 
11:46:30.242 DEBU [pymycobot.common] _read : FE FE 04 2B 00 0D 63
11:46:31.253 DEBU [pymycobot.common] _write: fe fe 4 1c 4 fe 74 
11:46:31.269 DEBU [pymycobot.common] _read : FE FE 11 1C 3C BC 00 00 00 00 00 00 3C BC 00 00 00 00 1F 17
11:46:31.285 DEBU [pymycobot.common] _write: fe fe 10 22 0 0 0 0 0 0 0 0 0 0 0 0 a 29 22 
11:46:31.290 DEBU [pymycobot.common] _read : FE FE 05 22 FF 01 E7 1C
11:46:32.299 DEBU [pymycobot.common] _write: fe fe 3 2b d3 10 
11:46:32.304 DEBU [pymycobot.common] _read : FE FE 04 2B 01 CD A2
11:46:33.313 DEBU [pymycobot.common] _write: fe fe 3 2b d3 10 
11:46:33.318 DEBU [pymycobot.common] _read : FE FE 04 2B 01 CD A2
11:46:34.320 DEBU [pymycobot.common] _write: fe fe 3 2b d3 10 
11:46:34.325 DEBU [pymycobot.common] _read : FE FE 04 2B 01 CD A2
11:46:35.325 DEBU [pymycobot.common] _write: fe fe 3 2b d3 10 
11:46:35.331 DEBU [pymycobot.common] _read : FE FE 04 2B 01 CD A2
11:46:36.327 DEBU [pymycobot.common] _write: fe fe 3 2b d3 10 
11:46:36.333 DEBU [pymycobot.common] _read : FE FE 04 2B 01 CD A2
11:46:37.341 DEBU [pymycobot.common] _write: fe fe 3 2b d3 10 
11:46:37.345 DEBU [pymycobot.common] _read : FE FE 04 2B 01 CD A2
11:46:38.343 DEBU [pymycobot.common] _write: fe fe 3 2b d3 10 
11:46:38.348 DEBU [pymycobot.common] _read : FE FE 04 2B 01 CD A2
11:46:39.357 DEBU [pymycobot.common] _write: fe fe 3 2b d3 10 
11:46:39.362 DEBU [pymycobot.common] _read : FE FE 04 2B 01 CD A2
11:46:40.361 DEBU [pymycobot.common] _write: fe fe 3 2b d3 10 
11:46:40.367 DEBU [pymycobot.common] _read : FE FE 04 2B 01 CD A2
11:46:41.364 DEBU [pymycobot.common] _write: fe fe 3 2b d3 10 
11:46:41.369 DEBU [pymycobot.common] _read : FE FE 04 2B 01 CD A2
11:46:42.344 DEBU [pymycobot.common] _read : FE FE 04 5B 00 CD 46
11:46:44.663 DEBU [pymycobot.common] _write: fe fe 3 2b d3 10 
11:46:44.669 DEBU [pymycobot.common] _read : FE FE 04 2B 00 0D 63
11:46:45.690 DEBU [pymycobot.common] _write: fe fe 6 4d 5 6 e 18 1c 
11:46:45.694 DEBU [pymycobot.common] _read : FE FE 05 4D FF 01 FA 2C
11:46:45.703 DEBU [pymycobot.common] _write: fe fe 7 21 5 3e 80 a 7b ec 
11:46:45.709 DEBU [pymycobot.common] _read : FE FE 05 21 FF 01 E7 EC
11:46:46.704 DEBU [pymycobot.common] _write: fe fe 3 2b d3 10 
11:46:46.710 DEBU [pymycobot.common] _read : FE FE 04 2B 01 CD A2
11:46:47.717 DEBU [pymycobot.common] _write: fe fe 3 2b d3 10 
11:46:47.958 DEBU [pymycobot.common] _read : FE FE 04 2B 01 CD A2
11:46:48.732 DEBU [pymycobot.common] _write: fe fe 3 2b d3 10 
11:46:48.739 DEBU [pymycobot.common] _read : FE FE 04 2B 01 CD A2
11:46:49.738 DEBU [pymycobot.common] _write: fe fe 3 2b d3 10 
11:46:49.744 DEBU [pymycobot.common] _read : FE FE 04 2B 01 CD A2
11:46:50.744 DEBU [pymycobot.common] _write: fe fe 3 2b d3 10 
11:46:50.749 DEBU [pymycobot.common] _read : FE FE 04 2B 01 CD A2
11:46:51.746 DEBU [pymycobot.common] _write: fe fe 3 2b d3 10 
11:46:51.750 DEBU [pymycobot.common] _read : FE FE 04 2B 01 CD A2
11:46:52.749 DEBU [pymycobot.common] _write: fe fe 3 2b d3 10 
11:46:52.754 DEBU [pymycobot.common] _read : FE FE 04 2B 01 CD A2
11:46:53.752 DEBU [pymycobot.common] _write: fe fe 3 2b d3 10 
11:46:53.757 DEBU [pymycobot.common] _read : FE FE 04 2B 01 CD A2
11:46:54.754 DEBU [pymycobot.common] _write: fe fe 3 2b d3 10 
11:46:54.760 DEBU [pymycobot.common] _read : FE FE 04 2B 01 CD A2
11:46:55.756 DEBU [pymycobot.common] _write: fe fe 3 2b d3 10 
11:46:55.761 DEBU [pymycobot.common] _read : FE FE 04 2B 01 CD A2
11:46:56.682 DEBU [pymycobot.common] _read : FE FE 04 5B 00 CD 46
11:46:56.998 DEBU [pymycobot.common] _write: fe fe 3 2b d3 10 
11:46:57.003 DEBU [pymycobot.common] _read : FE FE 04 2B 00 0D 63
11:46:58.025 DEBU [pymycobot.common] _write: fe fe 4 1c 5 3e b5 
11:46:58.030 DEBU [pymycobot.common] _read : FE FE 11 1C 3C BC 00 00 00 00 00 00 00 00 3C BC 00 00 4C 8E
11:46:58.042 DEBU [pymycobot.common] _write: fe fe 10 22 0 0 0 0 0 0 0 0 0 0 0 0 a 29 22 
11:46:58.047 DEBU [pymycobot.common] _read : FE FE 05 22 FF 01 E7 1C
11:46:59.055 DEBU [pymycobot.common] _write: fe fe 3 2b d3 10 
11:46:59.061 DEBU [pymycobot.common] _read : FE FE 04 2B 01 CD A2
11:47:00.060 DEBU [pymycobot.common] _write: fe fe 3 2b d3 10 
11:47:00.076 DEBU [pymycobot.common] _read : FE FE 04 2B 01 CD A2
11:47:01.065 DEBU [pymycobot.common] _write: fe fe 3 2b d3 10 
11:47:01.071 DEBU [pymycobot.common] _read : FE FE 04 2B 01 CD A2
11:47:02.078 DEBU [pymycobot.common] _write: fe fe 3 2b d3 10 
11:47:02.082 DEBU [pymycobot.common] _read : FE FE 04 2B 01 CD A2
11:47:03.084 DEBU [pymycobot.common] _write: fe fe 3 2b d3 10 
11:47:03.089 DEBU [pymycobot.common] _read : FE FE 04 2B 01 CD A2
11:47:04.090 DEBU [pymycobot.common] _write: fe fe 3 2b d3 10 
11:47:04.096 DEBU [pymycobot.common] _read : FE FE 04 2B 01 CD A2
11:47:05.097 DEBU [pymycobot.common] _write: fe fe 3 2b d3 10 
11:47:05.101 DEBU [pymycobot.common] _read : FE FE 04 2B 01 CD A2
11:47:06.105 DEBU [pymycobot.common] _write: fe fe 3 2b d3 10 
11:47:06.111 DEBU [pymycobot.common] _read : FE FE 04 2B 01 CD A2
11:47:07.115 DEBU [pymycobot.common] _write: fe fe 3 2b d3 10 
11:47:07.131 DEBU [pymycobot.common] _read : FE FE 04 2B 01 CD A2
11:47:08.124 DEBU [pymycobot.common] _write: fe fe 3 2b d3 10 
11:47:08.129 DEBU [pymycobot.common] _read : FE FE 04 2B 01 CD A2
11:47:09.104 DEBU [pymycobot.common] _read : FE FE 04 5B 00 CD 46
11:47:11.421 DEBU [pymycobot.common] _write: fe fe 3 2b d3 10 
11:47:11.427 DEBU [pymycobot.common] _read : FE FE 04 2B 00 0D 63
11:47:12.445 DEBU [pymycobot.common] _write: fe fe 6 4d 6 6 40 2c 6c 
11:47:12.450 DEBU [pymycobot.common] _read : FE FE 05 4D FF 01 FA 2C
11:47:12.457 DEBU [pymycobot.common] _write: fe fe 7 21 6 40 74 a e7 ca 
11:47:12.463 DEBU [pymycobot.common] _read : FE FE 05 21 FF 01 E7 EC
11:47:13.458 DEBU [pymycobot.common] _write: fe fe 3 2b d3 10 
11:47:13.464 DEBU [pymycobot.common] _read : FE FE 04 2B 01 CD A2
11:47:14.462 DEBU [pymycobot.common] _write: fe fe 3 2b d3 10 
11:47:14.467 DEBU [pymycobot.common] _read : FE FE 04 2B 01 CD A2
11:47:15.465 DEBU [pymycobot.common] _write: fe fe 3 2b d3 10 
11:47:15.469 DEBU [pymycobot.common] _read : FE FE 04 2B 01 CD A2
11:47:16.479 DEBU [pymycobot.common] _write: fe fe 3 2b d3 10 
11:47:16.485 DEBU [pymycobot.common] _read : FE FE 04 2B 01 CD A2
11:47:17.482 DEBU [pymycobot.common] _write: fe fe 3 2b d3 10 
11:47:17.489 DEBU [pymycobot.common] _read : FE FE 04 2B 01 CD A2
11:47:18.488 DEBU [pymycobot.common] _write: fe fe 3 2b d3 10 
11:47:18.492 DEBU [pymycobot.common] _read : FE FE 04 2B 01 CD A2
11:47:19.490 DEBU [pymycobot.common] _write: fe fe 3 2b d3 10 
11:47:19.494 DEBU [pymycobot.common] _read : FE FE 04 2B 01 CD A2
11:47:20.490 DEBU [pymycobot.common] _write: fe fe 3 2b d3 10 
11:47:20.496 DEBU [pymycobot.common] _read : FE FE 04 2B 01 CD A2
11:47:21.495 DEBU [pymycobot.common] _write: fe fe 3 2b d3 10 
11:47:21.511 DEBU [pymycobot.common] _read : FE FE 04 2B 01 CD A2
11:47:22.497 DEBU [pymycobot.common] _write: fe fe 3 2b d3 10 
11:47:22.502 DEBU [pymycobot.common] _read : FE FE 04 2B 01 CD A2
11:47:23.501 DEBU [pymycobot.common] _write: fe fe 3 2b d3 10 
11:47:23.506 DEBU [pymycobot.common] _read : FE FE 04 2B 01 CD A2
11:47:23.762 DEBU [pymycobot.common] _read : FE FE 04 5B 00 CD 46
11:47:24.066 DEBU [pymycobot.common] _write: fe fe 3 2b d3 10 
11:47:24.072 DEBU [pymycobot.common] _read : FE FE 04 2B 00 0D 63
11:47:25.097 DEBU [pymycobot.common] _write: fe fe 4 1c 6 3f f5 
11:47:25.101 DEBU [pymycobot.common] _read : FE FE 11 1C 3E B4 00 00 00 00 00 00 00 00 00 00 3E B4 65 4F
11:47:25.114 DEBU [pymycobot.common] _write: fe fe 10 22 0 0 0 0 0 0 0 0 0 0 0 0 a 29 22 
11:47:25.118 DEBU [pymycobot.common] _read : FE FE 05 22 FF 01 E7 1C
11:47:26.126 DEBU [pymycobot.common] _write: fe fe 3 2b d3 10 
11:47:26.131 DEBU [pymycobot.common] _read : FE FE 04 2B 01 CD A2
11:47:27.128 DEBU [pymycobot.common] _write: fe fe 3 2b d3 10 
11:47:27.134 DEBU [pymycobot.common] _read : FE FE 04 2B 01 CD A2
11:47:28.133 DEBU [pymycobot.common] _write: fe fe 3 2b d3 10 
11:47:28.138 DEBU [pymycobot.common] _read : FE FE 04 2B 01 CD A2
11:47:29.134 DEBU [pymycobot.common] _write: fe fe 3 2b d3 10 
11:47:29.138 DEBU [pymycobot.common] _read : FE FE 04 2B 01 CD A2
11:47:30.138 DEBU [pymycobot.common] _write: fe fe 3 2b d3 10 
11:47:30.143 DEBU [pymycobot.common] _read : FE FE 04 2B 01 CD A2
11:47:31.142 DEBU [pymycobot.common] _write: fe fe 3 2b d3 10 
11:47:31.148 DEBU [pymycobot.common] _read : FE FE 04 2B 01 CD A2
11:47:32.146 DEBU [pymycobot.common] _write: fe fe 3 2b d3 10 
11:47:32.151 DEBU [pymycobot.common] _read : FE FE 04 2B 01 CD A2
11:47:33.151 DEBU [pymycobot.common] _write: fe fe 3 2b d3 10 
11:47:33.156 DEBU [pymycobot.common] _read : FE FE 04 2B 01 CD A2
11:47:34.152 DEBU [pymycobot.common] _write: fe fe 3 2b d3 10 
11:47:34.158 DEBU [pymycobot.common] _read : FE FE 04 2B 01 CD A2
11:47:35.154 DEBU [pymycobot.common] _write: fe fe 3 2b d3 10 
11:47:35.160 DEBU [pymycobot.common] _read : FE FE 04 2B 01 CD A2
11:47:36.154 DEBU [pymycobot.common] _write: fe fe 3 2b d3 10 
11:47:36.165 DEBU [pymycobot.common] _read : FE FE 04 2B 01 CD A2
11:47:36.515 DEBU [pymycobot.common] _read : FE FE 04 5B 00 CD 46
11:47:38.827 DEBU [pymycobot.common] _write: fe fe 3 2b d3 10 
11:47:38.833 DEBU [pymycobot.common] _read : FE FE 04 2B 00 0D 63
11:47:39.845 DEBU [pymycobot.common] _write: fe fe 10 22 0 0 0 0 0 0 0 0 0 0 0 0 a 29 22 
11:47:39.849 DEBU [pymycobot.common] _read : FE FE 05 22 FF 01 E7 1C
11:47:39.864 DEBU [pymycobot.common] _read : FE FE 04 5B 00 CD 46
11:47:42.187 DEBU [pymycobot.common] _write: fe fe 3 2b d3 10 
11:47:42.191 DEBU [pymycobot.common] _read : FE FE 04 2B 00 0D 63
11:47:43.208 DEBU [pymycobot.common] _write: fe fe 10 22 0 0 0 0 0 0 0 0 0 0 0 0 a 29 22 
11:47:43.213 DEBU [pymycobot.common] _read : FE FE 05 22 FF 01 E7 1C
11:47:43.226 DEBU [pymycobot.common] _read : FE FE 04 5B 00 CD 46
11:47:45.544 DEBU [pymycobot.common] _write: fe fe 3 2b d3 10 
11:47:45.550 DEBU [pymycobot.common] _read : FE FE 04 2B 00 0D 63
11:47:46.574 DEBU [pymycobot.common] _write: fe fe 10 22 0 0 0 0 0 0 0 0 0 0 0 0 a 29 22 
11:47:46.579 DEBU [pymycobot.common] _read : FE FE 05 22 FF 01 E7 1C
11:47:46.596 DEBU [pymycobot.common] _read : FE FE 04 5B 00 CD 46
11:47:48.942 DEBU [pymycobot.common] _write: fe fe 3 2b d3 10 
11:47:48.949 DEBU [pymycobot.common] _read : FE FE 04 2B 00 0D 63
11:47:49.964 DEBU [pymycobot.common] _write: fe fe 10 22 0 0 0 0 0 0 0 0 0 0 0 0 a 29 22 
11:47:49.969 DEBU [pymycobot.common] _read : FE FE 05 22 FF 01 E7 1C
11:47:49.984 DEBU [pymycobot.common] _read : FE FE 04 5B 00 CD 46
11:47:52.299 DEBU [pymycobot.common] _write: fe fe 3 2b d3 10 
11:47:52.303 DEBU [pymycobot.common] _read : FE FE 04 2B 00 0D 63
11:47:53.321 DEBU [pymycobot.common] _write: fe fe 10 22 0 0 0 0 0 0 0 0 0 0 0 0 a 29 22 
11:47:53.325 DEBU [pymycobot.common] _read : FE FE 05 22 FF 01 E7 1C
11:47:53.340 DEBU [pymycobot.common] _read : FE FE 04 5B 00 CD 46
11:47:55.653 DEBU [pymycobot.common] _write: fe fe 3 2b d3 10 
11:47:55.658 DEBU [pymycobot.common] _read : FE FE 04 2B 00 0D 63
11:47:56.686 DEBU [pymycobot.common] _write: fe fe 10 22 0 0 0 0 0 0 0 0 0 0 0 0 a 29 22 
11:47:56.690 DEBU [pymycobot.common] _read : FE FE 05 22 FF 01 E7 1C
11:47:56.716 DEBU [pymycobot.common] _read : FE FE 04 5B 00 CD 46
11:47:59.039 DEBU [pymycobot.common] _write: fe fe 3 2b d3 10 
11:47:59.045 DEBU [pymycobot.common] _read : FE FE 04 2B 00 0D 63
11:48:00.059 DEBU [pymycobot.common] _write: fe fe 10 22 0 0 0 0 0 0 0 0 0 0 0 0 a 29 22 
11:48:00.063 DEBU [pymycobot.common] _read : FE FE 05 22 FF 01 E7 1C
11:48:00.076 DEBU [pymycobot.common] _read : FE FE 04 5B 00 CD 46
11:48:02.398 DEBU [pymycobot.common] _write: fe fe 3 2b d3 10 
11:48:02.404 DEBU [pymycobot.common] _read : FE FE 04 2B 00 0D 63
11:48:03.416 DEBU [pymycobot.common] _write: fe fe 10 22 0 0 0 0 0 0 0 0 0 0 0 0 a 29 22 
11:48:03.420 DEBU [pymycobot.common] _read : FE FE 05 22 FF 01 E7 1C
11:48:03.434 DEBU [pymycobot.common] _read : FE FE 04 5B 00 CD 46
11:48:05.750 DEBU [pymycobot.common] _write: fe fe 3 2b d3 10 
11:48:05.756 DEBU [pymycobot.common] _read : FE FE 04 2B 00 0D 63
11:48:06.793 DEBU [pymycobot.common] _write: fe fe 6 4c 1 f9 8e 75 1c 
11:48:06.802 DEBU [pymycobot.common] _read : FE FE 05 4C FF 01 3A 7D
11:48:06.924 DEBU [pymycobot.common] _write: fe fe 6 4c 2 fb 50 4d 6d 
11:48:06.928 DEBU [pymycobot.common] _read : FE FE 05 4C FF 01 3A 7D
11:48:07.047 DEBU [pymycobot.common] _write: fe fe 6 4c 3 f9 d4 8e 3d 
11:48:07.053 DEBU [pymycobot.common] _read : FE FE 05 4C FF 01 3A 7D
11:48:07.168 DEBU [pymycobot.common] _write: fe fe 6 4c 4 f9 8e 74 c 
11:48:07.172 DEBU [pymycobot.common] _read : FE FE 05 4C FF 01 3A 7D
11:48:07.290 DEBU [pymycobot.common] _write: fe fe 6 4c 5 f9 8e b4 5d 
11:48:07.296 DEBU [pymycobot.common] _read : FE FE 05 4C FF 01 3A 7D
11:48:07.410 DEBU [pymycobot.common] _write: fe fe 6 4c 6 f9 2a f ac 
11:48:07.414 DEBU [pymycobot.common] _read : FE FE 05 4C FF 01 3A 7D
11:48:07.531 DEBU [pymycobot.common] _write: fe fe 6 4d 1 6 72 38 5c 
11:48:07.535 DEBU [pymycobot.common] _read : FE FE 05 4D FF 01 FA 2C
11:48:07.651 DEBU [pymycobot.common] _write: fe fe 6 4d 2 4 b0 c9 2c 
11:48:07.655 DEBU [pymycobot.common] _read : FE FE 05 4D FF 01 FA 2C
11:48:07.773 DEBU [pymycobot.common] _write: fe fe 6 4d 3 6 2c 0 7c 
11:48:07.777 DEBU [pymycobot.common] _read : FE FE 05 4D FF 01 FA 2C
11:48:07.893 DEBU [pymycobot.common] _write: fe fe 6 4d 4 6 72 39 4c 
11:48:07.908 DEBU [pymycobot.common] _read : FE FE 05 4D FF 01 FA 2C
11:48:08.029 DEBU [pymycobot.common] _write: fe fe 6 4d 5 6 72 f9 1d 
11:48:08.033 DEBU [pymycobot.common] _read : FE FE 05 4D FF 01 FA 2C
11:48:08.150 DEBU [pymycobot.common] _write: fe fe 6 4d 6 6 d6 42 ec 
11:48:08.156 DEBU [pymycobot.common] _read : FE FE 05 4D FF 01 FA 2C
11:48:16.405 DEBU [pymycobot.common] _write: fe fe 3 3d 1d 91 
11:48:16.410 DEBU [pymycobot.common] _read : FE FE 1B 3D 40 FA C4 FB 3F DE 4A 7E 40 36 D7 86 46 B6 0D 84 3F AE F0 77 38 F4 C2 FD EE 0D
11:48:16.418 DEBU [pymycobot.common] _write: fe fe 4 16 0 9d 73 
11:48:16.425 DEBU [pymycobot.common] _read : FE FE 05 16 FF 01 29 5D
11:48:16.448 DEBU [pymycobot.common] _write: fe fe 4 68 0 3d 52 
11:48:16.453 DEBU [pymycobot.common] _read : FE FE 05 68 FF 01 31 3D
11:48:23.953 DEBU [pymycobot.common] _write: fe fe 10 22 0 0 0 0 0 0 0 0 0 0 0 0 a 29 22 
11:48:23.958 DEBU [pymycobot.common] _read : FE FE 05 22 FF 01 E7 1C
11:48:23.975 DEBU [pymycobot.common] _read : FE FE 04 5B 00 CD 46
11:48:26.290 DEBU [pymycobot.common] _write: fe fe 3 2b d3 10 
11:48:26.294 DEBU [pymycobot.common] _read : FE FE 04 2B 00 0D 63
11:48:27.307 DEBU [pymycobot.common] _write: fe fe 4 54 1 fd 82 
11:48:27.319 DEBU [pymycobot.common] _read : FE FE 05 54 FF 01 3D FD
11:48:27.321 DEBU [pymycobot.common] _write: fe fe 3 20 14 51 
11:48:27.331 DEBU [pymycobot.common] _read : FE FE 0F 20 00 00 00 00 00 00 00 00 00 00 00 00 FF 70
11:48:27.340 DEBU [pymycobot.common] _write: fe fe 10 22 0 0 0 0 0 0 0 0 0 0 0 0 a 29 22 
11:48:27.350 DEBU [pymycobot.common] _read : FE FE 05 22 FF 01 E7 1C
11:48:27.368 DEBU [pymycobot.common] _read : FE FE 04 5B 00 CD 46
11:48:29.696 DEBU [pymycobot.common] _write: fe fe 3 2b d3 10 
11:48:29.701 DEBU [pymycobot.common] _read : FE FE 04 2B 00 0D 63
11:48:30.717 DEBU [pymycobot.common] _write: fe fe 4 54 2 fc c2 
11:48:30.728 DEBU [pymycobot.common] _read : FE FE 05 54 FF 01 3D FD
11:48:30.732 DEBU [pymycobot.common] _write: fe fe 3 20 14 51 
11:48:30.739 DEBU [pymycobot.common] _read : FE FE 0F 20 00 00 00 00 00 00 00 00 00 00 00 00 FF 70
11:48:30.750 DEBU [pymycobot.common] _write: fe fe 10 22 0 0 0 0 0 0 0 0 0 0 0 0 a 29 22 
11:48:30.759 DEBU [pymycobot.common] _read : FE FE 05 22 FF 01 E7 1C
11:48:30.773 DEBU [pymycobot.common] _read : FE FE 04 5B 00 CD 46
11:48:33.088 DEBU [pymycobot.common] _write: fe fe 3 2b d3 10 
11:48:33.092 DEBU [pymycobot.common] _read : FE FE 04 2B 00 0D 63
11:48:34.113 DEBU [pymycobot.common] _write: fe fe 4 54 3 3c 3 
11:48:34.125 DEBU [pymycobot.common] _read : FE FE 05 54 FF 01 3D FD
11:48:34.128 DEBU [pymycobot.common] _write: fe fe 3 20 14 51 
11:48:34.135 DEBU [pymycobot.common] _read : FE FE 0F 20 00 00 00 00 00 00 00 00 00 00 00 00 FF 70
11:48:34.147 DEBU [pymycobot.common] _write: fe fe 10 22 0 0 0 0 0 0 0 0 0 0 0 0 a 29 22 
11:48:34.151 DEBU [pymycobot.common] _read : FE FE 05 22 FF 01 E7 1C
11:48:34.167 DEBU [pymycobot.common] _read : FE FE 04 5B 00 CD 46
11:48:36.490 DEBU [pymycobot.common] _write: fe fe 3 2b d3 10 
11:48:36.494 DEBU [pymycobot.common] _read : FE FE 04 2B 00 0D 63
11:48:37.505 DEBU [pymycobot.common] _write: fe fe 4 54 4 fe 42 
11:48:37.522 DEBU [pymycobot.common] _read : FE FE 05 54 FF 01 3D FD
11:48:37.537 DEBU [pymycobot.common] _write: fe fe 3 20 14 51 
11:48:37.545 DEBU [pymycobot.common] _read : FE FE 0F 20 00 00 00 00 00 00 00 00 00 00 00 00 FF 70
11:48:37.553 DEBU [pymycobot.common] _write: fe fe 10 22 0 0 0 0 0 0 0 0 0 0 0 0 a 29 22 
11:48:37.559 DEBU [pymycobot.common] _read : FE FE 05 22 FF 01 E7 1C
11:48:37.575 DEBU [pymycobot.common] _read : FE FE 04 5B 00 CD 46
11:48:39.884 DEBU [pymycobot.common] _write: fe fe 3 2b d3 10 
11:48:39.891 DEBU [pymycobot.common] _read : FE FE 04 2B 00 0D 63
11:48:40.905 DEBU [pymycobot.common] _write: fe fe 4 54 5 3e 83 
11:48:40.915 DEBU [pymycobot.common] _read : FE FE 05 54 FF 01 3D FD
11:48:40.920 DEBU [pymycobot.common] _write: fe fe 3 20 14 51 
11:48:40.925 DEBU [pymycobot.common] _read : FE FE 0F 20 00 00 00 00 00 00 00 00 00 00 00 00 FF 70
11:48:40.936 DEBU [pymycobot.common] _write: fe fe 10 22 0 0 0 0 0 0 0 0 0 0 0 0 a 29 22 
11:48:40.941 DEBU [pymycobot.common] _read : FE FE 05 22 FF 01 E7 1C
11:48:40.958 DEBU [pymycobot.common] _read : FE FE 04 5B 00 CD 46
11:48:43.280 DEBU [pymycobot.common] _write: fe fe 3 2b d3 10 
11:48:43.292 DEBU [pymycobot.common] _read : FE FE 04 2B 00 0D 63
11:48:44.298 DEBU [pymycobot.common] _write: fe fe 4 54 6 3f c3 
11:48:44.309 DEBU [pymycobot.common] _read : FE FE 05 54 FF 01 3D FD
11:48:44.313 DEBU [pymycobot.common] _write: fe fe 3 20 14 51 
11:48:44.318 DEBU [pymycobot.common] _read : FE FE 0F 20 00 00 00 00 00 00 00 00 00 00 00 00 FF 70
11:48:44.332 DEBU [pymycobot.common] _write: fe fe 4 16 0 9d 73 
11:48:44.337 DEBU [pymycobot.common] _read : FE FE 05 16 FF 01 29 5D
11:48:44.343 DEBU [pymycobot.common] _write: fe fe 4 68 0 3d 52 
11:48:44.349 DEBU [pymycobot.common] _read : FE FE 05 68 FF 01 31 3D
11:48:53.129 DEBU [pymycobot.common] _write: fe fe 5 19 1 0 8a ec 
11:48:53.144 DEBU [pymycobot.common] _read : FE FE 05 19 FF 01 2A 6D
11:48:54.165 DEBU [pymycobot.common] _write: fe fe 5 19 1 1 4a 2d 
11:48:54.171 DEBU [pymycobot.common] _read : FE FE 05 19 FF 01 2A 6D
11:48:55.188 DEBU [pymycobot.common] _write: fe fe 5 19 2 0 7a ec 
11:48:55.213 DEBU [pymycobot.common] _read : FE FE 05 19 FF 01 2A 6D
11:48:56.239 DEBU [pymycobot.common] _write: fe fe 5 19 2 1 ba 2d 
11:48:56.244 DEBU [pymycobot.common] _read : FE FE 05 19 FF 01 2A 6D
11:48:57.262 DEBU [pymycobot.common] _write: fe fe 5 19 3 0 ea ed 
11:48:57.288 DEBU [pymycobot.common] _read : FE FE 05 19 FF 01 2A 6D
11:48:58.312 DEBU [pymycobot.common] _write: fe fe 5 19 3 1 2a 2c 
11:48:58.326 DEBU [pymycobot.common] _read : FE FE 05 19 FF 01 2A 6D
11:48:59.355 DEBU [pymycobot.common] _write: fe fe 5 19 4 0 da ef 
11:48:59.371 DEBU [pymycobot.common] _read : FE FE 05 19 FF 01 2A 6D
11:49:00.392 DEBU [pymycobot.common] _write: fe fe 5 19 4 1 1a 2e 
11:49:00.398 DEBU [pymycobot.common] _read : FE FE 05 19 FF 01 2A 6D
11:49:01.421 DEBU [pymycobot.common] _write: fe fe 5 19 5 0 4a ee 
11:49:01.448 DEBU [pymycobot.common] _read : FE FE 05 19 FF 01 2A 6D
11:49:02.471 DEBU [pymycobot.common] _write: fe fe 5 19 5 1 8a 2f 
11:49:02.475 DEBU [pymycobot.common] _read : FE FE 05 19 FF 01 2A 6D
11:49:03.487 DEBU [pymycobot.common] _write: fe fe 5 19 6 0 ba ee 
11:49:03.515 DEBU [pymycobot.common] _read : FE FE 05 19 FF 01 2A 6D
11:49:04.535 DEBU [pymycobot.common] _write: fe fe 5 19 6 1 7a 2f 
11:49:04.540 DEBU [pymycobot.common] _read : FE FE 05 19 FF 01 2A 6D
11:49:05.557 DEBU [pymycobot.common] _write: fe fe 4 16 0 9d 73 
11:49:05.563 DEBU [pymycobot.common] _read : FE FE 05 16 FF 01 29 5D
11:49:05.565 DEBU [pymycobot.common] _write: fe fe 4 68 0 3d 52 
11:49:05.569 DEBU [pymycobot.common] _read : FE FE 05 68 FF 01 31 3D
11:49:15.305 DEBU [pymycobot.common] _write: fe fe 5 13 1 0 88 cc 
11:49:15.312 DEBU [pymycobot.common] _read : FE FE 05 13 FF 01 28 4D
11:49:20.420 DEBU [pymycobot.common] _write: fe fe 5 13 1 1 48 d 
11:49:20.457 DEBU [pymycobot.common] _read : FE FE 05 13 FF 01 28 4D
11:49:25.743 DEBU [pymycobot.common] _write: fe fe 5 13 2 0 78 cc 
11:49:25.750 DEBU [pymycobot.common] _read : FE FE 05 13 FF 01 28 4D
11:49:29.960 DEBU [pymycobot.common] _write: fe fe 5 13 2 1 b8 d 
11:49:29.997 DEBU [pymycobot.common] _read : FE FE 05 13 FF 01 28 4D
11:49:35.469 DEBU [pymycobot.common] _write: fe fe 5 13 3 0 e8 cd 
11:49:35.482 DEBU [pymycobot.common] _read : FE FE 05 13 FF 01 28 4D
11:49:38.317 DEBU [pymycobot.common] _write: fe fe 5 13 3 1 28 c 
11:49:38.353 DEBU [pymycobot.common] _read : FE FE 05 13 FF 01 28 4D
11:49:40.887 DEBU [pymycobot.common] _write: fe fe 5 13 4 0 d8 cf 
11:49:40.894 DEBU [pymycobot.common] _read : FE FE 05 13 FF 01 28 4D
11:49:45.058 DEBU [pymycobot.common] _write: fe fe 5 13 4 1 18 e 
11:49:45.095 DEBU [pymycobot.common] _read : FE FE 05 13 FF 01 28 4D
11:49:48.812 DEBU [pymycobot.common] _write: fe fe 5 13 5 0 48 ce 
11:49:48.819 DEBU [pymycobot.common] _read : FE FE 05 13 FF 01 28 4D
11:49:58.312 DEBU [pymycobot.common] _write: fe fe 5 13 5 1 88 f 
11:49:58.348 DEBU [pymycobot.common] _read : FE FE 05 13 FF 01 28 4D
11:50:03.106 DEBU [pymycobot.common] _write: fe fe 5 13 6 0 b8 ce 
11:50:03.113 DEBU [pymycobot.common] _read : FE FE 05 13 FF 01 28 4D
11:50:07.549 DEBU [pymycobot.common] _write: fe fe 5 13 6 1 78 f 
11:50:07.593 DEBU [pymycobot.common] _read : FE FE 05 13 FF 01 28 4D
11:50:10.485 DEBU [pymycobot.common] _write: fe fe 5 13 fe 0 78 8d 
11:50:10.558 DEBU [pymycobot.common] _read : FE FE 05 13 FF 01 28 4D
11:50:18.719 DEBU [pymycobot.common] _write: fe fe 5 13 fe 1 b8 4c 
11:50:18.908 DEBU [pymycobot.common] _read : FE FE 05 13 FF 01 28 4D
11:50:23.094 DEBU [pymycobot.common] _write: fe fe 4 16 0 9d 73 
11:50:23.099 DEBU [pymycobot.common] _read : FE FE 05 16 FF 01 29 5D
11:50:23.102 DEBU [pymycobot.common] _write: fe fe 4 68 0 3d 52 
11:50:23.106 DEBU [pymycobot.common] _read : FE FE 05 68 FF 01 31 3D
11:50:23.117 DEBU [pymycobot.common] _write: fe fe 10 22 0 0 0 0 0 0 0 0 0 0 0 0 a 29 22 
11:50:23.125 DEBU [pymycobot.common] _read : FE FE 05 22 FF 01 E7 1C
11:50:24.131 DEBU [pymycobot.common] _write: fe fe 3 2b d3 10 
11:50:24.136 DEBU [pymycobot.common] _read : FE FE 04 2B 01 CD A2
11:50:25.135 DEBU [pymycobot.common] _write: fe fe 3 2b d3 10 
11:50:25.140 DEBU [pymycobot.common] _read : FE FE 04 2B 01 CD A2
11:50:25.560 DEBU [pymycobot.common] _read : FE FE 04 5B 00 CD 46
11:50:27.882 DEBU [pymycobot.common] _write: fe fe 3 2b d3 10 
11:50:27.894 DEBU [pymycobot.common] _read : FE FE 04 2B 00 0D 63
11:50:39.413 DEBU [pymycobot.common] _write: fe fe 3 59 f6 90 
11:50:39.416 DEBU [pymycobot.common] _read : FE FE 1B 59 40 FA C4 FE 3F DE 4A 7E 40 36 D7 84 46 B6 0D 85 3F AE F0 77 38 F4 C3 02 23 BB
11:50:39.426 DEBU [pymycobot.common] _write: fe fe 4 16 0 9d 73 
11:50:39.430 DEBU [pymycobot.common] _read : FE FE 05 16 FF 01 29 5D
11:50:39.440 DEBU [pymycobot.common] _write: fe fe 4 68 0 3d 52 
11:50:39.445 DEBU [pymycobot.common] _read : FE FE 05 68 FF 01 31 3D
11:50:45.496 DEBU [pymycobot.common] _write: fe fe 3 e1 84 90 
11:50:45.501 DEBU [pymycobot.common] _read : FE FE 0F E1 FF FF 00 00 00 00 FF FF 00 01 00 00 A6 46
11:50:45.509 DEBU [pymycobot.common] _write: fe fe 10 22 b b8 b b8 b b8 b b8 b b8 b b8 32 b1 63 
11:50:45.515 DEBU [pymycobot.common] _read : FE FE 05 22 FF 01 E7 1C
11:50:46.524 DEBU [pymycobot.common] _write: fe fe 3 2b d3 10 
11:50:46.528 DEBU [pymycobot.common] _read : FE FE 04 2B 01 CD A2
11:50:46.562 DEBU [pymycobot.common] _read : FE FE 04 5B 00 CD 46
11:50:46.780 DEBU [pymycobot.common] _write: fe fe 3 e1 84 90 
11:50:46.785 DEBU [pymycobot.common] _read : FE FE 0F E1 00 00 00 00 00 00 00 00 00 01 00 00 BF 22
11:50:46.949 DEBU [pymycobot.common] _write: fe fe 4 16 0 9d 73 
11:50:46.954 DEBU [pymycobot.common] _read : FE FE 05 16 FF 01 29 5D
11:50:46.961 DEBU [pymycobot.common] _write: fe fe 4 68 0 3d 52 
11:50:46.966 DEBU [pymycobot.common] _read : FE FE 05 68 FF 01 31 3D
11:50:46.975 DEBU [pymycobot.common] _write: fe fe 10 22 0 0 0 0 0 0 0 0 0 0 0 0 a 29 22 
11:50:46.981 DEBU [pymycobot.common] _read : FE FE 05 22 FF 01 E7 1C
11:50:47.976 DEBU [pymycobot.common] _write: fe fe 3 2b d3 10 
11:50:47.982 DEBU [pymycobot.common] _read : FE FE 04 2B 01 CD A2
11:50:48.978 DEBU [pymycobot.common] _write: fe fe 3 2b d3 10 
11:50:48.985 DEBU [pymycobot.common] _read : FE FE 04 2B 01 CD A2
11:50:49.682 DEBU [pymycobot.common] _read : FE FE 04 5B 00 CD 46
11:50:51.993 DEBU [pymycobot.common] _write: fe fe 3 2b d3 10 
11:50:51.999 DEBU [pymycobot.common] _read : FE FE 04 2B 00 0D 63
11:51:48.601 DEBU [pymycobot.common] _write: fe fe 3 e1 84 90 
11:51:48.604 DEBU [pymycobot.common] _read : FE FE 0F E1 00 00 00 00 00 00 00 00 FF FF 00 00 5B 73
11:51:48.620 DEBU [pymycobot.common] _write: fe fe 10 22 b b8 b b8 b b8 b b8 b b8 b b8 32 b1 63 
11:51:48.625 DEBU [pymycobot.common] _read : FE FE 05 22 FF 01 E7 1C
11:51:49.623 DEBU [pymycobot.common] _write: fe fe 3 2b d3 10 
11:51:49.627 DEBU [pymycobot.common] _read : FE FE 04 2B 01 CD A2
11:51:49.667 DEBU [pymycobot.common] _read : FE FE 04 5B 00 CD 46
11:51:49.880 DEBU [pymycobot.common] _write: fe fe 3 e1 84 90 
11:51:49.885 DEBU [pymycobot.common] _read : FE FE 0F E1 00 00 00 00 00 00 00 00 00 00 00 00 7F 73
11:51:50.021 DEBU [pymycobot.common] _write: fe fe 4 16 0 9d 73 
11:51:50.027 DEBU [pymycobot.common] _read : FE FE 05 16 FF 01 29 5D
11:51:50.033 DEBU [pymycobot.common] _write: fe fe 4 68 0 3d 52 
11:51:50.044 DEBU [pymycobot.common] _read : FE FE 05 68 FF 01 31 3D
11:51:50.049 DEBU [pymycobot.common] _write: fe fe 10 22 0 0 0 0 0 0 0 0 0 0 0 0 a 29 22 
11:51:50.056 DEBU [pymycobot.common] _read : FE FE 05 22 FF 01 E7 1C
11:51:51.051 DEBU [pymycobot.common] _write: fe fe 3 2b d3 10 
11:51:51.055 DEBU [pymycobot.common] _read : FE FE 04 2B 01 CD A2
11:51:52.053 DEBU [pymycobot.common] _write: fe fe 3 2b d3 10 
11:51:52.057 DEBU [pymycobot.common] _read : FE FE 04 2B 01 CD A2
11:51:52.743 DEBU [pymycobot.common] _read : FE FE 04 5B 00 CD 46
11:51:55.065 DEBU [pymycobot.common] _write: fe fe 3 2b d3 10 
11:51:55.071 DEBU [pymycobot.common] _read : FE FE 04 2B 00 0D 63
11:57:37.519 DEBU [pymycobot.common] _write: fe fe 3 e2 85 d0 
11:57:37.524 DEBU [pymycobot.common] _read : FE FE 0F E2 FE DE FF 9D FF D1 00 57 00 3F 00 5C D4 4A
11:57:37.739 DEBU [pymycobot.common] _write: fe fe 10 22 b b8 b b8 b b8 b b8 b b8 b b8 32 b1 63 
11:57:37.747 DEBU [pymycobot.common] _read : FE FE 05 22 FF 01 E7 1C
11:57:38.741 DEBU [pymycobot.common] _write: fe fe 3 2b d3 10 
11:57:38.749 DEBU [pymycobot.common] _read : FE FE 04 2B 01 CD A2
11:57:38.791 DEBU [pymycobot.common] _read : FE FE 04 5B 00 CD 46
11:57:39.015 DEBU [pymycobot.common] _write: fe fe 3 e2 85 d0 
11:57:39.022 DEBU [pymycobot.common] _read : FE FE 0F E2 00 F3 F8 A5 01 FC 01 29 FF F2 FE F3 93 09
11:57:39.040 DEBU [pymycobot.common] _write: fe fe 4 16 0 9d 73 
11:57:39.045 DEBU [pymycobot.common] _read : FE FE 05 16 FF 01 29 5D
11:57:39.060 DEBU [pymycobot.common] _write: fe fe 4 68 0 3d 52 
11:57:39.064 DEBU [pymycobot.common] _read : FE FE 05 68 FF 01 31 3D
11:57:56.464 DEBU [pymycobot.common] _write: fe fe 3 e2 85 d0 
11:57:56.468 DEBU [pymycobot.common] _read : FE FE 0F E2 00 6A F8 51 02 2A 01 2E 00 09 FF 65 CA 6E
11:57:56.576 DEBU [pymycobot.common] _write: fe fe 10 22 b b8 b b8 b b8 b b8 b b8 b b8 32 b1 63 
11:57:56.581 DEBU [pymycobot.common] _read : FE FE 05 22 FF 01 E7 1C
11:57:56.594 DEBU [pymycobot.common] _read : FE FE 04 5B 00 CD 46
11:57:56.819 DEBU [pymycobot.common] _write: fe fe 3 e2 85 d0 
11:57:56.832 DEBU [pymycobot.common] _read : FE FE 0F E2 00 7A F8 78 02 2E 01 2A FF E7 FF 35 86 2D
11:57:56.841 DEBU [pymycobot.common] _write: fe fe 4 16 0 9d 73 
11:57:56.846 DEBU [pymycobot.common] _read : FE FE 05 16 FF 01 29 5D
11:57:56.850 DEBU [pymycobot.common] _write: fe fe 4 68 0 3d 52 
11:57:56.863 DEBU [pymycobot.common] _read : FE FE 05 68 FF 01 31 3D
11:58:04.568 DEBU [pymycobot.common] _write: fe fe 3 e2 85 d0 
11:58:04.576 DEBU [pymycobot.common] _read : FE FE 0F E2 00 A6 F8 2C 02 2E 01 23 00 38 FF 54 D1 68
11:58:04.760 DEBU [pymycobot.common] _write: fe fe 10 22 b b8 b b8 b b8 b b8 b b8 b b8 32 b1 63 
11:58:04.765 DEBU [pymycobot.common] _read : FE FE 05 22 FF 01 E7 1C
11:58:04.779 DEBU [pymycobot.common] _read : FE FE 04 5B 00 CD 46
11:58:05.000 DEBU [pymycobot.common] _write: fe fe 3 e2 85 d0 
11:58:05.006 DEBU [pymycobot.common] _read : FE FE 0F E2 00 A3 F8 23 02 58 01 0A FF CE FF 41 05 63
11:58:05.026 DEBU [pymycobot.common] _write: fe fe 4 16 0 9d 73 
11:58:05.031 DEBU [pymycobot.common] _read : FE FE 05 16 FF 01 29 5D
11:58:05.046 DEBU [pymycobot.common] _write: fe fe 4 68 0 3d 52 
11:58:05.059 DEBU [pymycobot.common] _read : FE FE 05 68 FF 01 31 3D
11:58:05.061 DEBU [pymycobot.common] _write: fe fe 10 22 0 0 0 0 0 0 0 0 0 0 0 0 a 29 22 
11:58:05.067 DEBU [pymycobot.common] _read : FE FE 05 22 FF 01 E7 1C
11:58:06.061 DEBU [pymycobot.common] _write: fe fe 3 2b d3 10 
11:58:06.072 DEBU [pymycobot.common] _read : FE FE 04 2B 01 CD A2
11:58:07.065 DEBU [pymycobot.common] _write: fe fe 3 2b d3 10 
11:58:07.074 DEBU [pymycobot.common] _read : FE FE 04 2B 01 CD A2
11:58:07.761 DEBU [pymycobot.common] _read : FE FE 04 5B 00 CD 46
11:58:10.077 DEBU [pymycobot.common] _write: fe fe 3 2b d3 10 
11:58:10.082 DEBU [pymycobot.common] _read : FE FE 04 2B 00 0D 63
11:58:19.593 DEBU [pymycobot.common] _write: fe fe 3 e2 85 d0 
11:58:19.599 DEBU [pymycobot.common] _read : FE FE 0F E2 FF 0C FF 83 00 1A 00 20 00 0F 00 7A DA D5
11:58:19.721 DEBU [pymycobot.common] _write: fe fe 10 22 b b8 b b8 b b8 b b8 b b8 b b8 32 b1 63 
11:58:19.726 DEBU [pymycobot.common] _read : FE FE 05 22 FF 01 E7 1C
11:58:20.726 DEBU [pymycobot.common] _write: fe fe 3 2b d3 10 
11:58:20.730 DEBU [pymycobot.common] _read : FE FE 04 2B 01 CD A2
11:58:20.766 DEBU [pymycobot.common] _read : FE FE 04 5B 00 CD 46
11:58:20.985 DEBU [pymycobot.common] _write: fe fe 3 e2 85 d0 
11:58:21.000 DEBU [pymycobot.common] _read : FE FE 0F E2 00 AB F8 D5 01 E7 01 1C 00 23 FF 35 DA 81
11:58:21.023 DEBU [pymycobot.common] _write: fe fe 4 16 0 9d 73 
11:58:21.027 DEBU [pymycobot.common] _read : FE FE 05 16 FF 01 29 5D
11:58:21.030 DEBU [pymycobot.common] _write: fe fe 4 68 0 3d 52 
11:58:21.040 DEBU [pymycobot.common] _read : FE FE 05 68 FF 01 31 3D
11:58:21.045 DEBU [pymycobot.common] _write: fe fe 10 22 0 0 0 0 0 0 0 0 0 0 0 0 a 29 22 
11:58:21.060 DEBU [pymycobot.common] _read : FE FE 05 22 FF 01 E7 1C
11:58:22.059 DEBU [pymycobot.common] _write: fe fe 3 2b d3 10 
11:58:22.065 DEBU [pymycobot.common] _read : FE FE 04 2B 01 CD A2
11:58:23.063 DEBU [pymycobot.common] _write: fe fe 3 2b d3 10 
11:58:23.067 DEBU [pymycobot.common] _read : FE FE 04 2B 01 CD A2
11:58:23.753 DEBU [pymycobot.common] _read : FE FE 04 5B 00 CD 46
11:58:26.073 DEBU [pymycobot.common] _write: fe fe 3 2b d3 10 
11:58:26.089 DEBU [pymycobot.common] _read : FE FE 04 2B 00 0D 63
11:58:58.819 DEBU [pymycobot.common] _write: fe fe 3 e2 85 d0 
11:58:58.824 DEBU [pymycobot.common] _read : FE FE 0F E2 FE F5 FF 7D FF FF FF BF 00 23 00 43 E0 37
11:59:01.975 DEBU [pymycobot.common] _write: fe fe 10 22 b b8 b b8 b b8 b b8 b b8 b b8 32 b1 63 
11:59:01.982 DEBU [pymycobot.common] _read : FE FE 05 22 FF 01 E7 1C
11:59:02.980 DEBU [pymycobot.common] _write: fe fe 3 2b d3 10 
11:59:02.985 DEBU [pymycobot.common] _read : FE FE 04 2B 01 CD A2
11:59:03.024 DEBU [pymycobot.common] _read : FE FE 04 5B 00 CD 46
11:59:03.240 DEBU [pymycobot.common] _write: fe fe 3 e2 85 d0 
11:59:03.244 DEBU [pymycobot.common] _read : FE FE 0F E2 00 C6 F9 0A 01 E2 01 2F FF DB FF 90 1D E9
11:59:03.262 DEBU [pymycobot.common] _write: fe fe 4 16 0 9d 73 
11:59:03.267 DEBU [pymycobot.common] _read : FE FE 05 16 FF 01 29 5D
11:59:03.270 DEBU [pymycobot.common] _write: fe fe 4 68 0 3d 52 
11:59:03.276 DEBU [pymycobot.common] _read : FE FE 05 68 FF 01 31 3D
11:59:03.285 DEBU [pymycobot.common] _write: fe fe 10 22 0 0 0 0 0 0 0 0 0 0 0 0 a 29 22 
11:59:03.292 DEBU [pymycobot.common] _read : FE FE 05 22 FF 01 E7 1C
11:59:04.286 DEBU [pymycobot.common] _write: fe fe 3 2b d3 10 
11:59:04.291 DEBU [pymycobot.common] _read : FE FE 04 2B 01 CD A2
11:59:05.291 DEBU [pymycobot.common] _write: fe fe 3 2b d3 10 
11:59:05.296 DEBU [pymycobot.common] _read : FE FE 04 2B 01 CD A2
11:59:05.985 DEBU [pymycobot.common] _read : FE FE 04 5B 00 CD 46
11:59:08.297 DEBU [pymycobot.common] _write: fe fe 3 2b d3 10 
11:59:08.316 DEBU [pymycobot.common] _read : FE FE 04 2B 00 0D 63
11:59:51.566 DEBU [pymycobot.common] _write: fe fe 3 e4 87 50 
11:59:51.575 DEBU [pymycobot.common] _read : FE FE 0F E4 00 00 00 00 00 00 00 00 00 00 00 00 7A 7F
11:59:51.591 DEBU [pymycobot.common] _write: fe fe 4 16 0 9d 73 
11:59:51.596 DEBU [pymycobot.common] _read : FE FE 05 16 FF 01 29 5D
11:59:51.605 DEBU [pymycobot.common] _write: fe fe 4 68 0 3d 52 
11:59:51.611 DEBU [pymycobot.common] _read : FE FE 05 68 FF 01 31 3D
14:31:47.696 DEBU [pymycobot.common] _write: fe fe 4 10 1 fd b1 
14:31:50.941 DEBU [pymycobot.common] _read : FE FE 04 10 01 FD B1
14:31:50.946 DEBU [pymycobot.common] _write: fe fe 3 f c8 10 
14:31:50.949 DEBU [pymycobot.common] _read : FE FE 05 0F FF 01 EE 8C
14:32:05.260 DEBU [pymycobot.common] _write: fe fe 6 64 0 a 2 40 1 
14:32:08.269 DEBU [pymycobot.common] _write: fe fe 3 2b d3 10 
14:32:11.276 DEBU [pymycobot.common] _write: fe fe 3 2b d3 10 
14:32:14.287 DEBU [pymycobot.common] _write: fe fe 3 2b d3 10 
14:32:17.297 DEBU [pymycobot.common] _write: fe fe 3 2b d3 10 
14:32:20.303 DEBU [pymycobot.common] _write: fe fe 3 2b d3 10 
14:32:23.311 DEBU [pymycobot.common] _write: fe fe 3 2b d3 10 
14:32:26.322 DEBU [pymycobot.common] _write: fe fe 3 2b d3 10 
14:32:29.330 DEBU [pymycobot.common] _write: fe fe 3 2b d3 10 
14:32:32.333 DEBU [pymycobot.common] _write: fe fe 3 2b d3 10 
14:32:35.348 DEBU [pymycobot.common] _write: fe fe 3 2b d3 10 
14:32:38.349 DEBU [pymycobot.common] _write: fe fe 3 2b d3 10 
14:32:41.358 DEBU [pymycobot.common] _write: fe fe 3 2b d3 10 
14:32:44.360 DEBU [pymycobot.common] _write: fe fe 3 2b d3 10 
14:32:47.371 DEBU [pymycobot.common] _write: fe fe 3 2b d3 10 
14:32:48.518 DEBU [pymycobot.common] _read : FE FE 05 64 FF 01 32 FD
14:32:48.529 DEBU [pymycobot.common] _read : FE FE 04 2B 00 0D 63 FE FE 04 2B 00 0D 63 FE FE 04 2B 00 0D 63
14:32:48.544 DEBU [pymycobot.common] _read : FE FE 04 2B 00 0D 63 FE FE 04 2B 00 0D 63 FE FE 04 2B 00 0D 63 FE FE 04 2B 00 0D 63 FE FE 04 2B 00 0D 63 FE FE 04 2B 00 0D 63
14:32:48.545 DEBU [pymycobot.common] _write: fe fe 3 2b d3 10 
14:32:48.559 DEBU [pymycobot.common] _read : FE FE 04 2B 00 0D 63 FE FE 04 2B 00 0D 63 FE FE 04 2B 00 0D 63 FE FE 04 2B 00 0D 63 FE FE 04 2B 00 0D 63 FE FE 04 2B 00 0D 63
14:32:48.559 DEBU [pymycobot.common] _write: fe fe 3 2b d3 10 
14:32:48.574 DEBU [pymycobot.common] _read : FE FE 04 2B 00 0D 63
14:32:48.574 DEBU [pymycobot.common] _write: fe fe 3 2b d3 10 
14:32:48.589 DEBU [pymycobot.common] _read : FE FE 04 2B 00 0D 63
14:32:48.589 DEBU [pymycobot.common] _write: fe fe 3 2b d3 10 
14:32:48.590 DEBU [pymycobot.common] _write: fe fe 3 2b d3 10 
14:32:48.604 DEBU [pymycobot.common] _read : FE FE 04 2B 00 0D 63 FE FE 04 2B 00 0D 63
14:32:48.604 DEBU [pymycobot.common] _write: fe fe 3 2b d3 10 
14:32:48.619 DEBU [pymycobot.common] _write: fe fe 3 2b d3 10 
14:32:48.619 DEBU [pymycobot.common] _read : FE FE 04 2B 00 0D 63
14:32:48.620 DEBU [pymycobot.common] _write: fe fe 3 2b d3 10 
14:32:48.634 DEBU [pymycobot.common] _write: fe fe 3 2b d3 10 
14:32:48.634 DEBU [pymycobot.common] _read : FE FE 04 2B 00 0D 63 FE FE 04 2B 00 0D 63
14:32:48.649 DEBU [pymycobot.common] _write: fe fe 3 2b d3 10 
14:32:48.649 DEBU [pymycobot.common] _read : FE FE 04 2B 00 0D 63
14:32:48.650 DEBU [pymycobot.common] _write: fe fe 3 2b d3 10 
14:32:48.664 DEBU [pymycobot.common] _write: fe fe 3 2b d3 10 
14:32:48.664 DEBU [pymycobot.common] _read : FE FE 04 2B 00 0D 63
14:32:48.680 DEBU [pymycobot.common] _write: fe fe 3 2b d3 10 
14:32:48.680 DEBU [pymycobot.common] _read : FE FE 04 2B 00 0D 63 FE FE 04 2B 00 0D 63
14:32:48.680 DEBU [pymycobot.common] _write: fe fe 3 2b d3 10 
14:32:48.695 DEBU [pymycobot.common] _write: fe fe 3 2b d3 10 
14:32:48.695 DEBU [pymycobot.common] _read : FE FE 04 2B 00 0D 63 FE FE 04 2B 00 0D 63
14:32:48.710 DEBU [pymycobot.common] _write: fe fe 3 2b d3 10 
14:32:48.710 DEBU [pymycobot.common] _read : FE FE 04 2B 00 0D 63
14:32:48.710 DEBU [pymycobot.common] _write: fe fe 3 2b d3 10 
14:32:48.725 DEBU [pymycobot.common] _write: fe fe 3 2b d3 10 
14:32:48.725 DEBU [pymycobot.common] _read : FE FE 04 2B 00 0D 63
14:32:48.740 DEBU [pymycobot.common] _write: fe fe 3 2b d3 10 
14:32:48.740 DEBU [pymycobot.common] _read : FE FE 04 2B 00 0D 63 FE FE 04 2B 00 0D 63
14:32:48.740 DEBU [pymycobot.common] _write: fe fe 3 2b d3 10 
14:32:48.755 DEBU [pymycobot.common] _read : FE FE 04 2B 00 0D 63 FE FE 04 2B 00 0D 63
14:32:48.755 DEBU [pymycobot.common] _write: fe fe 3 2b d3 10 
14:32:48.770 DEBU [pymycobot.common] _read : FE FE 04 2B 00 0D 63
14:32:48.770 DEBU [pymycobot.common] _write: fe fe 3 2b d3 10 
14:32:48.770 DEBU [pymycobot.common] _write: fe fe 3 2b d3 10 
14:32:48.785 DEBU [pymycobot.common] _write: fe fe 3 2b d3 10 
14:32:48.785 DEBU [pymycobot.common] _read : FE FE 04 2B 00 0D 63 FE FE 04 2B 00 0D 63
14:32:48.800 DEBU [pymycobot.common] _write: fe fe 3 2b d3 10 
14:32:48.800 DEBU [pymycobot.common] _read : FE FE 04 2B 00 0D 63
14:32:48.800 DEBU [pymycobot.common] _write: fe fe 3 2b d3 10 
14:32:48.815 DEBU [pymycobot.common] _read : FE FE 04 2B 00 0D 63 FE FE 04 2B 00 0D 63
14:32:48.815 DEBU [pymycobot.common] _write: fe fe 3 2b d3 10 
14:32:48.831 DEBU [pymycobot.common] _write: fe fe 3 2b d3 10 
14:32:48.831 DEBU [pymycobot.common] _read : FE FE 04 2B 00 0D 63
14:32:48.831 DEBU [pymycobot.common] _write: fe fe 3 2b d3 10 
14:32:48.846 DEBU [pymycobot.common] _write: fe fe 3 2b d3 10 
14:32:48.846 DEBU [pymycobot.common] _read : FE FE 04 2B 00 0D 63 FE FE 04 2B 00 0D 63
14:32:48.862 DEBU [pymycobot.common] _write: fe fe 3 2b d3 10 
14:32:48.862 DEBU [pymycobot.common] _read : FE FE 04 2B 00 0D 63
14:32:48.862 DEBU [pymycobot.common] _write: fe fe 3 2b d3 10 
14:32:48.877 DEBU [pymycobot.common] _write: fe fe 3 2b d3 10 
14:32:48.877 DEBU [pymycobot.common] _read : FE FE 04 2B 00 0D 63
14:32:48.893 DEBU [pymycobot.common] _write: fe fe 3 2b d3 10 
14:32:48.893 DEBU [pymycobot.common] _read : FE FE 04 2B 00 0D 63 FE FE 04 2B 00 0D 63
14:32:48.893 DEBU [pymycobot.common] _write: fe fe 3 2b d3 10 
14:32:48.908 DEBU [pymycobot.common] _write: fe fe 3 2b d3 10 
14:32:48.908 DEBU [pymycobot.common] _read : FE FE 04 2B 00 0D 63 FE FE 04 2B 00 0D 63
14:32:48.923 DEBU [pymycobot.common] _write: fe fe 3 2b d3 10 
14:32:48.923 DEBU [pymycobot.common] _write: fe fe 6 64 0 a 2 40 1 
14:32:48.923 DEBU [pymycobot.common] _read : FE FE 04 2B 00 0D 63
14:32:48.938 DEBU [pymycobot.common] _read : FE FE 04 2B 00 0D 63
14:33:04.076 DEBU [pymycobot.common] _write: fe fe 3 6 ce d0 
14:33:07.088 DEBU [pymycobot.common] _write: fe fe 3 2b d3 10 
14:33:07.089 DEBU [pymycobot.common] _write: fe fe 3 6 ce d0 
14:33:10.093 DEBU [pymycobot.common] _write: fe fe 3 2b d3 10 
14:33:10.094 DEBU [pymycobot.common] _write: fe fe 3 6 ce d0 
14:33:13.104 DEBU [pymycobot.common] _write: fe fe 3 2b d3 10 
14:33:16.106 DEBU [pymycobot.common] _write: fe fe 3 2b d3 10 
14:33:19.112 DEBU [pymycobot.common] _write: fe fe 3 2b d3 10 
14:33:22.114 DEBU [pymycobot.common] _write: fe fe 3 2b d3 10 
14:33:25.125 DEBU [pymycobot.common] _write: fe fe 3 2b d3 10 
14:33:28.138 DEBU [pymycobot.common] _write: fe fe 3 2b d3 10 
14:33:31.147 DEBU [pymycobot.common] _write: fe fe 3 2b d3 10 
14:33:32.180 DEBU [pymycobot.common] _read : FE FE 05 64 FF 01 32 FD
14:33:32.189 DEBU [pymycobot.common] _read : FE FE 04 2B 00 0D 63
14:33:32.204 DEBU [pymycobot.common] _read : FE FE 04 2B 00 0D 63 FE FE 04 2B 00 0D 63 FE FE 04 2B 00 0D 63 FE FE 04 2B 00 0D 63 FE FE 04 2B 00 0D 63 FE FE 04 2B 00 0D 63
14:33:32.204 DEBU [pymycobot.common] _write: fe fe 3 2b d3 10 
14:33:32.220 DEBU [pymycobot.common] _write: fe fe 3 2b d3 10 
14:33:32.220 DEBU [pymycobot.common] _read : FE FE 04 2B 00 0D 63 FE FE 04 2B 00 0D 63 FE FE 04 2B 00 0D 63
14:33:32.235 DEBU [pymycobot.common] _write: fe fe 3 2b d3 10 
14:33:32.235 DEBU [pymycobot.common] _read : FE FE 04 2B 00 0D 63
14:33:32.250 DEBU [pymycobot.common] _write: fe fe 3 2b d3 10 
14:33:32.250 DEBU [pymycobot.common] _read : FE FE 04 2B 00 0D 63
14:33:32.250 DEBU [pymycobot.common] _write: fe fe 3 2b d3 10 
14:33:32.265 DEBU [pymycobot.common] _read : FE FE 04 2B 00 0D 63 FE FE 04 2B 00 0D 63
14:33:32.265 DEBU [pymycobot.common] _write: fe fe 3 2b d3 10 
14:33:32.280 DEBU [pymycobot.common] _write: fe fe 3 2b d3 10 
14:33:32.280 DEBU [pymycobot.common] _read : FE FE 04 2B 00 0D 63
14:33:32.280 DEBU [pymycobot.common] _write: fe fe 3 2b d3 10 
14:33:32.295 DEBU [pymycobot.common] _read : FE FE 04 2B 00 0D 63
14:33:32.295 DEBU [pymycobot.common] _write: fe fe 3 2b d3 10 
14:33:32.310 DEBU [pymycobot.common] _read : FE FE 04 2B 00 0D 63 FE FE 04 2B 00 0D 63
14:33:32.310 DEBU [pymycobot.common] _write: fe fe 3 2b d3 10 
14:33:32.311 DEBU [pymycobot.common] _write: fe fe 3 2b d3 10 
14:33:32.325 DEBU [pymycobot.common] _write: fe fe 3 2b d3 10 
14:33:32.325 DEBU [pymycobot.common] _read : FE FE 04 2B 00 0D 63
14:33:32.340 DEBU [pymycobot.common] _write: fe fe 3 2b d3 10 
14:33:32.340 DEBU [pymycobot.common] _read : FE FE 04 2B 00 0D 63 FE FE 04 2B 00 0D 63
14:33:32.340 DEBU [pymycobot.common] _write: fe fe 3 2b d3 10 
14:33:32.356 DEBU [pymycobot.common] _write: fe fe 3 2b d3 10 
14:33:32.356 DEBU [pymycobot.common] _read : FE FE 04 2B 00 0D 63 FE FE 04 2B 00 0D 63
14:33:32.371 DEBU [pymycobot.common] _read : FE FE 04 2B 00 0D 63
14:33:32.371 DEBU [pymycobot.common] _write: fe fe 3 2b d3 10 
14:33:32.372 DEBU [pymycobot.common] _write: fe fe 3 6 ce d0 
14:33:32.386 DEBU [pymycobot.common] _read : FE FE 04 2B 00 0D 63 FE FE 04 06 01 9D BF
14:33:50.670 DEBU [pymycobot.common] _write: fe fe 5 e 2 0 7e 5c 
14:33:50.675 DEBU [pymycobot.common] _read : FE FE 05 0E FF 01 2E DD
14:33:56.412 DEBU [pymycobot.common] _write: fe fe 6 64 0 a 2 40 1 
14:34:39.669 DEBU [pymycobot.common] _read : FE FE 05 64 FF 01 32 FD
14:34:39.682 DEBU [pymycobot.common] _read : FE FE 04 06 01 9D BF
14:34:58.988 DEBU [pymycobot.common] _write: fe fe 3 6 ce d0 
14:39:24.824 DEBU [pymycobot.common] _write: fe fe 6 64 0 b 3 10 c1 
14:39:27.839 DEBU [pymycobot.common] _write: fe fe 3 2b d3 10 
14:39:30.846 DEBU [pymycobot.common] _write: fe fe 3 2b d3 10 
14:39:38.143 DEBU [pymycobot.common] _write: fe fe 5 e 2 0 7e 5c 
14:39:41.147 DEBU [pymycobot.common] _write: fe fe 3 2b d3 10 
14:39:44.154 DEBU [pymycobot.common] _write: fe fe 3 2b d3 10 
14:39:47.161 DEBU [pymycobot.common] _write: fe fe 3 2b d3 10 
14:39:57.602 DEBU [pymycobot.common] _write: fe fe 5 e 2 0 7e 5c 
14:39:57.602 DEBU [pymycobot.common] _write: fe fe 5 e 2 0 7e 5c 
14:40:00.605 DEBU [pymycobot.common] _write: fe fe 3 2b d3 10 
14:40:00.605 DEBU [pymycobot.common] _write: fe fe 3 2b d3 10 
14:40:03.614 DEBU [pymycobot.common] _write: fe fe 3 2b d3 10 
14:40:03.614 DEBU [pymycobot.common] _write: fe fe 3 2b d3 10 
14:40:06.627 DEBU [pymycobot.common] _write: fe fe 3 2b d3 10 
14:40:06.627 DEBU [pymycobot.common] _write: fe fe 3 2b d3 10 
14:44:22.089 DEBU [pymycobot.common] _write: fe fe 4 10 1 fd b1 
14:44:25.339 DEBU [pymycobot.common] _read : FE FE 04 10 01 FD B1
14:44:25.341 DEBU [pymycobot.common] _write: fe fe 3 f c8 10 
14:44:25.356 DEBU [pymycobot.common] _read : FE FE 05 0F FF 01 EE 8C
14:44:28.705 DEBU [pymycobot.common] _write: fe fe 5 e 2 0 7e 5c 
14:44:28.725 DEBU [pymycobot.common] _read : FE FE 05 0E FF 01 2E DD
14:44:38.132 DEBU [pymycobot.common] _write: fe fe 6 64 0 a 3 80 c0 
14:44:41.133 DEBU [pymycobot.common] _write: fe fe 3 2b d3 10 
14:44:44.137 DEBU [pymycobot.common] _write: fe fe 3 2b d3 10 
14:44:47.146 DEBU [pymycobot.common] _write: fe fe 3 2b d3 10 
14:44:50.156 DEBU [pymycobot.common] _write: fe fe 3 2b d3 10 
14:44:53.163 DEBU [pymycobot.common] _write: fe fe 3 2b d3 10 
14:44:56.167 DEBU [pymycobot.common] _write: fe fe 3 2b d3 10 
14:44:59.178 DEBU [pymycobot.common] _write: fe fe 3 2b d3 10 
14:45:02.186 DEBU [pymycobot.common] _write: fe fe 3 2b d3 10 
14:45:05.189 DEBU [pymycobot.common] _write: fe fe 3 2b d3 10 
14:45:08.192 DEBU [pymycobot.common] _write: fe fe 3 2b d3 10 
14:45:11.198 DEBU [pymycobot.common] _write: fe fe 3 2b d3 10 
14:45:14.200 DEBU [pymycobot.common] _write: fe fe 3 2b d3 10 
14:45:17.205 DEBU [pymycobot.common] _write: fe fe 3 2b d3 10 
14:45:20.218 DEBU [pymycobot.common] _write: fe fe 3 2b d3 10 
14:45:21.381 DEBU [pymycobot.common] _read : FE FE 05 64 FF 01 32 FD
14:45:21.390 DEBU [pymycobot.common] _read : FE FE 04 2B 00 0D 63 FE FE 04 2B 00 0D 63 FE FE 04 2B 00 0D 63 FE FE 04 2B 00 0D 63
14:45:21.405 DEBU [pymycobot.common] _read : FE FE 04 2B 00 0D 63 FE FE 04 2B 00 0D 63 FE FE 04 2B 00 0D 63 FE FE 04 2B 00 0D 63 FE FE 04 2B 00 0D 63
14:45:21.405 DEBU [pymycobot.common] _write: fe fe 3 2b d3 10 
14:45:21.420 DEBU [pymycobot.common] _read : FE FE 04 2B 00 0D 63 FE FE 04 2B 00 0D 63 FE FE 04 2B 00 0D 63 FE FE 04 2B 00 0D 63 FE FE 04 2B 00 0D 63 FE FE 04 2B 00 0D 63
14:45:21.420 DEBU [pymycobot.common] _write: fe fe 3 2b d3 10 
14:45:21.436 DEBU [pymycobot.common] _read : FE FE 04 2B 00 0D 63
14:45:21.436 DEBU [pymycobot.common] _write: fe fe 3 2b d3 10 
14:45:21.451 DEBU [pymycobot.common] _read : FE FE 04 2B 00 0D 63
14:45:21.451 DEBU [pymycobot.common] _write: fe fe 3 2b d3 10 
14:45:21.452 DEBU [pymycobot.common] _write: fe fe 3 2b d3 10 
14:45:21.466 DEBU [pymycobot.common] _read : FE FE 04 2B 00 0D 63
14:45:21.466 DEBU [pymycobot.common] _write: fe fe 3 2b d3 10 
14:45:21.481 DEBU [pymycobot.common] _read : FE FE 04 2B 00 0D 63 FE FE 04 2B 00 0D 63
14:45:21.481 DEBU [pymycobot.common] _write: fe fe 3 2b d3 10 
14:45:21.482 DEBU [pymycobot.common] _write: fe fe 3 2b d3 10 
14:45:21.496 DEBU [pymycobot.common] _write: fe fe 3 2b d3 10 
14:45:21.496 DEBU [pymycobot.common] _read : FE FE 04 2B 00 0D 63
14:45:21.511 DEBU [pymycobot.common] _write: fe fe 3 2b d3 10 
14:45:21.511 DEBU [pymycobot.common] _read : FE FE 04 2B 00 0D 63 FE FE 04 2B 00 0D 63
14:45:21.512 DEBU [pymycobot.common] _write: fe fe 3 2b d3 10 
14:45:21.526 DEBU [pymycobot.common] _write: fe fe 3 2b d3 10 
14:45:21.526 DEBU [pymycobot.common] _read : FE FE 04 2B 00 0D 63 FE FE 04 2B 00 0D 63
14:45:21.541 DEBU [pymycobot.common] _write: fe fe 3 2b d3 10 
14:45:21.541 DEBU [pymycobot.common] _read : FE FE 04 2B 00 0D 63
14:45:21.541 DEBU [pymycobot.common] _write: fe fe 3 2b d3 10 
14:45:21.556 DEBU [pymycobot.common] _read : FE FE 04 2B 00 0D 63 FE FE 04 2B 00 0D 63
14:45:21.556 DEBU [pymycobot.common] _write: fe fe 3 2b d3 10 
14:45:21.572 DEBU [pymycobot.common] _read : FE FE 04 2B 00 0D 63
14:45:21.572 DEBU [pymycobot.common] _write: fe fe 3 2b d3 10 
14:45:21.573 DEBU [pymycobot.common] _write: fe fe 3 2b d3 10 
14:45:21.587 DEBU [pymycobot.common] _read : FE FE 04 2B 00 0D 63 FE FE 04 2B 00 0D 63
14:45:21.587 DEBU [pymycobot.common] _write: fe fe 3 2b d3 10 
14:45:21.602 DEBU [pymycobot.common] _read : FE FE 04 2B 00 0D 63
14:45:21.602 DEBU [pymycobot.common] _write: fe fe 3 2b d3 10 
14:45:21.603 DEBU [pymycobot.common] _write: fe fe 3 2b d3 10 
14:45:21.617 DEBU [pymycobot.common] _read : FE FE 04 2B 00 0D 63 FE FE 04 2B 00 0D 63
14:45:21.617 DEBU [pymycobot.common] _write: fe fe 3 2b d3 10 
14:45:21.632 DEBU [pymycobot.common] _read : FE FE 04 2B 00 0D 63
14:45:21.633 DEBU [pymycobot.common] _write: fe fe 3 2b d3 10 
14:45:21.633 DEBU [pymycobot.common] _write: fe fe 3 2b d3 10 
14:45:21.647 DEBU [pymycobot.common] _write: fe fe 3 2b d3 10 
14:45:21.647 DEBU [pymycobot.common] _read : FE FE 04 2B 00 0D 63 FE FE 04 2B 00 0D 63
14:45:21.663 DEBU [pymycobot.common] _write: fe fe 3 2b d3 10 
14:45:21.663 DEBU [pymycobot.common] _read : FE FE 04 2B 00 0D 63
14:45:21.663 DEBU [pymycobot.common] _write: fe fe 3 2b d3 10 
14:45:21.678 DEBU [pymycobot.common] _read : FE FE 04 2B 00 0D 63 FE FE 04 2B 00 0D 63
14:45:21.678 DEBU [pymycobot.common] _write: fe fe 3 2b d3 10 
14:45:21.693 DEBU [pymycobot.common] _write: fe fe 3 2b d3 10 
14:45:21.693 DEBU [pymycobot.common] _read : FE FE 04 2B 00 0D 63
14:45:21.693 DEBU [pymycobot.common] _write: fe fe 3 2b d3 10 
14:45:21.708 DEBU [pymycobot.common] _read : FE FE 04 2B 00 0D 63 FE FE 04 2B 00 0D 63
14:45:21.708 DEBU [pymycobot.common] _write: fe fe 3 2b d3 10 
14:45:21.723 DEBU [pymycobot.common] _write: fe fe 3 2b d3 10 
14:45:21.723 DEBU [pymycobot.common] _read : FE FE 04 2B 00 0D 63
14:45:21.723 DEBU [pymycobot.common] _write: fe fe 3 2b d3 10 
14:45:21.738 DEBU [pymycobot.common] _write: fe fe 3 2b d3 10 
14:45:21.738 DEBU [pymycobot.common] _read : FE FE 04 2B 00 0D 63 FE FE 04 2B 00 0D 63
14:45:21.753 DEBU [pymycobot.common] _read : FE FE 04 2B 00 0D 63
14:45:21.753 DEBU [pymycobot.common] _write: fe fe 3 2b d3 10 
14:45:21.753 DEBU [pymycobot.common] _write: fe fe 3 2b d3 10 
14:45:21.768 DEBU [pymycobot.common] _write: fe fe 3 2b d3 10 
14:45:21.768 DEBU [pymycobot.common] _read : FE FE 04 2B 00 0D 63 FE FE 04 2B 00 0D 63
14:45:21.783 DEBU [pymycobot.common] _write: fe fe 3 2b d3 10 
14:45:21.783 DEBU [pymycobot.common] _read : FE FE 04 2B 00 0D 63
14:45:21.783 DEBU [pymycobot.common] _write: fe fe 6 64 0 a 3 80 c0 
14:45:21.798 DEBU [pymycobot.common] _read : FE FE 04 2B 00 0D 63
14:45:32.638 DEBU [pymycobot.common] _write: fe fe 3 6 ce d0 
14:45:35.651 DEBU [pymycobot.common] _write: fe fe 3 2b d3 10 
14:45:35.652 DEBU [pymycobot.common] _write: fe fe 3 6 ce d0 
14:45:38.660 DEBU [pymycobot.common] _write: fe fe 3 2b d3 10 
14:45:38.661 DEBU [pymycobot.common] _write: fe fe 3 6 ce d0 
14:45:41.673 DEBU [pymycobot.common] _write: fe fe 3 2b d3 10 
14:45:44.679 DEBU [pymycobot.common] _write: fe fe 3 2b d3 10 
14:45:47.684 DEBU [pymycobot.common] _write: fe fe 3 2b d3 10 
14:45:50.687 DEBU [pymycobot.common] _write: fe fe 3 2b d3 10 
14:45:53.690 DEBU [pymycobot.common] _write: fe fe 3 2b d3 10 
14:45:56.692 DEBU [pymycobot.common] _write: fe fe 3 2b d3 10 
14:45:59.693 DEBU [pymycobot.common] _write: fe fe 3 2b d3 10 
14:46:02.697 DEBU [pymycobot.common] _write: fe fe 3 2b d3 10 
14:46:05.041 DEBU [pymycobot.common] _read : FE FE 05 64 FF 01 32 FD
14:46:05.048 DEBU [pymycobot.common] _read : FE FE 04 2B 00 0D 63 FE FE 04 2B 00 0D 63 FE FE 04 2B 00 0D 63 FE FE 04 2B 00 0D 63
14:46:05.064 DEBU [pymycobot.common] _read : FE FE 04 2B 00 0D 63 FE FE 04 2B 00 0D 63 FE FE 04 2B 00 0D 63
14:46:05.064 DEBU [pymycobot.common] _write: fe fe 3 2b d3 10 
14:46:05.079 DEBU [pymycobot.common] _read : FE FE 04 2B 00 0D 63 FE FE 04 2B 00 0D 63 FE FE 04 2B 00 0D 63 FE FE 04 2B 00 0D 63
14:46:05.079 DEBU [pymycobot.common] _write: fe fe 3 2b d3 10 
14:46:05.094 DEBU [pymycobot.common] _read : FE FE 04 2B 00 0D 63
14:46:05.094 DEBU [pymycobot.common] _write: fe fe 3 2b d3 10 
14:46:05.109 DEBU [pymycobot.common] _read : FE FE 04 2B 00 0D 63
14:46:05.109 DEBU [pymycobot.common] _write: fe fe 3 2b d3 10 
14:46:05.110 DEBU [pymycobot.common] _write: fe fe 3 2b d3 10 
14:46:05.124 DEBU [pymycobot.common] _read : FE FE 04 2B 00 0D 63 FE FE 04 2B 00 0D 63
14:46:05.124 DEBU [pymycobot.common] _write: fe fe 3 2b d3 10 
14:46:05.140 DEBU [pymycobot.common] _write: fe fe 3 2b d3 10 
14:46:05.140 DEBU [pymycobot.common] _read : FE FE 04 2B 00 0D 63
14:46:05.140 DEBU [pymycobot.common] _write: fe fe 3 2b d3 10 
14:46:05.155 DEBU [pymycobot.common] _read : FE FE 04 2B 00 0D 63 FE FE 04 2B 00 0D 63
14:46:05.155 DEBU [pymycobot.common] _write: fe fe 3 2b d3 10 
14:46:05.171 DEBU [pymycobot.common] _read : FE FE 04 2B 00 0D 63
14:46:05.171 DEBU [pymycobot.common] _write: fe fe 3 2b d3 10 
14:46:05.172 DEBU [pymycobot.common] _write: fe fe 3 2b d3 10 
14:46:05.186 DEBU [pymycobot.common] _write: fe fe 3 2b d3 10 
14:46:05.186 DEBU [pymycobot.common] _read : FE FE 04 2B 00 0D 63 FE FE 04 2B 00 0D 63
14:46:05.201 DEBU [pymycobot.common] _read : FE FE 04 2B 00 0D 63
14:46:05.201 DEBU [pymycobot.common] _write: fe fe 3 2b d3 10 
14:46:05.201 DEBU [pymycobot.common] _write: fe fe 3 2b d3 10 
14:46:05.216 DEBU [pymycobot.common] _read : FE FE 04 2B 00 0D 63 FE FE 04 2B 00 0D 63
14:46:05.216 DEBU [pymycobot.common] _write: fe fe 3 2b d3 10 
14:46:05.231 DEBU [pymycobot.common] _write: fe fe 3 2b d3 10 
14:46:05.231 DEBU [pymycobot.common] _read : FE FE 04 2B 00 0D 63
14:46:05.232 DEBU [pymycobot.common] _write: fe fe 3 2b d3 10 
14:46:05.246 DEBU [pymycobot.common] _read : FE FE 04 2B 00 0D 63 FE FE 04 2B 00 0D 63
14:46:05.246 DEBU [pymycobot.common] _write: fe fe 3 2b d3 10 
14:46:05.261 DEBU [pymycobot.common] _write: fe fe 3 2b d3 10 
14:46:05.261 DEBU [pymycobot.common] _read : FE FE 04 2B 00 0D 63
14:46:05.261 DEBU [pymycobot.common] _write: fe fe 3 6 ce d0 
14:46:05.277 DEBU [pymycobot.common] _read : FE FE 04 2B 00 0D 63 FE FE 04 06 01 9D BF
14:46:44.985 DEBU [pymycobot.common] _write: fe fe 4 10 1 fd b1 
14:46:44.990 DEBU [pymycobot.common] _read : FE FE 04 10 01 FD B1
14:46:45.006 DEBU [pymycobot.common] _write: fe fe 3 f c8 10 
14:46:45.011 DEBU [pymycobot.common] _read : FE FE 05 0F FF 01 EE 8C
14:46:52.578 DEBU [pymycobot.common] _write: fe fe 3 6 ce d0 
14:46:52.586 DEBU [pymycobot.common] _read : FE FE 04 06 01 9D BF
14:47:00.562 DEBU [pymycobot.common] _write: fe fe 3 20 14 51 
14:47:00.567 DEBU [pymycobot.common] _read : FE FE 0F 20 00 00 00 00 00 00 00 00 00 00 00 00 FF 70
14:47:20.535 DEBU [pymycobot.common] _write: fe fe 6 64 0 a 3 80 c0 
14:48:03.794 DEBU [pymycobot.common] _read : FE FE 05 64 FF 01 32 FD
14:48:14.094 DEBU [pymycobot.common] _write: fe fe 3 6 ce d0 
14:48:14.109 DEBU [pymycobot.common] _read : FE FE 04 06 01 9D BF
15:06:18.537 DEBU [pymycobot.common] _write: fe fe 4 a1 1 ad c5 
15:06:18.544 DEBU [pymycobot.common] _read : FE FE 04 A1 00 6D 04
15:06:19.562 DEBU [pymycobot.common] _write: fe fe 4 a1 2 ac 85 
15:06:19.567 DEBU [pymycobot.common] _read : FE FE 04 A1 00 6D 04
15:06:20.579 DEBU [pymycobot.common] _write: fe fe 4 a1 3 6c 44 
15:06:20.584 DEBU [pymycobot.common] _read : FE FE 04 A1 00 6D 04
15:06:21.597 DEBU [pymycobot.common] _write: fe fe 4 a1 4 ae 5 
15:06:21.605 DEBU [pymycobot.common] _read : FE FE 04 A1 00 6D 04
15:06:22.610 DEBU [pymycobot.common] _write: fe fe 4 a1 5 6e c4 
15:06:22.616 DEBU [pymycobot.common] _read : FE FE 04 A1 00 6D 04
15:06:23.642 DEBU [pymycobot.common] _write: fe fe 4 a1 6 6f 84 
15:06:23.646 DEBU [pymycobot.common] _read : FE FE 04 A1 00 6D 04
15:06:24.658 DEBU [pymycobot.common] _write: fe fe 4 a1 7 af 45 
15:06:24.663 DEBU [pymycobot.common] _read : FE FE 04 A1 00 6D 04
15:06:25.677 DEBU [pymycobot.common] _write: fe fe 4 a1 8 ab 5 
15:06:25.688 DEBU [pymycobot.common] _read : FE FE 04 A1 00 6D 04
15:06:26.696 DEBU [pymycobot.common] _write: fe fe 4 a1 9 6b c4 
15:06:26.700 DEBU [pymycobot.common] _read : FE FE 04 A1 00 6D 04
15:06:27.723 DEBU [pymycobot.common] _write: fe fe 4 a1 a 6a 84 
15:06:27.731 DEBU [pymycobot.common] _read : FE FE 04 A1 00 6D 04
15:06:28.741 DEBU [pymycobot.common] _write: fe fe 4 a1 b aa 45 
15:06:28.750 DEBU [pymycobot.common] _read : FE FE 04 A1 00 6D 04
15:06:29.772 DEBU [pymycobot.common] _write: fe fe 4 a1 c 68 4 
15:06:29.779 DEBU [pymycobot.common] _read : FE FE 04 A1 00 6D 04
15:06:30.802 DEBU [pymycobot.common] _write: fe fe 5 a0 1 0 6f 3d 
15:06:30.808 DEBU [pymycobot.common] _read : FE FE 05 A0 FF 01 CF BC
15:06:31.024 DEBU [pymycobot.common] _write: fe fe 5 a0 2 0 9f 3d 
15:06:31.030 DEBU [pymycobot.common] _read : FE FE 05 A0 FF 01 CF BC
15:06:31.250 DEBU [pymycobot.common] _write: fe fe 5 a0 3 0 f 3c 
15:06:31.256 DEBU [pymycobot.common] _read : FE FE 05 A0 FF 01 CF BC
15:06:31.479 DEBU [pymycobot.common] _write: fe fe 5 a0 4 0 3f 3e 
15:06:31.483 DEBU [pymycobot.common] _read : FE FE 05 A0 FF 01 CF BC
15:06:31.708 DEBU [pymycobot.common] _write: fe fe 5 a0 5 0 af 3f 
15:06:31.716 DEBU [pymycobot.common] _read : FE FE 05 A0 FF 01 CF BC
15:06:31.935 DEBU [pymycobot.common] _write: fe fe 5 a0 6 0 5f 3f 
15:06:31.943 DEBU [pymycobot.common] _read : FE FE 05 A0 FF 01 CF BC
15:06:32.162 DEBU [pymycobot.common] _write: fe fe 5 a0 7 0 cf 3e 
15:06:32.167 DEBU [pymycobot.common] _read : FE FE 05 A0 FF 01 CF BC
15:06:32.392 DEBU [pymycobot.common] _write: fe fe 5 a0 8 0 3f 3b 
15:06:32.398 DEBU [pymycobot.common] _read : FE FE 05 A0 FF 01 CF BC
15:06:32.620 DEBU [pymycobot.common] _write: fe fe 5 a0 9 0 af 3a 
15:06:32.625 DEBU [pymycobot.common] _read : FE FE 05 A0 FF 01 CF BC
15:06:32.847 DEBU [pymycobot.common] _write: fe fe 5 a0 a 0 5f 3a 
15:06:32.851 DEBU [pymycobot.common] _read : FE FE 05 A0 FF 01 CF BC
15:06:33.076 DEBU [pymycobot.common] _write: fe fe 5 a0 b 0 cf 3b 
15:06:33.093 DEBU [pymycobot.common] _read : FE FE 05 A0 FF 01 CF BC
15:06:33.318 DEBU [pymycobot.common] _write: fe fe 5 a0 c 0 ff 39 
15:06:33.326 DEBU [pymycobot.common] _read : FE FE 05 A0 FF 01 CF BC
15:06:54.712 DEBU [pymycobot.common] _write: fe fe 5 a0 1 0 6f 3d 
15:06:54.723 DEBU [pymycobot.common] _read : FE FE 05 A0 FF 01 CF BC
15:06:57.272 DEBU [pymycobot.common] _write: fe fe 5 a0 1 1 af fc 
15:06:57.278 DEBU [pymycobot.common] _read : FE FE 05 A0 FF 01 CF BC
15:06:59.424 DEBU [pymycobot.common] _write: fe fe 5 a0 2 0 9f 3d 
15:06:59.429 DEBU [pymycobot.common] _read : FE FE 05 A0 FF 01 CF BC
15:07:01.780 DEBU [pymycobot.common] _write: fe fe 5 a0 2 1 5f fc 
15:07:01.784 DEBU [pymycobot.common] _read : FE FE 05 A0 FF 01 CF BC
15:07:03.811 DEBU [pymycobot.common] _write: fe fe 5 a0 3 0 f 3c 
15:07:03.817 DEBU [pymycobot.common] _read : FE FE 05 A0 FF 01 CF BC
15:07:07.258 DEBU [pymycobot.common] _write: fe fe 5 a0 3 1 cf fd 
15:07:07.267 DEBU [pymycobot.common] _read : FE FE 05 A0 FF 01 CF BC
15:07:09.397 DEBU [pymycobot.common] _write: fe fe 5 a0 4 0 3f 3e 
15:07:09.403 DEBU [pymycobot.common] _read : FE FE 05 A0 FF 01 CF BC
15:07:11.359 DEBU [pymycobot.common] _write: fe fe 5 a0 4 1 ff ff 
15:07:11.365 DEBU [pymycobot.common] _read : FE FE 05 A0 FF 01 CF BC
15:07:15.793 DEBU [pymycobot.common] _write: fe fe 5 a0 5 0 af 3f 
15:07:15.798 DEBU [pymycobot.common] _read : FE FE 05 A0 FF 01 CF BC
15:07:17.765 DEBU [pymycobot.common] _write: fe fe 5 a0 5 1 6f fe 
15:07:17.769 DEBU [pymycobot.common] _read : FE FE 05 A0 FF 01 CF BC
15:07:19.674 DEBU [pymycobot.common] _write: fe fe 5 a0 6 0 5f 3f 
15:07:19.679 DEBU [pymycobot.common] _read : FE FE 05 A0 FF 01 CF BC
15:07:21.302 DEBU [pymycobot.common] _write: fe fe 5 a0 6 1 9f fe 
15:07:21.308 DEBU [pymycobot.common] _read : FE FE 05 A0 FF 01 CF BC
15:07:23.079 DEBU [pymycobot.common] _write: fe fe 5 a0 7 0 cf 3e 
15:07:23.085 DEBU [pymycobot.common] _read : FE FE 05 A0 FF 01 CF BC
15:07:25.000 DEBU [pymycobot.common] _write: fe fe 5 a0 7 1 f ff 
15:07:25.005 DEBU [pymycobot.common] _read : FE FE 05 A0 FF 01 CF BC
15:07:26.914 DEBU [pymycobot.common] _write: fe fe 5 a0 8 0 3f 3b 
15:07:26.919 DEBU [pymycobot.common] _read : FE FE 05 A0 FF 01 CF BC
15:07:28.815 DEBU [pymycobot.common] _write: fe fe 5 a0 8 1 ff fa 
15:07:28.820 DEBU [pymycobot.common] _read : FE FE 05 A0 FF 01 CF BC
15:07:30.516 DEBU [pymycobot.common] _write: fe fe 5 a0 9 0 af 3a 
15:07:30.521 DEBU [pymycobot.common] _read : FE FE 05 A0 FF 01 CF BC
15:07:32.297 DEBU [pymycobot.common] _write: fe fe 5 a0 9 1 6f fb 
15:07:32.302 DEBU [pymycobot.common] _read : FE FE 05 A0 FF 01 CF BC
15:07:33.939 DEBU [pymycobot.common] _write: fe fe 5 a0 a 0 5f 3a 
15:07:33.952 DEBU [pymycobot.common] _read : FE FE 05 A0 FF 01 CF BC
15:07:36.081 DEBU [pymycobot.common] _write: fe fe 5 a0 a 1 9f fb 
15:07:36.086 DEBU [pymycobot.common] _read : FE FE 05 A0 FF 01 CF BC
15:07:37.565 DEBU [pymycobot.common] _write: fe fe 5 a0 b 0 cf 3b 
15:07:37.572 DEBU [pymycobot.common] _read : FE FE 05 A0 FF 01 CF BC
15:07:39.570 DEBU [pymycobot.common] _write: fe fe 5 a0 b 1 f fa 
15:07:39.575 DEBU [pymycobot.common] _read : FE FE 05 A0 FF 01 CF BC
15:07:41.317 DEBU [pymycobot.common] _write: fe fe 5 a0 c 0 ff 39 
15:07:41.323 DEBU [pymycobot.common] _read : FE FE 05 A0 FF 01 CF BC
15:07:43.415 DEBU [pymycobot.common] _write: fe fe 5 a0 c 1 3f f8 
15:07:43.424 DEBU [pymycobot.common] _read : FE FE 05 A0 FF 01 CF BC
15:07:44.806 DEBU [pymycobot.common] _write: fe fe 5 a0 1 0 6f 3d 
15:07:44.810 DEBU [pymycobot.common] _read : FE FE 05 A0 FF 01 CF BC
15:07:45.023 DEBU [pymycobot.common] _write: fe fe 5 a0 2 0 9f 3d 
15:07:45.029 DEBU [pymycobot.common] _read : FE FE 05 A0 FF 01 CF BC
15:07:45.252 DEBU [pymycobot.common] _write: fe fe 5 a0 3 0 f 3c 
15:07:45.258 DEBU [pymycobot.common] _read : FE FE 05 A0 FF 01 CF BC
15:07:45.480 DEBU [pymycobot.common] _write: fe fe 5 a0 4 0 3f 3e 
15:07:45.485 DEBU [pymycobot.common] _read : FE FE 05 A0 FF 01 CF BC
15:07:45.708 DEBU [pymycobot.common] _write: fe fe 5 a0 5 0 af 3f 
15:07:45.716 DEBU [pymycobot.common] _read : FE FE 05 A0 FF 01 CF BC
15:07:45.936 DEBU [pymycobot.common] _write: fe fe 5 a0 6 0 5f 3f 
15:07:45.942 DEBU [pymycobot.common] _read : FE FE 05 A0 FF 01 CF BC
15:07:46.166 DEBU [pymycobot.common] _write: fe fe 5 a0 7 0 cf 3e 
15:07:46.172 DEBU [pymycobot.common] _read : FE FE 05 A0 FF 01 CF BC
15:07:46.392 DEBU [pymycobot.common] _write: fe fe 5 a0 8 0 3f 3b 
15:07:46.398 DEBU [pymycobot.common] _read : FE FE 05 A0 FF 01 CF BC
15:07:46.621 DEBU [pymycobot.common] _write: fe fe 5 a0 9 0 af 3a 
15:07:46.626 DEBU [pymycobot.common] _read : FE FE 05 A0 FF 01 CF BC
15:07:46.849 DEBU [pymycobot.common] _write: fe fe 5 a0 a 0 5f 3a 
15:07:46.854 DEBU [pymycobot.common] _read : FE FE 05 A0 FF 01 CF BC
15:07:47.078 DEBU [pymycobot.common] _write: fe fe 5 a0 b 0 cf 3b 
15:07:47.091 DEBU [pymycobot.common] _read : FE FE 05 A0 FF 01 CF BC
15:07:47.305 DEBU [pymycobot.common] _write: fe fe 5 a0 c 0 ff 39 
15:07:47.311 DEBU [pymycobot.common] _read : FE FE 05 A0 FF 01 CF BC
15:07:55.151 DEBU [pymycobot.common] _write: fe fe 5 a0 1 0 6f 3d 
15:07:55.155 DEBU [pymycobot.common] _read : FE FE 05 A0 FF 01 CF BC
15:07:58.959 DEBU [pymycobot.common] _write: fe fe 5 a0 1 1 af fc 
15:07:58.963 DEBU [pymycobot.common] _read : FE FE 05 A0 FF 01 CF BC
15:08:02.819 DEBU [pymycobot.common] _write: fe fe 5 a0 2 0 9f 3d 
15:08:02.825 DEBU [pymycobot.common] _read : FE FE 05 A0 FF 01 CF BC
15:08:05.401 DEBU [pymycobot.common] _write: fe fe 5 a0 2 1 5f fc 
15:08:05.416 DEBU [pymycobot.common] _read : FE FE 05 A0 FF 01 CF BC
15:08:07.391 DEBU [pymycobot.common] _write: fe fe 5 a0 3 0 f 3c 
15:08:07.402 DEBU [pymycobot.common] _read : FE FE 05 A0 FF 01 CF BC
15:08:09.262 DEBU [pymycobot.common] _write: fe fe 5 a0 3 1 cf fd 
15:08:09.271 DEBU [pymycobot.common] _read : FE FE 05 A0 FF 01 CF BC
15:08:53.596 DEBU [pymycobot.common] _write: fe fe 5 a0 1 0 6f 3d 
15:08:53.600 DEBU [pymycobot.common] _read : FE FE 05 A0 FF 01 CF BC
15:08:57.207 DEBU [pymycobot.common] _write: fe fe 5 a0 1 1 af fc 
15:08:57.213 DEBU [pymycobot.common] _read : FE FE 05 A0 FF 01 CF BC
15:08:59.633 DEBU [pymycobot.common] _write: fe fe 5 a0 2 0 9f 3d 
15:08:59.642 DEBU [pymycobot.common] _read : FE FE 05 A0 FF 01 CF BC
15:09:01.668 DEBU [pymycobot.common] _write: fe fe 5 a0 2 1 5f fc 
15:09:01.673 DEBU [pymycobot.common] _read : FE FE 05 A0 FF 01 CF BC
15:09:03.595 DEBU [pymycobot.common] _write: fe fe 5 a0 3 0 f 3c 
15:09:03.599 DEBU [pymycobot.common] _read : FE FE 05 A0 FF 01 CF BC
15:09:05.551 DEBU [pymycobot.common] _write: fe fe 5 a0 3 1 cf fd 
15:09:05.556 DEBU [pymycobot.common] _read : FE FE 05 A0 FF 01 CF BC
15:09:07.373 DEBU [pymycobot.common] _write: fe fe 5 a0 4 0 3f 3e 
15:09:07.384 DEBU [pymycobot.common] _read : FE FE 05 A0 FF 01 CF BC
15:09:11.255 DEBU [pymycobot.common] _write: fe fe 5 a0 4 1 ff ff 
15:09:11.259 DEBU [pymycobot.common] _read : FE FE 05 A0 FF 01 CF BC
15:09:16.506 DEBU [pymycobot.common] _write: fe fe 5 a0 5 0 af 3f 
15:09:16.511 DEBU [pymycobot.common] _read : FE FE 05 A0 FF 01 CF BC
15:09:18.905 DEBU [pymycobot.common] _write: fe fe 5 a0 5 1 6f fe 
15:09:18.910 DEBU [pymycobot.common] _read : FE FE 05 A0 FF 01 CF BC
15:09:21.220 DEBU [pymycobot.common] _write: fe fe 5 a0 6 0 5f 3f 
15:09:21.224 DEBU [pymycobot.common] _read : FE FE 05 A0 FF 01 CF BC
15:09:24.315 DEBU [pymycobot.common] _write: fe fe 5 a0 6 1 9f fe 
15:09:24.321 DEBU [pymycobot.common] _read : FE FE 05 A0 FF 01 CF BC
15:09:26.393 DEBU [pymycobot.common] _write: fe fe 5 a0 7 0 cf 3e 
15:09:26.409 DEBU [pymycobot.common] _read : FE FE 05 A0 FF 01 CF BC
15:09:28.937 DEBU [pymycobot.common] _write: fe fe 5 a0 7 1 f ff 
15:09:28.945 DEBU [pymycobot.common] _read : FE FE 05 A0 FF 01 CF BC
15:09:30.877 DEBU [pymycobot.common] _write: fe fe 5 a0 8 0 3f 3b 
15:09:30.890 DEBU [pymycobot.common] _read : FE FE 05 A0 FF 01 CF BC
15:09:33.484 DEBU [pymycobot.common] _write: fe fe 5 a0 8 1 ff fa 
15:09:33.489 DEBU [pymycobot.common] _read : FE FE 05 A0 FF 01 CF BC
15:09:35.249 DEBU [pymycobot.common] _write: fe fe 5 a0 9 0 af 3a 
15:09:35.256 DEBU [pymycobot.common] _read : FE FE 05 A0 FF 01 CF BC
15:09:37.161 DEBU [pymycobot.common] _write: fe fe 5 a0 9 1 6f fb 
15:09:37.169 DEBU [pymycobot.common] _read : FE FE 05 A0 FF 01 CF BC
15:09:38.741 DEBU [pymycobot.common] _write: fe fe 5 a0 a 0 5f 3a 
15:09:38.756 DEBU [pymycobot.common] _read : FE FE 05 A0 FF 01 CF BC
15:09:40.897 DEBU [pymycobot.common] _write: fe fe 5 a0 a 1 9f fb 
15:09:40.901 DEBU [pymycobot.common] _read : FE FE 05 A0 FF 01 CF BC
15:09:45.063 DEBU [pymycobot.common] _write: fe fe 5 a0 b 0 cf 3b 
15:09:45.067 DEBU [pymycobot.common] _read : FE FE 05 A0 FF 01 CF BC
15:09:47.243 DEBU [pymycobot.common] _write: fe fe 5 a0 b 1 f fa 
15:09:47.247 DEBU [pymycobot.common] _read : FE FE 05 A0 FF 01 CF BC
15:09:49.386 DEBU [pymycobot.common] _write: fe fe 5 a0 c 0 ff 39 
15:09:49.398 DEBU [pymycobot.common] _read : FE FE 05 A0 FF 01 CF BC
15:09:51.204 DEBU [pymycobot.common] _write: fe fe 5 a0 c 1 3f f8 
15:09:51.208 DEBU [pymycobot.common] _read : FE FE 05 A0 FF 01 CF BC
15:09:52.229 DEBU [pymycobot.common] _write: fe fe 5 a0 1 0 6f 3d 
15:09:52.234 DEBU [pymycobot.common] _read : FE FE 05 A0 FF 01 CF BC
15:09:52.458 DEBU [pymycobot.common] _write: fe fe 5 a0 2 0 9f 3d 
15:09:52.463 DEBU [pymycobot.common] _read : FE FE 05 A0 FF 01 CF BC
15:09:52.686 DEBU [pymycobot.common] _write: fe fe 5 a0 3 0 f 3c 
15:09:52.694 DEBU [pymycobot.common] _read : FE FE 05 A0 FF 01 CF BC
15:09:52.914 DEBU [pymycobot.common] _write: fe fe 5 a0 4 0 3f 3e 
15:09:52.922 DEBU [pymycobot.common] _read : FE FE 05 A0 FF 01 CF BC
15:09:53.141 DEBU [pymycobot.common] _write: fe fe 5 a0 5 0 af 3f 
15:09:53.146 DEBU [pymycobot.common] _read : FE FE 05 A0 FF 01 CF BC
15:09:53.368 DEBU [pymycobot.common] _write: fe fe 5 a0 6 0 5f 3f 
15:09:53.381 DEBU [pymycobot.common] _read : FE FE 05 A0 FF 01 CF BC
15:09:53.595 DEBU [pymycobot.common] _write: fe fe 5 a0 7 0 cf 3e 
15:09:53.600 DEBU [pymycobot.common] _read : FE FE 05 A0 FF 01 CF BC
15:09:53.823 DEBU [pymycobot.common] _write: fe fe 5 a0 8 0 3f 3b 
15:09:53.829 DEBU [pymycobot.common] _read : FE FE 05 A0 FF 01 CF BC
15:09:54.049 DEBU [pymycobot.common] _write: fe fe 5 a0 9 0 af 3a 
15:09:54.055 DEBU [pymycobot.common] _read : FE FE 05 A0 FF 01 CF BC
15:09:54.275 DEBU [pymycobot.common] _write: fe fe 5 a0 a 0 5f 3a 
15:09:54.281 DEBU [pymycobot.common] _read : FE FE 05 A0 FF 01 CF BC
15:09:54.502 DEBU [pymycobot.common] _write: fe fe 5 a0 b 0 cf 3b 
15:09:54.508 DEBU [pymycobot.common] _read : FE FE 05 A0 FF 01 CF BC
15:09:54.728 DEBU [pymycobot.common] _write: fe fe 5 a0 c 0 ff 39 
15:09:54.733 DEBU [pymycobot.common] _read : FE FE 05 A0 FF 01 CF BC
15:10:02.795 DEBU [pymycobot.common] _write: fe fe 5 a0 1 0 6f 3d 
15:10:02.804 DEBU [pymycobot.common] _read : FE FE 05 A0 FF 01 CF BC
15:10:05.904 DEBU [pymycobot.common] _write: fe fe 5 a0 1 1 af fc 
15:10:05.919 DEBU [pymycobot.common] _read : FE FE 05 A0 FF 01 CF BC
15:10:08.284 DEBU [pymycobot.common] _write: fe fe 5 a0 2 0 9f 3d 
15:10:08.289 DEBU [pymycobot.common] _read : FE FE 05 A0 FF 01 CF BC
15:10:10.531 DEBU [pymycobot.common] _write: fe fe 5 a0 2 1 5f fc 
15:10:10.538 DEBU [pymycobot.common] _read : FE FE 05 A0 FF 01 CF BC
15:10:12.367 DEBU [pymycobot.common] _write: fe fe 5 a0 3 0 f 3c 
15:10:12.373 DEBU [pymycobot.common] _read : FE FE 05 A0 FF 01 CF BC
15:10:14.549 DEBU [pymycobot.common] _write: fe fe 5 a0 3 1 cf fd 
15:10:14.557 DEBU [pymycobot.common] _read : FE FE 05 A0 FF 01 CF BC
15:10:25.102 DEBU [pymycobot.common] _write: fe fe 4 a1 1 ad c5 
15:10:25.107 DEBU [pymycobot.common] _read : FE FE 04 A1 00 6D 04
15:10:26.115 DEBU [pymycobot.common] _write: fe fe 4 a1 2 ac 85 
15:10:26.120 DEBU [pymycobot.common] _read : FE FE 04 A1 01 AD C5
15:10:27.258 DEBU [pymycobot.common] _write: fe fe 4 a1 3 6c 44 
15:10:27.266 DEBU [pymycobot.common] _read : FE FE 04 A1 01 AD C5
15:10:28.301 DEBU [pymycobot.common] _write: fe fe 4 a1 4 ae 5 
15:10:28.308 DEBU [pymycobot.common] _read : FE FE 04 A1 00 6D 04
15:10:29.316 DEBU [pymycobot.common] _write: fe fe 4 a1 5 6e c4 
15:10:29.322 DEBU [pymycobot.common] _read : FE FE 04 A1 00 6D 04
15:10:30.332 DEBU [pymycobot.common] _write: fe fe 4 a1 6 6f 84 
15:10:30.337 DEBU [pymycobot.common] _read : FE FE 04 A1 00 6D 04
15:10:31.348 DEBU [pymycobot.common] _write: fe fe 4 a1 7 af 45 
15:10:31.359 DEBU [pymycobot.common] _read : FE FE 04 A1 00 6D 04
15:10:32.392 DEBU [pymycobot.common] _write: fe fe 4 a1 8 ab 5 
15:10:32.397 DEBU [pymycobot.common] _read : FE FE 04 A1 00 6D 04
15:10:33.409 DEBU [pymycobot.common] _write: fe fe 4 a1 9 6b c4 
15:10:33.415 DEBU [pymycobot.common] _read : FE FE 04 A1 00 6D 04
15:10:34.428 DEBU [pymycobot.common] _write: fe fe 4 a1 a 6a 84 
15:10:34.435 DEBU [pymycobot.common] _read : FE FE 04 A1 00 6D 04
15:10:35.446 DEBU [pymycobot.common] _write: fe fe 4 a1 b aa 45 
15:10:35.452 DEBU [pymycobot.common] _read : FE FE 04 A1 00 6D 04
15:10:36.466 DEBU [pymycobot.common] _write: fe fe 4 a1 c 68 4 
15:10:36.473 DEBU [pymycobot.common] _read : FE FE 04 A1 00 6D 04
15:10:37.485 DEBU [pymycobot.common] _write: fe fe 5 a0 1 0 6f 3d 
15:10:37.490 DEBU [pymycobot.common] _read : FE FE 05 A0 FF 01 CF BC
15:10:37.709 DEBU [pymycobot.common] _write: fe fe 5 a0 2 0 9f 3d 
15:10:37.713 DEBU [pymycobot.common] _read : FE FE 05 A0 FF 01 CF BC
15:10:37.934 DEBU [pymycobot.common] _write: fe fe 5 a0 3 0 f 3c 
15:10:37.940 DEBU [pymycobot.common] _read : FE FE 05 A0 FF 01 CF BC
15:10:38.163 DEBU [pymycobot.common] _write: fe fe 5 a0 4 0 3f 3e 
15:10:38.168 DEBU [pymycobot.common] _read : FE FE 05 A0 FF 01 CF BC
15:10:38.392 DEBU [pymycobot.common] _write: fe fe 5 a0 5 0 af 3f 
15:10:38.397 DEBU [pymycobot.common] _read : FE FE 05 A0 FF 01 CF BC
15:10:38.619 DEBU [pymycobot.common] _write: fe fe 5 a0 6 0 5f 3f 
15:10:38.631 DEBU [pymycobot.common] _read : FE FE 05 A0 FF 01 CF BC
15:10:38.847 DEBU [pymycobot.common] _write: fe fe 5 a0 7 0 cf 3e 
15:10:38.853 DEBU [pymycobot.common] _read : FE FE 05 A0 FF 01 CF BC
15:10:39.074 DEBU [pymycobot.common] _write: fe fe 5 a0 8 0 3f 3b 
15:10:39.078 DEBU [pymycobot.common] _read : FE FE 05 A0 FF 01 CF BC
15:10:39.301 DEBU [pymycobot.common] _write: fe fe 5 a0 9 0 af 3a 
15:10:39.306 DEBU [pymycobot.common] _read : FE FE 05 A0 FF 01 CF BC
15:10:39.529 DEBU [pymycobot.common] _write: fe fe 5 a0 a 0 5f 3a 
15:10:39.535 DEBU [pymycobot.common] _read : FE FE 05 A0 FF 01 CF BC
15:10:39.757 DEBU [pymycobot.common] _write: fe fe 5 a0 b 0 cf 3b 
15:10:39.761 DEBU [pymycobot.common] _read : FE FE 05 A0 FF 01 CF BC
15:10:39.985 DEBU [pymycobot.common] _write: fe fe 5 a0 c 0 ff 39 
15:10:39.990 DEBU [pymycobot.common] _read : FE FE 05 A0 FF 01 CF BC
15:10:59.819 DEBU [pymycobot.common] _write: fe fe 4 a1 1 ad c5 
15:10:59.831 DEBU [pymycobot.common] _read : FE FE 04 A1 00 6D 04
15:11:00.842 DEBU [pymycobot.common] _write: fe fe 4 a1 2 ac 85 
15:11:00.848 DEBU [pymycobot.common] _read : FE FE 04 A1 00 6D 04
15:11:01.858 DEBU [pymycobot.common] _write: fe fe 4 a1 3 6c 44 
15:11:01.886 DEBU [pymycobot.common] _read : FE FE 04 A1 00 6D 04
15:11:02.908 DEBU [pymycobot.common] _write: fe fe 4 a1 4 ae 5 
15:11:02.913 DEBU [pymycobot.common] _read : FE FE 04 A1 00 6D 04
15:11:03.925 DEBU [pymycobot.common] _write: fe fe 4 a1 5 6e c4 
15:11:03.931 DEBU [pymycobot.common] _read : FE FE 04 A1 00 6D 04
15:11:04.956 DEBU [pymycobot.common] _write: fe fe 4 a1 6 6f 84 
15:11:04.962 DEBU [pymycobot.common] _read : FE FE 04 A1 00 6D 04
15:11:05.975 DEBU [pymycobot.common] _write: fe fe 4 a1 7 af 45 
15:11:05.981 DEBU [pymycobot.common] _read : FE FE 04 A1 00 6D 04
15:11:06.996 DEBU [pymycobot.common] _write: fe fe 4 a1 8 ab 5 
15:11:07.023 DEBU [pymycobot.common] _read : FE FE 04 A1 00 6D 04
15:11:08.045 DEBU [pymycobot.common] _write: fe fe 4 a1 9 6b c4 
15:11:08.050 DEBU [pymycobot.common] _read : FE FE 04 A1 00 6D 04
15:11:09.062 DEBU [pymycobot.common] _write: fe fe 4 a1 a 6a 84 
15:11:09.067 DEBU [pymycobot.common] _read : FE FE 04 A1 00 6D 04
15:11:10.077 DEBU [pymycobot.common] _write: fe fe 4 a1 b aa 45 
15:11:10.082 DEBU [pymycobot.common] _read : FE FE 04 A1 00 6D 04
15:11:11.097 DEBU [pymycobot.common] _write: fe fe 4 a1 c 68 4 
15:11:11.105 DEBU [pymycobot.common] _read : FE FE 04 A1 00 6D 04
15:11:12.116 DEBU [pymycobot.common] _write: fe fe 5 a0 1 0 6f 3d 
15:11:12.140 DEBU [pymycobot.common] _read : FE FE 05 A0 FF 01 CF BC
15:11:12.366 DEBU [pymycobot.common] _write: fe fe 5 a0 2 0 9f 3d 
15:11:12.371 DEBU [pymycobot.common] _read : FE FE 05 A0 FF 01 CF BC
15:11:12.593 DEBU [pymycobot.common] _write: fe fe 5 a0 3 0 f 3c 
15:11:12.598 DEBU [pymycobot.common] _read : FE FE 05 A0 FF 01 CF BC
15:11:12.819 DEBU [pymycobot.common] _write: fe fe 5 a0 4 0 3f 3e 
15:11:12.825 DEBU [pymycobot.common] _read : FE FE 05 A0 FF 01 CF BC
15:11:13.047 DEBU [pymycobot.common] _write: fe fe 5 a0 5 0 af 3f 
15:11:13.052 DEBU [pymycobot.common] _read : FE FE 05 A0 FF 01 CF BC
15:11:13.274 DEBU [pymycobot.common] _write: fe fe 5 a0 6 0 5f 3f 
15:11:13.279 DEBU [pymycobot.common] _read : FE FE 05 A0 FF 01 CF BC
15:11:13.504 DEBU [pymycobot.common] _write: fe fe 5 a0 7 0 cf 3e 
15:11:13.508 DEBU [pymycobot.common] _read : FE FE 05 A0 FF 01 CF BC
15:11:13.731 DEBU [pymycobot.common] _write: fe fe 5 a0 8 0 3f 3b 
15:11:13.737 DEBU [pymycobot.common] _read : FE FE 05 A0 FF 01 CF BC
15:11:13.958 DEBU [pymycobot.common] _write: fe fe 5 a0 9 0 af 3a 
15:11:13.963 DEBU [pymycobot.common] _read : FE FE 05 A0 FF 01 CF BC
15:11:14.185 DEBU [pymycobot.common] _write: fe fe 5 a0 a 0 5f 3a 
15:11:14.190 DEBU [pymycobot.common] _read : FE FE 05 A0 FF 01 CF BC
15:11:14.412 DEBU [pymycobot.common] _write: fe fe 5 a0 b 0 cf 3b 
15:11:14.417 DEBU [pymycobot.common] _read : FE FE 05 A0 FF 01 CF BC
15:11:14.642 DEBU [pymycobot.common] _write: fe fe 5 a0 c 0 ff 39 
15:11:14.650 DEBU [pymycobot.common] _read : FE FE 05 A0 FF 01 CF BC
15:12:00.150 DEBU [pymycobot.common] _write: fe fe 5 a0 1 1 af fc 
15:12:00.154 DEBU [pymycobot.common] _read : FE FE 05 A0 FF 01 CF BC
15:12:02.111 DEBU [pymycobot.common] _write: fe fe 5 a0 1 0 6f 3d 
15:12:02.116 DEBU [pymycobot.common] _read : FE FE 05 A0 FF 01 CF BC
15:12:03.144 DEBU [pymycobot.common] _write: fe fe 5 a0 2 1 5f fc 
15:12:03.150 DEBU [pymycobot.common] _read : FE FE 05 A0 FF 01 CF BC
15:12:04.165 DEBU [pymycobot.common] _write: fe fe 5 a0 2 0 9f 3d 
15:12:04.170 DEBU [pymycobot.common] _read : FE FE 05 A0 FF 01 CF BC
15:12:05.186 DEBU [pymycobot.common] _write: fe fe 5 a0 3 1 cf fd 
15:12:05.193 DEBU [pymycobot.common] _read : FE FE 05 A0 FF 01 CF BC
15:12:06.219 DEBU [pymycobot.common] _write: fe fe 5 a0 3 0 f 3c 
15:12:06.235 DEBU [pymycobot.common] _read : FE FE 05 A0 FF 01 CF BC
15:12:07.497 DEBU [pymycobot.common] _write: fe fe 5 a0 4 1 ff ff 
15:12:07.504 DEBU [pymycobot.common] _read : FE FE 05 A0 FF 01 CF BC
15:12:09.491 DEBU [pymycobot.common] _write: fe fe 5 a0 4 0 3f 3e 
15:12:09.495 DEBU [pymycobot.common] _read : FE FE 05 A0 FF 01 CF BC
15:12:11.965 DEBU [pymycobot.common] _write: fe fe 5 a0 5 1 6f fe 
15:12:11.973 DEBU [pymycobot.common] _read : FE FE 05 A0 FF 01 CF BC
15:12:14.630 DEBU [pymycobot.common] _write: fe fe 5 a0 5 0 af 3f 
15:12:14.636 DEBU [pymycobot.common] _read : FE FE 05 A0 FF 01 CF BC
15:12:16.239 DEBU [pymycobot.common] _write: fe fe 5 a0 6 1 9f fe 
15:12:16.244 DEBU [pymycobot.common] _read : FE FE 05 A0 FF 01 CF BC
15:12:17.788 DEBU [pymycobot.common] _write: fe fe 5 a0 6 0 5f 3f 
15:12:17.796 DEBU [pymycobot.common] _read : FE FE 05 A0 FF 01 CF BC
15:12:19.388 DEBU [pymycobot.common] _write: fe fe 5 a0 7 1 f ff 
15:12:19.397 DEBU [pymycobot.common] _read : FE FE 05 A0 FF 01 CF BC
15:12:20.724 DEBU [pymycobot.common] _write: fe fe 5 a0 7 0 cf 3e 
15:12:20.731 DEBU [pymycobot.common] _read : FE FE 05 A0 FF 01 CF BC
15:12:22.138 DEBU [pymycobot.common] _write: fe fe 5 a0 8 1 ff fa 
15:12:22.143 DEBU [pymycobot.common] _read : FE FE 05 A0 FF 01 CF BC
15:12:23.567 DEBU [pymycobot.common] _write: fe fe 5 a0 8 0 3f 3b 
15:12:23.574 DEBU [pymycobot.common] _read : FE FE 05 A0 FF 01 CF BC
15:12:25.022 DEBU [pymycobot.common] _write: fe fe 5 a0 9 1 6f fb 
15:12:25.028 DEBU [pymycobot.common] _read : FE FE 05 A0 FF 01 CF BC
15:12:26.725 DEBU [pymycobot.common] _write: fe fe 5 a0 9 0 af 3a 
15:12:26.730 DEBU [pymycobot.common] _read : FE FE 05 A0 FF 01 CF BC
15:12:28.408 DEBU [pymycobot.common] _write: fe fe 5 a0 a 1 9f fb 
15:12:28.414 DEBU [pymycobot.common] _read : FE FE 05 A0 FF 01 CF BC
15:12:29.985 DEBU [pymycobot.common] _write: fe fe 5 a0 a 0 5f 3a 
15:12:29.989 DEBU [pymycobot.common] _read : FE FE 05 A0 FF 01 CF BC
15:12:31.640 DEBU [pymycobot.common] _write: fe fe 5 a0 b 1 f fa 
15:12:31.645 DEBU [pymycobot.common] _read : FE FE 05 A0 FF 01 CF BC
15:12:33.415 DEBU [pymycobot.common] _write: fe fe 5 a0 b 0 cf 3b 
15:12:33.421 DEBU [pymycobot.common] _read : FE FE 05 A0 FF 01 CF BC
15:12:34.933 DEBU [pymycobot.common] _write: fe fe 5 a0 c 1 3f f8 
15:12:34.938 DEBU [pymycobot.common] _read : FE FE 05 A0 FF 01 CF BC
15:12:36.227 DEBU [pymycobot.common] _write: fe fe 5 a0 c 0 ff 39 
15:12:36.232 DEBU [pymycobot.common] _read : FE FE 05 A0 FF 01 CF BC
15:12:36.677 DEBU [pymycobot.common] _write: fe fe 5 a0 1 0 6f 3d 
15:12:36.681 DEBU [pymycobot.common] _read : FE FE 05 A0 FF 01 CF BC
15:12:36.894 DEBU [pymycobot.common] _write: fe fe 5 a0 2 0 9f 3d 
15:12:36.900 DEBU [pymycobot.common] _read : FE FE 05 A0 FF 01 CF BC
15:12:37.120 DEBU [pymycobot.common] _write: fe fe 5 a0 3 0 f 3c 
15:12:37.126 DEBU [pymycobot.common] _read : FE FE 05 A0 FF 01 CF BC
15:12:37.347 DEBU [pymycobot.common] _write: fe fe 5 a0 4 0 3f 3e 
15:12:37.353 DEBU [pymycobot.common] _read : FE FE 05 A0 FF 01 CF BC
15:12:37.576 DEBU [pymycobot.common] _write: fe fe 5 a0 5 0 af 3f 
15:12:37.591 DEBU [pymycobot.common] _read : FE FE 05 A0 FF 01 CF BC
15:12:37.819 DEBU [pymycobot.common] _write: fe fe 5 a0 6 0 5f 3f 
15:12:37.836 DEBU [pymycobot.common] _read : FE FE 05 A0 FF 01 CF BC
15:12:38.061 DEBU [pymycobot.common] _write: fe fe 5 a0 7 0 cf 3e 
15:12:38.065 DEBU [pymycobot.common] _read : FE FE 05 A0 FF 01 CF BC
15:12:38.291 DEBU [pymycobot.common] _write: fe fe 5 a0 8 0 3f 3b 
15:12:38.297 DEBU [pymycobot.common] _read : FE FE 05 A0 FF 01 CF BC
15:12:38.518 DEBU [pymycobot.common] _write: fe fe 5 a0 9 0 af 3a 
15:12:38.525 DEBU [pymycobot.common] _read : FE FE 05 A0 FF 01 CF BC
15:12:38.745 DEBU [pymycobot.common] _write: fe fe 5 a0 a 0 5f 3a 
15:12:38.749 DEBU [pymycobot.common] _read : FE FE 05 A0 FF 01 CF BC
15:12:38.972 DEBU [pymycobot.common] _write: fe fe 5 a0 b 0 cf 3b 
15:12:38.988 DEBU [pymycobot.common] _read : FE FE 05 A0 FF 01 CF BC
15:12:39.214 DEBU [pymycobot.common] _write: fe fe 5 a0 c 0 ff 39 
15:12:39.222 DEBU [pymycobot.common] _read : FE FE 05 A0 FF 01 CF BC
17:35:00.542 DEBU [pymycobot.common] _write: fe fe 5 61 1 0 93 6c 
17:35:00.549 DEBU [pymycobot.common] _read : FE FE 05 61 FF 01 33 ED
17:35:00.558 DEBU [pymycobot.common] _write: fe fe 4 62 1 5d 95 
17:35:00.562 DEBU [pymycobot.common] _read : FE FE 04 62 00 9D 54
17:35:03.444 DEBU [pymycobot.common] _write: fe fe 5 61 1 1 53 ad 
17:35:03.455 DEBU [pymycobot.common] _read : FE FE 05 61 FF 01 33 ED
17:35:03.459 DEBU [pymycobot.common] _write: fe fe 4 62 1 5d 95 
17:35:03.464 DEBU [pymycobot.common] _read : FE FE 04 62 00 9D 54
17:35:05.943 DEBU [pymycobot.common] _write: fe fe 5 61 2 0 63 6c 
17:35:05.947 DEBU [pymycobot.common] _read : FE FE 05 61 FF 01 33 ED
17:35:05.958 DEBU [pymycobot.common] _write: fe fe 4 62 2 5c d5 
17:35:05.964 DEBU [pymycobot.common] _read : FE FE 04 62 00 9D 54
17:35:08.609 DEBU [pymycobot.common] _write: fe fe 5 61 2 1 a3 ad 
17:35:08.615 DEBU [pymycobot.common] _read : FE FE 05 61 FF 01 33 ED
17:35:08.625 DEBU [pymycobot.common] _write: fe fe 4 62 2 5c d5 
17:35:08.629 DEBU [pymycobot.common] _read : FE FE 04 62 00 9D 54
17:35:09.565 DEBU [pymycobot.common] _write: fe fe 4 16 0 9d 73 
17:35:09.569 DEBU [pymycobot.common] _read : FE FE 05 16 FF 01 29 5D
17:35:09.582 DEBU [pymycobot.common] _write: fe fe 4 68 0 3d 52 
17:35:09.586 DEBU [pymycobot.common] _read : FE FE 05 68 FF 01 31 3D
17:35:38.881 DEBU [pymycobot.common] _write: fe fe 4 a1 1 ad c5 
17:35:38.886 DEBU [pymycobot.common] _read : FE FE 04 A1 00 6D 04
17:35:39.908 DEBU [pymycobot.common] _write: fe fe 4 a1 2 ac 85 
17:35:39.914 DEBU [pymycobot.common] _read : FE FE 04 A1 00 6D 04
17:35:40.925 DEBU [pymycobot.common] _write: fe fe 4 a1 3 6c 44 
17:35:40.930 DEBU [pymycobot.common] _read : FE FE 04 A1 00 6D 04
17:35:41.942 DEBU [pymycobot.common] _write: fe fe 4 a1 4 ae 5 
17:35:41.948 DEBU [pymycobot.common] _read : FE FE 04 A1 00 6D 04
17:35:42.961 DEBU [pymycobot.common] _write: fe fe 4 a1 5 6e c4 
17:35:42.968 DEBU [pymycobot.common] _read : FE FE 04 A1 00 6D 04
17:35:43.977 DEBU [pymycobot.common] _write: fe fe 4 a1 6 6f 84 
17:35:43.982 DEBU [pymycobot.common] _read : FE FE 04 A1 00 6D 04
17:35:44.993 DEBU [pymycobot.common] _write: fe fe 4 a1 7 af 45 
17:35:44.998 DEBU [pymycobot.common] _read : FE FE 04 A1 00 6D 04
17:35:46.024 DEBU [pymycobot.common] _write: fe fe 4 a1 8 ab 5 
17:35:46.029 DEBU [pymycobot.common] _read : FE FE 04 A1 00 6D 04
17:35:47.042 DEBU [pymycobot.common] _write: fe fe 4 a1 9 6b c4 
17:35:47.047 DEBU [pymycobot.common] _read : FE FE 04 A1 00 6D 04
17:35:48.058 DEBU [pymycobot.common] _write: fe fe 4 a1 a 6a 84 
17:35:48.065 DEBU [pymycobot.common] _read : FE FE 04 A1 00 6D 04
17:35:49.077 DEBU [pymycobot.common] _write: fe fe 4 a1 b aa 45 
17:35:49.084 DEBU [pymycobot.common] _read : FE FE 04 A1 00 6D 04
17:35:50.106 DEBU [pymycobot.common] _write: fe fe 4 a1 c 68 4 
17:35:50.110 DEBU [pymycobot.common] _read : FE FE 04 A1 00 6D 04
17:35:51.128 DEBU [pymycobot.common] _write: fe fe 5 a0 1 0 6f 3d 
17:35:51.132 DEBU [pymycobot.common] _read : FE FE 05 A0 FF 01 CF BC
17:35:51.349 DEBU [pymycobot.common] _write: fe fe 5 a0 2 0 9f 3d 
17:35:51.354 DEBU [pymycobot.common] _read : FE FE 05 A0 FF 01 CF BC
17:35:51.576 DEBU [pymycobot.common] _write: fe fe 5 a0 3 0 f 3c 
17:35:51.581 DEBU [pymycobot.common] _read : FE FE 05 A0 FF 01 CF BC
17:35:51.804 DEBU [pymycobot.common] _write: fe fe 5 a0 4 0 3f 3e 
17:35:51.814 DEBU [pymycobot.common] _read : FE FE 05 A0 FF 01 CF BC
17:35:52.032 DEBU [pymycobot.common] _write: fe fe 5 a0 5 0 af 3f 
17:35:52.037 DEBU [pymycobot.common] _read : FE FE 05 A0 FF 01 CF BC
17:35:52.261 DEBU [pymycobot.common] _write: fe fe 5 a0 6 0 5f 3f 
17:35:52.266 DEBU [pymycobot.common] _read : FE FE 05 A0 FF 01 CF BC
17:35:52.489 DEBU [pymycobot.common] _write: fe fe 5 a0 7 0 cf 3e 
17:35:52.496 DEBU [pymycobot.common] _read : FE FE 05 A0 FF 01 CF BC
17:35:52.716 DEBU [pymycobot.common] _write: fe fe 5 a0 8 0 3f 3b 
17:35:52.722 DEBU [pymycobot.common] _read : FE FE 05 A0 FF 01 CF BC
17:35:52.941 DEBU [pymycobot.common] _write: fe fe 5 a0 9 0 af 3a 
17:35:52.948 DEBU [pymycobot.common] _read : FE FE 05 A0 FF 01 CF BC
17:35:53.169 DEBU [pymycobot.common] _write: fe fe 5 a0 a 0 5f 3a 
17:35:53.173 DEBU [pymycobot.common] _read : FE FE 05 A0 FF 01 CF BC
17:35:53.396 DEBU [pymycobot.common] _write: fe fe 5 a0 b 0 cf 3b 
17:35:53.402 DEBU [pymycobot.common] _read : FE FE 05 A0 FF 01 CF BC
17:35:53.622 DEBU [pymycobot.common] _write: fe fe 5 a0 c 0 ff 39 
17:35:53.629 DEBU [pymycobot.common] _read : FE FE 05 A0 FF 01 CF BC
17:36:03.282 DEBU [pymycobot.common] _write: fe fe 5 a0 1 1 af fc 
17:36:03.290 DEBU [pymycobot.common] _read : FE FE 05 A0 FF 01 CF BC
17:36:06.185 DEBU [pymycobot.common] _write: fe fe 5 a0 1 0 6f 3d 
17:36:06.190 DEBU [pymycobot.common] _read : FE FE 05 A0 FF 01 CF BC
17:36:09.008 DEBU [pymycobot.common] _write: fe fe 5 a0 2 1 5f fc 
17:36:09.014 DEBU [pymycobot.common] _read : FE FE 05 A0 FF 01 CF BC
17:36:11.335 DEBU [pymycobot.common] _write: fe fe 5 a0 2 0 9f 3d 
17:36:11.340 DEBU [pymycobot.common] _read : FE FE 05 A0 FF 01 CF BC
17:36:13.505 DEBU [pymycobot.common] _write: fe fe 5 a0 3 1 cf fd 
17:36:13.511 DEBU [pymycobot.common] _read : FE FE 05 A0 FF 01 CF BC
17:36:15.696 DEBU [pymycobot.common] _write: fe fe 5 a0 3 0 f 3c 
17:36:15.702 DEBU [pymycobot.common] _read : FE FE 05 A0 FF 01 CF BC
17:36:17.714 DEBU [pymycobot.common] _write: fe fe 5 a0 4 1 ff ff 
17:36:17.720 DEBU [pymycobot.common] _read : FE FE 05 A0 FF 01 CF BC
17:36:20.496 DEBU [pymycobot.common] _write: fe fe 5 a0 4 0 3f 3e 
17:36:20.501 DEBU [pymycobot.common] _read : FE FE 05 A0 FF 01 CF BC
17:36:23.145 DEBU [pymycobot.common] _write: fe fe 5 a0 5 1 6f fe 
17:36:23.151 DEBU [pymycobot.common] _read : FE FE 05 A0 FF 01 CF BC
17:36:25.365 DEBU [pymycobot.common] _write: fe fe 5 a0 5 0 af 3f 
17:36:25.369 DEBU [pymycobot.common] _read : FE FE 05 A0 FF 01 CF BC
17:36:27.568 DEBU [pymycobot.common] _write: fe fe 5 a0 6 1 9f fe 
17:36:27.574 DEBU [pymycobot.common] _read : FE FE 05 A0 FF 01 CF BC
17:36:29.585 DEBU [pymycobot.common] _write: fe fe 5 a0 6 0 5f 3f 
17:36:29.590 DEBU [pymycobot.common] _read : FE FE 05 A0 FF 01 CF BC
17:36:31.743 DEBU [pymycobot.common] _write: fe fe 5 a0 7 1 f ff 
17:36:31.751 DEBU [pymycobot.common] _read : FE FE 05 A0 FF 01 CF BC
17:36:33.536 DEBU [pymycobot.common] _write: fe fe 5 a0 7 0 cf 3e 
17:36:33.542 DEBU [pymycobot.common] _read : FE FE 05 A0 FF 01 CF BC
17:36:35.572 DEBU [pymycobot.common] _write: fe fe 5 a0 8 1 ff fa 
17:36:35.584 DEBU [pymycobot.common] _read : FE FE 05 A0 FF 01 CF BC
17:36:37.559 DEBU [pymycobot.common] _write: fe fe 5 a0 8 0 3f 3b 
17:36:37.566 DEBU [pymycobot.common] _read : FE FE 05 A0 FF 01 CF BC
17:36:39.404 DEBU [pymycobot.common] _write: fe fe 5 a0 9 1 6f fb 
17:36:39.409 DEBU [pymycobot.common] _read : FE FE 05 A0 FF 01 CF BC
17:36:41.410 DEBU [pymycobot.common] _write: fe fe 5 a0 9 0 af 3a 
17:36:41.415 DEBU [pymycobot.common] _read : FE FE 05 A0 FF 01 CF BC
17:36:43.292 DEBU [pymycobot.common] _write: fe fe 5 a0 a 1 9f fb 
17:36:43.298 DEBU [pymycobot.common] _read : FE FE 05 A0 FF 01 CF BC
17:36:44.943 DEBU [pymycobot.common] _write: fe fe 5 a0 a 0 5f 3a 
17:36:44.951 DEBU [pymycobot.common] _read : FE FE 05 A0 FF 01 CF BC
17:36:46.958 DEBU [pymycobot.common] _write: fe fe 5 a0 b 1 f fa 
17:36:46.965 DEBU [pymycobot.common] _read : FE FE 05 A0 FF 01 CF BC
17:36:48.996 DEBU [pymycobot.common] _write: fe fe 5 a0 b 0 cf 3b 
17:36:49.002 DEBU [pymycobot.common] _read : FE FE 05 A0 FF 01 CF BC
17:36:51.003 DEBU [pymycobot.common] _write: fe fe 5 a0 c 1 3f f8 
17:36:51.008 DEBU [pymycobot.common] _read : FE FE 05 A0 FF 01 CF BC
17:36:52.794 DEBU [pymycobot.common] _write: fe fe 5 a0 c 0 ff 39 
17:36:52.799 DEBU [pymycobot.common] _read : FE FE 05 A0 FF 01 CF BC
17:36:53.515 DEBU [pymycobot.common] _write: fe fe 5 a0 1 0 6f 3d 
17:36:53.523 DEBU [pymycobot.common] _read : FE FE 05 A0 FF 01 CF BC
17:36:53.749 DEBU [pymycobot.common] _write: fe fe 5 a0 2 0 9f 3d 
17:36:53.754 DEBU [pymycobot.common] _read : FE FE 05 A0 FF 01 CF BC
17:36:53.977 DEBU [pymycobot.common] _write: fe fe 5 a0 3 0 f 3c 
17:36:53.982 DEBU [pymycobot.common] _read : FE FE 05 A0 FF 01 CF BC
17:36:54.204 DEBU [pymycobot.common] _write: fe fe 5 a0 4 0 3f 3e 
17:36:54.209 DEBU [pymycobot.common] _read : FE FE 05 A0 FF 01 CF BC
17:36:54.433 DEBU [pymycobot.common] _write: fe fe 5 a0 5 0 af 3f 
17:36:54.440 DEBU [pymycobot.common] _read : FE FE 05 A0 FF 01 CF BC
17:36:54.659 DEBU [pymycobot.common] _write: fe fe 5 a0 6 0 5f 3f 
17:36:54.676 DEBU [pymycobot.common] _read : FE FE 05 A0 FF 01 CF BC
17:36:54.903 DEBU [pymycobot.common] _write: fe fe 5 a0 7 0 cf 3e 
17:36:54.910 DEBU [pymycobot.common] _read : FE FE 05 A0 FF 01 CF BC
17:36:55.130 DEBU [pymycobot.common] _write: fe fe 5 a0 8 0 3f 3b 
17:36:55.140 DEBU [pymycobot.common] _read : FE FE 05 A0 FF 01 CF BC
17:36:55.358 DEBU [pymycobot.common] _write: fe fe 5 a0 9 0 af 3a 
17:36:55.361 DEBU [pymycobot.common] _read : FE FE 05 A0 FF 01 CF BC
17:36:55.586 DEBU [pymycobot.common] _write: fe fe 5 a0 a 0 5f 3a 
17:36:55.593 DEBU [pymycobot.common] _read : FE FE 05 A0 FF 01 CF BC
17:36:55.816 DEBU [pymycobot.common] _write: fe fe 5 a0 b 0 cf 3b 
17:36:55.827 DEBU [pymycobot.common] _read : FE FE 05 A0 FF 01 CF BC
17:36:56.045 DEBU [pymycobot.common] _write: fe fe 5 a0 c 0 ff 39 
17:36:56.053 DEBU [pymycobot.common] _read : FE FE 05 A0 FF 01 CF BC
17:41:35.321 DEBU [pymycobot.common] _write: fe fe 5 61 1 0 93 6c 
17:41:35.332 DEBU [pymycobot.common] _read : FE FE 05 61 FF 01 33 ED
17:41:35.336 DEBU [pymycobot.common] _write: fe fe 4 62 1 5d 95 
17:41:35.342 DEBU [pymycobot.common] _read : FE FE 04 62 00 9D 54
17:41:38.798 DEBU [pymycobot.common] _write: fe fe 5 61 1 1 53 ad 
17:41:38.801 DEBU [pymycobot.common] _read : FE FE 05 61 FF 01 33 ED
17:41:38.812 DEBU [pymycobot.common] _write: fe fe 4 62 1 5d 95 
17:41:38.816 DEBU [pymycobot.common] _read : FE FE 04 62 00 9D 54
17:41:41.709 DEBU [pymycobot.common] _write: fe fe 5 61 2 0 63 6c 
17:41:41.715 DEBU [pymycobot.common] _read : FE FE 05 61 FF 01 33 ED
17:41:41.724 DEBU [pymycobot.common] _write: fe fe 4 62 2 5c d5 
17:41:41.730 DEBU [pymycobot.common] _read : FE FE 04 62 01 5D 95
17:41:43.699 DEBU [pymycobot.common] _write: fe fe 5 61 2 1 a3 ad 
17:41:43.705 DEBU [pymycobot.common] _read : FE FE 05 61 FF 01 33 ED
17:41:43.714 DEBU [pymycobot.common] _write: fe fe 4 62 2 5c d5 
17:41:43.719 DEBU [pymycobot.common] _read : FE FE 04 62 01 5D 95
17:41:44.306 DEBU [pymycobot.common] _write: fe fe 4 16 0 9d 73 
17:41:44.311 DEBU [pymycobot.common] _read : FE FE 05 16 FF 01 29 5D
17:41:44.322 DEBU [pymycobot.common] _write: fe fe 4 68 0 3d 52 
17:41:44.326 DEBU [pymycobot.common] _read : FE FE 05 68 FF 01 31 3D
17:42:16.111 DEBU [pymycobot.common] _write: fe fe 5 61 1 1 53 ad 
17:42:16.115 DEBU [pymycobot.common] _read : FE FE 05 61 FF 01 33 ED
17:42:16.127 DEBU [pymycobot.common] _write: fe fe 4 62 1 5d 95 
17:42:16.131 DEBU [pymycobot.common] _read : FE FE 04 62 01 5D 95
17:42:20.746 DEBU [pymycobot.common] _write: fe fe 5 61 1 0 93 6c 
17:42:20.751 DEBU [pymycobot.common] _read : FE FE 05 61 FF 01 33 ED
17:42:20.762 DEBU [pymycobot.common] _write: fe fe 4 62 1 5d 95 
17:42:20.766 DEBU [pymycobot.common] _read : FE FE 04 62 01 5D 95
17:42:23.331 DEBU [pymycobot.common] _write: fe fe 5 61 2 1 a3 ad 
17:42:23.349 DEBU [pymycobot.common] _read : FE FE 05 61 FF 01 33 ED
17:42:23.363 DEBU [pymycobot.common] _write: fe fe 4 62 2 5c d5 
17:42:23.368 DEBU [pymycobot.common] _read : FE FE 04 62 00 9D 54
17:42:29.693 DEBU [pymycobot.common] _write: fe fe 5 61 2 0 63 6c 
17:42:29.697 DEBU [pymycobot.common] _read : FE FE 05 61 FF 01 33 ED
17:42:29.708 DEBU [pymycobot.common] _write: fe fe 4 62 2 5c d5 
17:42:29.712 DEBU [pymycobot.common] _read : FE FE 04 62 00 9D 54
17:42:31.432 DEBU [pymycobot.common] _write: fe fe 4 16 0 9d 73 
17:42:31.437 DEBU [pymycobot.common] _read : FE FE 05 16 FF 01 29 5D
17:42:31.450 DEBU [pymycobot.common] _write: fe fe 4 68 0 3d 52 
17:42:31.454 DEBU [pymycobot.common] _read : FE FE 05 68 FF 01 31 3D
17:46:08.875 DEBU [pymycobot.common] _write: fe fe 4 62 1 5d 95 
17:46:08.887 DEBU [pymycobot.common] _read : FE FE 04 62 00 9D 54
17:46:09.923 DEBU [pymycobot.common] _write: fe fe 4 62 2 5c d5 
17:46:09.927 DEBU [pymycobot.common] _read : FE FE 04 62 00 9D 54
17:46:10.943 DEBU [pymycobot.common] _write: fe fe 5 61 1 0 93 6c 
17:46:10.949 DEBU [pymycobot.common] _read : FE FE 05 61 FF 01 33 ED
17:46:11.166 DEBU [pymycobot.common] _write: fe fe 5 61 2 0 63 6c 
17:46:11.184 DEBU [pymycobot.common] _read : FE FE 05 61 FF 01 33 ED
17:46:20.368 DEBU [pymycobot.common] _write: fe fe 5 61 1 1 53 ad 
17:46:20.375 DEBU [pymycobot.common] _read : FE FE 05 61 FF 01 33 ED
17:46:20.384 DEBU [pymycobot.common] _write: fe fe 4 62 1 5d 95 
17:46:20.398 DEBU [pymycobot.common] _read : FE FE 04 62 00 9D 54
17:46:22.862 DEBU [pymycobot.common] _write: fe fe 5 61 1 0 93 6c 
17:46:22.872 DEBU [pymycobot.common] _read : FE FE 05 61 FF 01 33 ED
17:46:22.877 DEBU [pymycobot.common] _write: fe fe 4 62 1 5d 95 
17:46:22.882 DEBU [pymycobot.common] _read : FE FE 04 62 00 9D 54
17:46:26.941 DEBU [pymycobot.common] _write: fe fe 5 61 2 1 a3 ad 
17:46:26.947 DEBU [pymycobot.common] _read : FE FE 05 61 FF 01 33 ED
17:46:26.957 DEBU [pymycobot.common] _write: fe fe 4 62 2 5c d5 
17:46:26.964 DEBU [pymycobot.common] _read : FE FE 04 62 00 9D 54
17:46:29.619 DEBU [pymycobot.common] _write: fe fe 5 61 2 0 63 6c 
17:46:29.634 DEBU [pymycobot.common] _read : FE FE 05 61 FF 01 33 ED
17:46:29.650 DEBU [pymycobot.common] _write: fe fe 4 62 2 5c d5 
17:46:29.656 DEBU [pymycobot.common] _read : FE FE 04 62 00 9D 54
17:46:30.797 DEBU [pymycobot.common] _write: fe fe 5 61 1 0 93 6c 
17:46:30.801 DEBU [pymycobot.common] _read : FE FE 05 61 FF 01 33 ED
17:46:31.013 DEBU [pymycobot.common] _write: fe fe 5 61 2 0 63 6c 
17:46:31.019 DEBU [pymycobot.common] _read : FE FE 05 61 FF 01 33 ED
17:46:57.761 DEBU [pymycobot.common] _write: fe fe 5 61 1 1 53 ad 
17:46:57.767 DEBU [pymycobot.common] _read : FE FE 05 61 FF 01 33 ED
17:46:57.776 DEBU [pymycobot.common] _write: fe fe 4 62 1 5d 95 
17:46:57.786 DEBU [pymycobot.common] _read : FE FE 04 62 00 9D 54
17:47:00.568 DEBU [pymycobot.common] _write: fe fe 5 61 1 0 93 6c 
17:47:00.572 DEBU [pymycobot.common] _read : FE FE 05 61 FF 01 33 ED
17:47:00.583 DEBU [pymycobot.common] _write: fe fe 4 62 1 5d 95 
17:47:00.594 DEBU [pymycobot.common] _read : FE FE 04 62 00 9D 54
17:47:02.819 DEBU [pymycobot.common] _write: fe fe 5 61 2 1 a3 ad 
17:47:02.824 DEBU [pymycobot.common] _read : FE FE 05 61 FF 01 33 ED
17:47:02.834 DEBU [pymycobot.common] _write: fe fe 4 62 2 5c d5 
17:47:02.839 DEBU [pymycobot.common] _read : FE FE 04 62 00 9D 54
17:47:05.580 DEBU [pymycobot.common] _write: fe fe 5 61 2 0 63 6c 
17:47:05.586 DEBU [pymycobot.common] _read : FE FE 05 61 FF 01 33 ED
17:47:05.595 DEBU [pymycobot.common] _write: fe fe 4 62 2 5c d5 
17:47:05.600 DEBU [pymycobot.common] _read : FE FE 04 62 00 9D 54
17:47:06.915 DEBU [pymycobot.common] _write: fe fe 5 61 1 0 93 6c 
17:47:06.930 DEBU [pymycobot.common] _read : FE FE 05 61 FF 01 33 ED
17:47:07.158 DEBU [pymycobot.common] _write: fe fe 5 61 2 0 63 6c 
17:47:07.171 DEBU [pymycobot.common] _read : FE FE 05 61 FF 01 33 ED
18:01:30.295 DEBU [pymycobot.common] _write: fe fe 5 61 1 1 53 ad 
18:01:30.301 DEBU [pymycobot.common] _read : FE FE 05 61 FF 01 33 ED
18:01:30.310 DEBU [pymycobot.common] _write: fe fe 4 62 1 5d 95 
18:01:30.316 DEBU [pymycobot.common] _read : FE FE 04 62 00 9D 54
18:01:34.803 DEBU [pymycobot.common] _write: fe fe 5 61 1 0 93 6c 
18:01:34.809 DEBU [pymycobot.common] _read : FE FE 05 61 FF 01 33 ED
18:01:34.818 DEBU [pymycobot.common] _write: fe fe 4 62 1 5d 95 
18:01:34.823 DEBU [pymycobot.common] _read : FE FE 04 62 00 9D 54
18:01:39.131 DEBU [pymycobot.common] _write: fe fe 5 61 2 1 a3 ad 
18:01:39.136 DEBU [pymycobot.common] _read : FE FE 05 61 FF 01 33 ED
18:01:39.146 DEBU [pymycobot.common] _write: fe fe 4 62 2 5c d5 
18:01:39.150 DEBU [pymycobot.common] _read : FE FE 04 62 00 9D 54
18:01:44.592 DEBU [pymycobot.common] _write: fe fe 5 61 2 0 63 6c 
18:01:44.597 DEBU [pymycobot.common] _read : FE FE 05 61 FF 01 33 ED
18:01:44.607 DEBU [pymycobot.common] _write: fe fe 4 62 2 5c d5 
18:01:44.616 DEBU [pymycobot.common] _read : FE FE 04 62 00 9D 54
18:01:47.977 DEBU [pymycobot.common] _write: fe fe 5 61 1 0 93 6c 
18:01:47.982 DEBU [pymycobot.common] _read : FE FE 05 61 FF 01 33 ED
18:01:48.206 DEBU [pymycobot.common] _write: fe fe 5 61 2 0 63 6c 
18:01:48.211 DEBU [pymycobot.common] _read : FE FE 05 61 FF 01 33 ED
18:03:30.363 DEBU [pymycobot.common] _write: fe fe 5 61 1 1 53 ad 
18:03:30.369 DEBU [pymycobot.common] _read : FE FE 05 61 FF 01 33 ED
18:03:30.378 DEBU [pymycobot.common] _write: fe fe 4 62 1 5d 95 
18:03:30.390 DEBU [pymycobot.common] _read : FE FE 04 62 00 9D 54
18:03:31.504 DEBU [pymycobot.common] _write: fe fe 5 61 1 0 93 6c 
18:03:31.511 DEBU [pymycobot.common] _read : FE FE 05 61 FF 01 33 ED
18:03:31.519 DEBU [pymycobot.common] _write: fe fe 4 62 1 5d 95 
18:03:31.529 DEBU [pymycobot.common] _read : FE FE 04 62 00 9D 54
18:03:33.360 DEBU [pymycobot.common] _write: fe fe 5 61 2 1 a3 ad 
18:03:33.370 DEBU [pymycobot.common] _read : FE FE 05 61 FF 01 33 ED
18:03:33.375 DEBU [pymycobot.common] _write: fe fe 4 62 2 5c d5 
18:03:33.381 DEBU [pymycobot.common] _read : FE FE 04 62 00 9D 54
18:03:35.158 DEBU [pymycobot.common] _write: fe fe 5 61 2 0 63 6c 
18:03:35.164 DEBU [pymycobot.common] _read : FE FE 05 61 FF 01 33 ED
18:03:35.173 DEBU [pymycobot.common] _write: fe fe 4 62 2 5c d5 
18:03:35.177 DEBU [pymycobot.common] _read : FE FE 04 62 00 9D 54
18:03:35.619 DEBU [pymycobot.common] _write: fe fe 5 61 1 0 93 6c 
18:03:35.624 DEBU [pymycobot.common] _read : FE FE 05 61 FF 01 33 ED
18:03:35.840 DEBU [pymycobot.common] _write: fe fe 5 61 2 0 63 6c 
18:03:35.848 DEBU [pymycobot.common] _read : FE FE 05 61 FF 01 33 ED
10:37:43.600 DEBU [pymycobot.common] _write: fe fe 4 16 0 9d 73 
10:37:43.614 DEBU [pymycobot.common] _read : FE FE 05 16 FF 01 29 5D
10:37:43.626 DEBU [pymycobot.common] _write: fe fe 3 17 c2 10 
10:37:43.631 DEBU [pymycobot.common] _read : FE FE 04 17 00 0D 72
10:37:43.641 DEBU [pymycobot.common] _write: fe fe 10 22 bf 8c 0 0 0 0 0 0 0 0 3 e8 14 71 a4 
10:37:43.647 DEBU [pymycobot.common] _read : FE FE 05 22 FF 01 E7 1C
10:37:43.656 DEBU [pymycobot.common] _read : FE FE 04 5B 04 0E 47
10:37:43.671 DEBU [pymycobot.common] _write: fe fe 3 20 14 51 
10:37:43.681 DEBU [pymycobot.common] _read : FE FE 0F 20 F7 0B 02 69 FA 79 D6 70 1D 43 4A 71 B4 B5
10:37:43.687 DEBU [pymycobot.common] _write: fe fe 4 4b 1 cd 8a 
10:37:43.692 DEBU [pymycobot.common] _read : FE FE 06 4B 01 06 72 B0 5C
10:37:43.702 DEBU [pymycobot.common] _write: fe fe 4 4a 1 5d 8b 
10:37:43.706 DEBU [pymycobot.common] _read : FE FE 06 4A 01 F9 8E FD 1C
10:37:43.717 DEBU [pymycobot.common] _write: fe fe 4 4b 2 cc ca 
10:37:43.722 DEBU [pymycobot.common] _read : FE FE 06 4B 02 04 B0 41 2C
10:37:43.732 DEBU [pymycobot.common] _write: fe fe 4 4a 2 5c cb 
10:37:43.740 DEBU [pymycobot.common] _read : FE FE 06 4A 02 FB 50 C5 6D
10:37:43.748 DEBU [pymycobot.common] _write: fe fe 4 4b 3 c b 
10:37:43.753 DEBU [pymycobot.common] _read : FE FE 06 4B 03 06 2C 88 7C
10:37:43.764 DEBU [pymycobot.common] _write: fe fe 4 4a 3 9c a 
10:37:43.772 DEBU [pymycobot.common] _read : FE FE 06 4A 03 F9 D4 06 3D
10:37:43.779 DEBU [pymycobot.common] _write: fe fe 4 4b 4 ce 4a 
10:37:43.795 DEBU [pymycobot.common] _read : FE FE 06 4B 04 06 72 B1 4C
10:37:43.809 DEBU [pymycobot.common] _write: fe fe 4 4a 4 5e 4b 
10:37:43.825 DEBU [pymycobot.common] _read : FE FE 06 4A 04 F9 8E FC 0C
10:37:43.840 DEBU [pymycobot.common] _write: fe fe 4 4b 5 e 8b 
10:37:43.847 DEBU [pymycobot.common] _read : FE FE 06 4B 05 06 72 71 1D
10:37:43.855 DEBU [pymycobot.common] _write: fe fe 4 4a 5 9e 8a 
10:37:43.862 DEBU [pymycobot.common] _read : FE FE 06 4A 05 F9 8E 3C 5D
10:37:43.870 DEBU [pymycobot.common] _write: fe fe 4 4b 6 f cb 
10:37:43.876 DEBU [pymycobot.common] _read : FE FE 06 4B 06 06 D6 CA EC
10:37:43.886 DEBU [pymycobot.common] _write: fe fe 4 4a 6 9f ca 
10:37:43.891 DEBU [pymycobot.common] _read : FE FE 06 4A 06 F9 2A 87 AC
10:37:44.202 DEBU [pymycobot.common] _write: fe fe 3 2b d3 10 
10:37:44.208 DEBU [pymycobot.common] _read : FE FE 04 2B 00 0D 63
10:37:45.233 DEBU [pymycobot.common] _write: fe fe 3 20 14 51 
10:37:45.241 DEBU [pymycobot.common] _read : FE FE 0F 20 F7 0B 02 69 FA 79 D6 70 1D 43 4A 71 B4 B5
10:37:45.633 DEBU [pymycobot.common] _write: fe fe 4 16 0 9d 73 
10:37:45.645 DEBU [pymycobot.common] _read : FE FE 05 16 FF 01 29 5D
10:37:45.658 DEBU [pymycobot.common] _write: fe fe 3 17 c2 10 
10:37:45.675 DEBU [pymycobot.common] _read : FE FE 04 17 00 0D 72
10:37:45.689 DEBU [pymycobot.common] _write: fe fe 10 22 40 74 0 0 0 0 0 0 3 e8 0 0 32 2b 1c 
10:37:45.696 DEBU [pymycobot.common] _read : FE FE 05 22 FF 01 E7 1C
10:37:45.708 DEBU [pymycobot.common] _read : FE FE 04 5B 04 0E 47
10:37:45.718 DEBU [pymycobot.common] _write: fe fe 3 20 14 51 
10:37:45.722 DEBU [pymycobot.common] _read : FE FE 0F 20 F7 0B 02 69 FA 79 D6 70 1D 43 4A 71 B4 B5
10:37:46.035 DEBU [pymycobot.common] _write: fe fe 3 2b d3 10 
10:37:46.049 DEBU [pymycobot.common] _read : FE FE 04 2B 00 0D 63
10:37:47.059 DEBU [pymycobot.common] _write: fe fe 3 20 14 51 
10:37:47.063 DEBU [pymycobot.common] _read : FE FE 0F 20 F7 0B 02 69 FA 79 D6 70 1D 43 4A 71 B4 B5
10:37:47.091 DEBU [pymycobot.common] _write: fe fe 4 16 0 9d 73 
10:37:47.099 DEBU [pymycobot.common] _read : FE FE 05 16 FF 01 29 5D
10:37:47.113 DEBU [pymycobot.common] _write: fe fe 3 17 c2 10 
10:37:47.122 DEBU [pymycobot.common] _read : FE FE 04 17 00 0D 72
10:37:47.129 DEBU [pymycobot.common] _write: fe fe 10 22 0 0 d1 20 23 28 0 0 0 0 3 e8 14 fb 3f 
10:37:47.134 DEBU [pymycobot.common] _read : FE FE 05 22 FF 01 E7 1C
10:37:47.150 DEBU [pymycobot.common] _read : FE FE 04 5B 04 0E 47
10:37:47.163 DEBU [pymycobot.common] _write: fe fe 3 20 14 51 
10:37:47.172 DEBU [pymycobot.common] _read : FE FE 0F 20 F7 0B 02 69 FA 79 D6 70 1D 43 4A 71 B4 B5
10:37:47.495 DEBU [pymycobot.common] _write: fe fe 3 2b d3 10 
10:37:47.501 DEBU [pymycobot.common] _read : FE FE 04 2B 00 0D 63
10:37:48.858 DEBU [pymycobot.common] _write: fe fe 4 16 0 9d 73 
10:37:48.862 DEBU [pymycobot.common] _read : FE FE 05 16 FF 01 29 5D
10:37:48.872 DEBU [pymycobot.common] _write: fe fe 4 68 0 3d 52 
10:37:48.877 DEBU [pymycobot.common] _read : FE FE 05 68 FF 01 31 3D
10:37:48.887 DEBU [pymycobot.common] _write: fe fe 10 22 0 0 0 0 0 0 0 0 0 0 0 0 a 29 22 
10:37:48.892 DEBU [pymycobot.common] _read : FE FE 05 22 FF 01 E7 1C
10:37:48.902 DEBU [pymycobot.common] _read : FE FE 04 5B 04 0E 47
10:37:48.917 DEBU [pymycobot.common] _write: fe fe 3 20 14 51 
10:37:48.922 DEBU [pymycobot.common] _read : FE FE 0F 20 F7 0B 02 69 FA 79 D6 70 1D 43 4A 71 B4 B5
10:39:26.495 DEBU [pymycobot.common] _write: fe fe 10 22 3 e8 3 e8 3 e8 3 e8 3 e8 3 e8 a a5 3e 
10:39:26.510 DEBU [pymycobot.common] _read : FE FE 05 22 FF 01 E7 1C
10:39:27.510 DEBU [pymycobot.common] _write: fe fe 3 2b d3 10 
10:39:27.516 DEBU [pymycobot.common] _read : FE FE 04 2B 01 CD A2
10:39:27.862 DEBU [pymycobot.common] _read : FE FE 04 5B 00 CD 46
10:39:28.177 DEBU [pymycobot.common] _write: fe fe 3 2b d3 10 
10:39:28.192 DEBU [pymycobot.common] _read : FE FE 04 2B 00 0D 63
10:39:29.212 DEBU [pymycobot.common] _write: fe fe 3 20 14 51 
10:39:29.218 DEBU [pymycobot.common] _read : FE FE 0F 20 03 E8 03 E8 03 E8 03 E8 03 E8 03 E8 A2 9F
10:39:29.230 DEBU [pymycobot.common] _write: fe fe 10 22 7 d0 7 d0 7 d0 7 d0 7 d0 7 d0 a 30 da 
10:39:29.236 DEBU [pymycobot.common] _read : FE FE 05 22 FF 01 E7 1C
10:39:30.245 DEBU [pymycobot.common] _write: fe fe 3 2b d3 10 
10:39:30.251 DEBU [pymycobot.common] _read : FE FE 04 2B 01 CD A2
10:39:30.606 DEBU [pymycobot.common] _read : FE FE 04 5B 00 CD 46
10:39:30.915 DEBU [pymycobot.common] _write: fe fe 3 2b d3 10 
10:39:30.921 DEBU [pymycobot.common] _read : FE FE 04 2B 00 0D 63
10:39:31.945 DEBU [pymycobot.common] _write: fe fe 3 20 14 51 
10:39:31.950 DEBU [pymycobot.common] _read : FE FE 0F 20 07 D0 07 CF 07 D0 07 D0 07 CF 07 D0 71 EF
10:39:31.962 DEBU [pymycobot.common] _write: fe fe 4 16 0 9d 73 
10:39:31.968 DEBU [pymycobot.common] _read : FE FE 05 16 FF 01 29 5D
10:39:31.975 DEBU [pymycobot.common] _write: fe fe 4 68 0 3d 52 
10:39:31.981 DEBU [pymycobot.common] _read : FE FE 05 68 FF 01 31 3D
10:39:31.990 DEBU [pymycobot.common] _write: fe fe 10 22 0 0 0 0 0 0 0 0 0 0 0 0 a 29 22 
10:39:31.996 DEBU [pymycobot.common] _read : FE FE 05 22 FF 01 E7 1C
10:39:32.991 DEBU [pymycobot.common] _write: fe fe 3 2b d3 10 
10:39:32.996 DEBU [pymycobot.common] _read : FE FE 04 2B 01 CD A2
10:39:33.993 DEBU [pymycobot.common] _write: fe fe 3 2b d3 10 
10:39:34.000 DEBU [pymycobot.common] _read : FE FE 04 2B 01 CD A2
10:39:34.030 DEBU [pymycobot.common] _read : FE FE 04 5B 00 CD 46
10:39:36.343 DEBU [pymycobot.common] _write: fe fe 3 2b d3 10 
10:39:36.352 DEBU [pymycobot.common] _read : FE FE 04 2B 00 0D 63
10:39:47.347 DEBU [pymycobot.common] _write: fe fe 4 16 0 9d 73 
10:39:47.353 DEBU [pymycobot.common] _read : FE FE 05 16 FF 01 29 5D
10:39:47.360 DEBU [pymycobot.common] _write: fe fe 3 17 c2 10 
10:39:47.366 DEBU [pymycobot.common] _read : FE FE 04 17 00 0D 72
10:39:47.375 DEBU [pymycobot.common] _write: fe fe 7 21 1 bf 8c 1e 6c b8 
10:39:47.385 DEBU [pymycobot.common] _read : FE FE 05 21 FF 01 E7 EC
10:39:48.376 DEBU [pymycobot.common] _write: fe fe 3 2b d3 10 
10:39:48.383 DEBU [pymycobot.common] _read : FE FE 04 2B 01 CD A2
10:39:49.390 DEBU [pymycobot.common] _write: fe fe 3 2b d3 10 
10:39:49.400 DEBU [pymycobot.common] _read : FE FE 04 2B 01 CD A2
10:39:50.393 DEBU [pymycobot.common] _write: fe fe 3 2b d3 10 
10:39:50.399 DEBU [pymycobot.common] _read : FE FE 04 2B 01 CD A2
10:39:51.406 DEBU [pymycobot.common] _write: fe fe 3 2b d3 10 
10:39:51.415 DEBU [pymycobot.common] _read : FE FE 04 2B 01 CD A2
10:39:51.752 DEBU [pymycobot.common] _read : FE FE 04 5B 00 CD 46
10:39:52.057 DEBU [pymycobot.common] _write: fe fe 3 2b d3 10 
10:39:52.067 DEBU [pymycobot.common] _read : FE FE 04 2B 00 0D 63
10:39:53.086 DEBU [pymycobot.common] _write: fe fe 4 1c 1 fd b4 
10:39:53.091 DEBU [pymycobot.common] _read : FE FE 11 1C BF 8C BF 8C 00 00 00 00 00 00 00 00 00 00 F3 40
10:39:53.103 DEBU [pymycobot.common] _write: fe fe 10 22 0 0 0 0 0 0 0 0 0 0 0 0 a 29 22 
10:39:53.116 DEBU [pymycobot.common] _read : FE FE 05 22 FF 01 E7 1C
10:39:54.117 DEBU [pymycobot.common] _write: fe fe 3 2b d3 10 
10:39:54.124 DEBU [pymycobot.common] _read : FE FE 04 2B 01 CD A2
10:39:55.118 DEBU [pymycobot.common] _write: fe fe 3 2b d3 10 
10:39:55.123 DEBU [pymycobot.common] _read : FE FE 04 2B 01 CD A2
10:39:56.119 DEBU [pymycobot.common] _write: fe fe 3 2b d3 10 
10:39:56.126 DEBU [pymycobot.common] _read : FE FE 04 2B 01 CD A2
10:39:57.133 DEBU [pymycobot.common] _write: fe fe 3 2b d3 10 
10:39:57.139 DEBU [pymycobot.common] _read : FE FE 04 2B 01 CD A2
10:39:58.147 DEBU [pymycobot.common] _write: fe fe 3 2b d3 10 
10:39:58.151 DEBU [pymycobot.common] _read : FE FE 04 2B 01 CD A2
10:39:59.147 DEBU [pymycobot.common] _write: fe fe 3 2b d3 10 
10:39:59.154 DEBU [pymycobot.common] _read : FE FE 04 2B 01 CD A2
10:40:00.150 DEBU [pymycobot.common] _write: fe fe 3 2b d3 10 
10:40:00.156 DEBU [pymycobot.common] _read : FE FE 04 2B 01 CD A2
10:40:01.151 DEBU [pymycobot.common] _write: fe fe 3 2b d3 10 
10:40:01.155 DEBU [pymycobot.common] _read : FE FE 04 2B 01 CD A2
10:40:02.164 DEBU [pymycobot.common] _write: fe fe 3 2b d3 10 
10:40:02.170 DEBU [pymycobot.common] _read : FE FE 04 2B 01 CD A2
10:40:03.178 DEBU [pymycobot.common] _write: fe fe 3 2b d3 10 
10:40:03.188 DEBU [pymycobot.common] _read : FE FE 04 2B 01 CD A2
10:40:04.179 DEBU [pymycobot.common] _write: fe fe 3 2b d3 10 
10:40:04.184 DEBU [pymycobot.common] _read : FE FE 04 2B 01 CD A2
10:40:04.803 DEBU [pymycobot.common] _read : FE FE 04 5B 00 CD 46
10:40:06.827 DEBU [pymycobot.common] _write: fe fe 4 16 0 9d 73 
10:40:06.834 DEBU [pymycobot.common] _read : FE FE 05 16 FF 01 29 5D
10:40:06.838 DEBU [pymycobot.common] _write: fe fe 3 17 c2 10 
10:40:06.844 DEBU [pymycobot.common] _read : FE FE 04 17 00 0D 72
10:40:06.853 DEBU [pymycobot.common] _write: fe fe 7 21 1 40 74 32 41 ca 
10:40:06.858 DEBU [pymycobot.common] _read : FE FE 05 21 FF 01 E7 EC
10:40:07.868 DEBU [pymycobot.common] _write: fe fe 3 2b d3 10 
10:40:07.876 DEBU [pymycobot.common] _read : FE FE 04 2B 01 CD A2
10:40:08.883 DEBU [pymycobot.common] _write: fe fe 3 2b d3 10 
10:40:08.894 DEBU [pymycobot.common] _read : FE FE 04 2B 01 CD A2
10:40:09.752 DEBU [pymycobot.common] _read : FE FE 04 5B 00 CD 46
10:40:10.065 DEBU [pymycobot.common] _write: fe fe 3 2b d3 10 
10:40:10.079 DEBU [pymycobot.common] _read : FE FE 04 2B 00 0D 63
10:40:11.110 DEBU [pymycobot.common] _write: fe fe 4 1c 1 fd b4 
10:40:11.114 DEBU [pymycobot.common] _read : FE FE 11 1C 40 73 40 73 00 00 00 00 00 00 00 00 00 00 F0 8F
10:40:11.127 DEBU [pymycobot.common] _write: fe fe 10 22 0 0 0 0 0 0 0 0 0 0 0 0 a 29 22 
10:40:11.133 DEBU [pymycobot.common] _read : FE FE 05 22 FF 01 E7 1C
10:40:12.140 DEBU [pymycobot.common] _write: fe fe 3 2b d3 10 
10:40:12.154 DEBU [pymycobot.common] _read : FE FE 04 2B 01 CD A2
10:40:13.141 DEBU [pymycobot.common] _write: fe fe 3 2b d3 10 
10:40:13.147 DEBU [pymycobot.common] _read : FE FE 04 2B 01 CD A2
10:40:14.154 DEBU [pymycobot.common] _write: fe fe 3 2b d3 10 
10:40:14.161 DEBU [pymycobot.common] _read : FE FE 04 2B 01 CD A2
10:40:15.157 DEBU [pymycobot.common] _write: fe fe 3 2b d3 10 
10:40:15.164 DEBU [pymycobot.common] _read : FE FE 04 2B 01 CD A2
10:40:16.169 DEBU [pymycobot.common] _write: fe fe 3 2b d3 10 
10:40:16.182 DEBU [pymycobot.common] _read : FE FE 04 2B 01 CD A2
10:40:17.171 DEBU [pymycobot.common] _write: fe fe 3 2b d3 10 
10:40:17.188 DEBU [pymycobot.common] _read : FE FE 04 2B 01 CD A2
10:40:18.171 DEBU [pymycobot.common] _write: fe fe 3 2b d3 10 
10:40:18.175 DEBU [pymycobot.common] _read : FE FE 04 2B 01 CD A2
10:40:19.176 DEBU [pymycobot.common] _write: fe fe 3 2b d3 10 
10:40:19.182 DEBU [pymycobot.common] _read : FE FE 04 2B 01 CD A2
10:40:20.177 DEBU [pymycobot.common] _write: fe fe 3 2b d3 10 
10:40:20.181 DEBU [pymycobot.common] _read : FE FE 04 2B 01 CD A2
10:40:21.192 DEBU [pymycobot.common] _write: fe fe 3 2b d3 10 
10:40:21.204 DEBU [pymycobot.common] _read : FE FE 04 2B 01 CD A2
10:40:22.195 DEBU [pymycobot.common] _write: fe fe 3 2b d3 10 
10:40:22.200 DEBU [pymycobot.common] _read : FE FE 04 2B 01 CD A2
10:40:22.830 DEBU [pymycobot.common] _read : FE FE 04 5B 00 CD 46
10:40:24.837 DEBU [pymycobot.common] _write: fe fe 4 16 0 9d 73 
10:40:24.842 DEBU [pymycobot.common] _read : FE FE 05 16 FF 01 29 5D
10:40:24.848 DEBU [pymycobot.common] _write: fe fe 3 17 c2 10 
10:40:24.854 DEBU [pymycobot.common] _read : FE FE 04 17 00 0D 72
10:40:24.863 DEBU [pymycobot.common] _write: fe fe 7 21 3 23 28 a 35 3 
10:40:24.878 DEBU [pymycobot.common] _read : FE FE 05 21 FF 01 E7 EC
10:40:25.867 DEBU [pymycobot.common] _write: fe fe 3 2b d3 10 
10:40:25.871 DEBU [pymycobot.common] _read : FE FE 04 2B 01 CD A2
10:40:26.871 DEBU [pymycobot.common] _write: fe fe 3 2b d3 10 
10:40:26.878 DEBU [pymycobot.common] _read : FE FE 04 2B 01 CD A2
10:40:27.875 DEBU [pymycobot.common] _write: fe fe 3 2b d3 10 
10:40:27.879 DEBU [pymycobot.common] _read : FE FE 04 2B 01 CD A2
10:40:28.878 DEBU [pymycobot.common] _write: fe fe 3 2b d3 10 
10:40:28.883 DEBU [pymycobot.common] _read : FE FE 04 2B 01 CD A2
10:40:29.893 DEBU [pymycobot.common] _write: fe fe 3 2b d3 10 
10:40:29.898 DEBU [pymycobot.common] _read : FE FE 04 2B 01 CD A2
10:40:30.894 DEBU [pymycobot.common] _write: fe fe 3 2b d3 10 
10:40:30.898 DEBU [pymycobot.common] _read : FE FE 04 2B 01 CD A2
10:40:31.582 DEBU [pymycobot.common] _read : FE FE 04 5B 00 CD 46
10:40:31.890 DEBU [pymycobot.common] _write: fe fe 3 2b d3 10 
10:40:31.896 DEBU [pymycobot.common] _read : FE FE 04 2B 00 0D 63
10:40:32.919 DEBU [pymycobot.common] _write: fe fe 7 21 2 d1 20 46 f a5 
10:40:32.924 DEBU [pymycobot.common] _read : FE FE 05 21 FF 01 E7 EC
10:40:33.924 DEBU [pymycobot.common] _write: fe fe 3 2b d3 10 
10:40:33.938 DEBU [pymycobot.common] _read : FE FE 04 2B 01 CD A2
10:40:34.769 DEBU [pymycobot.common] _read : FE FE 04 5B 00 CD 46
10:40:35.077 DEBU [pymycobot.common] _write: fe fe 3 2b d3 10 
10:40:35.085 DEBU [pymycobot.common] _read : FE FE 04 2B 00 0D 63
10:40:36.106 DEBU [pymycobot.common] _write: fe fe 4 1c 2 fc f4 
10:40:36.113 DEBU [pymycobot.common] _read : FE FE 11 1C D1 20 00 00 D1 20 23 28 00 00 00 00 00 00 2A 58
10:40:36.123 DEBU [pymycobot.common] _write: fe fe 10 22 0 0 0 0 0 0 0 0 0 0 0 0 a 29 22 
10:40:36.132 DEBU [pymycobot.common] _read : FE FE 05 22 FF 01 E7 1C
10:40:37.124 DEBU [pymycobot.common] _write: fe fe 3 2b d3 10 
10:40:37.130 DEBU [pymycobot.common] _read : FE FE 04 2B 01 CD A2
10:40:38.139 DEBU [pymycobot.common] _write: fe fe 3 2b d3 10 
10:40:38.153 DEBU [pymycobot.common] _read : FE FE 04 2B 01 CD A2
10:40:39.141 DEBU [pymycobot.common] _write: fe fe 3 2b d3 10 
10:40:39.146 DEBU [pymycobot.common] _read : FE FE 04 2B 01 CD A2
10:40:40.144 DEBU [pymycobot.common] _write: fe fe 3 2b d3 10 
10:40:40.149 DEBU [pymycobot.common] _read : FE FE 04 2B 01 CD A2
10:40:41.145 DEBU [pymycobot.common] _write: fe fe 3 2b d3 10 
10:40:41.149 DEBU [pymycobot.common] _read : FE FE 04 2B 01 CD A2
10:40:42.147 DEBU [pymycobot.common] _write: fe fe 3 2b d3 10 
10:40:42.153 DEBU [pymycobot.common] _read : FE FE 04 2B 01 CD A2
10:40:43.147 DEBU [pymycobot.common] _write: fe fe 3 2b d3 10 
10:40:43.157 DEBU [pymycobot.common] _read : FE FE 04 2B 01 CD A2
10:40:44.153 DEBU [pymycobot.common] _write: fe fe 3 2b d3 10 
10:40:44.160 DEBU [pymycobot.common] _read : FE FE 04 2B 01 CD A2
10:40:44.829 DEBU [pymycobot.common] _read : FE FE 04 5B 00 CD 46
10:40:46.843 DEBU [pymycobot.common] _write: fe fe 4 16 0 9d 73 
10:40:46.850 DEBU [pymycobot.common] _read : FE FE 05 16 FF 01 29 5D
10:40:46.855 DEBU [pymycobot.common] _write: fe fe 3 17 c2 10 
10:40:46.861 DEBU [pymycobot.common] _read : FE FE 04 17 00 0D 72
10:40:46.871 DEBU [pymycobot.common] _write: fe fe 7 21 3 dc d8 a 5 77 
10:40:46.877 DEBU [pymycobot.common] _read : FE FE 05 21 FF 01 E7 EC
10:40:47.885 DEBU [pymycobot.common] _write: fe fe 3 2b d3 10 
10:40:47.890 DEBU [pymycobot.common] _read : FE FE 04 2B 01 CD A2
10:40:48.888 DEBU [pymycobot.common] _write: fe fe 3 2b d3 10 
10:40:48.898 DEBU [pymycobot.common] _read : FE FE 04 2B 01 CD A2
10:40:49.889 DEBU [pymycobot.common] _write: fe fe 3 2b d3 10 
10:40:49.905 DEBU [pymycobot.common] _read : FE FE 04 2B 01 CD A2
10:40:50.902 DEBU [pymycobot.common] _write: fe fe 3 2b d3 10 
10:40:50.908 DEBU [pymycobot.common] _read : FE FE 04 2B 01 CD A2
10:40:51.903 DEBU [pymycobot.common] _write: fe fe 3 2b d3 10 
10:40:51.917 DEBU [pymycobot.common] _read : FE FE 04 2B 01 CD A2
10:40:52.917 DEBU [pymycobot.common] _write: fe fe 3 2b d3 10 
10:40:52.923 DEBU [pymycobot.common] _read : FE FE 04 2B 01 CD A2
10:40:53.571 DEBU [pymycobot.common] _read : FE FE 04 5B 00 CD 46
10:40:53.892 DEBU [pymycobot.common] _write: fe fe 3 2b d3 10 
10:40:53.898 DEBU [pymycobot.common] _read : FE FE 04 2B 00 0D 63
10:40:54.914 DEBU [pymycobot.common] _write: fe fe 7 21 2 2e e0 14 c2 44 
10:40:54.919 DEBU [pymycobot.common] _read : FE FE 05 21 FF 01 E7 EC
10:40:55.916 DEBU [pymycobot.common] _write: fe fe 3 2b d3 10 
10:40:55.922 DEBU [pymycobot.common] _read : FE FE 04 2B 01 CD A2
10:40:56.918 DEBU [pymycobot.common] _write: fe fe 3 2b d3 10 
10:40:56.924 DEBU [pymycobot.common] _read : FE FE 04 2B 01 CD A2
10:40:57.932 DEBU [pymycobot.common] _write: fe fe 3 2b d3 10 
10:40:57.941 DEBU [pymycobot.common] _read : FE FE 04 2B 01 CD A2
10:40:58.932 DEBU [pymycobot.common] _write: fe fe 3 2b d3 10 
10:40:58.937 DEBU [pymycobot.common] _read : FE FE 04 2B 01 CD A2
10:40:59.621 DEBU [pymycobot.common] _read : FE FE 04 5B 00 CD 46
10:40:59.934 DEBU [pymycobot.common] _write: fe fe 3 2b d3 10 
10:40:59.940 DEBU [pymycobot.common] _read : FE FE 04 2B 00 0D 63
10:41:00.950 DEBU [pymycobot.common] _write: fe fe 4 1c 2 fc f4 
10:41:00.957 DEBU [pymycobot.common] _read : FE FE 11 1C 2E E0 00 00 2E E0 DC D9 00 00 00 00 00 00 E9 6C
10:41:00.967 DEBU [pymycobot.common] _write: fe fe 10 22 0 0 0 0 0 0 0 0 0 0 0 0 a 29 22 
10:41:00.972 DEBU [pymycobot.common] _read : FE FE 05 22 FF 01 E7 1C
10:41:01.981 DEBU [pymycobot.common] _write: fe fe 3 2b d3 10 
10:41:01.987 DEBU [pymycobot.common] _read : FE FE 04 2B 01 CD A2
10:41:02.983 DEBU [pymycobot.common] _write: fe fe 3 2b d3 10 
10:41:02.993 DEBU [pymycobot.common] _read : FE FE 04 2B 01 CD A2
10:41:03.988 DEBU [pymycobot.common] _write: fe fe 3 2b d3 10 
10:41:03.993 DEBU [pymycobot.common] _read : FE FE 04 2B 01 CD A2
10:41:04.993 DEBU [pymycobot.common] _write: fe fe 3 2b d3 10 
10:41:05.004 DEBU [pymycobot.common] _read : FE FE 04 2B 01 CD A2
10:41:05.995 DEBU [pymycobot.common] _write: fe fe 3 2b d3 10 
10:41:05.999 DEBU [pymycobot.common] _read : FE FE 04 2B 01 CD A2
10:41:07.009 DEBU [pymycobot.common] _write: fe fe 3 2b d3 10 
10:41:07.016 DEBU [pymycobot.common] _read : FE FE 04 2B 01 CD A2
10:41:08.013 DEBU [pymycobot.common] _write: fe fe 3 2b d3 10 
10:41:08.027 DEBU [pymycobot.common] _read : FE FE 04 2B 01 CD A2
10:41:09.028 DEBU [pymycobot.common] _write: fe fe 3 2b d3 10 
10:41:09.033 DEBU [pymycobot.common] _read : FE FE 04 2B 01 CD A2
10:41:09.664 DEBU [pymycobot.common] _read : FE FE 04 5B 00 CD 46
10:41:11.716 DEBU [pymycobot.common] _write: fe fe 4 16 0 9d 73 
10:41:11.720 DEBU [pymycobot.common] _read : FE FE 05 16 FF 01 29 5D
10:41:11.728 DEBU [pymycobot.common] _write: fe fe 3 17 c2 10 
10:41:11.734 DEBU [pymycobot.common] _read : FE FE 04 17 00 0D 72
10:41:11.744 DEBU [pymycobot.common] _write: fe fe 7 21 3 c2 48 1e c 7b 
10:41:11.750 DEBU [pymycobot.common] _read : FE FE 05 21 FF 01 E7 EC
10:41:12.759 DEBU [pymycobot.common] _write: fe fe 3 2b d3 10 
10:41:12.765 DEBU [pymycobot.common] _read : FE FE 04 2B 01 CD A2
10:41:13.763 DEBU [pymycobot.common] _write: fe fe 3 2b d3 10 
10:41:13.768 DEBU [pymycobot.common] _read : FE FE 04 2B 01 CD A2
10:41:14.764 DEBU [pymycobot.common] _write: fe fe 3 2b d3 10 
10:41:14.770 DEBU [pymycobot.common] _read : FE FE 04 2B 01 CD A2
10:41:15.779 DEBU [pymycobot.common] _write: fe fe 3 2b d3 10 
10:41:15.784 DEBU [pymycobot.common] _read : FE FE 04 2B 01 CD A2
10:41:15.953 DEBU [pymycobot.common] _read : FE FE 04 5B 00 CD 46
10:41:16.264 DEBU [pymycobot.common] _write: fe fe 3 2b d3 10 
10:41:16.270 DEBU [pymycobot.common] _read : FE FE 04 2B 00 0D 63
10:41:17.285 DEBU [pymycobot.common] _write: fe fe 4 1c 3 3c 35 
10:41:17.292 DEBU [pymycobot.common] _read : FE FE 11 1C C2 49 00 00 00 00 C2 49 00 00 00 00 00 00 7F A5
10:41:17.301 DEBU [pymycobot.common] _write: fe fe 10 22 0 0 0 0 0 0 0 0 0 0 0 0 a 29 22 
10:41:17.306 DEBU [pymycobot.common] _read : FE FE 05 22 FF 01 E7 1C
10:41:18.314 DEBU [pymycobot.common] _write: fe fe 3 2b d3 10 
10:41:18.328 DEBU [pymycobot.common] _read : FE FE 04 2B 01 CD A2
10:41:19.317 DEBU [pymycobot.common] _write: fe fe 3 2b d3 10 
10:41:19.322 DEBU [pymycobot.common] _read : FE FE 04 2B 01 CD A2
10:41:20.319 DEBU [pymycobot.common] _write: fe fe 3 2b d3 10 
10:41:20.326 DEBU [pymycobot.common] _read : FE FE 04 2B 01 CD A2
10:41:21.320 DEBU [pymycobot.common] _write: fe fe 3 2b d3 10 
10:41:21.333 DEBU [pymycobot.common] _read : FE FE 04 2B 01 CD A2
10:41:22.335 DEBU [pymycobot.common] _write: fe fe 3 2b d3 10 
10:41:22.340 DEBU [pymycobot.common] _read : FE FE 04 2B 01 CD A2
10:41:23.336 DEBU [pymycobot.common] _write: fe fe 3 2b d3 10 
10:41:23.340 DEBU [pymycobot.common] _read : FE FE 04 2B 01 CD A2
10:41:24.337 DEBU [pymycobot.common] _write: fe fe 3 2b d3 10 
10:41:24.342 DEBU [pymycobot.common] _read : FE FE 04 2B 01 CD A2
10:41:25.344 DEBU [pymycobot.common] _write: fe fe 3 2b d3 10 
10:41:25.356 DEBU [pymycobot.common] _read : FE FE 04 2B 01 CD A2
10:41:26.344 DEBU [pymycobot.common] _write: fe fe 3 2b d3 10 
10:41:26.350 DEBU [pymycobot.common] _read : FE FE 04 2B 01 CD A2
10:41:27.347 DEBU [pymycobot.common] _write: fe fe 3 2b d3 10 
10:41:27.356 DEBU [pymycobot.common] _read : FE FE 04 2B 01 CD A2
10:41:28.350 DEBU [pymycobot.common] _write: fe fe 3 2b d3 10 
10:41:28.356 DEBU [pymycobot.common] _read : FE FE 04 2B 01 CD A2
10:41:28.532 DEBU [pymycobot.common] _read : FE FE 04 5B 00 CD 46
10:41:30.553 DEBU [pymycobot.common] _write: fe fe 4 16 0 9d 73 
10:41:30.560 DEBU [pymycobot.common] _read : FE FE 05 16 FF 01 29 5D
10:41:30.565 DEBU [pymycobot.common] _write: fe fe 3 17 c2 10 
10:41:30.571 DEBU [pymycobot.common] _read : FE FE 04 17 00 0D 72
10:41:30.580 DEBU [pymycobot.common] _write: fe fe 7 21 3 3d b8 1e 3c f 
10:41:30.586 DEBU [pymycobot.common] _read : FE FE 05 21 FF 01 E7 EC
10:41:31.595 DEBU [pymycobot.common] _write: fe fe 3 2b d3 10 
10:41:31.601 DEBU [pymycobot.common] _read : FE FE 04 2B 01 CD A2
10:41:32.595 DEBU [pymycobot.common] _write: fe fe 3 2b d3 10 
10:41:32.600 DEBU [pymycobot.common] _read : FE FE 04 2B 01 CD A2
10:41:33.608 DEBU [pymycobot.common] _write: fe fe 3 2b d3 10 
10:41:33.613 DEBU [pymycobot.common] _read : FE FE 04 2B 01 CD A2
10:41:34.623 DEBU [pymycobot.common] _write: fe fe 3 2b d3 10 
10:41:34.630 DEBU [pymycobot.common] _read : FE FE 04 2B 01 CD A2
10:41:34.789 DEBU [pymycobot.common] _read : FE FE 04 5B 00 CD 46
10:41:35.107 DEBU [pymycobot.common] _write: fe fe 3 2b d3 10 
10:41:35.111 DEBU [pymycobot.common] _read : FE FE 04 2B 00 0D 63
10:41:36.134 DEBU [pymycobot.common] _write: fe fe 4 1c 3 3c 35 
10:41:36.139 DEBU [pymycobot.common] _read : FE FE 11 1C 3D B8 00 00 00 00 3D B8 00 00 00 00 00 00 3B B7
10:41:36.151 DEBU [pymycobot.common] _write: fe fe 10 22 0 0 0 0 0 0 0 0 0 0 0 0 a 29 22 
10:41:36.158 DEBU [pymycobot.common] _read : FE FE 05 22 FF 01 E7 1C
10:41:37.164 DEBU [pymycobot.common] _write: fe fe 3 2b d3 10 
10:41:37.170 DEBU [pymycobot.common] _read : FE FE 04 2B 01 CD A2
10:41:38.179 DEBU [pymycobot.common] _write: fe fe 3 2b d3 10 
10:41:38.184 DEBU [pymycobot.common] _read : FE FE 04 2B 01 CD A2
10:41:39.192 DEBU [pymycobot.common] _write: fe fe 3 2b d3 10 
10:41:39.198 DEBU [pymycobot.common] _read : FE FE 04 2B 01 CD A2
10:41:40.195 DEBU [pymycobot.common] _write: fe fe 3 2b d3 10 
10:41:40.198 DEBU [pymycobot.common] _read : FE FE 04 2B 01 CD A2
10:41:41.208 DEBU [pymycobot.common] _write: fe fe 3 2b d3 10 
10:41:41.213 DEBU [pymycobot.common] _read : FE FE 04 2B 01 CD A2
10:41:42.221 DEBU [pymycobot.common] _write: fe fe 3 2b d3 10 
10:41:42.225 DEBU [pymycobot.common] _read : FE FE 04 2B 01 CD A2
10:41:43.234 DEBU [pymycobot.common] _write: fe fe 3 2b d3 10 
10:41:43.239 DEBU [pymycobot.common] _read : FE FE 04 2B 01 CD A2
10:41:44.235 DEBU [pymycobot.common] _write: fe fe 3 2b d3 10 
10:41:44.240 DEBU [pymycobot.common] _read : FE FE 04 2B 01 CD A2
10:41:45.237 DEBU [pymycobot.common] _write: fe fe 3 2b d3 10 
10:41:45.247 DEBU [pymycobot.common] _read : FE FE 04 2B 01 CD A2
10:41:46.238 DEBU [pymycobot.common] _write: fe fe 3 2b d3 10 
10:41:46.243 DEBU [pymycobot.common] _read : FE FE 04 2B 01 CD A2
10:41:47.240 DEBU [pymycobot.common] _write: fe fe 3 2b d3 10 
10:41:47.247 DEBU [pymycobot.common] _read : FE FE 04 2B 01 CD A2
10:41:47.383 DEBU [pymycobot.common] _read : FE FE 04 5B 00 CD 46
10:41:49.398 DEBU [pymycobot.common] _write: fe fe 4 16 0 9d 73 
10:41:49.404 DEBU [pymycobot.common] _read : FE FE 05 16 FF 01 29 5D
10:41:49.410 DEBU [pymycobot.common] _write: fe fe 3 17 c2 10 
10:41:49.415 DEBU [pymycobot.common] _read : FE FE 04 17 00 0D 72
10:41:49.425 DEBU [pymycobot.common] _write: fe fe 7 21 4 bf 8c 28 b6 38 
10:41:49.432 DEBU [pymycobot.common] _read : FE FE 05 21 FF 01 E7 EC
10:41:50.441 DEBU [pymycobot.common] _write: fe fe 3 2b d3 10 
10:41:50.446 DEBU [pymycobot.common] _read : FE FE 04 2B 01 CD A2
10:41:51.443 DEBU [pymycobot.common] _write: fe fe 3 2b d3 10 
10:41:51.450 DEBU [pymycobot.common] _read : FE FE 04 2B 01 CD A2
10:41:52.456 DEBU [pymycobot.common] _write: fe fe 3 2b d3 10 
10:41:52.460 DEBU [pymycobot.common] _read : FE FE 04 2B 01 CD A2
10:41:52.872 DEBU [pymycobot.common] _read : FE FE 04 5B 00 CD 46
10:41:53.185 DEBU [pymycobot.common] _write: fe fe 3 2b d3 10 
10:41:53.190 DEBU [pymycobot.common] _read : FE FE 04 2B 00 0D 63
10:41:54.202 DEBU [pymycobot.common] _write: fe fe 4 1c 4 fe 74 
10:41:54.208 DEBU [pymycobot.common] _read : FE FE 11 1C BF 8D 00 00 00 00 00 00 BF 8D 00 00 00 00 1A B4
10:41:54.220 DEBU [pymycobot.common] _write: fe fe 10 22 0 0 0 0 0 0 0 0 0 0 0 0 a 29 22 
10:41:54.225 DEBU [pymycobot.common] _read : FE FE 05 22 FF 01 E7 1C
10:41:55.234 DEBU [pymycobot.common] _write: fe fe 3 2b d3 10 
10:41:55.239 DEBU [pymycobot.common] _read : FE FE 04 2B 01 CD A2
10:41:56.235 DEBU [pymycobot.common] _write: fe fe 3 2b d3 10 
10:41:56.251 DEBU [pymycobot.common] _read : FE FE 04 2B 01 CD A2
10:41:57.235 DEBU [pymycobot.common] _write: fe fe 3 2b d3 10 
10:41:57.241 DEBU [pymycobot.common] _read : FE FE 04 2B 01 CD A2
10:41:58.236 DEBU [pymycobot.common] _write: fe fe 3 2b d3 10 
10:41:58.241 DEBU [pymycobot.common] _read : FE FE 04 2B 01 CD A2
10:41:59.250 DEBU [pymycobot.common] _write: fe fe 3 2b d3 10 
10:41:59.254 DEBU [pymycobot.common] _read : FE FE 04 2B 01 CD A2
10:42:00.251 DEBU [pymycobot.common] _write: fe fe 3 2b d3 10 
10:42:00.263 DEBU [pymycobot.common] _read : FE FE 04 2B 01 CD A2
10:42:01.251 DEBU [pymycobot.common] _write: fe fe 3 2b d3 10 
10:42:01.261 DEBU [pymycobot.common] _read : FE FE 04 2B 01 CD A2
10:42:02.265 DEBU [pymycobot.common] _write: fe fe 3 2b d3 10 
10:42:02.271 DEBU [pymycobot.common] _read : FE FE 04 2B 01 CD A2
10:42:03.269 DEBU [pymycobot.common] _write: fe fe 3 2b d3 10 
10:42:03.274 DEBU [pymycobot.common] _read : FE FE 04 2B 01 CD A2
10:42:04.270 DEBU [pymycobot.common] _write: fe fe 3 2b d3 10 
10:42:04.276 DEBU [pymycobot.common] _read : FE FE 04 2B 01 CD A2
10:42:05.274 DEBU [pymycobot.common] _write: fe fe 3 2b d3 10 
10:42:05.280 DEBU [pymycobot.common] _read : FE FE 04 2B 01 CD A2
10:42:05.911 DEBU [pymycobot.common] _read : FE FE 04 5B 00 CD 46
10:42:07.922 DEBU [pymycobot.common] _write: fe fe 4 16 0 9d 73 
10:42:07.927 DEBU [pymycobot.common] _read : FE FE 05 16 FF 01 29 5D
10:42:07.933 DEBU [pymycobot.common] _write: fe fe 3 17 c2 10 
10:42:07.938 DEBU [pymycobot.common] _read : FE FE 04 17 00 0D 72
10:42:07.949 DEBU [pymycobot.common] _write: fe fe 7 21 4 40 74 28 46 4b 
10:42:07.955 DEBU [pymycobot.common] _read : FE FE 05 21 FF 01 E7 EC
10:42:08.952 DEBU [pymycobot.common] _write: fe fe 3 2b d3 10 
10:42:08.957 DEBU [pymycobot.common] _read : FE FE 04 2B 01 CD A2
10:42:09.987 DEBU [pymycobot.common] _write: fe fe 3 2b d3 10 
10:42:10.004 DEBU [pymycobot.common] _read : FE FE 04 2B 01 CD A2
10:42:10.991 DEBU [pymycobot.common] _write: fe fe 3 2b d3 10 
10:42:10.997 DEBU [pymycobot.common] _read : FE FE 04 2B 01 CD A2
10:42:11.400 DEBU [pymycobot.common] _read : FE FE 04 5B 00 CD 46
10:42:11.717 DEBU [pymycobot.common] _write: fe fe 3 2b d3 10 
10:42:11.722 DEBU [pymycobot.common] _read : FE FE 04 2B 00 0D 63
10:42:12.736 DEBU [pymycobot.common] _write: fe fe 4 1c 4 fe 74 
10:42:12.745 DEBU [pymycobot.common] _read : FE FE 11 1C 40 73 00 00 00 00 00 00 40 73 00 00 00 00 41 20
10:42:12.753 DEBU [pymycobot.common] _write: fe fe 10 22 0 0 0 0 0 0 0 0 0 0 0 0 a 29 22 
10:42:12.759 DEBU [pymycobot.common] _read : FE FE 05 22 FF 01 E7 1C
10:42:13.768 DEBU [pymycobot.common] _write: fe fe 3 2b d3 10 
10:42:13.774 DEBU [pymycobot.common] _read : FE FE 04 2B 01 CD A2
10:42:14.769 DEBU [pymycobot.common] _write: fe fe 3 2b d3 10 
10:42:14.780 DEBU [pymycobot.common] _read : FE FE 04 2B 01 CD A2
10:42:15.770 DEBU [pymycobot.common] _write: fe fe 3 2b d3 10 
10:42:15.785 DEBU [pymycobot.common] _read : FE FE 04 2B 01 CD A2
10:42:16.772 DEBU [pymycobot.common] _write: fe fe 3 2b d3 10 
10:42:16.777 DEBU [pymycobot.common] _read : FE FE 04 2B 01 CD A2
10:42:17.786 DEBU [pymycobot.common] _write: fe fe 3 2b d3 10 
10:42:17.789 DEBU [pymycobot.common] _read : FE FE 04 2B 01 CD A2
10:42:18.797 DEBU [pymycobot.common] _write: fe fe 3 2b d3 10 
10:42:18.803 DEBU [pymycobot.common] _read : FE FE 04 2B 01 CD A2
10:42:19.798 DEBU [pymycobot.common] _write: fe fe 3 2b d3 10 
10:42:19.804 DEBU [pymycobot.common] _read : FE FE 04 2B 01 CD A2
10:42:20.812 DEBU [pymycobot.common] _write: fe fe 3 2b d3 10 
10:42:20.818 DEBU [pymycobot.common] _read : FE FE 04 2B 01 CD A2
10:42:21.826 DEBU [pymycobot.common] _write: fe fe 3 2b d3 10 
10:42:21.832 DEBU [pymycobot.common] _read : FE FE 04 2B 01 CD A2
10:42:22.839 DEBU [pymycobot.common] _write: fe fe 3 2b d3 10 
10:42:22.848 DEBU [pymycobot.common] _read : FE FE 04 2B 01 CD A2
10:42:23.844 DEBU [pymycobot.common] _write: fe fe 3 2b d3 10 
10:42:23.850 DEBU [pymycobot.common] _read : FE FE 04 2B 01 CD A2
10:42:24.448 DEBU [pymycobot.common] _read : FE FE 04 5B 00 CD 46
10:42:26.477 DEBU [pymycobot.common] _write: fe fe 4 16 0 9d 73 
10:42:26.483 DEBU [pymycobot.common] _read : FE FE 05 16 FF 01 29 5D
10:42:26.490 DEBU [pymycobot.common] _write: fe fe 3 17 c2 10 
10:42:26.494 DEBU [pymycobot.common] _read : FE FE 04 17 00 0D 72
10:42:26.504 DEBU [pymycobot.common] _write: fe fe 7 21 5 bf 8c 32 81 b8 
10:42:26.510 DEBU [pymycobot.common] _read : FE FE 05 21 FF 01 E7 EC
10:42:27.519 DEBU [pymycobot.common] _write: fe fe 3 2b d3 10 
10:42:27.531 DEBU [pymycobot.common] _read : FE FE 04 2B 01 CD A2
10:42:28.520 DEBU [pymycobot.common] _write: fe fe 3 2b d3 10 
10:42:28.526 DEBU [pymycobot.common] _read : FE FE 04 2B 01 CD A2
10:42:29.407 DEBU [pymycobot.common] _read : FE FE 04 5B 00 CD 46
10:42:29.721 DEBU [pymycobot.common] _write: fe fe 3 2b d3 10 
10:42:29.726 DEBU [pymycobot.common] _read : FE FE 04 2B 00 0D 63
10:42:30.751 DEBU [pymycobot.common] _write: fe fe 4 1c 5 3e b5 
10:42:30.757 DEBU [pymycobot.common] _read : FE FE 11 1C BF 8D 00 00 00 00 00 00 00 00 BF 8D 00 00 35 37
10:42:30.767 DEBU [pymycobot.common] _write: fe fe 10 22 0 0 0 0 0 0 0 0 0 0 0 0 a 29 22 
10:42:30.772 DEBU [pymycobot.common] _read : FE FE 05 22 FF 01 E7 1C
10:42:31.783 DEBU [pymycobot.common] _write: fe fe 3 2b d3 10 
10:42:31.788 DEBU [pymycobot.common] _read : FE FE 04 2B 01 CD A2
10:42:32.798 DEBU [pymycobot.common] _write: fe fe 3 2b d3 10 
10:42:32.812 DEBU [pymycobot.common] _read : FE FE 04 2B 01 CD A2
10:42:33.800 DEBU [pymycobot.common] _write: fe fe 3 2b d3 10 
10:42:33.807 DEBU [pymycobot.common] _read : FE FE 04 2B 01 CD A2
10:42:34.813 DEBU [pymycobot.common] _write: fe fe 3 2b d3 10 
10:42:34.827 DEBU [pymycobot.common] _read : FE FE 04 2B 01 CD A2
10:42:35.814 DEBU [pymycobot.common] _write: fe fe 3 2b d3 10 
10:42:35.820 DEBU [pymycobot.common] _read : FE FE 04 2B 01 CD A2
10:42:36.815 DEBU [pymycobot.common] _write: fe fe 3 2b d3 10 
10:42:36.831 DEBU [pymycobot.common] _read : FE FE 04 2B 01 CD A2
10:42:37.817 DEBU [pymycobot.common] _write: fe fe 3 2b d3 10 
10:42:37.822 DEBU [pymycobot.common] _read : FE FE 04 2B 01 CD A2
10:42:38.832 DEBU [pymycobot.common] _write: fe fe 3 2b d3 10 
10:42:38.837 DEBU [pymycobot.common] _read : FE FE 04 2B 01 CD A2
10:42:39.835 DEBU [pymycobot.common] _write: fe fe 3 2b d3 10 
10:42:39.839 DEBU [pymycobot.common] _read : FE FE 04 2B 01 CD A2
10:42:40.835 DEBU [pymycobot.common] _write: fe fe 3 2b d3 10 
10:42:40.842 DEBU [pymycobot.common] _read : FE FE 04 2B 01 CD A2
10:42:41.837 DEBU [pymycobot.common] _write: fe fe 3 2b d3 10 
10:42:41.841 DEBU [pymycobot.common] _read : FE FE 04 2B 01 CD A2
10:42:42.471 DEBU [pymycobot.common] _read : FE FE 04 5B 00 CD 46
10:42:44.480 DEBU [pymycobot.common] _write: fe fe 4 16 0 9d 73 
10:42:44.489 DEBU [pymycobot.common] _read : FE FE 05 16 FF 01 29 5D
10:42:44.492 DEBU [pymycobot.common] _write: fe fe 3 17 c2 10 
10:42:44.499 DEBU [pymycobot.common] _read : FE FE 04 17 00 0D 72
10:42:44.507 DEBU [pymycobot.common] _write: fe fe 7 21 5 40 74 32 71 cb 
10:42:44.512 DEBU [pymycobot.common] _read : FE FE 05 21 FF 01 E7 EC
10:42:45.509 DEBU [pymycobot.common] _write: fe fe 3 2b d3 10 
10:42:45.516 DEBU [pymycobot.common] _read : FE FE 04 2B 01 CD A2
10:42:46.523 DEBU [pymycobot.common] _write: fe fe 3 2b d3 10 
10:42:46.530 DEBU [pymycobot.common] _read : FE FE 04 2B 01 CD A2
10:42:47.410 DEBU [pymycobot.common] _read : FE FE 04 5B 00 CD 46
10:42:47.721 DEBU [pymycobot.common] _write: fe fe 3 2b d3 10 
10:42:47.726 DEBU [pymycobot.common] _read : FE FE 04 2B 00 0D 63
10:42:48.738 DEBU [pymycobot.common] _write: fe fe 4 1c 5 3e b5 
10:42:48.743 DEBU [pymycobot.common] _read : FE FE 11 1C 40 74 00 00 00 00 00 00 00 00 40 74 00 00 D7 75
10:42:48.755 DEBU [pymycobot.common] _write: fe fe 10 22 0 0 0 0 0 0 0 0 0 0 0 0 a 29 22 
10:42:48.761 DEBU [pymycobot.common] _read : FE FE 05 22 FF 01 E7 1C
10:42:49.770 DEBU [pymycobot.common] _write: fe fe 3 2b d3 10 
10:42:49.776 DEBU [pymycobot.common] _read : FE FE 04 2B 01 CD A2
10:42:50.774 DEBU [pymycobot.common] _write: fe fe 3 2b d3 10 
10:42:50.779 DEBU [pymycobot.common] _read : FE FE 04 2B 01 CD A2
10:42:51.776 DEBU [pymycobot.common] _write: fe fe 3 2b d3 10 
10:42:51.781 DEBU [pymycobot.common] _read : FE FE 04 2B 01 CD A2
10:42:52.780 DEBU [pymycobot.common] _write: fe fe 3 2b d3 10 
10:42:52.786 DEBU [pymycobot.common] _read : FE FE 04 2B 01 CD A2
10:42:53.783 DEBU [pymycobot.common] _write: fe fe 3 2b d3 10 
10:42:53.788 DEBU [pymycobot.common] _read : FE FE 04 2B 01 CD A2
10:42:54.784 DEBU [pymycobot.common] _write: fe fe 3 2b d3 10 
10:42:54.790 DEBU [pymycobot.common] _read : FE FE 04 2B 01 CD A2
10:42:55.786 DEBU [pymycobot.common] _write: fe fe 3 2b d3 10 
10:42:55.795 DEBU [pymycobot.common] _read : FE FE 04 2B 01 CD A2
10:42:56.788 DEBU [pymycobot.common] _write: fe fe 3 2b d3 10 
10:42:56.794 DEBU [pymycobot.common] _read : FE FE 04 2B 01 CD A2
10:42:57.803 DEBU [pymycobot.common] _write: fe fe 3 2b d3 10 
10:42:57.809 DEBU [pymycobot.common] _read : FE FE 04 2B 01 CD A2
10:42:58.804 DEBU [pymycobot.common] _write: fe fe 3 2b d3 10 
10:42:58.810 DEBU [pymycobot.common] _read : FE FE 04 2B 01 CD A2
10:42:59.804 DEBU [pymycobot.common] _write: fe fe 3 2b d3 10 
10:42:59.809 DEBU [pymycobot.common] _read : FE FE 04 2B 01 CD A2
10:43:00.452 DEBU [pymycobot.common] _read : FE FE 04 5B 00 CD 46
10:43:02.466 DEBU [pymycobot.common] _write: fe fe 4 16 0 9d 73 
10:43:02.471 DEBU [pymycobot.common] _read : FE FE 05 16 FF 01 29 5D
10:43:02.479 DEBU [pymycobot.common] _write: fe fe 3 17 c2 10 
10:43:02.486 DEBU [pymycobot.common] _read : FE FE 04 17 00 0D 72
10:43:02.495 DEBU [pymycobot.common] _write: fe fe 7 21 6 bb a4 3c c0 66 
10:43:02.501 DEBU [pymycobot.common] _read : FE FE 05 21 FF 01 E7 EC
10:43:03.509 DEBU [pymycobot.common] _write: fe fe 3 2b d3 10 
10:43:03.517 DEBU [pymycobot.common] _read : FE FE 04 2B 01 CD A2
10:43:04.511 DEBU [pymycobot.common] _write: fe fe 3 2b d3 10 
10:43:04.516 DEBU [pymycobot.common] _read : FE FE 04 2B 01 CD A2
10:43:05.136 DEBU [pymycobot.common] _read : FE FE 04 5B 00 CD 46
10:43:05.456 DEBU [pymycobot.common] _write: fe fe 3 2b d3 10 
10:43:05.462 DEBU [pymycobot.common] _read : FE FE 04 2B 00 0D 63
10:43:06.474 DEBU [pymycobot.common] _write: fe fe 4 1c 6 3f f5 
10:43:06.480 DEBU [pymycobot.common] _read : FE FE 11 1C BB A5 00 00 00 00 00 00 00 00 00 00 BB A5 AD 55
10:43:06.490 DEBU [pymycobot.common] _write: fe fe 10 22 0 0 0 0 0 0 0 0 0 0 0 0 a 29 22 
10:43:06.495 DEBU [pymycobot.common] _read : FE FE 05 22 FF 01 E7 1C
10:43:07.504 DEBU [pymycobot.common] _write: fe fe 3 2b d3 10 
10:43:07.510 DEBU [pymycobot.common] _read : FE FE 04 2B 01 CD A2
10:43:08.506 DEBU [pymycobot.common] _write: fe fe 3 2b d3 10 
10:43:08.512 DEBU [pymycobot.common] _read : FE FE 04 2B 01 CD A2
10:43:09.509 DEBU [pymycobot.common] _write: fe fe 3 2b d3 10 
10:43:09.513 DEBU [pymycobot.common] _read : FE FE 04 2B 01 CD A2
10:43:10.514 DEBU [pymycobot.common] _write: fe fe 3 2b d3 10 
10:43:10.530 DEBU [pymycobot.common] _read : FE FE 04 2B 01 CD A2
10:43:11.516 DEBU [pymycobot.common] _write: fe fe 3 2b d3 10 
10:43:11.523 DEBU [pymycobot.common] _read : FE FE 04 2B 01 CD A2
10:43:12.517 DEBU [pymycobot.common] _write: fe fe 3 2b d3 10 
10:43:12.523 DEBU [pymycobot.common] _read : FE FE 04 2B 01 CD A2
10:43:13.519 DEBU [pymycobot.common] _write: fe fe 3 2b d3 10 
10:43:13.526 DEBU [pymycobot.common] _read : FE FE 04 2B 01 CD A2
10:43:14.534 DEBU [pymycobot.common] _write: fe fe 3 2b d3 10 
10:43:14.542 DEBU [pymycobot.common] _read : FE FE 04 2B 01 CD A2
10:43:15.537 DEBU [pymycobot.common] _write: fe fe 3 2b d3 10 
10:43:15.542 DEBU [pymycobot.common] _read : FE FE 04 2B 01 CD A2
10:43:16.538 DEBU [pymycobot.common] _write: fe fe 3 2b d3 10 
10:43:16.542 DEBU [pymycobot.common] _read : FE FE 04 2B 01 CD A2
10:43:17.542 DEBU [pymycobot.common] _write: fe fe 3 2b d3 10 
10:43:17.548 DEBU [pymycobot.common] _read : FE FE 04 2B 01 CD A2
10:43:18.542 DEBU [pymycobot.common] _write: fe fe 3 2b d3 10 
10:43:18.548 DEBU [pymycobot.common] _read : FE FE 04 2B 01 CD A2
10:43:18.852 DEBU [pymycobot.common] _read : FE FE 04 5B 00 CD 46
10:43:20.877 DEBU [pymycobot.common] _write: fe fe 4 16 0 9d 73 
10:43:20.882 DEBU [pymycobot.common] _read : FE FE 05 16 FF 01 29 5D
10:43:20.888 DEBU [pymycobot.common] _write: fe fe 3 17 c2 10 
10:43:20.896 DEBU [pymycobot.common] _read : FE FE 04 17 00 0D 72
10:43:20.904 DEBU [pymycobot.common] _write: fe fe 7 21 6 44 5c 3c 30 15 
10:43:20.910 DEBU [pymycobot.common] _read : FE FE 05 21 FF 01 E7 EC
10:43:21.916 DEBU [pymycobot.common] _write: fe fe 3 2b d3 10 
10:43:21.920 DEBU [pymycobot.common] _read : FE FE 04 2B 01 CD A2
10:43:22.917 DEBU [pymycobot.common] _write: fe fe 3 2b d3 10 
10:43:22.923 DEBU [pymycobot.common] _read : FE FE 04 2B 01 CD A2
10:43:23.550 DEBU [pymycobot.common] _read : FE FE 04 5B 00 CD 46
10:43:23.859 DEBU [pymycobot.common] _write: fe fe 3 2b d3 10 
10:43:23.863 DEBU [pymycobot.common] _read : FE FE 04 2B 00 0D 63
10:43:24.876 DEBU [pymycobot.common] _write: fe fe 4 1c 6 3f f5 
10:43:24.882 DEBU [pymycobot.common] _read : FE FE 11 1C 44 5C 00 00 00 00 00 00 00 00 00 00 44 5C D8 76
10:43:24.892 DEBU [pymycobot.common] _write: fe fe 10 22 0 0 0 0 0 0 0 0 0 0 0 0 a 29 22 
10:43:24.898 DEBU [pymycobot.common] _read : FE FE 05 22 FF 01 E7 1C
10:43:25.904 DEBU [pymycobot.common] _write: fe fe 3 2b d3 10 
10:43:25.909 DEBU [pymycobot.common] _read : FE FE 04 2B 01 CD A2
10:43:26.905 DEBU [pymycobot.common] _write: fe fe 3 2b d3 10 
10:43:26.910 DEBU [pymycobot.common] _read : FE FE 04 2B 01 CD A2
10:43:27.919 DEBU [pymycobot.common] _write: fe fe 3 2b d3 10 
10:43:27.924 DEBU [pymycobot.common] _read : FE FE 04 2B 01 CD A2
10:43:28.934 DEBU [pymycobot.common] _write: fe fe 3 2b d3 10 
10:43:28.948 DEBU [pymycobot.common] _read : FE FE 04 2B 01 CD A2
10:43:29.937 DEBU [pymycobot.common] _write: fe fe 3 2b d3 10 
10:43:29.944 DEBU [pymycobot.common] _read : FE FE 04 2B 01 CD A2
10:43:30.951 DEBU [pymycobot.common] _write: fe fe 3 2b d3 10 
10:43:30.957 DEBU [pymycobot.common] _read : FE FE 04 2B 01 CD A2
10:43:31.952 DEBU [pymycobot.common] _write: fe fe 3 2b d3 10 
10:43:31.965 DEBU [pymycobot.common] _read : FE FE 04 2B 01 CD A2
10:43:32.954 DEBU [pymycobot.common] _write: fe fe 3 2b d3 10 
10:43:32.960 DEBU [pymycobot.common] _read : FE FE 04 2B 01 CD A2
10:43:33.958 DEBU [pymycobot.common] _write: fe fe 3 2b d3 10 
10:43:33.963 DEBU [pymycobot.common] _read : FE FE 04 2B 01 CD A2
10:43:34.972 DEBU [pymycobot.common] _write: fe fe 3 2b d3 10 
10:43:34.977 DEBU [pymycobot.common] _read : FE FE 04 2B 01 CD A2
10:43:35.985 DEBU [pymycobot.common] _write: fe fe 3 2b d3 10 
10:43:35.992 DEBU [pymycobot.common] _read : FE FE 04 2B 01 CD A2
10:43:36.989 DEBU [pymycobot.common] _write: fe fe 3 2b d3 10 
10:43:36.994 DEBU [pymycobot.common] _read : FE FE 04 2B 01 CD A2
10:43:37.251 DEBU [pymycobot.common] _read : FE FE 04 5B 00 CD 46
10:43:39.272 DEBU [pymycobot.common] _write: fe fe 4 16 1 5d b2 
10:43:41.715 DEBU [pymycobot.common] _read : FE FE 05 16 FF 01 29 5D
10:43:41.729 DEBU [pymycobot.common] _write: fe fe 3 17 c2 10 
10:43:41.734 DEBU [pymycobot.common] _read : FE FE 04 17 01 CD B3
10:43:41.744 DEBU [pymycobot.common] _write: fe fe 7 21 1 bf 8c 14 6b 38 
10:43:41.750 DEBU [pymycobot.common] _read : FE FE 05 21 FF 01 E7 EC
10:43:42.759 DEBU [pymycobot.common] _write: fe fe 3 2b d3 10 
10:43:42.764 DEBU [pymycobot.common] _read : FE FE 04 2B 00 0D 63
10:43:43.017 DEBU [pymycobot.common] _write: fe fe 3 2b d3 10 
10:43:43.022 DEBU [pymycobot.common] _read : FE FE 04 2B 00 0D 63
10:43:43.336 DEBU [pymycobot.common] _write: fe fe 3 2b d3 10 
10:43:43.344 DEBU [pymycobot.common] _read : FE FE 04 2B 00 0D 63
10:43:44.366 DEBU [pymycobot.common] _write: fe fe 4 1c 1 fd b4 
10:43:44.371 DEBU [pymycobot.common] _read : FE FE 11 1C 00 00 00 00 00 00 00 00 00 00 00 00 00 00 39 D0
10:43:44.558 DEBU [pymycobot.common] _write: fe fe 10 22 0 0 0 0 0 0 0 0 0 0 0 0 a 29 22 
10:43:44.564 DEBU [pymycobot.common] _read : FE FE 05 22 FF 01 E7 1C
10:43:45.564 DEBU [pymycobot.common] _write: fe fe 3 2b d3 10 
10:43:45.576 DEBU [pymycobot.common] _read : FE FE 04 2B 00 0D 63
10:43:45.822 DEBU [pymycobot.common] _write: fe fe 3 2b d3 10 
10:43:45.832 DEBU [pymycobot.common] _read : FE FE 04 2B 00 0D 63
10:43:47.843 DEBU [pymycobot.common] _write: fe fe 4 16 1 5d b2 
10:43:47.850 DEBU [pymycobot.common] _read : FE FE 05 16 FF 01 29 5D
10:43:47.855 DEBU [pymycobot.common] _write: fe fe 3 17 c2 10 
10:43:47.867 DEBU [pymycobot.common] _read : FE FE 04 17 01 CD B3
10:43:47.870 DEBU [pymycobot.common] _write: fe fe 7 21 1 40 74 32 41 ca 
10:43:47.875 DEBU [pymycobot.common] _read : FE FE 05 21 FF 01 E7 EC
10:43:48.873 DEBU [pymycobot.common] _write: fe fe 3 2b d3 10 
10:43:48.887 DEBU [pymycobot.common] _read : FE FE 04 2B 00 0D 63
10:43:49.130 DEBU [pymycobot.common] _write: fe fe 3 2b d3 10 
10:43:49.136 DEBU [pymycobot.common] _read : FE FE 04 2B 00 0D 63
10:43:49.450 DEBU [pymycobot.common] _write: fe fe 3 2b d3 10 
10:43:49.456 DEBU [pymycobot.common] _read : FE FE 04 2B 00 0D 63
10:43:50.477 DEBU [pymycobot.common] _write: fe fe 4 1c 1 fd b4 
10:43:50.483 DEBU [pymycobot.common] _read : FE FE 11 1C 00 00 00 00 00 00 00 00 00 00 00 00 00 00 39 D0
10:43:50.502 DEBU [pymycobot.common] _write: fe fe 10 22 0 0 0 0 0 0 0 0 0 0 0 0 a 29 22 
10:43:50.518 DEBU [pymycobot.common] _read : FE FE 05 22 FF 01 E7 1C
10:43:51.512 DEBU [pymycobot.common] _write: fe fe 3 2b d3 10 
10:43:51.518 DEBU [pymycobot.common] _read : FE FE 04 2B 00 0D 63
10:43:51.768 DEBU [pymycobot.common] _write: fe fe 3 2b d3 10 
10:43:51.773 DEBU [pymycobot.common] _read : FE FE 04 2B 00 0D 63
10:43:53.787 DEBU [pymycobot.common] _write: fe fe 4 16 1 5d b2 
10:43:53.795 DEBU [pymycobot.common] _read : FE FE 05 16 FF 01 29 5D
10:43:53.799 DEBU [pymycobot.common] _write: fe fe 3 17 c2 10 
10:43:53.804 DEBU [pymycobot.common] _read : FE FE 04 17 01 CD B3
10:43:53.815 DEBU [pymycobot.common] _write: fe fe 7 21 3 23 28 a 35 3 
10:43:53.822 DEBU [pymycobot.common] _read : FE FE 05 21 FF 01 E7 EC
10:43:54.830 DEBU [pymycobot.common] _write: fe fe 3 2b d3 10 
10:43:54.836 DEBU [pymycobot.common] _read : FE FE 04 2B 00 0D 63
10:43:55.087 DEBU [pymycobot.common] _write: fe fe 3 2b d3 10 
10:43:55.092 DEBU [pymycobot.common] _read : FE FE 04 2B 00 0D 63
10:43:55.429 DEBU [pymycobot.common] _write: fe fe 3 2b d3 10 
10:43:55.453 DEBU [pymycobot.common] _read : FE FE 04 2B 00 0D 63
10:43:56.484 DEBU [pymycobot.common] _write: fe fe 7 21 2 d1 20 14 f2 24 
10:43:56.490 DEBU [pymycobot.common] _read : FE FE 05 21 FF 01 E7 EC
10:43:57.486 DEBU [pymycobot.common] _write: fe fe 3 2b d3 10 
10:43:57.491 DEBU [pymycobot.common] _read : FE FE 04 2B 00 0D 63
10:43:57.746 DEBU [pymycobot.common] _write: fe fe 3 2b d3 10 
10:43:57.763 DEBU [pymycobot.common] _read : FE FE 04 2B 00 0D 63
10:43:58.077 DEBU [pymycobot.common] _write: fe fe 3 2b d3 10 
10:43:58.083 DEBU [pymycobot.common] _read : FE FE 04 2B 00 0D 63
10:43:59.108 DEBU [pymycobot.common] _write: fe fe 4 1c 2 fc f4 
10:43:59.114 DEBU [pymycobot.common] _read : FE FE 11 1C 00 00 00 00 00 00 00 00 00 00 00 00 00 00 39 D0
10:43:59.132 DEBU [pymycobot.common] _write: fe fe 10 22 0 0 0 0 0 0 0 0 0 0 0 0 a 29 22 
10:43:59.136 DEBU [pymycobot.common] _read : FE FE 05 22 FF 01 E7 1C
10:44:00.140 DEBU [pymycobot.common] _write: fe fe 3 2b d3 10 
10:44:00.146 DEBU [pymycobot.common] _read : FE FE 04 2B 00 0D 63
10:44:00.397 DEBU [pymycobot.common] _write: fe fe 3 2b d3 10 
10:44:00.403 DEBU [pymycobot.common] _read : FE FE 04 2B 00 0D 63
10:44:02.421 DEBU [pymycobot.common] _write: fe fe 4 16 1 5d b2 
10:44:02.428 DEBU [pymycobot.common] _read : FE FE 05 16 FF 01 29 5D
10:44:02.433 DEBU [pymycobot.common] _write: fe fe 3 17 c2 10 
10:44:02.448 DEBU [pymycobot.common] _read : FE FE 04 17 01 CD B3
10:44:02.464 DEBU [pymycobot.common] _write: fe fe 7 21 3 dc d8 a 5 77 
10:44:02.470 DEBU [pymycobot.common] _read : FE FE 05 21 FF 01 E7 EC
10:44:03.467 DEBU [pymycobot.common] _write: fe fe 3 2b d3 10 
10:44:03.474 DEBU [pymycobot.common] _read : FE FE 04 2B 00 0D 63
10:44:03.725 DEBU [pymycobot.common] _write: fe fe 3 2b d3 10 
10:44:03.732 DEBU [pymycobot.common] _read : FE FE 04 2B 00 0D 63
10:44:04.044 DEBU [pymycobot.common] _write: fe fe 3 2b d3 10 
10:44:04.049 DEBU [pymycobot.common] _read : FE FE 04 2B 00 0D 63
10:44:05.074 DEBU [pymycobot.common] _write: fe fe 7 21 2 2e e0 14 c2 44 
10:44:05.082 DEBU [pymycobot.common] _read : FE FE 05 21 FF 01 E7 EC
10:44:06.076 DEBU [pymycobot.common] _write: fe fe 3 2b d3 10 
10:44:06.080 DEBU [pymycobot.common] _read : FE FE 04 2B 00 0D 63
10:44:06.334 DEBU [pymycobot.common] _write: fe fe 3 2b d3 10 
10:44:06.339 DEBU [pymycobot.common] _read : FE FE 04 2B 00 0D 63
10:44:06.653 DEBU [pymycobot.common] _write: fe fe 3 2b d3 10 
10:44:06.660 DEBU [pymycobot.common] _read : FE FE 04 2B 00 0D 63
10:44:07.669 DEBU [pymycobot.common] _write: fe fe 4 1c 2 fc f4 
10:44:07.674 DEBU [pymycobot.common] _read : FE FE 11 1C 00 00 00 00 00 00 00 00 00 00 00 00 00 00 39 D0
10:44:07.692 DEBU [pymycobot.common] _write: fe fe 10 22 0 0 0 0 0 0 0 0 0 0 0 0 a 29 22 
10:44:07.698 DEBU [pymycobot.common] _read : FE FE 05 22 FF 01 E7 1C
10:44:08.704 DEBU [pymycobot.common] _write: fe fe 3 2b d3 10 
10:44:08.710 DEBU [pymycobot.common] _read : FE FE 04 2B 00 0D 63
10:44:08.962 DEBU [pymycobot.common] _write: fe fe 3 2b d3 10 
10:44:08.968 DEBU [pymycobot.common] _read : FE FE 04 2B 00 0D 63
10:44:10.985 DEBU [pymycobot.common] _write: fe fe 4 16 1 5d b2 
10:44:10.992 DEBU [pymycobot.common] _read : FE FE 05 16 FF 01 29 5D
10:44:10.997 DEBU [pymycobot.common] _write: fe fe 3 17 c2 10 
10:44:11.012 DEBU [pymycobot.common] _read : FE FE 04 17 01 CD B3
10:44:11.028 DEBU [pymycobot.common] _write: fe fe 7 21 3 c2 48 1e c 7b 
10:44:11.033 DEBU [pymycobot.common] _read : FE FE 05 21 FF 01 E7 EC
10:44:12.029 DEBU [pymycobot.common] _write: fe fe 3 2b d3 10 
10:44:12.034 DEBU [pymycobot.common] _read : FE FE 04 2B 00 0D 63
10:44:12.288 DEBU [pymycobot.common] _write: fe fe 3 2b d3 10 
10:44:12.304 DEBU [pymycobot.common] _read : FE FE 04 2B 00 0D 63
10:44:12.622 DEBU [pymycobot.common] _write: fe fe 3 2b d3 10 
10:44:12.628 DEBU [pymycobot.common] _read : FE FE 04 2B 00 0D 63
10:44:13.640 DEBU [pymycobot.common] _write: fe fe 4 1c 3 3c 35 
10:44:13.645 DEBU [pymycobot.common] _read : FE FE 11 1C 00 00 00 00 00 00 00 00 00 00 00 00 00 00 39 D0
10:44:13.664 DEBU [pymycobot.common] _write: fe fe 10 22 0 0 0 0 0 0 0 0 0 0 0 0 a 29 22 
10:44:13.669 DEBU [pymycobot.common] _read : FE FE 05 22 FF 01 E7 1C
10:44:14.673 DEBU [pymycobot.common] _write: fe fe 3 2b d3 10 
10:44:14.683 DEBU [pymycobot.common] _read : FE FE 04 2B 00 0D 63
10:44:14.930 DEBU [pymycobot.common] _write: fe fe 3 2b d3 10 
10:44:14.938 DEBU [pymycobot.common] _read : FE FE 04 2B 00 0D 63
10:44:16.950 DEBU [pymycobot.common] _write: fe fe 4 16 1 5d b2 
10:44:16.957 DEBU [pymycobot.common] _read : FE FE 05 16 FF 01 29 5D
10:44:16.962 DEBU [pymycobot.common] _write: fe fe 3 17 c2 10 
10:44:16.969 DEBU [pymycobot.common] _read : FE FE 04 17 01 CD B3
10:44:16.977 DEBU [pymycobot.common] _write: fe fe 7 21 3 3d b8 1e 3c f 
10:44:16.988 DEBU [pymycobot.common] _read : FE FE 05 21 FF 01 E7 EC
10:44:17.987 DEBU [pymycobot.common] _write: fe fe 3 2b d3 10 
10:44:17.992 DEBU [pymycobot.common] _read : FE FE 04 2B 00 0D 63
10:44:18.244 DEBU [pymycobot.common] _write: fe fe 3 2b d3 10 
10:44:18.252 DEBU [pymycobot.common] _read : FE FE 04 2B 00 0D 63
10:44:18.563 DEBU [pymycobot.common] _write: fe fe 3 2b d3 10 
10:44:18.567 DEBU [pymycobot.common] _read : FE FE 04 2B 00 0D 63
10:44:19.583 DEBU [pymycobot.common] _write: fe fe 4 1c 3 3c 35 
10:44:19.589 DEBU [pymycobot.common] _read : FE FE 11 1C 00 00 00 00 00 00 00 00 00 00 00 00 00 00 39 D0
10:44:19.616 DEBU [pymycobot.common] _write: fe fe 10 22 0 0 0 0 0 0 0 0 0 0 0 0 a 29 22 
10:44:19.620 DEBU [pymycobot.common] _read : FE FE 05 22 FF 01 E7 1C
10:44:20.630 DEBU [pymycobot.common] _write: fe fe 3 2b d3 10 
10:44:20.637 DEBU [pymycobot.common] _read : FE FE 04 2B 00 0D 63
10:44:20.888 DEBU [pymycobot.common] _write: fe fe 3 2b d3 10 
10:44:20.895 DEBU [pymycobot.common] _read : FE FE 04 2B 00 0D 63
10:44:22.908 DEBU [pymycobot.common] _write: fe fe 4 16 1 5d b2 
10:44:22.916 DEBU [pymycobot.common] _read : FE FE 05 16 FF 01 29 5D
10:44:22.920 DEBU [pymycobot.common] _write: fe fe 3 17 c2 10 
10:44:22.925 DEBU [pymycobot.common] _read : FE FE 04 17 01 CD B3
10:44:22.935 DEBU [pymycobot.common] _write: fe fe 7 21 4 bf 8c 28 b6 38 
10:44:22.940 DEBU [pymycobot.common] _read : FE FE 05 21 FF 01 E7 EC
10:44:23.937 DEBU [pymycobot.common] _write: fe fe 3 2b d3 10 
10:44:23.942 DEBU [pymycobot.common] _read : FE FE 04 2B 00 0D 63
10:44:24.194 DEBU [pymycobot.common] _write: fe fe 3 2b d3 10 
10:44:24.199 DEBU [pymycobot.common] _read : FE FE 04 2B 00 0D 63
10:44:24.513 DEBU [pymycobot.common] _write: fe fe 3 2b d3 10 
10:44:24.517 DEBU [pymycobot.common] _read : FE FE 04 2B 00 0D 63
10:44:25.542 DEBU [pymycobot.common] _write: fe fe 4 1c 4 fe 74 
10:44:25.548 DEBU [pymycobot.common] _read : FE FE 11 1C 00 00 00 00 00 00 00 00 00 00 00 00 00 00 39 D0
10:44:25.567 DEBU [pymycobot.common] _write: fe fe 10 22 0 0 0 0 0 0 0 0 0 0 0 0 a 29 22 
10:44:25.574 DEBU [pymycobot.common] _read : FE FE 05 22 FF 01 E7 1C
10:44:26.572 DEBU [pymycobot.common] _write: fe fe 3 2b d3 10 
10:44:26.577 DEBU [pymycobot.common] _read : FE FE 04 2B 00 0D 63
10:44:26.830 DEBU [pymycobot.common] _write: fe fe 3 2b d3 10 
10:44:26.835 DEBU [pymycobot.common] _read : FE FE 04 2B 00 0D 63
10:44:28.854 DEBU [pymycobot.common] _write: fe fe 4 16 1 5d b2 
10:44:28.861 DEBU [pymycobot.common] _read : FE FE 05 16 FF 01 29 5D
10:44:28.866 DEBU [pymycobot.common] _write: fe fe 3 17 c2 10 
10:44:28.872 DEBU [pymycobot.common] _read : FE FE 04 17 01 CD B3
10:44:28.881 DEBU [pymycobot.common] _write: fe fe 7 21 4 40 74 28 46 4b 
10:44:28.887 DEBU [pymycobot.common] _read : FE FE 05 21 FF 01 E7 EC
10:44:29.894 DEBU [pymycobot.common] _write: fe fe 3 2b d3 10 
10:44:29.900 DEBU [pymycobot.common] _read : FE FE 04 2B 00 0D 63
10:44:30.151 DEBU [pymycobot.common] _write: fe fe 3 2b d3 10 
10:44:30.157 DEBU [pymycobot.common] _read : FE FE 04 2B 00 0D 63
10:44:30.470 DEBU [pymycobot.common] _write: fe fe 3 2b d3 10 
10:44:30.475 DEBU [pymycobot.common] _read : FE FE 04 2B 00 0D 63
10:44:31.486 DEBU [pymycobot.common] _write: fe fe 4 1c 4 fe 74 
10:44:31.491 DEBU [pymycobot.common] _read : FE FE 11 1C 00 00 00 00 00 00 00 00 00 00 00 00 00 00 39 D0
10:44:31.509 DEBU [pymycobot.common] _write: fe fe 10 22 0 0 0 0 0 0 0 0 0 0 0 0 a 29 22 
10:44:31.515 DEBU [pymycobot.common] _read : FE FE 05 22 FF 01 E7 1C
10:44:32.515 DEBU [pymycobot.common] _write: fe fe 3 2b d3 10 
10:44:32.520 DEBU [pymycobot.common] _read : FE FE 04 2B 00 0D 63
10:44:32.771 DEBU [pymycobot.common] _write: fe fe 3 2b d3 10 
10:44:32.775 DEBU [pymycobot.common] _read : FE FE 04 2B 00 0D 63
10:44:34.802 DEBU [pymycobot.common] _write: fe fe 4 16 1 5d b2 
10:44:34.810 DEBU [pymycobot.common] _read : FE FE 05 16 FF 01 29 5D
10:44:34.813 DEBU [pymycobot.common] _write: fe fe 3 17 c2 10 
10:44:34.818 DEBU [pymycobot.common] _read : FE FE 04 17 01 CD B3
10:44:34.829 DEBU [pymycobot.common] _write: fe fe 7 21 5 bf 8c 32 81 b8 
10:44:34.833 DEBU [pymycobot.common] _read : FE FE 05 21 FF 01 E7 EC
10:44:35.844 DEBU [pymycobot.common] _write: fe fe 3 2b d3 10 
10:44:35.849 DEBU [pymycobot.common] _read : FE FE 04 2B 00 0D 63
10:44:36.102 DEBU [pymycobot.common] _write: fe fe 3 2b d3 10 
10:44:36.107 DEBU [pymycobot.common] _read : FE FE 04 2B 00 0D 63
10:44:36.418 DEBU [pymycobot.common] _write: fe fe 3 2b d3 10 
10:44:36.425 DEBU [pymycobot.common] _read : FE FE 04 2B 00 0D 63
10:44:37.437 DEBU [pymycobot.common] _write: fe fe 4 1c 5 3e b5 
10:44:37.443 DEBU [pymycobot.common] _read : FE FE 11 1C 00 00 00 00 00 00 00 00 00 00 00 00 00 00 39 D0
10:44:37.459 DEBU [pymycobot.common] _write: fe fe 10 22 0 0 0 0 0 0 0 0 0 0 0 0 a 29 22 
10:44:37.464 DEBU [pymycobot.common] _read : FE FE 05 22 FF 01 E7 1C
10:44:38.469 DEBU [pymycobot.common] _write: fe fe 3 2b d3 10 
10:44:38.473 DEBU [pymycobot.common] _read : FE FE 04 2B 00 0D 63
10:44:38.724 DEBU [pymycobot.common] _write: fe fe 3 2b d3 10 
10:44:38.729 DEBU [pymycobot.common] _read : FE FE 04 2B 00 0D 63
10:44:40.756 DEBU [pymycobot.common] _write: fe fe 4 16 1 5d b2 
10:44:40.765 DEBU [pymycobot.common] _read : FE FE 05 16 FF 01 29 5D
10:44:40.769 DEBU [pymycobot.common] _write: fe fe 3 17 c2 10 
10:44:40.778 DEBU [pymycobot.common] _read : FE FE 04 17 01 CD B3
10:44:40.784 DEBU [pymycobot.common] _write: fe fe 7 21 5 40 74 32 71 cb 
10:44:40.798 DEBU [pymycobot.common] _read : FE FE 05 21 FF 01 E7 EC
10:44:41.786 DEBU [pymycobot.common] _write: fe fe 3 2b d3 10 
10:44:41.791 DEBU [pymycobot.common] _read : FE FE 04 2B 00 0D 63
10:44:42.043 DEBU [pymycobot.common] _write: fe fe 3 2b d3 10 
10:44:42.048 DEBU [pymycobot.common] _read : FE FE 04 2B 00 0D 63
10:44:42.361 DEBU [pymycobot.common] _write: fe fe 3 2b d3 10 
10:44:42.366 DEBU [pymycobot.common] _read : FE FE 04 2B 00 0D 63
10:44:43.378 DEBU [pymycobot.common] _write: fe fe 4 1c 5 3e b5 
10:44:43.385 DEBU [pymycobot.common] _read : FE FE 11 1C 00 00 00 00 00 00 00 00 00 00 00 00 00 00 39 D0
10:44:43.400 DEBU [pymycobot.common] _write: fe fe 10 22 0 0 0 0 0 0 0 0 0 0 0 0 a 29 22 
10:44:43.414 DEBU [pymycobot.common] _read : FE FE 05 22 FF 01 E7 1C
10:44:44.408 DEBU [pymycobot.common] _write: fe fe 3 2b d3 10 
10:44:44.414 DEBU [pymycobot.common] _read : FE FE 04 2B 00 0D 63
10:44:44.667 DEBU [pymycobot.common] _write: fe fe 3 2b d3 10 
10:44:44.675 DEBU [pymycobot.common] _read : FE FE 04 2B 00 0D 63
10:44:46.688 DEBU [pymycobot.common] _write: fe fe 4 16 1 5d b2 
10:44:46.696 DEBU [pymycobot.common] _read : FE FE 05 16 FF 01 29 5D
10:44:46.700 DEBU [pymycobot.common] _write: fe fe 3 17 c2 10 
10:44:46.705 DEBU [pymycobot.common] _read : FE FE 04 17 01 CD B3
10:44:46.716 DEBU [pymycobot.common] _write: fe fe 7 21 6 bb a4 64 3a 67 
10:44:46.720 DEBU [pymycobot.common] _read : FE FE 05 21 FF 01 E7 EC
10:44:47.729 DEBU [pymycobot.common] _write: fe fe 3 2b d3 10 
10:44:47.733 DEBU [pymycobot.common] _read : FE FE 04 2B 00 0D 63
10:44:47.987 DEBU [pymycobot.common] _write: fe fe 3 2b d3 10 
10:44:47.993 DEBU [pymycobot.common] _read : FE FE 04 2B 00 0D 63
10:44:48.307 DEBU [pymycobot.common] _write: fe fe 3 2b d3 10 
10:44:48.313 DEBU [pymycobot.common] _read : FE FE 04 2B 00 0D 63
10:44:49.323 DEBU [pymycobot.common] _write: fe fe 4 1c 6 3f f5 
10:44:49.328 DEBU [pymycobot.common] _read : FE FE 11 1C 00 00 00 00 00 00 00 00 00 00 00 00 00 00 39 D0
10:44:49.348 DEBU [pymycobot.common] _write: fe fe 10 22 0 0 0 0 0 0 0 0 0 0 0 0 a 29 22 
10:44:49.354 DEBU [pymycobot.common] _read : FE FE 05 22 FF 01 E7 1C
10:44:50.352 DEBU [pymycobot.common] _write: fe fe 3 2b d3 10 
10:44:50.360 DEBU [pymycobot.common] _read : FE FE 04 2B 00 0D 63
10:44:50.610 DEBU [pymycobot.common] _write: fe fe 3 2b d3 10 
10:44:50.616 DEBU [pymycobot.common] _read : FE FE 04 2B 00 0D 63
10:44:52.629 DEBU [pymycobot.common] _write: fe fe 4 16 1 5d b2 
10:44:52.639 DEBU [pymycobot.common] _read : FE FE 05 16 FF 01 29 5D
10:44:52.642 DEBU [pymycobot.common] _write: fe fe 3 17 c2 10 
10:44:52.649 DEBU [pymycobot.common] _read : FE FE 04 17 01 CD B3
10:44:52.657 DEBU [pymycobot.common] _write: fe fe 7 21 6 44 5c 64 ca 14 
10:44:52.662 DEBU [pymycobot.common] _read : FE FE 05 21 FF 01 E7 EC
10:44:53.660 DEBU [pymycobot.common] _write: fe fe 3 2b d3 10 
10:44:53.664 DEBU [pymycobot.common] _read : FE FE 04 2B 00 0D 63
10:44:53.918 DEBU [pymycobot.common] _write: fe fe 3 2b d3 10 
10:44:53.923 DEBU [pymycobot.common] _read : FE FE 04 2B 00 0D 63
10:44:54.236 DEBU [pymycobot.common] _write: fe fe 3 2b d3 10 
10:44:54.247 DEBU [pymycobot.common] _read : FE FE 04 2B 00 0D 63
10:44:55.264 DEBU [pymycobot.common] _write: fe fe 4 1c 6 3f f5 
10:44:55.269 DEBU [pymycobot.common] _read : FE FE 11 1C 00 00 00 00 00 00 00 00 00 00 00 00 00 00 39 D0
10:44:55.289 DEBU [pymycobot.common] _write: fe fe 10 22 0 0 0 0 0 0 0 0 0 0 0 0 a 29 22 
10:44:55.293 DEBU [pymycobot.common] _read : FE FE 05 22 FF 01 E7 1C
10:44:56.297 DEBU [pymycobot.common] _write: fe fe 3 2b d3 10 
10:44:56.308 DEBU [pymycobot.common] _read : FE FE 04 2B 00 0D 63
10:44:56.556 DEBU [pymycobot.common] _write: fe fe 3 2b d3 10 
10:44:56.562 DEBU [pymycobot.common] _read : FE FE 04 2B 00 0D 63
10:44:58.574 DEBU [pymycobot.common] _write: fe fe 10 22 0 0 0 0 0 0 0 0 0 0 0 0 a 29 22 
10:44:58.578 DEBU [pymycobot.common] _read : FE FE 05 22 FF 01 E7 1C
10:44:59.587 DEBU [pymycobot.common] _write: fe fe 3 2b d3 10 
10:44:59.593 DEBU [pymycobot.common] _read : FE FE 04 2B 00 0D 63
10:44:59.844 DEBU [pymycobot.common] _write: fe fe 3 2b d3 10 
10:44:59.850 DEBU [pymycobot.common] _read : FE FE 04 2B 00 0D 63
10:45:01.864 DEBU [pymycobot.common] _write: fe fe 10 22 0 0 0 0 0 0 0 0 0 0 0 0 a 29 22 
10:45:01.875 DEBU [pymycobot.common] _read : FE FE 05 22 FF 01 E7 1C
10:45:02.878 DEBU [pymycobot.common] _write: fe fe 3 2b d3 10 
10:45:02.887 DEBU [pymycobot.common] _read : FE FE 04 2B 00 0D 63
10:45:03.136 DEBU [pymycobot.common] _write: fe fe 3 2b d3 10 
10:45:03.142 DEBU [pymycobot.common] _read : FE FE 04 2B 00 0D 63
10:45:05.167 DEBU [pymycobot.common] _write: fe fe 10 22 0 0 0 0 0 0 0 0 0 0 0 0 a 29 22 
10:45:05.172 DEBU [pymycobot.common] _read : FE FE 05 22 FF 01 E7 1C
10:45:06.180 DEBU [pymycobot.common] _write: fe fe 3 2b d3 10 
10:45:06.184 DEBU [pymycobot.common] _read : FE FE 04 2B 00 0D 63
10:45:06.439 DEBU [pymycobot.common] _write: fe fe 3 2b d3 10 
10:45:06.445 DEBU [pymycobot.common] _read : FE FE 04 2B 00 0D 63
10:45:08.469 DEBU [pymycobot.common] _write: fe fe 10 22 0 0 0 0 0 0 0 0 0 0 0 0 a 29 22 
10:45:08.487 DEBU [pymycobot.common] _read : FE FE 05 22 FF 01 E7 1C
10:45:09.470 DEBU [pymycobot.common] _write: fe fe 3 2b d3 10 
10:45:09.476 DEBU [pymycobot.common] _read : FE FE 04 2B 00 0D 63
10:45:09.728 DEBU [pymycobot.common] _write: fe fe 3 2b d3 10 
10:45:09.733 DEBU [pymycobot.common] _read : FE FE 04 2B 00 0D 63
10:45:11.755 DEBU [pymycobot.common] _write: fe fe 10 22 0 0 0 0 0 0 0 0 0 0 0 0 a 29 22 
10:45:11.761 DEBU [pymycobot.common] _read : FE FE 05 22 FF 01 E7 1C
10:45:12.765 DEBU [pymycobot.common] _write: fe fe 3 2b d3 10 
10:45:12.770 DEBU [pymycobot.common] _read : FE FE 04 2B 00 0D 63
10:45:13.022 DEBU [pymycobot.common] _write: fe fe 3 2b d3 10 
10:45:13.028 DEBU [pymycobot.common] _read : FE FE 04 2B 00 0D 63
10:45:15.056 DEBU [pymycobot.common] _write: fe fe 10 22 0 0 0 0 0 0 0 0 0 0 0 0 a 29 22 
10:45:15.061 DEBU [pymycobot.common] _read : FE FE 05 22 FF 01 E7 1C
10:45:16.068 DEBU [pymycobot.common] _write: fe fe 3 2b d3 10 
10:45:16.078 DEBU [pymycobot.common] _read : FE FE 04 2B 00 0D 63
10:45:16.326 DEBU [pymycobot.common] _write: fe fe 3 2b d3 10 
10:45:16.330 DEBU [pymycobot.common] _read : FE FE 04 2B 00 0D 63
10:45:18.356 DEBU [pymycobot.common] _write: fe fe 10 22 0 0 0 0 0 0 0 0 0 0 0 0 a 29 22 
10:45:18.364 DEBU [pymycobot.common] _read : FE FE 05 22 FF 01 E7 1C
10:45:19.367 DEBU [pymycobot.common] _write: fe fe 3 2b d3 10 
10:45:19.372 DEBU [pymycobot.common] _read : FE FE 04 2B 00 0D 63
10:45:19.627 DEBU [pymycobot.common] _write: fe fe 3 2b d3 10 
10:45:19.631 DEBU [pymycobot.common] _read : FE FE 04 2B 00 0D 63
10:45:21.650 DEBU [pymycobot.common] _write: fe fe 10 22 0 0 0 0 0 0 0 0 0 0 0 0 a 29 22 
10:45:21.659 DEBU [pymycobot.common] _read : FE FE 05 22 FF 01 E7 1C
10:45:22.662 DEBU [pymycobot.common] _write: fe fe 3 2b d3 10 
10:45:22.677 DEBU [pymycobot.common] _read : FE FE 04 2B 00 0D 63
10:45:22.918 DEBU [pymycobot.common] _write: fe fe 3 2b d3 10 
10:45:22.934 DEBU [pymycobot.common] _read : FE FE 04 2B 00 0D 63
10:45:24.968 DEBU [pymycobot.common] _write: fe fe 10 22 0 0 0 0 0 0 0 0 0 0 0 0 a 29 22 
10:45:24.973 DEBU [pymycobot.common] _read : FE FE 05 22 FF 01 E7 1C
10:45:25.983 DEBU [pymycobot.common] _write: fe fe 3 2b d3 10 
10:45:25.989 DEBU [pymycobot.common] _read : FE FE 04 2B 00 0D 63
10:45:26.243 DEBU [pymycobot.common] _write: fe fe 3 2b d3 10 
10:45:26.248 DEBU [pymycobot.common] _read : FE FE 04 2B 00 0D 63
10:45:28.272 DEBU [pymycobot.common] _write: fe fe 10 22 0 0 0 0 0 0 0 0 0 0 0 0 a 29 22 
10:45:28.279 DEBU [pymycobot.common] _read : FE FE 05 22 FF 01 E7 1C
10:45:29.288 DEBU [pymycobot.common] _write: fe fe 3 2b d3 10 
10:45:29.294 DEBU [pymycobot.common] _read : FE FE 04 2B 00 0D 63
10:45:29.597 DEBU [pymycobot.common] _write: fe fe 3 2b d3 10 
10:45:29.608 DEBU [pymycobot.common] _read : FE FE 04 2B 00 0D 63
10:45:31.643 DEBU [pymycobot.common] _write: fe fe 10 22 0 0 0 0 0 0 0 0 0 0 0 0 a 29 22 
10:45:31.648 DEBU [pymycobot.common] _read : FE FE 05 22 FF 01 E7 1C
10:45:32.657 DEBU [pymycobot.common] _write: fe fe 3 2b d3 10 
10:45:32.669 DEBU [pymycobot.common] _read : FE FE 04 2B 00 0D 63
10:45:32.915 DEBU [pymycobot.common] _write: fe fe 3 2b d3 10 
10:45:32.921 DEBU [pymycobot.common] _read : FE FE 04 2B 00 0D 63
10:45:34.940 DEBU [pymycobot.common] _write: fe fe 10 22 0 0 0 0 0 0 0 0 0 0 0 0 a 29 22 
10:45:34.945 DEBU [pymycobot.common] _read : FE FE 05 22 FF 01 E7 1C
10:45:35.954 DEBU [pymycobot.common] _write: fe fe 3 2b d3 10 
10:45:35.960 DEBU [pymycobot.common] _read : FE FE 04 2B 00 0D 63
10:45:36.214 DEBU [pymycobot.common] _write: fe fe 3 2b d3 10 
10:45:36.221 DEBU [pymycobot.common] _read : FE FE 04 2B 00 0D 63
10:45:38.247 DEBU [pymycobot.common] _write: fe fe 10 22 0 0 0 0 0 0 0 0 0 0 0 0 a 29 22 
10:45:38.253 DEBU [pymycobot.common] _read : FE FE 05 22 FF 01 E7 1C
10:45:39.255 DEBU [pymycobot.common] _write: fe fe 3 2b d3 10 
10:45:39.266 DEBU [pymycobot.common] _read : FE FE 04 2B 00 0D 63
10:45:39.511 DEBU [pymycobot.common] _write: fe fe 3 2b d3 10 
10:45:39.517 DEBU [pymycobot.common] _read : FE FE 04 2B 00 0D 63
10:45:41.540 DEBU [pymycobot.common] _write: fe fe 10 22 0 0 0 0 0 0 0 0 0 0 0 0 a 29 22 
10:45:41.545 DEBU [pymycobot.common] _read : FE FE 05 22 FF 01 E7 1C
10:45:42.550 DEBU [pymycobot.common] _write: fe fe 3 2b d3 10 
10:45:42.557 DEBU [pymycobot.common] _read : FE FE 04 2B 00 0D 63
10:45:42.808 DEBU [pymycobot.common] _write: fe fe 3 2b d3 10 
10:45:42.814 DEBU [pymycobot.common] _read : FE FE 04 2B 00 0D 63
10:45:44.838 DEBU [pymycobot.common] _write: fe fe 4 16 0 9d 73 
10:45:46.923 DEBU [pymycobot.common] _read : FE FE 05 16 FF 01 29 5D
10:45:46.938 DEBU [pymycobot.common] _write: fe fe 4 68 0 3d 52 
10:45:46.943 DEBU [pymycobot.common] _read : FE FE 05 68 FF 01 31 3D
10:45:46.953 DEBU [pymycobot.common] _write: fe fe 10 22 0 0 0 0 0 0 0 0 0 0 0 0 a 29 22 
10:45:46.958 DEBU [pymycobot.common] _read : FE FE 05 22 FF 01 E7 1C
10:45:47.954 DEBU [pymycobot.common] _write: fe fe 3 2b d3 10 
10:45:47.959 DEBU [pymycobot.common] _read : FE FE 04 2B 00 0D 63
10:45:48.210 DEBU [pymycobot.common] _write: fe fe 3 2b d3 10 
10:45:48.217 DEBU [pymycobot.common] _read : FE FE 04 2B 00 0D 63
15:24:50.709 DEBU [pymycobot.common] _write: fe fe b b5 e 3 0 2 0 0 e4 f5 46 c2 
15:24:50.729 DEBU [pymycobot.common] _read : FE FE 0A B5 0E 03 02 00 01 2D 85 D2 FB
15:25:00.611 DEBU [pymycobot.common] _write: fe fe b b5 e 3 0 1 0 0 14 f5 46 c2 
15:25:00.626 DEBU [pymycobot.common] _read : FE FE 0A B5 0E 03 02 00 0B AD 82 D2 FB
15:25:08.116 DEBU [pymycobot.common] _write: fe fe b b5 e 3 0 4 0 0 4 f4 46 c2 
15:25:08.129 DEBU [pymycobot.common] _read : FE FE 0A B5 0E 03 02 00 0E 6D 81 D2 FB
15:29:08.098 DEBU [pymycobot.common] _write: fe fe b b5 e 3 0 1 0 0 14 f5 46 c2 
15:29:08.115 DEBU [pymycobot.common] _read : FE FE 0A B5 0E 03 02 00 0B AD 82 D2 FB
15:30:49.180 DEBU [pymycobot.common] _write: fe fe b b5 e 3 0 c 0 0 85 36 46 c2 
15:30:49.197 DEBU [pymycobot.common] _read : FE FE 0B B5 0E 03 00 0C 00 00 85 36 46 C2
