2026-04-03 13:48:36.559 DEBU [pymycobot.common] _write: FE FE 03 A2 75 D1 
2026-04-03 13:48:36.572 DEBU [pymycobot.common] _read : FE FE 23 A2 00 01 00 00 00 00 00 00 00 00 20 00 00 00 00 00 00 00 00 00 00 00 00 00 00 00 00 00 00 00 00 00 2B 0A
2026-04-03 13:49:28.268 DEBU [pymycobot.common] _write: FE FE 04 10 01 FD B1 
2026-04-03 13:49:32.000 DEBU [pymycobot.common] _read : FE FE 04 10 01 FD B1
2026-04-03 13:49:48.849 DEBU [pymycobot.common] _write: FE FE 04 10 01 FD B1 
2026-04-03 13:49:48.861 DEBU [pymycobot.common] _read : FE FE 04 10 01 FD B1
2026-04-03 13:49:48.863 DEBU [pymycobot.common] _write: FE FE 04 16 00 9D 73 
2026-04-03 13:49:48.876 DEBU [pymycobot.common] _read : FE FE 05 16 FF 01 29 5D
2026-04-03 13:49:48.877 DEBU [pymycobot.common] _write: FE FE 03 17 C2 10 
2026-04-03 13:49:48.891 DEBU [pymycobot.common] _read : FE FE 04 17 00 0D 72
2026-04-03 13:49:48.894 DEBU [pymycobot.common] _write: FE FE 03 2B D3 10 
2026-04-03 13:49:48.896 DEBU [pymycobot.common] _write: FE FE 10 22 C0 B8 00 00 00 00 00 00 00 00 03 E8 19 04 7F 
2026-04-03 13:49:48.905 DEBU [pymycobot.common] _read : FE FE 04 2B 00 0D 63
2026-04-03 13:49:48.916 DEBU [pymycobot.common] _read : FE FE 05 22 FF 01 E7 1C
2026-04-03 13:49:48.966 DEBU [pymycobot.common] _write: FE FE 03 2B D3 10 
2026-04-03 13:49:48.973 DEBU [pymycobot.common] _read : FE FE 04 2B 01 CD A2
2026-04-03 13:49:48.975 DEBU [pymycobot.common] _write: FE FE 03 20 14 51 
2026-04-03 13:49:48.981 DEBU [pymycobot.common] _read : FE FE 0F 20 1E DC E9 C0 E2 04 F7 84 03 3B 0C 50 85 10
2026-04-03 13:49:49.086 DEBU [pymycobot.common] _write: FE FE 03 23 15 11 
2026-04-03 13:49:49.093 DEBU [pymycobot.common] _read : FE FE 0F 23 05 03 09 7B 02 FF 2D DC F6 42 F3 1A 76 BF
2026-04-03 13:49:49.208 DEBU [pymycobot.common] _write: FE FE 03 E1 84 90 
2026-04-03 13:49:49.217 DEBU [pymycobot.common] _read : FE FE 0F E1 FF 2E 00 33 FF B0 FF EE 00 08 00 17 A8 38
2026-04-03 13:49:49.330 DEBU [pymycobot.common] _write: FE FE 03 E2 85 D0 
2026-04-03 13:49:49.341 DEBU [pymycobot.common] _read : FE FE 0F E2 F7 B9 15 7D FA BB FE 6C 00 D8 01 54 4C 15
2026-04-03 13:49:49.454 DEBU [pymycobot.common] _write: FE FE 03 E4 87 50 
2026-04-03 13:49:49.464 DEBU [pymycobot.common] _read : FE FE 0F E4 00 00 00 00 00 00 00 00 00 00 00 00 7A 7F
2026-04-03 13:49:49.574 DEBU [pymycobot.common] _write: FE FE 03 A2 75 D1 
2026-04-03 13:49:49.582 DEBU [pymycobot.common] _read : FE FE 23 A2 00 01 00 00 00 00 00 00 00 00 00 00 00 00 00 00 00 00 00 00 00 00 00 00 00 00 00 00 00 00 00 00 31 28
2026-04-03 13:49:49.816 DEBU [pymycobot.common] _write: FE FE 03 2B D3 10 
2026-04-03 13:49:49.825 DEBU [pymycobot.common] _read : FE FE 04 2B 01 CD A2
2026-04-03 13:49:49.826 DEBU [pymycobot.common] _write: FE FE 03 20 14 51 
2026-04-03 13:49:49.834 DEBU [pymycobot.common] _read : FE FE 0F 20 17 1C EB 95 E4 7D F8 37 02 F7 0B 9F 6C 7C
2026-04-03 13:49:49.936 DEBU [pymycobot.common] _write: FE FE 03 2B D3 10 
2026-04-03 13:49:49.939 DEBU [pymycobot.common] _write: FE FE 03 23 15 11 
2026-04-03 13:49:49.944 DEBU [pymycobot.common] _read : FE FE 04 2B 01 CD A2
2026-04-03 13:49:49.950 DEBU [pymycobot.common] _read : FE FE 0F 23 09 5F 08 10 04 CB 33 96 F9 20 E8 8C 0D 5C
2026-04-03 13:49:50.058 DEBU [pymycobot.common] _write: FE FE 03 E1 84 90 
2026-04-03 13:49:50.067 DEBU [pymycobot.common] _read : FE FE 0F E1 FD DA 00 83 FF 25 FF C6 00 15 00 41 AC 57
2026-04-03 13:49:50.180 DEBU [pymycobot.common] _write: FE FE 03 E2 85 D0 
2026-04-03 13:49:50.189 DEBU [pymycobot.common] _read : FE FE 0F E2 F6 57 15 E0 F9 D4 FD F2 00 F0 FF 04 9A C9
2026-04-03 13:49:50.301 DEBU [pymycobot.common] _write: FE FE 03 E4 87 50 
2026-04-03 13:49:50.309 DEBU [pymycobot.common] _read : FE FE 0F E4 00 00 00 00 00 00 00 00 00 00 00 00 7A 7F
2026-04-03 13:49:50.424 DEBU [pymycobot.common] _write: FE FE 03 A2 75 D1 
2026-04-03 13:49:50.433 DEBU [pymycobot.common] _read : FE FE 23 A2 00 01 00 00 00 00 00 00 00 00 00 00 00 00 00 00 00 00 00 00 00 00 00 00 00 00 00 00 00 00 00 00 31 28
2026-04-03 13:49:50.667 DEBU [pymycobot.common] _write: FE FE 03 2B D3 10 
2026-04-03 13:49:50.678 DEBU [pymycobot.common] _read : FE FE 04 2B 01 CD A2
2026-04-03 13:49:50.681 DEBU [pymycobot.common] _write: FE FE 03 20 14 51 
2026-04-03 13:49:50.692 DEBU [pymycobot.common] _read : FE FE 0F 20 0A 99 EE 8B E8 79 F9 58 02 89 0A 81 33 08
2026-04-03 13:49:50.805 DEBU [pymycobot.common] _write: FE FE 03 23 15 11 
2026-04-03 13:49:50.816 DEBU [pymycobot.common] _read : FE FE 0F 23 0D CA 02 57 07 FE 3B 1D FD 1A DB 57 08 83
2026-04-03 13:49:50.925 DEBU [pymycobot.common] _write: FE FE 03 E1 84 90 
2026-04-03 13:49:50.936 DEBU [pymycobot.common] _read : FE FE 0F E1 FD E4 00 7E FF 2F FF C7 00 17 00 3E 30 B7
2026-04-03 13:49:50.937 DEBU [pymycobot.common] _write: FE FE 03 2B D3 10 
2026-04-03 13:49:50.947 DEBU [pymycobot.common] _read : FE FE 04 2B 01 CD A2
2026-04-03 13:49:51.046 DEBU [pymycobot.common] _write: FE FE 03 E2 85 D0 
2026-04-03 13:49:51.055 DEBU [pymycobot.common] _read : FE FE 0F E2 FC B6 14 92 F9 56 FD 9F 01 05 01 28 68 F0
2026-04-03 13:49:51.168 DEBU [pymycobot.common] _write: FE FE 03 E4 87 50 
2026-04-03 13:49:51.177 DEBU [pymycobot.common] _read : FE FE 0F E4 00 00 00 00 00 00 00 00 00 00 00 00 7A 7F
2026-04-03 13:49:51.291 DEBU [pymycobot.common] _write: FE FE 03 A2 75 D1 
2026-04-03 13:49:51.300 DEBU [pymycobot.common] _read : FE FE 23 A2 00 01 00 00 00 00 00 00 00 00 00 00 00 00 00 00 00 00 00 00 00 00 00 00 00 00 00 00 00 00 00 00 31 28
2026-04-03 13:49:51.536 DEBU [pymycobot.common] _write: FE FE 03 2B D3 10 
2026-04-03 13:49:51.546 DEBU [pymycobot.common] _read : FE FE 04 2B 01 CD A2
2026-04-03 13:49:51.550 DEBU [pymycobot.common] _write: FE FE 03 20 14 51 
2026-04-03 13:49:51.560 DEBU [pymycobot.common] _read : FE FE 0F 20 FD D1 F1 90 EC 8C FA 7F 02 18 09 5C 81 4F
2026-04-03 13:49:51.671 DEBU [pymycobot.common] _write: FE FE 03 23 15 11 
2026-04-03 13:49:51.679 DEBU [pymycobot.common] _read : FE FE 0F 23 0D 86 FA 77 0B B9 42 9B 00 97 CF 91 82 6F
2026-04-03 13:49:51.793 DEBU [pymycobot.common] _write: FE FE 03 E1 84 90 
2026-04-03 13:49:51.805 DEBU [pymycobot.common] _read : FE FE 0F E1 FD DA 00 7C FF 28 FF C5 00 18 00 40 9B DA
2026-04-03 13:49:51.915 DEBU [pymycobot.common] _write: FE FE 03 E2 85 D0 
2026-04-03 13:49:51.925 DEBU [pymycobot.common] _read : FE FE 0F E2 F6 A8 12 25 F9 CB FD 57 01 CF 00 DB 42 B7
2026-04-03 13:49:52.039 DEBU [pymycobot.common] _write: FE FE 03 E4 87 50 
2026-04-03 13:49:52.041 DEBU [pymycobot.common] _write: FE FE 03 2B D3 10 
2026-04-03 13:49:52.047 DEBU [pymycobot.common] _read : FE FE 0F E4 00 00 00 00 00 00 00 00 00 00 00 00 7A 7F
2026-04-03 13:49:52.053 DEBU [pymycobot.common] _read : FE FE 04 2B 01 CD A2
2026-04-03 13:49:52.161 DEBU [pymycobot.common] _write: FE FE 03 A2 75 D1 
2026-04-03 13:49:52.170 DEBU [pymycobot.common] _read : FE FE 23 A2 00 01 00 00 00 00 00 00 00 00 00 00 00 00 00 00 00 00 00 00 00 00 00 00 00 00 00 00 00 00 00 00 31 28
2026-04-03 13:49:52.404 DEBU [pymycobot.common] _write: FE FE 03 2B D3 10 
2026-04-03 13:49:52.411 DEBU [pymycobot.common] _read : FE FE 04 2B 01 CD A2
2026-04-03 13:49:52.414 DEBU [pymycobot.common] _write: FE FE 03 20 14 51 
2026-04-03 13:49:52.420 DEBU [pymycobot.common] _read : FE FE 0F 20 F1 37 F4 8B F0 8F FB A2 01 A9 08 3C 7A 36
2026-04-03 13:49:52.524 DEBU [pymycobot.common] _write: FE FE 03 23 15 11 
2026-04-03 13:49:52.534 DEBU [pymycobot.common] _read : FE FE 0F 23 08 14 F4 71 0F A4 BD CB 03 36 C4 CE 3E D1
2026-04-03 13:49:52.647 DEBU [pymycobot.common] _write: FE FE 03 E1 84 90 
2026-04-03 13:49:52.655 DEBU [pymycobot.common] _read : FE FE 0F E1 FD D5 00 83 FF 2E FF C3 00 1B 00 3B 58 F1
2026-04-03 13:49:52.768 DEBU [pymycobot.common] _write: FE FE 03 E2 85 D0 
2026-04-03 13:49:52.775 DEBU [pymycobot.common] _read : FE FE 0F E2 F9 6B 14 8F F9 14 FD 20 01 5E 01 02 88 7D
2026-04-03 13:49:52.890 DEBU [pymycobot.common] _write: FE FE 03 E4 87 50 
2026-04-03 13:49:52.898 DEBU [pymycobot.common] _read : FE FE 0F E4 00 00 00 00 00 00 00 00 00 00 00 00 7A 7F
2026-04-03 13:49:53.010 DEBU [pymycobot.common] _write: FE FE 03 A2 75 D1 
2026-04-03 13:49:53.020 DEBU [pymycobot.common] _read : FE FE 23 A2 00 01 00 00 00 00 00 00 00 00 00 00 00 00 00 00 00 00 00 00 00 00 00 00 00 00 00 00 00 00 00 00 31 28
2026-04-03 13:49:53.134 DEBU [pymycobot.common] _write: FE FE 03 2B D3 10 
2026-04-03 13:49:53.142 DEBU [pymycobot.common] _read : FE FE 04 2B 01 CD A2
2026-04-03 13:49:53.254 DEBU [pymycobot.common] _write: FE FE 03 2B D3 10 
2026-04-03 13:49:53.262 DEBU [pymycobot.common] _read : FE FE 04 2B 01 CD A2
2026-04-03 13:49:53.265 DEBU [pymycobot.common] _write: FE FE 03 20 14 51 
2026-04-03 13:49:53.272 DEBU [pymycobot.common] _read : FE FE 0F 20 E4 BC F7 7E F4 89 FC C2 01 3C 07 1F 7D 0E
2026-04-03 13:49:53.376 DEBU [pymycobot.common] _write: FE FE 03 23 15 11 
2026-04-03 13:49:53.382 DEBU [pymycobot.common] _read : FE FE 0F 23 00 36 F3 8E 13 5B C5 F0 04 BD BA A3 4F 14
2026-04-03 13:49:53.498 DEBU [pymycobot.common] _write: FE FE 03 E1 84 90 
2026-04-03 13:49:53.507 DEBU [pymycobot.common] _read : FE FE 0F E1 FD E0 00 81 FF 21 FF C4 00 14 00 40 14 3C
2026-04-03 13:49:53.620 DEBU [pymycobot.common] _write: FE FE 03 E2 85 D0 
2026-04-03 13:49:53.627 DEBU [pymycobot.common] _read : FE FE 0F E2 F7 CA 0E 29 F9 3F FD AB 01 88 01 0D 52 FE
2026-04-03 13:49:53.740 DEBU [pymycobot.common] _write: FE FE 03 E4 87 50 
2026-04-03 13:49:53.749 DEBU [pymycobot.common] _read : FE FE 0F E4 00 00 00 00 00 00 00 00 00 00 00 00 7A 7F
2026-04-03 13:49:53.862 DEBU [pymycobot.common] _write: FE FE 03 A2 75 D1 
2026-04-03 13:49:53.872 DEBU [pymycobot.common] _read : FE FE 23 A2 00 01 00 00 00 00 00 00 00 00 00 00 00 00 00 00 00 00 00 00 00 00 00 00 00 00 00 00 00 00 00 00 31 28
2026-04-03 13:49:54.104 DEBU [pymycobot.common] _write: FE FE 03 2B D3 10 
2026-04-03 13:49:54.113 DEBU [pymycobot.common] _read : FE FE 04 2B 01 CD A2
2026-04-03 13:49:54.116 DEBU [pymycobot.common] _write: FE FE 03 20 14 51 
2026-04-03 13:49:54.123 DEBU [pymycobot.common] _read : FE FE 0F 20 D8 49 FA 70 F8 80 FD E1 00 CE 06 02 AD AD
2026-04-03 13:49:54.228 DEBU [pymycobot.common] _write: FE FE 03 23 15 11 
2026-04-03 13:49:54.233 DEBU [pymycobot.common] _write: FE FE 03 2B D3 10 
2026-04-03 13:49:54.239 DEBU [pymycobot.common] _read : FE FE 0F 23 FA 4F F8 10 16 85 CE 4E 05 26 3D 19 8A 1F
2026-04-03 13:49:54.245 DEBU [pymycobot.common] _read : FE FE 04 2B 01 CD A2
2026-04-03 13:49:54.349 DEBU [pymycobot.common] _write: FE FE 03 E1 84 90 
2026-04-03 13:49:54.357 DEBU [pymycobot.common] _read : FE FE 0F E1 FD E5 00 83 FF 2C FF C6 00 19 00 39 99 C1
2026-04-03 13:49:54.472 DEBU [pymycobot.common] _write: FE FE 03 E2 85 D0 
2026-04-03 13:49:54.481 DEBU [pymycobot.common] _read : FE FE 0F E2 F8 98 0D 1A FC 1B FE 0C 00 64 00 E1 C2 01
2026-04-03 13:49:54.592 DEBU [pymycobot.common] _write: FE FE 03 E4 87 50 
2026-04-03 13:49:54.601 DEBU [pymycobot.common] _read : FE FE 0F E4 00 00 00 00 00 00 00 00 00 00 00 00 7A 7F
2026-04-03 13:49:54.714 DEBU [pymycobot.common] _write: FE FE 03 A2 75 D1 
2026-04-03 13:49:54.722 DEBU [pymycobot.common] _read : FE FE 23 A2 00 01 00 00 00 00 00 00 00 00 00 00 00 00 00 00 00 00 00 00 00 00 00 00 00 00 00 00 00 00 00 00 31 28
2026-04-03 13:49:54.956 DEBU [pymycobot.common] _write: FE FE 03 2B D3 10 
2026-04-03 13:49:54.964 DEBU [pymycobot.common] _read : FE FE 04 2B 01 CD A2
2026-04-03 13:49:54.967 DEBU [pymycobot.common] _write: FE FE 03 20 14 51 
2026-04-03 13:49:54.975 DEBU [pymycobot.common] _read : FE FE 0F 20 CB CE FD 62 FC 7A FF 01 00 61 04 E5 59 14
2026-04-03 13:49:55.092 DEBU [pymycobot.common] _write: FE FE 03 23 15 11 
2026-04-03 13:49:55.100 DEBU [pymycobot.common] _read : FE FE 0F 23 F9 B7 FE D5 18 D2 D6 C0 04 A5 32 7B 24 05
2026-04-03 13:49:55.215 DEBU [pymycobot.common] _write: FE FE 03 E1 84 90 
2026-04-03 13:49:55.226 DEBU [pymycobot.common] _read : FE FE 0F E1 FD DD 00 7E FF 28 FF BE 00 19 00 43 44 2C
2026-04-03 13:49:55.338 DEBU [pymycobot.common] _write: FE FE 03 E2 85 D0 
2026-04-03 13:49:55.341 DEBU [pymycobot.common] _write: FE FE 03 2B D3 10 
2026-04-03 13:49:55.349 DEBU [pymycobot.common] _read : FE FE 0F E2 F7 18 08 3A FC CE FF 64 00 CC 01 13 E5 D0
2026-04-03 13:49:55.355 DEBU [pymycobot.common] _read : FE FE 04 2B 01 CD A2
2026-04-03 13:49:55.459 DEBU [pymycobot.common] _write: FE FE 03 E4 87 50 
2026-04-03 13:49:55.468 DEBU [pymycobot.common] _read : FE FE 0F E4 00 00 00 00 00 00 00 00 00 00 00 00 7A 7F
2026-04-03 13:49:55.581 DEBU [pymycobot.common] _write: FE FE 03 A2 75 D1 
2026-04-03 13:49:55.591 DEBU [pymycobot.common] _read : FE FE 23 A2 00 01 00 00 00 00 00 00 00 00 00 00 00 00 00 00 00 00 00 00 00 00 00 00 00 00 00 00 00 00 00 00 31 28
2026-04-03 13:49:55.825 DEBU [pymycobot.common] _write: FE FE 03 2B D3 10 
2026-04-03 13:49:55.833 DEBU [pymycobot.common] _read : FE FE 04 2B 01 CD A2
2026-04-03 13:49:55.837 DEBU [pymycobot.common] _write: FE FE 03 20 14 51 
2026-04-03 13:49:55.845 DEBU [pymycobot.common] _read : FE FE 0F 20 C1 60 FF D9 FF CC FF F1 00 05 03 F6 7F 08
2026-04-03 13:49:55.963 DEBU [pymycobot.common] _write: FE FE 03 23 15 11 
2026-04-03 13:49:55.973 DEBU [pymycobot.common] _read : FE FE 0F 23 FC AC 02 68 19 C5 DC BC 03 EB 2A 58 70 0D
2026-04-03 13:49:56.047 DEBU [pymycobot.common] _read : FE FE 04 5B 00 CD 46
2026-04-03 13:49:56.084 DEBU [pymycobot.common] _write: FE FE 03 E1 84 90 
2026-04-03 13:49:56.094 DEBU [pymycobot.common] _read : FE FE 0F E1 FF FB 00 01 FF FD FF FB 00 00 00 00 CD 9D
2026-04-03 13:49:56.207 DEBU [pymycobot.common] _write: FE FE 03 E2 85 D0 
2026-04-03 13:49:56.217 DEBU [pymycobot.common] _read : FE FE 0F E2 00 15 01 B0 FE F8 FF 7E FC E3 00 44 25 5D
2026-04-03 13:49:56.328 DEBU [pymycobot.common] _write: FE FE 03 E4 87 50 
2026-04-03 13:49:56.338 DEBU [pymycobot.common] _read : FE FE 0F E4 00 00 00 00 00 00 00 00 00 00 00 00 7A 7F
2026-04-03 13:49:56.450 DEBU [pymycobot.common] _write: FE FE 03 A2 75 D1 
2026-04-03 13:49:56.458 DEBU [pymycobot.common] _read : FE FE 23 A2 00 00 00 00 00 00 00 00 00 00 00 00 00 00 00 00 00 00 00 00 00 00 00 00 00 00 00 00 00 00 00 00 F1 B9
2026-04-03 13:49:56.483 DEBU [pymycobot.common] _write: FE FE 03 2B D3 10 
2026-04-03 13:49:56.492 DEBU [pymycobot.common] _read : FE FE 04 2B 00 0D 63
2026-04-03 13:49:56.693 DEBU [pymycobot.common] _write: FE FE 03 2B D3 10 
2026-04-03 13:49:56.706 DEBU [pymycobot.common] _read : FE FE 04 2B 00 0D 63
2026-04-03 13:49:56.769 DEBU [pymycobot.common] _write: FE FE 03 2B D3 10 
2026-04-03 13:49:56.780 DEBU [pymycobot.common] _read : FE FE 04 2B 00 0D 63
2026-04-03 13:49:56.846 DEBU [pymycobot.common] _write: FE FE 03 2B D3 10 
2026-04-03 13:49:56.858 DEBU [pymycobot.common] _read : FE FE 04 2B 00 0D 63
2026-04-03 13:49:56.922 DEBU [pymycobot.common] _write: FE FE 03 2B D3 10 
2026-04-03 13:49:56.933 DEBU [pymycobot.common] _read : FE FE 04 2B 00 0D 63
2026-04-03 13:49:56.998 DEBU [pymycobot.common] _write: FE FE 03 2B D3 10 
2026-04-03 13:49:57.010 DEBU [pymycobot.common] _read : FE FE 04 2B 00 0D 63
2026-04-03 13:49:57.015 DEBU [pymycobot.common] _write: FE FE 03 2B D3 10 
2026-04-03 13:49:57.026 DEBU [pymycobot.common] _read : FE FE 04 2B 00 0D 63
2026-04-03 13:49:57.032 DEBU [pymycobot.common] _write: FE FE 10 2A C0 B8 00 00 00 00 00 00 00 00 03 E8 00 06 B7 
2026-04-03 13:49:57.046 DEBU [pymycobot.common] _read : FE FE 04 2A 01 5D A3
2026-04-03 13:49:57.050 DEBU [pymycobot.common] _write: FE FE 10 22 3F 48 00 00 00 00 00 00 03 E8 00 00 19 5B A7 
2026-04-03 13:49:57.061 DEBU [pymycobot.common] _read : FE FE 05 22 FF 01 E7 1C
2026-04-03 13:49:57.076 DEBU [pymycobot.common] _write: FE FE 03 2B D3 10 
2026-04-03 13:49:57.090 DEBU [pymycobot.common] _read : FE FE 04 2B 01 CD A2
2026-04-03 13:49:57.092 DEBU [pymycobot.common] _write: FE FE 03 20 14 51 
2026-04-03 13:49:57.102 DEBU [pymycobot.common] _read : FE FE 0F 20 C0 BB 00 00 00 00 00 00 00 00 03 E7 E2 40
2026-04-03 13:49:57.211 DEBU [pymycobot.common] _write: FE FE 03 23 15 11 
2026-04-03 13:49:57.221 DEBU [pymycobot.common] _read : FE FE 0F 23 FC BA 02 6C 19 C7 DC D8 03 E6 2A 67 23 F6
2026-04-03 13:49:57.334 DEBU [pymycobot.common] _write: FE FE 03 E1 84 90 
2026-04-03 13:49:57.342 DEBU [pymycobot.common] _read : FE FE 0F E1 00 C1 00 00 00 00 FF FF FF F8 00 0A 79 BA
2026-04-03 13:49:57.456 DEBU [pymycobot.common] _write: FE FE 03 E2 85 D0 
2026-04-03 13:49:57.464 DEBU [pymycobot.common] _read : FE FE 0F E2 06 22 01 93 FF 11 FF FB FF 30 00 9F 52 F8
2026-04-03 13:49:57.577 DEBU [pymycobot.common] _write: FE FE 03 E4 87 50 
2026-04-03 13:49:57.585 DEBU [pymycobot.common] _read : FE FE 0F E4 00 00 00 00 00 00 00 00 00 00 00 00 7A 7F
2026-04-03 13:49:57.699 DEBU [pymycobot.common] _write: FE FE 03 A2 75 D1 
2026-04-03 13:49:57.708 DEBU [pymycobot.common] _read : FE FE 23 A2 00 01 00 00 00 00 00 00 00 00 00 00 00 00 00 00 00 00 00 00 00 00 00 00 00 00 00 00 00 00 00 00 31 28
2026-04-03 13:49:57.943 DEBU [pymycobot.common] _write: FE FE 03 2B D3 10 
2026-04-03 13:49:57.952 DEBU [pymycobot.common] _read : FE FE 04 2B 01 CD A2
2026-04-03 13:49:57.955 DEBU [pymycobot.common] _write: FE FE 03 20 14 51 
2026-04-03 13:49:57.962 DEBU [pymycobot.common] _read : FE FE 0F 20 C8 4B 00 00 00 00 00 00 00 3B 03 AC C4 93
2026-04-03 13:49:58.066 DEBU [pymycobot.common] _write: FE FE 03 23 15 11 
2026-04-03 13:49:58.068 DEBU [pymycobot.common] _write: FE FE 03 2B D3 10 
2026-04-03 13:49:58.076 DEBU [pymycobot.common] _read : FE FE 0F 23 FC 0F 00 EF 19 C7 DC D8 03 9F 33 A0 0A FE
2026-04-03 13:49:58.083 DEBU [pymycobot.common] _read : FE FE 04 2B 01 CD A2
2026-04-03 13:49:58.187 DEBU [pymycobot.common] _write: FE FE 03 E1 84 90 
2026-04-03 13:49:58.198 DEBU [pymycobot.common] _read : FE FE 0F E1 02 25 00 00 00 00 00 00 FF EC 00 15 9A 00
2026-04-03 13:49:58.309 DEBU [pymycobot.common] _write: FE FE 03 E2 85 D0 
2026-04-03 13:49:58.318 DEBU [pymycobot.common] _read : FE FE 0F E2 07 9D 01 71 FF 1F FF D2 FE F9 01 15 10 50
2026-04-03 13:49:58.428 DEBU [pymycobot.common] _write: FE FE 03 E4 87 50 
2026-04-03 13:49:58.439 DEBU [pymycobot.common] _read : FE FE 0F E4 00 00 00 00 00 00 00 00 00 00 00 00 7A 7F
2026-04-03 13:49:58.552 DEBU [pymycobot.common] _write: FE FE 03 A2 75 D1 
2026-04-03 13:49:58.560 DEBU [pymycobot.common] _read : FE FE 23 A2 00 01 00 00 00 00 00 00 00 00 00 00 00 00 00 00 00 00 00 00 00 00 00 00 00 00 00 00 00 00 00 00 31 28
2026-04-03 13:49:58.795 DEBU [pymycobot.common] _write: FE FE 03 2B D3 10 
2026-04-03 13:49:58.805 DEBU [pymycobot.common] _read : FE FE 04 2B 01 CD A2
2026-04-03 13:49:58.806 DEBU [pymycobot.common] _write: FE FE 03 20 14 51 
2026-04-03 13:49:58.815 DEBU [pymycobot.common] _read : FE FE 0F 20 D4 CA 00 00 00 00 00 00 00 9D 03 49 BD CE
2026-04-03 13:49:58.931 DEBU [pymycobot.common] _write: FE FE 03 23 15 11 
2026-04-03 13:49:58.942 DEBU [pymycobot.common] _read : FE FE 0F 23 FC 38 FE A6 19 C7 DC D8 03 3A 40 CF E4 51
2026-04-03 13:49:59.053 DEBU [pymycobot.common] _write: FE FE 03 E1 84 90 
2026-04-03 13:49:59.062 DEBU [pymycobot.common] _read : FE FE 0F E1 02 24 00 00 00 01 FF FF FF E9 00 16 BD 44
2026-04-03 13:49:59.177 DEBU [pymycobot.common] _write: FE FE 03 2B D3 10 
2026-04-03 13:49:59.181 DEBU [pymycobot.common] _write: FE FE 03 E2 85 D0 
2026-04-03 13:49:59.186 DEBU [pymycobot.common] _read : FE FE 04 2B 01 CD A2
2026-04-03 13:49:59.192 DEBU [pymycobot.common] _read : FE FE 0F E2 08 FE 01 9F FF 80 FF 84 FE 74 01 13 C9 07
2026-04-03 13:49:59.299 DEBU [pymycobot.common] _write: FE FE 03 E4 87 50 
2026-04-03 13:49:59.308 DEBU [pymycobot.common] _read : FE FE 0F E4 00 00 00 00 00 00 00 00 00 00 00 00 7A 7F
2026-04-03 13:49:59.423 DEBU [pymycobot.common] _write: FE FE 03 A2 75 D1 
2026-04-03 13:49:59.432 DEBU [pymycobot.common] _read : FE FE 23 A2 00 01 00 00 00 00 00 00 00 00 00 00 00 00 00 00 00 00 00 00 00 00 00 00 00 00 00 00 00 00 00 00 31 28
2026-04-03 13:49:59.669 DEBU [pymycobot.common] _write: FE FE 03 2B D3 10 
2026-04-03 13:49:59.677 DEBU [pymycobot.common] _read : FE FE 04 2B 01 CD A2
2026-04-03 13:49:59.679 DEBU [pymycobot.common] _write: FE FE 03 20 14 51 
2026-04-03 13:49:59.686 DEBU [pymycobot.common] _read : FE FE 0F 20 E1 81 00 00 00 00 00 00 01 03 02 E5 EB 93
2026-04-03 13:49:59.790 DEBU [pymycobot.common] _write: FE FE 03 23 15 11 
2026-04-03 13:49:59.801 DEBU [pymycobot.common] _read : FE FE 0F 23 FD 8D FC DC 19 C7 DC D8 02 D7 C1 15 83 21
2026-04-03 13:49:59.913 DEBU [pymycobot.common] _write: FE FE 03 E1 84 90 
2026-04-03 13:49:59.922 DEBU [pymycobot.common] _read : FE FE 0F E1 02 1F 00 00 00 00 FF FD FF E9 00 15 98 B7
2026-04-03 13:50:00.034 DEBU [pymycobot.common] _write: FE FE 03 E2 85 D0 
2026-04-03 13:50:00.043 DEBU [pymycobot.common] _read : FE FE 0F E2 09 20 01 9F FF 00 FF DD FF 0C 00 2C 81 3B
2026-04-03 13:50:00.154 DEBU [pymycobot.common] _write: FE FE 03 E4 87 50 
2026-04-03 13:50:00.163 DEBU [pymycobot.common] _read : FE FE 0F E4 00 00 00 00 00 00 00 00 00 00 00 00 7A 7F
2026-04-03 13:50:00.276 DEBU [pymycobot.common] _write: FE FE 03 A2 75 D1 
2026-04-03 13:50:00.278 DEBU [pymycobot.common] _write: FE FE 03 2B D3 10 
2026-04-03 13:50:00.285 DEBU [pymycobot.common] _read : FE FE 23 A2 00 01 00 00 00 00 00 00 00 00 00 00 00 00 00 00 00 00 00 00 00 00 00 00 00 00 00 00 00 00 00 00 31 28
2026-04-03 13:50:00.291 DEBU [pymycobot.common] _read : FE FE 04 2B 01 CD A2
2026-04-03 13:50:00.521 DEBU [pymycobot.common] _write: FE FE 03 2B D3 10 
2026-04-03 13:50:00.529 DEBU [pymycobot.common] _read : FE FE 04 2B 01 CD A2
2026-04-03 13:50:00.531 DEBU [pymycobot.common] _write: FE FE 03 20 14 51 
2026-04-03 13:50:00.539 DEBU [pymycobot.common] _read : FE FE 0F 20 ED F8 00 00 00 00 00 00 01 65 02 82 53 A6
2026-04-03 13:50:00.644 DEBU [pymycobot.common] _write: FE FE 03 23 15 11 
2026-04-03 13:50:00.654 DEBU [pymycobot.common] _read : FE FE 0F 23 FF A0 FC 12 19 C7 DC D8 02 75 CE 09 96 F1
2026-04-03 13:50:00.765 DEBU [pymycobot.common] _write: FE FE 03 E1 84 90 
2026-04-03 13:50:00.776 DEBU [pymycobot.common] _read : FE FE 0F E1 02 24 00 00 FF FF 00 00 FF ED 00 17 6C 94
2026-04-03 13:50:00.886 DEBU [pymycobot.common] _write: FE FE 03 E2 85 D0 
2026-04-03 13:50:00.898 DEBU [pymycobot.common] _read : FE FE 0F E2 0B C3 01 6C FE EE 00 02 FF 39 00 94 57 D4
2026-04-03 13:50:01.009 DEBU [pymycobot.common] _write: FE FE 03 E4 87 50 
2026-04-03 13:50:01.018 DEBU [pymycobot.common] _read : FE FE 0F E4 00 00 00 00 00 00 00 00 00 00 00 00 7A 7F
2026-04-03 13:50:01.131 DEBU [pymycobot.common] _write: FE FE 03 A2 75 D1 
2026-04-03 13:50:01.142 DEBU [pymycobot.common] _read : FE FE 23 A2 00 01 00 00 00 00 00 00 00 00 00 00 00 00 00 00 00 00 00 00 00 00 00 00 00 00 00 00 00 00 00 00 31 28
2026-04-03 13:50:01.362 DEBU [pymycobot.common] _write: FE FE 03 2B D3 10 
2026-04-03 13:50:01.370 DEBU [pymycobot.common] _read : FE FE 04 2B 01 CD A2
2026-04-03 13:50:01.377 DEBU [pymycobot.common] _write: FE FE 03 2B D3 10 
2026-04-03 13:50:01.384 DEBU [pymycobot.common] _read : FE FE 04 2B 01 CD A2
2026-04-03 13:50:01.387 DEBU [pymycobot.common] _write: FE FE 03 20 14 51 
2026-04-03 13:50:01.395 DEBU [pymycobot.common] _read : FE FE 0F 20 FA 99 00 00 00 00 00 00 01 C9 02 1E D2 A8
2026-04-03 13:50:01.514 DEBU [pymycobot.common] _write: FE FE 03 23 15 11 
2026-04-03 13:50:01.522 DEBU [pymycobot.common] _read : FE FE 0F 23 01 C8 FC 84 19 C7 DC D8 02 10 DB 02 CF 57
2026-04-03 13:50:01.633 DEBU [pymycobot.common] _write: FE FE 03 E1 84 90 
2026-04-03 13:50:01.642 DEBU [pymycobot.common] _read : FE FE 0F E1 02 22 00 00 00 00 00 00 FF E8 00 0F E4 DA
2026-04-03 13:50:01.756 DEBU [pymycobot.common] _write: FE FE 03 E2 85 D0 
2026-04-03 13:50:01.765 DEBU [pymycobot.common] _read : FE FE 0F E2 07 D2 01 9F FF 1C FF B4 FF 0F 00 8D 9D 6A
2026-04-03 13:50:01.877 DEBU [pymycobot.common] _write: FE FE 03 E4 87 50 
2026-04-03 13:50:01.885 DEBU [pymycobot.common] _read : FE FE 0F E4 00 00 00 00 00 00 00 00 00 00 00 00 7A 7F
2026-04-03 13:50:01.998 DEBU [pymycobot.common] _write: FE FE 03 A2 75 D1 
2026-04-03 13:50:02.005 DEBU [pymycobot.common] _read : FE FE 23 A2 00 01 00 00 00 00 00 00 00 00 00 00 00 00 00 00 00 00 00 00 00 00 00 00 00 00 00 00 00 00 00 00 31 28
2026-04-03 13:50:02.229 DEBU [pymycobot.common] _write: FE FE 03 2B D3 10 
2026-04-03 13:50:02.236 DEBU [pymycobot.common] _read : FE FE 04 2B 01 CD A2
2026-04-03 13:50:02.238 DEBU [pymycobot.common] _write: FE FE 03 20 14 51 
2026-04-03 13:50:02.247 DEBU [pymycobot.common] _read : FE FE 0F 20 07 0B 00 00 00 00 00 00 02 2B 01 BC 81 D1
2026-04-03 13:50:02.351 DEBU [pymycobot.common] _write: FE FE 03 23 15 11 
2026-04-03 13:50:02.360 DEBU [pymycobot.common] _read : FE FE 0F 23 03 54 FE 02 19 C7 DC D8 01 AF E7 C5 C4 E6
2026-04-03 13:50:02.473 DEBU [pymycobot.common] _write: FE FE 03 E1 84 90 
2026-04-03 13:50:02.475 DEBU [pymycobot.common] _write: FE FE 03 2B D3 10 
2026-04-03 13:50:02.481 DEBU [pymycobot.common] _read : FE FE 0F E1 02 25 00 00 00 00 00 00 FF E9 00 14 5B D1
2026-04-03 13:50:02.487 DEBU [pymycobot.common] _read : FE FE 04 2B 01 CD A2
2026-04-03 13:50:02.595 DEBU [pymycobot.common] _write: FE FE 03 E2 85 D0 
2026-04-03 13:50:02.604 DEBU [pymycobot.common] _read : FE FE 0F E2 08 75 01 33 FF 2A 00 20 FF AE 00 B6 18 A8
2026-04-03 13:50:02.715 DEBU [pymycobot.common] _write: FE FE 03 E4 87 50 
2026-04-03 13:50:02.722 DEBU [pymycobot.common] _read : FE FE 0F E4 00 00 00 00 00 00 00 00 00 00 00 00 7A 7F
2026-04-03 13:50:02.836 DEBU [pymycobot.common] _write: FE FE 03 A2 75 D1 
2026-04-03 13:50:02.844 DEBU [pymycobot.common] _read : FE FE 23 A2 00 01 00 00 00 00 00 00 00 00 00 00 00 00 00 00 00 00 00 00 00 00 00 00 00 00 00 00 00 00 00 00 31 28
2026-04-03 13:50:03.077 DEBU [pymycobot.common] _write: FE FE 03 2B D3 10 
2026-04-03 13:50:03.084 DEBU [pymycobot.common] _read : FE FE 04 2B 01 CD A2
2026-04-03 13:50:03.085 DEBU [pymycobot.common] _write: FE FE 03 20 14 51 
2026-04-03 13:50:03.091 DEBU [pymycobot.common] _read : FE FE 0F 20 13 70 00 00 00 00 00 00 02 8D 01 5A FD 0F
2026-04-03 13:50:03.200 DEBU [pymycobot.common] _write: FE FE 03 23 15 11 
2026-04-03 13:50:03.208 DEBU [pymycobot.common] _read : FE FE 0F 23 03 D8 00 14 19 C7 DC D8 01 4D F4 97 FB DE
2026-04-03 13:50:03.323 DEBU [pymycobot.common] _write: FE FE 03 E1 84 90 
2026-04-03 13:50:03.330 DEBU [pymycobot.common] _read : FE FE 0F E1 02 1E 00 00 00 00 FF FF FF EC 00 19 A0 DA
2026-04-03 13:50:03.446 DEBU [pymycobot.common] _write: FE FE 03 E2 85 D0 
2026-04-03 13:50:03.455 DEBU [pymycobot.common] _read : FE FE 0F E2 07 CD 01 9F FF 35 00 5B FE C3 01 1C AC 76
2026-04-03 13:50:03.567 DEBU [pymycobot.common] _write: FE FE 03 E4 87 50 
2026-04-03 13:50:03.570 DEBU [pymycobot.common] _write: FE FE 03 2B D3 10 
2026-04-03 13:50:03.575 DEBU [pymycobot.common] _read : FE FE 0F E4 00 00 00 00 00 00 00 00 00 00 00 00 7A 7F
2026-04-03 13:50:03.581 DEBU [pymycobot.common] _read : FE FE 04 2B 01 CD A2
2026-04-03 13:50:03.690 DEBU [pymycobot.common] _write: FE FE 03 A2 75 D1 
2026-04-03 13:50:03.700 DEBU [pymycobot.common] _read : FE FE 23 A2 00 01 00 00 00 00 00 00 00 00 00 00 00 00 00 00 00 00 00 00 00 00 00 00 00 00 00 00 00 00 00 00 31 28
2026-04-03 13:50:03.934 DEBU [pymycobot.common] _write: FE FE 03 2B D3 10 
2026-04-03 13:50:03.942 DEBU [pymycobot.common] _read : FE FE 04 2B 01 CD A2
2026-04-03 13:50:03.944 DEBU [pymycobot.common] _write: FE FE 03 20 14 51 
2026-04-03 13:50:03.951 DEBU [pymycobot.common] _read : FE FE 0F 20 20 09 00 00 00 00 00 00 02 F1 00 F6 D1 0F
2026-04-03 13:50:04.057 DEBU [pymycobot.common] _write: FE FE 03 23 15 11 
2026-04-03 13:50:04.066 DEBU [pymycobot.common] _read : FE FE 0F 23 03 2A 02 1F 19 C7 DC D8 00 EA 01 9D F2 73
2026-04-03 13:50:04.179 DEBU [pymycobot.common] _write: FE FE 03 E1 84 90 
2026-04-03 13:50:04.187 DEBU [pymycobot.common] _read : FE FE 0F E1 02 1B 00 01 00 00 00 00 FF ED 00 15 22 97
2026-04-03 13:50:04.299 DEBU [pymycobot.common] _write: FE FE 03 E2 85 D0 
2026-04-03 13:50:04.309 DEBU [pymycobot.common] _read : FE FE 0F E2 0A 67 01 92 FF 15 FF 4A FE F0 00 5F 95 99
2026-04-03 13:50:04.421 DEBU [pymycobot.common] _write: FE FE 03 E4 87 50 
2026-04-03 13:50:04.431 DEBU [pymycobot.common] _read : FE FE 0F E4 00 00 00 00 00 00 00 00 00 00 00 00 7A 7F
2026-04-03 13:50:04.545 DEBU [pymycobot.common] _write: FE FE 03 A2 75 D1 
2026-04-03 13:50:04.554 DEBU [pymycobot.common] _read : FE FE 23 A2 00 01 00 00 00 00 00 00 00 00 00 00 00 00 00 00 00 00 00 00 00 00 00 00 00 00 00 00 00 00 00 00 31 28
2026-04-03 13:50:04.667 DEBU [pymycobot.common] _write: FE FE 03 2B D3 10 
2026-04-03 13:50:04.676 DEBU [pymycobot.common] _read : FE FE 04 2B 01 CD A2
2026-04-03 13:50:04.788 DEBU [pymycobot.common] _write: FE FE 03 2B D3 10 
2026-04-03 13:50:04.798 DEBU [pymycobot.common] _read : FE FE 04 2B 01 CD A2
2026-04-03 13:50:04.800 DEBU [pymycobot.common] _write: FE FE 03 20 14 51 
2026-04-03 13:50:04.811 DEBU [pymycobot.common] _read : FE FE 0F 20 2C A2 00 00 00 00 00 00 03 54 00 93 13 E9
2026-04-03 13:50:04.923 DEBU [pymycobot.common] _write: FE FE 03 23 15 11 
2026-04-03 13:50:04.935 DEBU [pymycobot.common] _read : FE FE 0F 23 01 81 03 76 19 C7 DC D8 00 85 0E A2 79 4B
2026-04-03 13:50:05.044 DEBU [pymycobot.common] _write: FE FE 03 E1 84 90 
2026-04-03 13:50:05.056 DEBU [pymycobot.common] _read : FE FE 0F E1 02 2D 00 00 00 00 FF FF FF EC 00 14 21 EB
2026-04-03 13:50:05.166 DEBU [pymycobot.common] _write: FE FE 03 E2 85 D0 
2026-04-03 13:50:05.178 DEBU [pymycobot.common] _read : FE FE 0F E2 06 F9 01 D0 FF 1F 00 02 FF 70 00 8F 45 37
2026-04-03 13:50:05.289 DEBU [pymycobot.common] _write: FE FE 03 E4 87 50 
2026-04-03 13:50:05.299 DEBU [pymycobot.common] _read : FE FE 0F E4 00 00 00 00 00 00 00 00 00 00 00 00 7A 7F
2026-04-03 13:50:05.410 DEBU [pymycobot.common] _write: FE FE 03 A2 75 D1 
2026-04-03 13:50:05.421 DEBU [pymycobot.common] _read : FE FE 23 A2 00 01 00 00 00 00 00 00 00 00 00 00 00 00 00 00 00 00 00 00 00 00 00 00 00 00 00 00 00 00 00 00 31 28
2026-04-03 13:50:05.655 DEBU [pymycobot.common] _write: FE FE 03 2B D3 10 
2026-04-03 13:50:05.666 DEBU [pymycobot.common] _read : FE FE 04 2B 01 CD A2
2026-04-03 13:50:05.669 DEBU [pymycobot.common] _write: FE FE 03 2B D3 10 
2026-04-03 13:50:05.672 DEBU [pymycobot.common] _write: FE FE 03 20 14 51 
2026-04-03 13:50:05.679 DEBU [pymycobot.common] _read : FE FE 04 2B 01 CD A2
2026-04-03 13:50:05.690 DEBU [pymycobot.common] _read : FE FE 0F 20 39 68 00 00 00 00 00 00 03 B9 00 2E 7F A9
2026-04-03 13:50:05.807 DEBU [pymycobot.common] _write: FE FE 03 23 15 11 
2026-04-03 13:50:05.816 DEBU [pymycobot.common] _read : FE FE 0F 23 FF 5E 03 AF 19 C7 DC D8 00 1F 1B EB A4 61
2026-04-03 13:50:05.928 DEBU [pymycobot.common] _write: FE FE 03 E1 84 90 
2026-04-03 13:50:05.939 DEBU [pymycobot.common] _read : FE FE 0F E1 01 75 00 00 00 00 00 01 FF F4 00 12 9A F9
2026-04-03 13:50:06.051 DEBU [pymycobot.common] _write: FE FE 03 E2 85 D0 
2026-04-03 13:50:06.059 DEBU [pymycobot.common] _read : FE FE 0F E2 06 5E 01 71 FF 26 FF 3E FF 0E 00 E9 9F D7
2026-04-03 13:50:06.170 DEBU [pymycobot.common] _write: FE FE 03 E4 87 50 
2026-04-03 13:50:06.179 DEBU [pymycobot.common] _read : FE FE 0F E4 00 00 00 00 00 00 00 00 00 00 00 00 7A 7F
2026-04-03 13:50:06.292 DEBU [pymycobot.common] _write: FE FE 03 A2 75 D1 
2026-04-03 13:50:06.301 DEBU [pymycobot.common] _read : FE FE 23 A2 00 01 00 00 00 00 00 00 00 00 00 00 00 00 00 00 00 00 00 00 00 00 00 00 00 00 00 00 00 00 00 00 31 28
2026-04-03 13:50:06.390 DEBU [pymycobot.common] _read : FE FE 04 5B 00 CD 46
2026-04-03 13:50:06.534 DEBU [pymycobot.common] _write: FE FE 03 2B D3 10 
2026-04-03 13:50:06.543 DEBU [pymycobot.common] _read : FE FE 04 2B 00 0D 63
2026-04-03 13:50:06.609 DEBU [pymycobot.common] _write: FE FE 03 2B D3 10 
2026-04-03 13:50:06.620 DEBU [pymycobot.common] _read : FE FE 04 2B 00 0D 63
2026-04-03 13:50:06.686 DEBU [pymycobot.common] _write: FE FE 03 2B D3 10 
2026-04-03 13:50:06.694 DEBU [pymycobot.common] _read : FE FE 04 2B 00 0D 63
2026-04-03 13:50:06.761 DEBU [pymycobot.common] _write: FE FE 03 2B D3 10 
2026-04-03 13:50:06.771 DEBU [pymycobot.common] _read : FE FE 04 2B 00 0D 63
2026-04-03 13:50:06.808 DEBU [pymycobot.common] _write: FE FE 03 2B D3 10 
2026-04-03 13:50:06.817 DEBU [pymycobot.common] _read : FE FE 04 2B 00 0D 63
2026-04-03 13:50:06.838 DEBU [pymycobot.common] _write: FE FE 03 2B D3 10 
2026-04-03 13:50:06.846 DEBU [pymycobot.common] _read : FE FE 04 2B 00 0D 63
2026-04-03 13:50:06.915 DEBU [pymycobot.common] _write: FE FE 03 2B D3 10 
2026-04-03 13:50:06.925 DEBU [pymycobot.common] _read : FE FE 04 2B 00 0D 63
2026-04-03 13:50:06.990 DEBU [pymycobot.common] _write: FE FE 03 2B D3 10 
2026-04-03 13:50:07.000 DEBU [pymycobot.common] _read : FE FE 04 2B 00 0D 63
2026-04-03 13:50:07.067 DEBU [pymycobot.common] _write: FE FE 03 2B D3 10 
2026-04-03 13:50:07.078 DEBU [pymycobot.common] _read : FE FE 04 2B 00 0D 63
2026-04-03 13:50:07.144 DEBU [pymycobot.common] _write: FE FE 03 2B D3 10 
2026-04-03 13:50:07.156 DEBU [pymycobot.common] _read : FE FE 04 2B 00 0D 63
2026-04-03 13:50:07.220 DEBU [pymycobot.common] _write: FE FE 03 2B D3 10 
2026-04-03 13:50:07.231 DEBU [pymycobot.common] _read : FE FE 04 2B 00 0D 63
2026-04-03 13:50:07.296 DEBU [pymycobot.common] _write: FE FE 03 2B D3 10 
2026-04-03 13:50:07.307 DEBU [pymycobot.common] _read : FE FE 04 2B 00 0D 63
2026-04-03 13:50:07.325 DEBU [pymycobot.common] _write: FE FE 03 2B D3 10 
2026-04-03 13:50:07.337 DEBU [pymycobot.common] _read : FE FE 04 2B 00 0D 63
2026-04-03 13:50:07.340 DEBU [pymycobot.common] _write: FE FE 10 2A 3F 48 00 00 00 00 00 00 03 E8 00 00 00 59 6F 
2026-04-03 13:50:07.349 DEBU [pymycobot.common] _read : FE FE 04 2A 01 5D A3
2026-04-03 13:50:07.354 DEBU [pymycobot.common] _write: FE FE 10 22 00 00 CF 2C 23 28 00 00 00 00 03 E8 19 29 5E 
2026-04-03 13:50:07.364 DEBU [pymycobot.common] _read : FE FE 05 22 FF 01 E7 1C
2026-04-03 13:50:07.371 DEBU [pymycobot.common] _write: FE FE 03 2B D3 10 
2026-04-03 13:50:07.383 DEBU [pymycobot.common] _read : FE FE 04 2B 01 CD A2
2026-04-03 13:50:07.385 DEBU [pymycobot.common] _write: FE FE 03 20 14 51 
2026-04-03 13:50:07.397 DEBU [pymycobot.common] _read : FE FE 0F 20 3F 47 00 00 00 00 00 00 03 E8 00 00 6E EB
2026-04-03 13:50:07.509 DEBU [pymycobot.common] _write: FE FE 03 23 15 11 
2026-04-03 13:50:07.518 DEBU [pymycobot.common] _read : FE FE 0F 23 FE B0 03 89 19 C6 DC CE 00 04 1F D2 FB A6
2026-04-03 13:50:07.632 DEBU [pymycobot.common] _write: FE FE 03 E1 84 90 
2026-04-03 13:50:07.642 DEBU [pymycobot.common] _read : FE FE 0F E1 FF 48 FF 72 FF 7C 00 01 00 11 FF F4 EB CD
2026-04-03 13:50:07.754 DEBU [pymycobot.common] _write: FE FE 03 E2 85 D0 
2026-04-03 13:50:07.763 DEBU [pymycobot.common] _read : FE FE 0F E2 FA 65 F9 7A FD AA FF E4 01 CC FF 14 14 2C
2026-04-03 13:50:07.877 DEBU [pymycobot.common] _write: FE FE 03 E4 87 50 
2026-04-03 13:50:07.889 DEBU [pymycobot.common] _read : FE FE 0F E4 00 00 00 00 00 00 00 00 00 00 00 00 7A 7F
2026-04-03 13:50:07.999 DEBU [pymycobot.common] _write: FE FE 03 A2 75 D1 
2026-04-03 13:50:08.010 DEBU [pymycobot.common] _read : FE FE 23 A2 00 01 00 00 00 00 00 00 00 00 00 00 00 00 00 00 00 00 00 00 00 00 00 00 00 00 00 00 00 00 00 00 31 28
2026-04-03 13:50:08.245 DEBU [pymycobot.common] _write: FE FE 03 2B D3 10 
2026-04-03 13:50:08.257 DEBU [pymycobot.common] _read : FE FE 04 2B 01 CD A2
2026-04-03 13:50:08.259 DEBU [pymycobot.common] _write: FE FE 03 20 14 51 
2026-04-03 13:50:08.269 DEBU [pymycobot.common] _read : FE FE 0F 20 37 A9 FA 20 04 3B 00 00 03 6F 00 77 87 AE
2026-04-03 13:50:08.379 DEBU [pymycobot.common] _write: FE FE 03 2B D3 10 
2026-04-03 13:50:08.381 DEBU [pymycobot.common] _write: FE FE 03 23 15 11 
2026-04-03 13:50:08.390 DEBU [pymycobot.common] _read : FE FE 04 2B 01 CD A2
2026-04-03 13:50:08.398 DEBU [pymycobot.common] _read : FE FE 0F 23 FD F6 05 DE 19 2D DA E6 00 DE 16 03 03 0F
2026-04-03 13:50:08.516 DEBU [pymycobot.common] _write: FE FE 03 E1 84 90 
2026-04-03 13:50:08.527 DEBU [pymycobot.common] _read : FE FE 0F E1 FD E1 FE 5E FE 7F 00 00 00 2C FF D5 6E 1B
2026-04-03 13:50:08.638 DEBU [pymycobot.common] _write: FE FE 03 E2 85 D0 
2026-04-03 13:50:08.648 DEBU [pymycobot.common] _read : FE FE 0F E2 F8 DB FD F4 FC 52 FF D2 00 FC FE 8D 84 6B
2026-04-03 13:50:08.760 DEBU [pymycobot.common] _write: FE FE 03 E4 87 50 
2026-04-03 13:50:08.771 DEBU [pymycobot.common] _read : FE FE 0F E4 00 00 00 00 00 00 00 00 00 00 00 00 7A 7F
2026-04-03 13:50:08.881 DEBU [pymycobot.common] _write: FE FE 03 A2 75 D1 
2026-04-03 13:50:08.892 DEBU [pymycobot.common] _read : FE FE 23 A2 00 01 00 00 00 00 00 00 00 00 00 00 00 00 00 00 00 00 00 00 00 00 00 00 00 00 00 00 00 00 00 00 31 28
2026-04-03 13:50:09.125 DEBU [pymycobot.common] _write: FE FE 03 2B D3 10 
2026-04-03 13:50:09.136 DEBU [pymycobot.common] _read : FE FE 04 2B 01 CD A2
2026-04-03 13:50:09.139 DEBU [pymycobot.common] _write: FE FE 03 20 14 51 
2026-04-03 13:50:09.149 DEBU [pymycobot.common] _read : FE FE 0F 20 2A CD F0 33 0B 60 00 00 02 A4 01 41 8B CB
2026-04-03 13:50:09.262 DEBU [pymycobot.common] _write: FE FE 03 23 15 11 
2026-04-03 13:50:09.274 DEBU [pymycobot.common] _read : FE FE 0F 23 00 88 09 DF 17 13 D8 0D 01 E1 08 0E 78 70
2026-04-03 13:50:09.382 DEBU [pymycobot.common] _write: FE FE 03 E1 84 90 
2026-04-03 13:50:09.385 DEBU [pymycobot.common] _write: FE FE 03 2B D3 10 
2026-04-03 13:50:09.393 DEBU [pymycobot.common] _read : FE FE 0F E1 FD D8 FE 5B FE 7E 00 00 00 25 FF D7 A1 B4
2026-04-03 13:50:09.400 DEBU [pymycobot.common] _read : FE FE 04 2B 01 CD A2
2026-04-03 13:50:09.503 DEBU [pymycobot.common] _write: FE FE 03 E2 85 D0 
2026-04-03 13:50:09.514 DEBU [pymycobot.common] _read : FE FE 0F E2 F6 04 00 FA FC DD FF C7 01 5B FE FD 2D 00
2026-04-03 13:50:09.624 DEBU [pymycobot.common] _write: FE FE 03 E4 87 50 
2026-04-03 13:50:09.631 DEBU [pymycobot.common] _read : FE FE 0F E4 00 00 00 00 00 00 00 00 00 00 00 00 7A 7F
2026-04-03 13:50:09.746 DEBU [pymycobot.common] _write: FE FE 03 A2 75 D1 
2026-04-03 13:50:09.753 DEBU [pymycobot.common] _read : FE FE 23 A2 00 01 00 00 00 00 00 00 00 00 00 00 00 00 00 00 00 00 00 00 00 00 00 00 00 00 00 00 00 00 00 00 31 28
2026-04-03 13:50:09.991 DEBU [pymycobot.common] _write: FE FE 03 2B D3 10 
2026-04-03 13:50:09.997 DEBU [pymycobot.common] _read : FE FE 04 2B 01 CD A2
2026-04-03 13:50:09.999 DEBU [pymycobot.common] _write: FE FE 03 20 14 51 
2026-04-03 13:50:10.005 DEBU [pymycobot.common] _read : FE FE 0F 20 1E 3B E6 81 12 5B 00 00 01 DD 02 0A 5D 70
2026-04-03 13:50:10.114 DEBU [pymycobot.common] _write: FE FE 03 23 15 11 
2026-04-03 13:50:10.121 DEBU [pymycobot.common] _read : FE FE 0F 23 06 90 0A C5 13 F7 D5 51 02 9A FA 5F 93 C5
2026-04-03 13:50:10.236 DEBU [pymycobot.common] _write: FE FE 03 E1 84 90 
2026-04-03 13:50:10.246 DEBU [pymycobot.common] _read : FE FE 0F E1 FD DA FE 5C FE 82 00 00 00 30 FF D5 23 35
2026-04-03 13:50:10.356 DEBU [pymycobot.common] _write: FE FE 03 E2 85 D0 
2026-04-03 13:50:10.365 DEBU [pymycobot.common] _read : FE FE 0F E2 F7 85 FE A1 FC 41 FE 98 00 F3 FF 6B E2 73
2026-04-03 13:50:10.480 DEBU [pymycobot.common] _write: FE FE 03 E4 87 50 
2026-04-03 13:50:10.482 DEBU [pymycobot.common] _write: FE FE 03 2B D3 10 
2026-04-03 13:50:10.488 DEBU [pymycobot.common] _read : FE FE 0F E4 00 00 00 00 00 00 00 00 00 00 00 00 7A 7F
2026-04-03 13:50:10.495 DEBU [pymycobot.common] _read : FE FE 04 2B 01 CD A2
2026-04-03 13:50:10.601 DEBU [pymycobot.common] _write: FE FE 03 A2 75 D1 
2026-04-03 13:50:10.611 DEBU [pymycobot.common] _read : FE FE 23 A2 00 01 00 00 00 00 00 00 00 00 00 00 00 00 00 00 00 00 00 00 00 00 00 00 00 00 00 00 00 00 00 00 31 28
2026-04-03 13:50:10.845 DEBU [pymycobot.common] _write: FE FE 03 2B D3 10 
2026-04-03 13:50:10.853 DEBU [pymycobot.common] _read : FE FE 04 2B 01 CD A2
2026-04-03 13:50:10.855 DEBU [pymycobot.common] _write: FE FE 03 20 14 51 
2026-04-03 13:50:10.862 DEBU [pymycobot.common] _read : FE FE 0F 20 11 A6 DC CB 19 59 00 00 01 16 02 D0 4D 5F
2026-04-03 13:50:10.966 DEBU [pymycobot.common] _write: FE FE 03 23 15 11 
2026-04-03 13:50:10.974 DEBU [pymycobot.common] _read : FE FE 0F 23 0C 7D 06 9C 10 3F D2 8E 03 0D EC 84 1E 84
2026-04-03 13:50:11.088 DEBU [pymycobot.common] _write: FE FE 03 E1 84 90 
2026-04-03 13:50:11.095 DEBU [pymycobot.common] _read : FE FE 0F E1 FD D6 FE 67 FE 82 FF FD 00 25 FF D7 9C C4
2026-04-03 13:50:11.208 DEBU [pymycobot.common] _write: FE FE 03 E2 85 D0 
2026-04-03 13:50:11.219 DEBU [pymycobot.common] _read : FE FE 0F E2 FC A3 FF E0 FC 3F FE 91 01 3B FE FE 1C 4D
2026-04-03 13:50:11.330 DEBU [pymycobot.common] _write: FE FE 03 E4 87 50 
2026-04-03 13:50:11.338 DEBU [pymycobot.common] _read : FE FE 0F E4 00 00 00 00 00 00 00 00 00 00 00 00 7A 7F
2026-04-03 13:50:11.453 DEBU [pymycobot.common] _write: FE FE 03 A2 75 D1 
2026-04-03 13:50:11.460 DEBU [pymycobot.common] _read : FE FE 23 A2 00 01 00 00 00 00 00 00 00 00 00 00 00 00 00 00 00 00 00 00 00 00 00 00 00 00 00 00 00 00 00 00 31 28
2026-04-03 13:50:11.575 DEBU [pymycobot.common] _write: FE FE 03 2B D3 10 
2026-04-03 13:50:11.583 DEBU [pymycobot.common] _read : FE FE 04 2B 01 CD A2
2026-04-03 13:50:11.696 DEBU [pymycobot.common] _write: FE FE 03 2B D3 10 
2026-04-03 13:50:11.705 DEBU [pymycobot.common] _read : FE FE 04 2B 01 CD A2
2026-04-03 13:50:11.707 DEBU [pymycobot.common] _write: FE FE 03 20 14 51 
2026-04-03 13:50:11.714 DEBU [pymycobot.common] _read : FE FE 0F 20 05 31 D3 2E 20 45 00 00 00 51 03 96 9B 61
2026-04-03 13:50:11.817 DEBU [pymycobot.common] _write: FE FE 03 23 15 11 
2026-04-03 13:50:11.825 DEBU [pymycobot.common] _read : FE FE 0F 23 0E 4B FF 04 0C 7D CF C4 03 34 DE B3 DE FF
2026-04-03 13:50:11.939 DEBU [pymycobot.common] _write: FE FE 03 E1 84 90 
2026-04-03 13:50:11.948 DEBU [pymycobot.common] _read : FE FE 0F E1 FE 95 FE E5 FF 08 00 00 00 1D FF E2 BE 30
2026-04-03 13:50:12.060 DEBU [pymycobot.common] _write: FE FE 03 E2 85 D0 
2026-04-03 13:50:12.070 DEBU [pymycobot.common] _read : FE FE 0F E2 F2 BE 01 47 FC C2 FE E9 01 15 FF 3B A9 5C
2026-04-03 13:50:12.181 DEBU [pymycobot.common] _write: FE FE 03 E4 87 50 
2026-04-03 13:50:12.191 DEBU [pymycobot.common] _read : FE FE 0F E4 00 00 00 00 00 00 00 00 00 00 00 00 7A 7F
2026-04-03 13:50:12.308 DEBU [pymycobot.common] _write: FE FE 03 A2 75 D1 
2026-04-03 13:50:12.328 DEBU [pymycobot.common] _read : FE FE 23 A2 00 01 00 00 00 00 00 00 00 00 00 00 00 00 00 00 00 00 00 00 00 00 00 00 00 00 00 00 00 00 00 00 31 28
2026-04-03 13:50:12.377 DEBU [pymycobot.common] _read : FE FE 04 5B 00 CD 46
2026-04-03 13:50:12.563 DEBU [pymycobot.common] _write: FE FE 03 2B D3 10 
2026-04-03 13:50:12.571 DEBU [pymycobot.common] _read : FE FE 04 2B 00 0D 63
2026-04-03 13:50:12.624 DEBU [pymycobot.common] _write: FE FE 03 2B D3 10 
2026-04-03 13:50:12.631 DEBU [pymycobot.common] _read : FE FE 04 2B 00 0D 63
2026-04-03 13:50:12.686 DEBU [pymycobot.common] _write: FE FE 03 2B D3 10 
2026-04-03 13:50:12.693 DEBU [pymycobot.common] _read : FE FE 04 2B 00 0D 63
2026-04-03 13:50:12.746 DEBU [pymycobot.common] _write: FE FE 03 2B D3 10 
2026-04-03 13:50:12.755 DEBU [pymycobot.common] _read : FE FE 04 2B 00 0D 63
2026-04-03 13:50:12.808 DEBU [pymycobot.common] _write: FE FE 03 2B D3 10 
2026-04-03 13:50:12.815 DEBU [pymycobot.common] _read : FE FE 04 2B 00 0D 63
2026-04-03 13:50:12.822 DEBU [pymycobot.common] _write: FE FE 03 2B D3 10 
2026-04-03 13:50:12.830 DEBU [pymycobot.common] _read : FE FE 04 2B 00 0D 63
2026-04-03 13:50:12.883 DEBU [pymycobot.common] _write: FE FE 03 2B D3 10 
2026-04-03 13:50:12.891 DEBU [pymycobot.common] _read : FE FE 04 2B 00 0D 63
2026-04-03 13:50:12.944 DEBU [pymycobot.common] _write: FE FE 03 2B D3 10 
2026-04-03 13:50:12.953 DEBU [pymycobot.common] _read : FE FE 04 2B 00 0D 63
2026-04-03 13:50:13.019 DEBU [pymycobot.common] _write: FE FE 03 2B D3 10 
2026-04-03 13:50:13.026 DEBU [pymycobot.common] _read : FE FE 04 2B 00 0D 63
2026-04-03 13:50:13.081 DEBU [pymycobot.common] _write: FE FE 03 2B D3 10 
2026-04-03 13:50:13.089 DEBU [pymycobot.common] _read : FE FE 04 2B 00 0D 63
2026-04-03 13:50:13.144 DEBU [pymycobot.common] _write: FE FE 03 2B D3 10 
2026-04-03 13:50:13.152 DEBU [pymycobot.common] _read : FE FE 04 2B 00 0D 63
2026-04-03 13:50:13.220 DEBU [pymycobot.common] _write: FE FE 03 2B D3 10 
2026-04-03 13:50:13.229 DEBU [pymycobot.common] _read : FE FE 04 2B 00 0D 63
2026-04-03 13:50:13.281 DEBU [pymycobot.common] _write: FE FE 03 2B D3 10 
2026-04-03 13:50:13.291 DEBU [pymycobot.common] _read : FE FE 04 2B 00 0D 63
2026-04-03 13:50:13.327 DEBU [pymycobot.common] _write: FE FE 03 2B D3 10 
2026-04-03 13:50:13.336 DEBU [pymycobot.common] _read : FE FE 04 2B 00 0D 63
2026-04-03 13:50:13.340 DEBU [pymycobot.common] _write: FE FE 10 2A 00 00 CF 2C 23 28 00 00 00 00 03 E8 00 2B 96 
2026-04-03 13:50:13.348 DEBU [pymycobot.common] _read : FE FE 04 2A 01 5D A3
2026-04-03 13:50:13.351 DEBU [pymycobot.common] _write: FE FE 10 22 00 00 30 D4 DC D8 00 00 03 E8 00 00 19 07 6C 
2026-04-03 13:50:13.357 DEBU [pymycobot.common] _write: FE FE 03 2B D3 10 
2026-04-03 13:50:13.362 DEBU [pymycobot.common] _read : FE FE 05 22 FF 01 E7 1C
2026-04-03 13:50:13.370 DEBU [pymycobot.common] _read : FE FE 04 2B 01 CD A2
2026-04-03 13:50:13.371 DEBU [pymycobot.common] _write: FE FE 03 20 14 51 
2026-04-03 13:50:13.382 DEBU [pymycobot.common] _read : FE FE 0F 20 00 00 CF 2D 23 27 00 00 00 00 03 E7 17 D1
2026-04-03 13:50:13.494 DEBU [pymycobot.common] _write: FE FE 03 23 15 11 
2026-04-03 13:50:13.506 DEBU [pymycobot.common] _read : FE FE 0F 23 0D BC FC AA 0B 87 CF 0F 03 32 DA 9B 23 FA
2026-04-03 13:50:13.615 DEBU [pymycobot.common] _write: FE FE 03 E1 84 90 
2026-04-03 13:50:13.624 DEBU [pymycobot.common] _read : FE FE 0F E1 FF FF 00 C4 00 A2 00 00 FF F6 00 04 97 27
2026-04-03 13:50:13.736 DEBU [pymycobot.common] _write: FE FE 03 E2 85 D0 
2026-04-03 13:50:13.745 DEBU [pymycobot.common] _read : FE FE 0F E2 00 91 18 E6 00 46 FE BE FF 5D 01 34 D9 56
2026-04-03 13:50:13.858 DEBU [pymycobot.common] _write: FE FE 03 E4 87 50 
2026-04-03 13:50:13.867 DEBU [pymycobot.common] _read : FE FE 0F E4 00 00 00 00 00 00 00 00 00 00 00 00 7A 7F
2026-04-03 13:50:13.980 DEBU [pymycobot.common] _write: FE FE 03 A2 75 D1 
2026-04-03 13:50:13.988 DEBU [pymycobot.common] _read : FE FE 23 A2 00 01 00 00 00 00 00 00 00 00 00 00 00 00 00 00 00 00 00 00 00 00 00 00 00 00 00 00 00 00 00 00 31 28
2026-04-03 13:50:14.223 DEBU [pymycobot.common] _write: FE FE 03 2B D3 10 
2026-04-03 13:50:14.233 DEBU [pymycobot.common] _read : FE FE 04 2B 01 CD A2
2026-04-03 13:50:14.236 DEBU [pymycobot.common] _write: FE FE 03 20 14 51 
2026-04-03 13:50:14.243 DEBU [pymycobot.common] _read : FE FE 0F 20 00 00 D6 71 1D EC 00 00 00 4A 03 9D CF F1
2026-04-03 13:50:14.359 DEBU [pymycobot.common] _write: FE FE 03 23 15 11 
2026-04-03 13:50:14.363 DEBU [pymycobot.common] _write: FE FE 03 2B D3 10 
2026-04-03 13:50:14.370 DEBU [pymycobot.common] _read : FE FE 0F 23 0D FD FC B3 0E E5 D1 84 03 47 DB 75 D0 B8
2026-04-03 13:50:14.376 DEBU [pymycobot.common] _read : FE FE 04 2B 01 CD A2
2026-04-03 13:50:14.482 DEBU [pymycobot.common] _write: FE FE 03 E1 84 90 
2026-04-03 13:50:14.490 DEBU [pymycobot.common] _read : FE FE 0F E1 00 00 02 1A 01 F2 00 03 FF E4 00 1C 3C 46
2026-04-03 13:50:14.605 DEBU [pymycobot.common] _write: FE FE 03 E2 85 D0 
2026-04-03 13:50:14.613 DEBU [pymycobot.common] _read : FE FE 0F E2 FF C1 14 FB 01 86 FF 54 FF 41 00 9C 8C 8D
2026-04-03 13:50:14.726 DEBU [pymycobot.common] _write: FE FE 03 E4 87 50 
2026-04-03 13:50:14.735 DEBU [pymycobot.common] _read : FE FE 0F E4 00 00 00 00 00 00 00 00 00 00 00 00 7A 7F
2026-04-03 13:50:14.847 DEBU [pymycobot.common] _write: FE FE 03 A2 75 D1 
2026-04-03 13:50:14.858 DEBU [pymycobot.common] _read : FE FE 23 A2 00 01 00 00 00 00 00 00 00 00 00 00 00 00 00 00 00 00 00 00 00 00 00 00 00 00 00 00 00 00 00 00 31 28
2026-04-03 13:50:15.090 DEBU [pymycobot.common] _write: FE FE 03 2B D3 10 
2026-04-03 13:50:15.098 DEBU [pymycobot.common] _read : FE FE 04 2B 01 CD A2
2026-04-03 13:50:15.102 DEBU [pymycobot.common] _write: FE FE 03 20 14 51 
2026-04-03 13:50:15.110 DEBU [pymycobot.common] _read : FE FE 0F 20 00 00 E3 20 14 CA 00 00 00 CB 03 1C 53 07
2026-04-03 13:50:15.226 DEBU [pymycobot.common] _write: FE FE 03 23 15 11 
2026-04-03 13:50:15.236 DEBU [pymycobot.common] _read : FE FE 0F 23 0C 46 FC C1 13 DE D5 33 03 26 DC A7 2C 26
2026-04-03 13:50:15.352 DEBU [pymycobot.common] _write: FE FE 03 E1 84 90 
2026-04-03 13:50:15.363 DEBU [pymycobot.common] _read : FE FE 0F E1 00 00 02 20 01 E8 00 00 FF E4 00 19 5F 53
2026-04-03 13:50:15.365 DEBU [pymycobot.common] _write: FE FE 03 2B D3 10 
2026-04-03 13:50:15.373 DEBU [pymycobot.common] _read : FE FE 04 2B 01 CD A2
2026-04-03 13:50:15.471 DEBU [pymycobot.common] _write: FE FE 03 E2 85 D0 
2026-04-03 13:50:15.482 DEBU [pymycobot.common] _read : FE FE 0F E2 FF ED 13 74 FF 00 FF 13 FF 3D 00 EF C2 D5
2026-04-03 13:50:15.592 DEBU [pymycobot.common] _write: FE FE 03 E4 87 50 
2026-04-03 13:50:15.602 DEBU [pymycobot.common] _read : FE FE 0F E4 00 00 00 00 00 00 00 00 00 00 00 00 7A 7F
2026-04-03 13:50:15.715 DEBU [pymycobot.common] _write: FE FE 03 A2 75 D1 
2026-04-03 13:50:15.724 DEBU [pymycobot.common] _read : FE FE 23 A2 00 01 00 00 00 00 00 00 00 00 00 00 00 00 00 00 00 00 00 00 00 00 00 00 00 00 00 00 00 00 00 00 31 28
2026-04-03 13:50:15.958 DEBU [pymycobot.common] _write: FE FE 03 2B D3 10 
2026-04-03 13:50:15.969 DEBU [pymycobot.common] _read : FE FE 04 2B 01 CD A2
2026-04-03 13:50:15.971 DEBU [pymycobot.common] _write: FE FE 03 20 14 51 
2026-04-03 13:50:15.982 DEBU [pymycobot.common] _read : FE FE 0F 20 00 00 EF E6 0B 98 00 00 01 4F 02 99 A6 0F
2026-04-03 13:50:16.096 DEBU [pymycobot.common] _write: FE FE 03 23 15 11 
2026-04-03 13:50:16.107 DEBU [pymycobot.common] _read : FE FE 0F 23 08 58 FC CE 17 D2 D8 D5 02 BA DD C2 6A 33
2026-04-03 13:50:16.217 DEBU [pymycobot.common] _write: FE FE 03 E1 84 90 
2026-04-03 13:50:16.225 DEBU [pymycobot.common] _read : FE FE 0F E1 00 00 02 22 01 F0 00 01 FF E4 00 1B 3F 6E
2026-04-03 13:50:16.340 DEBU [pymycobot.common] _write: FE FE 03 E2 85 D0 
2026-04-03 13:50:16.348 DEBU [pymycobot.common] _read : FE FE 0F E2 FF D2 10 1E 00 A6 FF 84 FF 3D 00 B6 92 00
2026-04-03 13:50:16.463 DEBU [pymycobot.common] _write: FE FE 03 E4 87 50 
2026-04-03 13:50:16.465 DEBU [pymycobot.common] _write: FE FE 03 2B D3 10 
2026-04-03 13:50:16.471 DEBU [pymycobot.common] _read : FE FE 0F E4 00 00 00 00 00 00 00 00 00 00 00 00 7A 7F
2026-04-03 13:50:16.479 DEBU [pymycobot.common] _read : FE FE 04 2B 01 CD A2
2026-04-03 13:50:16.583 DEBU [pymycobot.common] _write: FE FE 03 A2 75 D1 
2026-04-03 13:50:16.591 DEBU [pymycobot.common] _read : FE FE 23 A2 00 01 00 00 00 00 00 00 00 00 00 00 00 00 00 00 00 00 00 00 00 00 00 00 00 00 00 00 00 00 00 00 31 28
2026-04-03 13:50:16.827 DEBU [pymycobot.common] _write: FE FE 03 2B D3 10 
2026-04-03 13:50:16.837 DEBU [pymycobot.common] _read : FE FE 04 2B 01 CD A2
2026-04-03 13:50:16.839 DEBU [pymycobot.common] _write: FE FE 03 20 14 51 
2026-04-03 13:50:16.847 DEBU [pymycobot.common] _read : FE FE 0F 20 00 00 FC 92 02 78 00 00 01 D0 02 17 D0 38
2026-04-03 13:50:16.964 DEBU [pymycobot.common] _write: FE FE 03 23 15 11 
2026-04-03 13:50:16.974 DEBU [pymycobot.common] _read : FE FE 0F 23 03 12 FC DC 19 B5 DC 56 02 0F DE B0 2B 34
2026-04-03 13:50:17.084 DEBU [pymycobot.common] _write: FE FE 03 E1 84 90 
2026-04-03 13:50:17.093 DEBU [pymycobot.common] _read : FE FE 0F E1 00 00 02 1C 01 E4 00 00 FF E9 00 1A 9C 4F
2026-04-03 13:50:17.207 DEBU [pymycobot.common] _write: FE FE 03 E2 85 D0 
2026-04-03 13:50:17.216 DEBU [pymycobot.common] _read : FE FE 0F E2 00 03 08 97 02 D8 FF FE FE 3C 01 00 5F 66
2026-04-03 13:50:17.330 DEBU [pymycobot.common] _write: FE FE 03 E4 87 50 
2026-04-03 13:50:17.339 DEBU [pymycobot.common] _read : FE FE 0F E4 00 00 00 00 00 00 00 00 00 00 00 00 7A 7F
2026-04-03 13:50:17.452 DEBU [pymycobot.common] _write: FE FE 03 A2 75 D1 
2026-04-03 13:50:17.463 DEBU [pymycobot.common] _read : FE FE 23 A2 00 01 00 00 00 00 00 00 00 00 00 00 00 00 00 00 00 00 00 00 00 00 00 00 00 00 00 00 00 00 00 00 31 28
2026-04-03 13:50:17.465 DEBU [pymycobot.common] _write: FE FE 03 2B D3 10 
2026-04-03 13:50:17.474 DEBU [pymycobot.common] _read : FE FE 04 2B 01 CD A2
2026-04-03 13:50:17.694 DEBU [pymycobot.common] _write: FE FE 03 2B D3 10 
2026-04-03 13:50:17.706 DEBU [pymycobot.common] _read : FE FE 04 2B 01 CD A2
2026-04-03 13:50:17.707 DEBU [pymycobot.common] _write: FE FE 03 20 14 51 
2026-04-03 13:50:17.718 DEBU [pymycobot.common] _read : FE FE 0F 20 00 00 09 5E F9 41 00 00 02 52 01 94 CF 2E
2026-04-03 13:50:17.853 DEBU [pymycobot.common] _write: FE FE 03 23 15 11 
2026-04-03 13:50:17.864 DEBU [pymycobot.common] _read : FE FE 0F 23 FD 5A FC EA 19 1A E0 09 01 22 DF 72 8A 40
2026-04-03 13:50:17.981 DEBU [pymycobot.common] _write: FE FE 03 E1 84 90 
2026-04-03 13:50:17.991 DEBU [pymycobot.common] _read : FE FE 0F E1 FF FF 02 27 01 E3 FF FF FF E5 00 1A 77 BA
2026-04-03 13:50:18.102 DEBU [pymycobot.common] _write: FE FE 03 E2 85 D0 
2026-04-03 13:50:18.112 DEBU [pymycobot.common] _read : FE FE 0F E2 00 08 02 AE 04 97 FF EC FF 69 00 C2 0A 4A
2026-04-03 13:50:18.224 DEBU [pymycobot.common] _write: FE FE 03 E4 87 50 
2026-04-03 13:50:18.233 DEBU [pymycobot.common] _read : FE FE 0F E4 00 00 00 00 00 00 00 00 00 00 00 00 7A 7F
2026-04-03 13:50:18.345 DEBU [pymycobot.common] _write: FE FE 03 A2 75 D1 
2026-04-03 13:50:18.354 DEBU [pymycobot.common] _read : FE FE 23 A2 00 01 00 00 00 00 00 00 00 00 00 00 00 00 00 00 00 00 00 00 00 00 00 00 00 00 00 00 00 00 00 00 31 28
2026-04-03 13:50:18.467 DEBU [pymycobot.common] _write: FE FE 03 2B D3 10 
2026-04-03 13:50:18.473 DEBU [pymycobot.common] _read : FE FE 04 2B 01 CD A2
2026-04-03 13:50:18.587 DEBU [pymycobot.common] _write: FE FE 03 2B D3 10 
2026-04-03 13:50:18.596 DEBU [pymycobot.common] _read : FE FE 04 2B 01 CD A2
2026-04-03 13:50:18.601 DEBU [pymycobot.common] _write: FE FE 03 20 14 51 
2026-04-03 13:50:18.609 DEBU [pymycobot.common] _read : FE FE 0F 20 00 00 16 73 EF D6 00 00 02 D9 01 0E 95 49
2026-04-03 13:50:18.725 DEBU [pymycobot.common] _write: FE FE 03 23 15 11 
2026-04-03 13:50:18.735 DEBU [pymycobot.common] _read : FE FE 0F 23 F8 C9 FC F7 16 3A E3 AE 00 0E DF EF 64 7E
2026-04-03 13:50:18.848 DEBU [pymycobot.common] _write: FE FE 03 E1 84 90 
2026-04-03 13:50:18.858 DEBU [pymycobot.common] _read : FE FE 0F E1 00 00 02 1C 01 E9 00 00 FF E7 00 21 4C B3
2026-04-03 13:50:18.969 DEBU [pymycobot.common] _write: FE FE 03 E2 85 D0 
2026-04-03 13:50:18.977 DEBU [pymycobot.common] _read : FE FE 0F E2 00 26 02 2B 04 A0 00 53 FE FA 00 E0 6B BD
2026-04-03 13:50:19.091 DEBU [pymycobot.common] _write: FE FE 03 E4 87 50 
2026-04-03 13:50:19.099 DEBU [pymycobot.common] _read : FE FE 0F E4 00 00 00 00 00 00 00 00 00 00 00 00 7A 7F
2026-04-03 13:50:19.212 DEBU [pymycobot.common] _write: FE FE 03 A2 75 D1 
2026-04-03 13:50:19.222 DEBU [pymycobot.common] _read : FE FE 23 A2 00 01 00 00 00 00 00 00 00 00 00 00 00 00 00 00 00 00 00 00 00 00 00 00 00 00 00 00 00 00 00 00 31 28
2026-04-03 13:50:19.454 DEBU [pymycobot.common] _write: FE FE 03 2B D3 10 
2026-04-03 13:50:19.464 DEBU [pymycobot.common] _read : FE FE 04 2B 01 CD A2
2026-04-03 13:50:19.467 DEBU [pymycobot.common] _write: FE FE 03 20 14 51 
2026-04-03 13:50:19.475 DEBU [pymycobot.common] _read : FE FE 0F 20 00 00 23 14 E6 BC 00 00 03 5B 00 8C 01 FD
2026-04-03 13:50:19.477 DEBU [pymycobot.common] _write: FE FE 03 2B D3 10 
2026-04-03 13:50:19.484 DEBU [pymycobot.common] _read : FE FE 04 2B 01 CD A2
2026-04-03 13:50:19.593 DEBU [pymycobot.common] _write: FE FE 03 23 15 11 
2026-04-03 13:50:19.604 DEBU [pymycobot.common] _read : FE FE 0F 23 F6 59 FD 05 12 15 E7 18 FE E6 E0 22 C6 50
2026-04-03 13:50:19.712 DEBU [pymycobot.common] _write: FE FE 03 E1 84 90 
2026-04-03 13:50:19.721 DEBU [pymycobot.common] _read : FE FE 0F E1 00 00 02 23 01 E9 FF FF FF E6 00 1B 75 77
2026-04-03 13:50:19.834 DEBU [pymycobot.common] _write: FE FE 03 E2 85 D0 
2026-04-03 13:50:19.842 DEBU [pymycobot.common] _read : FE FE 0F E2 00 1F FF AC 04 9F 00 40 FF 69 00 EB EE 45
2026-04-03 13:50:19.955 DEBU [pymycobot.common] _write: FE FE 03 E4 87 50 
2026-04-03 13:50:19.966 DEBU [pymycobot.common] _read : FE FE 0F E4 00 00 00 00 00 00 00 00 00 00 00 00 7A 7F
2026-04-03 13:50:20.076 DEBU [pymycobot.common] _write: FE FE 03 A2 75 D1 
2026-04-03 13:50:20.084 DEBU [pymycobot.common] _read : FE FE 23 A2 00 01 00 00 00 00 00 00 00 00 00 00 00 00 00 00 00 00 00 00 00 00 00 00 00 00 00 00 00 00 00 00 31 28
2026-04-03 13:50:20.319 DEBU [pymycobot.common] _write: FE FE 03 2B D3 10 
2026-04-03 13:50:20.328 DEBU [pymycobot.common] _read : FE FE 04 2B 01 CD A2
2026-04-03 13:50:20.330 DEBU [pymycobot.common] _write: FE FE 03 20 14 51 
2026-04-03 13:50:20.337 DEBU [pymycobot.common] _read : FE FE 0F 20 00 00 2E D6 DE 46 00 00 03 D3 00 14 A3 FC
2026-04-03 13:50:20.441 DEBU [pymycobot.common] _write: FE FE 03 23 15 11 
2026-04-03 13:50:20.451 DEBU [pymycobot.common] _read : FE FE 0F 23 F6 06 FD 10 0E 7A EA 0C FD E0 E0 13 93 1D
2026-04-03 13:50:20.563 DEBU [pymycobot.common] _write: FE FE 03 E1 84 90 
2026-04-03 13:50:20.565 DEBU [pymycobot.common] _write: FE FE 03 2B D3 10 
2026-04-03 13:50:20.572 DEBU [pymycobot.common] _read : FE FE 0F E1 00 00 00 97 00 8E 00 00 FF F9 00 05 67 B7
2026-04-03 13:50:20.579 DEBU [pymycobot.common] _read : FE FE 04 2B 01 CD A2
2026-04-03 13:50:20.685 DEBU [pymycobot.common] _write: FE FE 03 E2 85 D0 
2026-04-03 13:50:20.692 DEBU [pymycobot.common] _read : FE FE 0F E2 00 0C FE 42 03 99 00 26 FF 7D 00 DE F6 65
2026-04-03 13:50:20.717 DEBU [pymycobot.common] _read : FE FE 04 5B 00 CD 46
2026-04-03 13:50:20.807 DEBU [pymycobot.common] _write: FE FE 03 E4 87 50 
2026-04-03 13:50:20.815 DEBU [pymycobot.common] _read : FE FE 0F E4 00 00 00 00 00 00 00 00 00 00 00 00 7A 7F
2026-04-03 13:50:20.928 DEBU [pymycobot.common] _write: FE FE 03 A2 75 D1 
2026-04-03 13:50:20.937 DEBU [pymycobot.common] _read : FE FE 23 A2 00 00 00 00 00 00 00 00 00 00 00 00 00 00 00 00 00 00 00 00 00 00 00 00 00 00 00 00 00 00 00 00 F1 B9
2026-04-03 13:50:21.142 DEBU [pymycobot.common] _write: FE FE 03 2B D3 10 
2026-04-03 13:50:21.150 DEBU [pymycobot.common] _read : FE FE 04 2B 00 0D 63
2026-04-03 13:50:21.171 DEBU [pymycobot.common] _write: FE FE 03 2B D3 10 
2026-04-03 13:50:21.180 DEBU [pymycobot.common] _read : FE FE 04 2B 00 0D 63
2026-04-03 13:50:21.246 DEBU [pymycobot.common] _write: FE FE 03 2B D3 10 
2026-04-03 13:50:21.255 DEBU [pymycobot.common] _read : FE FE 04 2B 00 0D 63
2026-04-03 13:50:21.320 DEBU [pymycobot.common] _write: FE FE 03 2B D3 10 
2026-04-03 13:50:21.327 DEBU [pymycobot.common] _read : FE FE 04 2B 00 0D 63
2026-04-03 13:50:21.381 DEBU [pymycobot.common] _write: FE FE 03 2B D3 10 
2026-04-03 13:50:21.388 DEBU [pymycobot.common] _read : FE FE 04 2B 00 0D 63
2026-04-03 13:50:21.441 DEBU [pymycobot.common] _write: FE FE 03 2B D3 10 
2026-04-03 13:50:21.448 DEBU [pymycobot.common] _read : FE FE 04 2B 00 0D 63
2026-04-03 13:50:21.503 DEBU [pymycobot.common] _write: FE FE 03 2B D3 10 
2026-04-03 13:50:21.511 DEBU [pymycobot.common] _read : FE FE 04 2B 00 0D 63
2026-04-03 13:50:21.579 DEBU [pymycobot.common] _write: FE FE 03 2B D3 10 
2026-04-03 13:50:21.590 DEBU [pymycobot.common] _read : FE FE 04 2B 00 0D 63
2026-04-03 13:50:21.654 DEBU [pymycobot.common] _write: FE FE 03 2B D3 10 
2026-04-03 13:50:21.665 DEBU [pymycobot.common] _read : FE FE 04 2B 00 0D 63
2026-04-03 13:50:21.669 DEBU [pymycobot.common] _write: FE FE 03 2B D3 10 
2026-04-03 13:50:21.681 DEBU [pymycobot.common] _read : FE FE 04 2B 00 0D 63
2026-04-03 13:50:21.684 DEBU [pymycobot.common] _write: FE FE 10 2A 00 00 30 D4 DC D8 00 00 03 E8 00 00 00 05 A4 
2026-04-03 13:50:21.697 DEBU [pymycobot.common] _read : FE FE 04 2A 01 5D A3
2026-04-03 13:50:21.703 DEBU [pymycobot.common] _write: FE FE 10 22 03 E8 00 00 C3 D8 00 00 DC D8 00 00 19 7A A6 
2026-04-03 13:50:21.715 DEBU [pymycobot.common] _read : FE FE 05 22 FF 01 E7 1C
2026-04-03 13:50:21.730 DEBU [pymycobot.common] _write: FE FE 03 2B D3 10 
2026-04-03 13:50:21.739 DEBU [pymycobot.common] _read : FE FE 04 2B 01 CD A2
2026-04-03 13:50:21.741 DEBU [pymycobot.common] _write: FE FE 03 20 14 51 
2026-04-03 13:50:21.747 DEBU [pymycobot.common] _read : FE FE 0F 20 00 00 30 D3 DC D8 00 00 03 E7 00 00 42 1C
2026-04-03 13:50:21.866 DEBU [pymycobot.common] _write: FE FE 03 23 15 11 
2026-04-03 13:50:21.877 DEBU [pymycobot.common] _read : FE FE 0F 23 F6 30 FD 0B 0E 3F EA 0B FD E8 DF F9 52 F2
2026-04-03 13:50:21.988 DEBU [pymycobot.common] _write: FE FE 03 E1 84 90 
2026-04-03 13:50:21.997 DEBU [pymycobot.common] _read : FE FE 0F E1 00 0F FF 40 00 7E FF FF 00 C6 00 00 7A 39
2026-04-03 13:50:22.111 DEBU [pymycobot.common] _write: FE FE 03 E2 85 D0 
2026-04-03 13:50:22.122 DEBU [pymycobot.common] _read : FE FE 0F E2 04 B1 EB FF 04 33 00 AE 01 47 00 6D 26 7E
2026-04-03 13:50:22.232 DEBU [pymycobot.common] _write: FE FE 03 E4 87 50 
2026-04-03 13:50:22.240 DEBU [pymycobot.common] _read : FE FE 0F E4 00 00 00 00 00 00 00 00 00 00 00 00 7A 7F
2026-04-03 13:50:22.353 DEBU [pymycobot.common] _write: FE FE 03 A2 75 D1 
2026-04-03 13:50:22.363 DEBU [pymycobot.common] _read : FE FE 23 A2 00 01 00 00 00 00 00 00 00 00 00 00 00 00 00 00 00 00 00 00 00 00 00 00 00 00 00 00 00 00 00 00 31 28
2026-04-03 13:50:22.597 DEBU [pymycobot.common] _write: FE FE 03 2B D3 10 
2026-04-03 13:50:22.606 DEBU [pymycobot.common] _read : FE FE 04 2B 01 CD A2
2026-04-03 13:50:22.608 DEBU [pymycobot.common] _write: FE FE 03 20 14 51 
2026-04-03 13:50:22.616 DEBU [pymycobot.common] _read : FE FE 0F 20 00 99 29 50 D8 FE 00 00 FD E3 00 00 48 5D
2026-04-03 13:50:22.718 DEBU [pymycobot.common] _write: FE FE 03 2B D3 10 
2026-04-03 13:50:22.728 DEBU [pymycobot.common] _read : FE FE 04 2B 01 CD A2
2026-04-03 13:50:22.734 DEBU [pymycobot.common] _write: FE FE 03 23 15 11 
2026-04-03 13:50:22.743 DEBU [pymycobot.common] _read : FE FE 0F 23 FB C3 FC 27 11 5A DC 5F FF ED DA 15 B6 DD
2026-04-03 13:50:22.855 DEBU [pymycobot.common] _write: FE FE 03 E1 84 90 
2026-04-03 13:50:22.864 DEBU [pymycobot.common] _read : FE FE 0F E1 00 2A FD D9 01 62 00 00 02 1D 00 00 7F 89
2026-04-03 13:50:22.977 DEBU [pymycobot.common] _write: FE FE 03 E2 85 D0 
2026-04-03 13:50:22.987 DEBU [pymycobot.common] _read : FE FE 0F E2 05 78 EF 93 00 4E FF 03 01 CC 00 40 B9 48
2026-04-03 13:50:23.100 DEBU [pymycobot.common] _write: FE FE 03 E4 87 50 
2026-04-03 13:50:23.110 DEBU [pymycobot.common] _read : FE FE 0F E4 00 00 00 00 00 00 00 00 00 00 00 00 7A 7F
2026-04-03 13:50:23.221 DEBU [pymycobot.common] _write: FE FE 03 A2 75 D1 
2026-04-03 13:50:23.230 DEBU [pymycobot.common] _read : FE FE 23 A2 00 01 00 00 00 00 00 00 00 00 00 00 00 00 00 00 00 00 00 00 00 00 00 00 00 00 00 00 00 00 00 00 31 28
2026-04-03 13:50:23.463 DEBU [pymycobot.common] _write: FE FE 03 2B D3 10 
2026-04-03 13:50:23.472 DEBU [pymycobot.common] _read : FE FE 04 2B 01 CD A2
2026-04-03 13:50:23.474 DEBU [pymycobot.common] _write: FE FE 03 20 14 51 
2026-04-03 13:50:23.482 DEBU [pymycobot.common] _read : FE FE 0F 20 01 9B 1C BE D2 90 00 00 F3 D7 00 00 E7 72
2026-04-03 13:50:23.600 DEBU [pymycobot.common] _write: FE FE 03 23 15 11 
2026-04-03 13:50:23.609 DEBU [pymycobot.common] _read : FE FE 0F 23 03 27 FB 8D 10 08 CB 6D F5 BA D5 28 25 F4
2026-04-03 13:50:23.723 DEBU [pymycobot.common] _write: FE FE 03 E1 84 90 
2026-04-03 13:50:23.726 DEBU [pymycobot.common] _write: FE FE 03 2B D3 10 
2026-04-03 13:50:23.734 DEBU [pymycobot.common] _read : FE FE 0F E1 00 2B FD E6 01 5E 00 01 02 18 00 00 B0 49
2026-04-03 13:50:23.739 DEBU [pymycobot.common] _read : FE FE 04 2B 01 CD A2
2026-04-03 13:50:23.843 DEBU [pymycobot.common] _write: FE FE 03 E2 85 D0 
2026-04-03 13:50:23.854 DEBU [pymycobot.common] _read : FE FE 0F E2 03 93 F6 AC FF 0C FF 05 02 22 00 5B 67 73
2026-04-03 13:50:23.966 DEBU [pymycobot.common] _write: FE FE 03 E4 87 50 
2026-04-03 13:50:23.976 DEBU [pymycobot.common] _read : FE FE 0F E4 00 00 00 00 00 00 00 00 00 00 00 00 7A 7F
2026-04-03 13:50:24.088 DEBU [pymycobot.common] _write: FE FE 03 A2 75 D1 
2026-04-03 13:50:24.098 DEBU [pymycobot.common] _read : FE FE 23 A2 00 01 00 00 00 00 00 00 00 00 00 00 00 00 00 00 00 00 00 00 00 00 00 00 00 00 00 00 00 00 00 00 31 28
2026-04-03 13:50:24.331 DEBU [pymycobot.common] _write: FE FE 03 2B D3 10 
2026-04-03 13:50:24.341 DEBU [pymycobot.common] _read : FE FE 04 2B 01 CD A2
2026-04-03 13:50:24.344 DEBU [pymycobot.common] _write: FE FE 03 20 14 51 
2026-04-03 13:50:24.356 DEBU [pymycobot.common] _read : FE FE 0F 20 02 A3 0F D3 CB FE 00 00 E9 91 00 00 E6 0A
2026-04-03 13:50:24.467 DEBU [pymycobot.common] _write: FE FE 03 23 15 11 
2026-04-03 13:50:24.478 DEBU [pymycobot.common] _read : FE FE 0F 23 06 B5 FB 69 0B 0B 3E D4 E8 A2 E6 28 CD 9D
2026-04-03 13:50:24.588 DEBU [pymycobot.common] _write: FE FE 03 E1 84 90 
2026-04-03 13:50:24.597 DEBU [pymycobot.common] _read : FE FE 0F E1 00 2B FD E0 01 58 00 03 02 32 00 00 18 5C
2026-04-03 13:50:24.709 DEBU [pymycobot.common] _write: FE FE 03 E2 85 D0 
2026-04-03 13:50:24.721 DEBU [pymycobot.common] _read : FE FE 0F E2 04 83 FA 9D FC BA FF 2D 01 2C 00 5F 5E DC
2026-04-03 13:50:24.723 DEBU [pymycobot.common] _write: FE FE 03 2B D3 10 
2026-04-03 13:50:24.732 DEBU [pymycobot.common] _read : FE FE 04 2B 01 CD A2
2026-04-03 13:50:24.832 DEBU [pymycobot.common] _write: FE FE 03 E4 87 50 
2026-04-03 13:50:24.841 DEBU [pymycobot.common] _read : FE FE 0F E4 00 00 00 00 00 00 00 00 00 00 00 00 7A 7F
2026-04-03 13:50:24.954 DEBU [pymycobot.common] _write: FE FE 03 A2 75 D1 
2026-04-03 13:50:24.964 DEBU [pymycobot.common] _read : FE FE 23 A2 00 01 00 00 00 00 00 00 00 00 00 00 00 00 00 00 00 00 00 00 00 00 00 00 00 00 00 00 00 00 00 00 31 28
2026-04-03 13:50:25.196 DEBU [pymycobot.common] _write: FE FE 03 2B D3 10 
2026-04-03 13:50:25.205 DEBU [pymycobot.common] _read : FE FE 04 2B 01 CD A2
2026-04-03 13:50:25.206 DEBU [pymycobot.common] _write: FE FE 03 20 14 51 
2026-04-03 13:50:25.215 DEBU [pymycobot.common] _read : FE FE 0F 20 03 A0 03 7E C5 A3 00 00 DF A4 00 00 06 8A
2026-04-03 13:50:25.332 DEBU [pymycobot.common] _write: FE FE 03 23 15 11 
2026-04-03 13:50:25.341 DEBU [pymycobot.common] _read : FE FE 0F 23 05 FF FB 43 06 65 24 56 F2 9E 01 A3 49 F2
2026-04-03 13:50:25.454 DEBU [pymycobot.common] _write: FE FE 03 E1 84 90 
2026-04-03 13:50:25.463 DEBU [pymycobot.common] _read : FE FE 0F E1 00 15 FE FA 00 A7 00 00 00 F8 FF FF 6A 7E
2026-04-03 13:50:25.578 DEBU [pymycobot.common] _write: FE FE 03 E2 85 D0 
2026-04-03 13:50:25.586 DEBU [pymycobot.common] _read : FE FE 0F E2 05 34 FC 71 FE F5 FF E9 00 EC 00 6D 29 5F
2026-04-03 13:50:25.698 DEBU [pymycobot.common] _write: FE FE 03 E4 87 50 
2026-04-03 13:50:25.709 DEBU [pymycobot.common] _read : FE FE 0F E4 00 00 00 00 00 00 00 00 00 00 00 00 7A 7F
2026-04-03 13:50:25.743 DEBU [pymycobot.common] _read : FE FE 04 5B 00 CD 46
2026-04-03 13:50:25.818 DEBU [pymycobot.common] _write: FE FE 03 A2 75 D1 
2026-04-03 13:50:25.827 DEBU [pymycobot.common] _read : FE FE 23 A2 00 00 00 00 00 00 00 00 00 00 00 00 00 00 00 00 00 00 00 00 00 00 00 00 00 00 00 00 00 00 00 00 F1 B9
2026-04-03 13:50:26.061 DEBU [pymycobot.common] _write: FE FE 03 2B D3 10 
2026-04-03 13:50:26.070 DEBU [pymycobot.common] _read : FE FE 04 2B 00 0D 63
2026-04-03 13:50:26.136 DEBU [pymycobot.common] _write: FE FE 03 2B D3 10 
2026-04-03 13:50:26.145 DEBU [pymycobot.common] _read : FE FE 04 2B 00 0D 63
2026-04-03 13:50:26.170 DEBU [pymycobot.common] _write: FE FE 03 2B D3 10 
2026-04-03 13:50:26.178 DEBU [pymycobot.common] _read : FE FE 04 2B 00 0D 63
2026-04-03 13:50:26.213 DEBU [pymycobot.common] _write: FE FE 03 2B D3 10 
2026-04-03 13:50:26.222 DEBU [pymycobot.common] _read : FE FE 04 2B 00 0D 63
2026-04-03 13:50:26.286 DEBU [pymycobot.common] _write: FE FE 03 2B D3 10 
2026-04-03 13:50:26.294 DEBU [pymycobot.common] _read : FE FE 04 2B 00 0D 63
2026-04-03 13:50:26.362 DEBU [pymycobot.common] _write: FE FE 03 2B D3 10 
2026-04-03 13:50:26.371 DEBU [pymycobot.common] _read : FE FE 04 2B 00 0D 63
2026-04-03 13:50:26.438 DEBU [pymycobot.common] _write: FE FE 03 2B D3 10 
2026-04-03 13:50:26.449 DEBU [pymycobot.common] _read : FE FE 04 2B 00 0D 63
2026-04-03 13:50:26.514 DEBU [pymycobot.common] _write: FE FE 03 2B D3 10 
2026-04-03 13:50:26.523 DEBU [pymycobot.common] _read : FE FE 04 2B 00 0D 63
2026-04-03 13:50:26.591 DEBU [pymycobot.common] _write: FE FE 03 2B D3 10 
2026-04-03 13:50:26.599 DEBU [pymycobot.common] _read : FE FE 04 2B 00 0D 63
2026-04-03 13:50:26.667 DEBU [pymycobot.common] _write: FE FE 03 2B D3 10 
2026-04-03 13:50:26.674 DEBU [pymycobot.common] _read : FE FE 04 2B 00 0D 63
2026-04-03 13:50:26.698 DEBU [pymycobot.common] _write: FE FE 03 2B D3 10 
2026-04-03 13:50:26.705 DEBU [pymycobot.common] _read : FE FE 04 2B 00 0D 63
2026-04-03 13:50:26.710 DEBU [pymycobot.common] _write: FE FE 10 2A 03 E8 00 00 C3 D8 00 00 DC D8 00 00 00 78 6E 
2026-04-03 13:50:26.718 DEBU [pymycobot.common] _read : FE FE 04 2A 01 5D A3
2026-04-03 13:50:26.722 DEBU [pymycobot.common] _write: FE FE 10 22 FC 18 00 00 3C 28 00 00 23 28 00 00 19 21 DC 
2026-04-03 13:50:26.730 DEBU [pymycobot.common] _write: FE FE 03 2B D3 10 
2026-04-03 13:50:26.732 DEBU [pymycobot.common] _read : FE FE 05 22 FF 01 E7 1C
2026-04-03 13:50:26.738 DEBU [pymycobot.common] _read : FE FE 04 2B 01 CD A2
2026-04-03 13:50:26.740 DEBU [pymycobot.common] _write: FE FE 03 20 14 51 
2026-04-03 13:50:26.748 DEBU [pymycobot.common] _read : FE FE 0F 20 03 E7 00 00 C3 D9 00 00 DC D8 00 00 6F 86
2026-04-03 13:50:26.865 DEBU [pymycobot.common] _write: FE FE 03 23 15 11 
2026-04-03 13:50:26.875 DEBU [pymycobot.common] _read : FE FE 0F 23 05 99 FB 39 05 C9 23 33 F5 AE 03 CB F7 69
2026-04-03 13:50:26.988 DEBU [pymycobot.common] _write: FE FE 03 E1 84 90 
2026-04-03 13:50:26.995 DEBU [pymycobot.common] _read : FE FE 0F E1 FF F4 FF FF FF 21 FF FE FF 77 00 00 8D 81
2026-04-03 13:50:27.110 DEBU [pymycobot.common] _write: FE FE 03 E2 85 D0 
2026-04-03 13:50:27.118 DEBU [pymycobot.common] _read : FE FE 0F E2 FB 62 01 90 F9 EB FF 12 FE C5 00 21 FD 01
2026-04-03 13:50:27.232 DEBU [pymycobot.common] _write: FE FE 03 E4 87 50 
2026-04-03 13:50:27.240 DEBU [pymycobot.common] _read : FE FE 0F E4 00 00 00 00 00 00 00 00 00 00 00 00 7A 7F
2026-04-03 13:50:27.354 DEBU [pymycobot.common] _write: FE FE 03 A2 75 D1 
2026-04-03 13:50:27.362 DEBU [pymycobot.common] _read : FE FE 23 A2 00 01 00 00 00 00 00 00 00 00 00 00 00 00 00 00 00 00 00 00 00 00 00 00 00 00 00 00 00 00 00 00 31 28
2026-04-03 13:50:27.597 DEBU [pymycobot.common] _write: FE FE 03 2B D3 10 
2026-04-03 13:50:27.606 DEBU [pymycobot.common] _read : FE FE 04 2B 01 CD A2
2026-04-03 13:50:27.608 DEBU [pymycobot.common] _write: FE FE 03 20 14 51 
2026-04-03 13:50:27.614 DEBU [pymycobot.common] _read : FE FE 0F 20 03 6F 00 00 CB 19 00 00 E1 15 00 00 34 58
2026-04-03 13:50:27.720 DEBU [pymycobot.common] _write: FE FE 03 23 15 11 
2026-04-03 13:50:27.729 DEBU [pymycobot.common] _read : FE FE 0F 23 08 51 FB 93 07 DF 28 E4 ED A4 FB A1 DC B2
2026-04-03 13:50:27.732 DEBU [pymycobot.common] _write: FE FE 03 2B D3 10 
2026-04-03 13:50:27.738 DEBU [pymycobot.common] _read : FE FE 04 2B 01 CD A2
2026-04-03 13:50:27.841 DEBU [pymycobot.common] _write: FE FE 03 E1 84 90 
2026-04-03 13:50:27.851 DEBU [pymycobot.common] _read : FE FE 0F E1 FF DD 00 00 FD 56 FF FF FE 75 00 00 F4 6F
2026-04-03 13:50:27.963 DEBU [pymycobot.common] _write: FE FE 03 E2 85 D0 
2026-04-03 13:50:27.972 DEBU [pymycobot.common] _read : FE FE 0F E2 FA 89 03 93 F7 EE FE C2 FE 5F 00 3C 4A CF
2026-04-03 13:50:28.083 DEBU [pymycobot.common] _write: FE FE 03 E4 87 50 
2026-04-03 13:50:28.091 DEBU [pymycobot.common] _read : FE FE 0F E4 00 00 00 00 00 00 00 00 00 00 00 00 7A 7F
2026-04-03 13:50:28.205 DEBU [pymycobot.common] _write: FE FE 03 A2 75 D1 
2026-04-03 13:50:28.215 DEBU [pymycobot.common] _read : FE FE 23 A2 00 01 00 00 00 00 00 00 00 00 00 00 00 00 00 00 00 00 00 00 00 00 00 00 00 00 00 00 00 00 00 00 31 28
2026-04-03 13:50:28.447 DEBU [pymycobot.common] _write: FE FE 03 2B D3 10 
2026-04-03 13:50:28.456 DEBU [pymycobot.common] _read : FE FE 04 2B 01 CD A2
2026-04-03 13:50:28.458 DEBU [pymycobot.common] _write: FE FE 03 20 14 51 
2026-04-03 13:50:28.464 DEBU [pymycobot.common] _read : FE FE 0F 20 02 A0 00 00 D7 88 00 00 E8 5A 00 00 3B DA
2026-04-03 13:50:28.570 DEBU [pymycobot.common] _write: FE FE 03 23 15 11 
2026-04-03 13:50:28.578 DEBU [pymycobot.common] _read : FE FE 0F 23 0A BD FB DC 0C 4E 3F 94 E9 CB E5 0E DC A8
2026-04-03 13:50:28.691 DEBU [pymycobot.common] _write: FE FE 03 E1 84 90 
2026-04-03 13:50:28.697 DEBU [pymycobot.common] _read : FE FE 0F E1 FF DA 00 00 FD 59 00 03 FE 75 00 01 5B 0F
2026-04-03 13:50:28.812 DEBU [pymycobot.common] _write: FE FE 03 2B D3 10 
2026-04-03 13:50:28.816 DEBU [pymycobot.common] _write: FE FE 03 E2 85 D0 
2026-04-03 13:50:28.821 DEBU [pymycobot.common] _read : FE FE 04 2B 01 CD A2
2026-04-03 13:50:28.827 DEBU [pymycobot.common] _read : FE FE 0F E2 F9 D8 04 F7 FA AE FE D0 FE 7E FF EC 93 CD
2026-04-03 13:50:28.936 DEBU [pymycobot.common] _write: FE FE 03 E4 87 50 
2026-04-03 13:50:28.945 DEBU [pymycobot.common] _read : FE FE 0F E4 00 00 00 00 00 00 00 00 00 00 00 00 7A 7F
2026-04-03 13:50:29.058 DEBU [pymycobot.common] _write: FE FE 03 A2 75 D1 
2026-04-03 13:50:29.068 DEBU [pymycobot.common] _read : FE FE 23 A2 00 01 00 00 00 00 00 00 00 00 00 00 00 00 00 00 00 00 00 00 00 00 00 00 00 00 00 00 00 00 00 00 31 28
2026-04-03 13:50:29.302 DEBU [pymycobot.common] _write: FE FE 03 2B D3 10 
2026-04-03 13:50:29.312 DEBU [pymycobot.common] _read : FE FE 04 2B 01 CD A2
2026-04-03 13:50:29.315 DEBU [pymycobot.common] _write: FE FE 03 20 14 51 
2026-04-03 13:50:29.323 DEBU [pymycobot.common] _read : FE FE 0F 20 01 CF 00 00 E4 1A 00 00 EF B2 00 00 A2 61
2026-04-03 13:50:29.438 DEBU [pymycobot.common] _write: FE FE 03 23 15 11 
2026-04-03 13:50:29.449 DEBU [pymycobot.common] _read : FE FE 0F 23 0A BE FB FD 11 B4 C4 F0 F2 2A D7 A2 DF 8E
2026-04-03 13:50:29.559 DEBU [pymycobot.common] _write: FE FE 03 E1 84 90 
2026-04-03 13:50:29.569 DEBU [pymycobot.common] _read : FE FE 0F E1 FF DC 00 01 FD 5D 00 00 FE 79 00 00 40 1C
2026-04-03 13:50:29.680 DEBU [pymycobot.common] _write: FE FE 03 E2 85 D0 
2026-04-03 13:50:29.689 DEBU [pymycobot.common] _read : FE FE 0F E2 FB CF 04 76 F9 E0 FF 0B FF BC 00 9A 73 FD
2026-04-03 13:50:29.801 DEBU [pymycobot.common] _write: FE FE 03 E4 87 50 
2026-04-03 13:50:29.809 DEBU [pymycobot.common] _read : FE FE 0F E4 00 00 00 00 00 00 00 00 00 00 00 00 7A 7F
2026-04-03 13:50:29.922 DEBU [pymycobot.common] _write: FE FE 03 A2 75 D1 
2026-04-03 13:50:29.924 DEBU [pymycobot.common] _write: FE FE 03 2B D3 10 
2026-04-03 13:50:29.929 DEBU [pymycobot.common] _read : FE FE 23 A2 00 01 00 00 00 00 00 00 00 00 00 00 00 00 00 00 00 00 00 00 00 00 00 00 00 00 00 00 00 00 00 00 31 28
2026-04-03 13:50:29.935 DEBU [pymycobot.common] _read : FE FE 04 2B 01 CD A2
2026-04-03 13:50:30.167 DEBU [pymycobot.common] _write: FE FE 03 2B D3 10 
2026-04-03 13:50:30.173 DEBU [pymycobot.common] _read : FE FE 04 2B 01 CD A2
2026-04-03 13:50:30.175 DEBU [pymycobot.common] _write: FE FE 03 20 14 51 
2026-04-03 13:50:30.184 DEBU [pymycobot.common] _read : FE FE 0F 20 00 FD 00 00 F0 BB 00 00 F7 06 00 00 6A 9E
2026-04-03 13:50:30.288 DEBU [pymycobot.common] _write: FE FE 03 23 15 11 
2026-04-03 13:50:30.298 DEBU [pymycobot.common] _read : FE FE 0F 23 07 FB FC 29 16 A2 CF E5 FB 86 D7 1E 4D C1
2026-04-03 13:50:30.412 DEBU [pymycobot.common] _write: FE FE 03 E1 84 90 
2026-04-03 13:50:30.422 DEBU [pymycobot.common] _read : FE FE 0F E1 FF DE 00 00 FD 4E 00 00 FE 62 00 00 AE 48
2026-04-03 13:50:30.535 DEBU [pymycobot.common] _write: FE FE 03 E2 85 D0 
2026-04-03 13:50:30.544 DEBU [pymycobot.common] _read : FE FE 0F E2 FB BC 02 73 F9 E5 FF 00 FE B1 FF E2 95 A6
2026-04-03 13:50:30.656 DEBU [pymycobot.common] _write: FE FE 03 E4 87 50 
2026-04-03 13:50:30.667 DEBU [pymycobot.common] _read : FE FE 0F E4 00 00 00 00 00 00 00 00 00 00 00 00 7A 7F
2026-04-03 13:50:30.777 DEBU [pymycobot.common] _write: FE FE 03 A2 75 D1 
2026-04-03 13:50:30.785 DEBU [pymycobot.common] _read : FE FE 23 A2 00 01 00 00 00 00 00 00 00 00 00 00 00 00 00 00 00 00 00 00 00 00 00 00 00 00 00 00 00 00 00 00 31 28
2026-04-03 13:50:31.005 DEBU [pymycobot.common] _write: FE FE 03 2B D3 10 
2026-04-03 13:50:31.014 DEBU [pymycobot.common] _read : FE FE 04 2B 01 CD A2
2026-04-03 13:50:31.021 DEBU [pymycobot.common] _write: FE FE 03 2B D3 10 
2026-04-03 13:50:31.029 DEBU [pymycobot.common] _read : FE FE 04 2B 01 CD A2
2026-04-03 13:50:31.031 DEBU [pymycobot.common] _write: FE FE 03 20 14 51 
2026-04-03 13:50:31.039 DEBU [pymycobot.common] _read : FE FE 0F 20 00 2D 00 00 FD 45 00 00 FE 67 00 00 BD BA
2026-04-03 13:50:31.143 DEBU [pymycobot.common] _write: FE FE 03 23 15 11 
2026-04-03 13:50:31.150 DEBU [pymycobot.common] _read : FE FE 0F 23 02 DF FC 9A 19 A6 DB B9 FF F8 DC 44 3C 62
2026-04-03 13:50:31.265 DEBU [pymycobot.common] _write: FE FE 03 E1 84 90 
2026-04-03 13:50:31.272 DEBU [pymycobot.common] _read : FE FE 0F E1 FF DF 00 00 FD 50 00 02 FE 71 00 00 56 3A
2026-04-03 13:50:31.386 DEBU [pymycobot.common] _write: FE FE 03 E2 85 D0 
2026-04-03 13:50:31.395 DEBU [pymycobot.common] _read : FE FE 0F E2 FC B7 FF 3B FE 38 00 39 FE 01 00 7A 1C 31
2026-04-03 13:50:31.508 DEBU [pymycobot.common] _write: FE FE 03 E4 87 50 
2026-04-03 13:50:31.516 DEBU [pymycobot.common] _read : FE FE 0F E4 00 00 00 00 00 00 00 00 00 00 00 00 7A 7F
2026-04-03 13:50:31.633 DEBU [pymycobot.common] _write: FE FE 03 A2 75 D1 
2026-04-03 13:50:31.642 DEBU [pymycobot.common] _read : FE FE 23 A2 00 01 00 00 00 00 00 00 00 00 00 00 00 00 00 00 00 00 00 00 00 00 00 00 00 00 00 00 00 00 00 00 31 28
2026-04-03 13:50:31.877 DEBU [pymycobot.common] _write: FE FE 03 2B D3 10 
2026-04-03 13:50:31.888 DEBU [pymycobot.common] _read : FE FE 04 2B 01 CD A2
2026-04-03 13:50:31.890 DEBU [pymycobot.common] _write: FE FE 03 20 14 51 
2026-04-03 13:50:31.899 DEBU [pymycobot.common] _read : FE FE 0F 20 FF 5D 00 00 09 D9 00 00 05 C1 00 00 D0 C4
2026-04-03 13:50:32.013 DEBU [pymycobot.common] _write: FE FE 03 23 15 11 
2026-04-03 13:50:32.017 DEBU [pymycobot.common] _write: FE FE 03 2B D3 10 
2026-04-03 13:50:32.024 DEBU [pymycobot.common] _read : FE FE 0F 23 FC A0 FD 79 19 7F E8 02 FC AD E2 09 DA B7
2026-04-03 13:50:32.031 DEBU [pymycobot.common] _read : FE FE 04 2B 01 CD A2
2026-04-03 13:50:32.135 DEBU [pymycobot.common] _write: FE FE 03 E1 84 90 
2026-04-03 13:50:32.144 DEBU [pymycobot.common] _read : FE FE 0F E1 FF DA 00 00 FD 57 00 02 FE 72 00 00 5A AD
2026-04-03 13:50:32.259 DEBU [pymycobot.common] _write: FE FE 03 E2 85 D0 
2026-04-03 13:50:32.267 DEBU [pymycobot.common] _read : FE FE 0F E2 FB 7A FD 5A 01 62 00 A0 FE D9 FF DA 8E 6F
2026-04-03 13:50:32.380 DEBU [pymycobot.common] _write: FE FE 03 E4 87 50 
2026-04-03 13:50:32.390 DEBU [pymycobot.common] _read : FE FE 0F E4 00 00 00 00 00 00 00 00 00 00 00 00 7A 7F
2026-04-03 13:50:32.505 DEBU [pymycobot.common] _write: FE FE 03 A2 75 D1 
2026-04-03 13:50:32.515 DEBU [pymycobot.common] _read : FE FE 23 A2 00 01 00 00 00 00 00 00 00 00 00 00 00 00 00 00 00 00 00 00 00 00 00 00 00 00 00 00 00 00 00 00 31 28
2026-04-03 13:50:32.749 DEBU [pymycobot.common] _write: FE FE 03 2B D3 10 
2026-04-03 13:50:32.759 DEBU [pymycobot.common] _read : FE FE 04 2B 01 CD A2
2026-04-03 13:50:32.763 DEBU [pymycobot.common] _write: FE FE 03 20 14 51 
2026-04-03 13:50:32.772 DEBU [pymycobot.common] _read : FE FE 0F 20 FE 88 00 00 16 90 00 00 0D 2F 00 00 C1 7B
2026-04-03 13:50:32.886 DEBU [pymycobot.common] _write: FE FE 03 23 15 11 
2026-04-03 13:50:32.895 DEBU [pymycobot.common] _read : FE FE 0F 23 F7 61 FE A9 15 BF F3 30 F3 83 E2 A0 21 9E
2026-04-03 13:50:33.007 DEBU [pymycobot.common] _write: FE FE 03 E1 84 90 
2026-04-03 13:50:33.019 DEBU [pymycobot.common] _read : FE FE 0F E1 FF DD 00 00 FD 58 00 00 FE 73 00 00 2E 60
2026-04-03 13:50:33.021 DEBU [pymycobot.common] _write: FE FE 03 2B D3 10 
2026-04-03 13:50:33.030 DEBU [pymycobot.common] _read : FE FE 04 2B 01 CD A2
2026-04-03 13:50:33.130 DEBU [pymycobot.common] _write: FE FE 03 E2 85 D0 
2026-04-03 13:50:33.139 DEBU [pymycobot.common] _read : FE FE 0F E2 FC 78 FC 24 00 85 01 69 FE A7 00 52 17 43
2026-04-03 13:50:33.249 DEBU [pymycobot.common] _write: FE FE 03 E4 87 50 
2026-04-03 13:50:33.259 DEBU [pymycobot.common] _read : FE FE 0F E4 00 00 00 00 00 00 00 00 00 00 00 00 7A 7F
2026-04-03 13:50:33.373 DEBU [pymycobot.common] _write: FE FE 03 A2 75 D1 
2026-04-03 13:50:33.382 DEBU [pymycobot.common] _read : FE FE 23 A2 00 01 00 00 00 00 00 00 00 00 00 00 00 00 00 00 00 00 00 00 00 00 00 00 00 00 00 00 00 00 00 00 31 28
2026-04-03 13:50:33.616 DEBU [pymycobot.common] _write: FE FE 03 2B D3 10 
2026-04-03 13:50:33.625 DEBU [pymycobot.common] _read : FE FE 04 2B 01 CD A2
2026-04-03 13:50:33.626 DEBU [pymycobot.common] _write: FE FE 03 20 14 51 
2026-04-03 13:50:33.635 DEBU [pymycobot.common] _read : FE FE 0F 20 FD B6 00 00 23 4E 00 00 14 A2 00 00 7C DE
2026-04-03 13:50:33.738 DEBU [pymycobot.common] _write: FE FE 03 23 15 11 
2026-04-03 13:50:33.749 DEBU [pymycobot.common] _read : FE FE 0F 23 F5 4B FF B8 0F BF 03 06 EA 8A D7 FA D9 61
2026-04-03 13:50:33.861 DEBU [pymycobot.common] _write: FE FE 03 E1 84 90 
2026-04-03 13:50:33.870 DEBU [pymycobot.common] _read : FE FE 0F E1 FF E0 00 00 FD 59 00 00 FE 64 00 00 46 04
2026-04-03 13:50:33.981 DEBU [pymycobot.common] _write: FE FE 03 E2 85 D0 
2026-04-03 13:50:33.991 DEBU [pymycobot.common] _read : FE FE 0F E2 FD 11 FB AA 02 55 01 62 FE B1 00 1D D0 A7
2026-04-03 13:50:34.105 DEBU [pymycobot.common] _write: FE FE 03 E4 87 50 
2026-04-03 13:50:34.107 DEBU [pymycobot.common] _write: FE FE 03 2B D3 10 
2026-04-03 13:50:34.113 DEBU [pymycobot.common] _read : FE FE 0F E4 00 00 00 00 00 00 00 00 00 00 00 00 7A 7F
2026-04-03 13:50:34.120 DEBU [pymycobot.common] _read : FE FE 04 2B 01 CD A2
2026-04-03 13:50:34.227 DEBU [pymycobot.common] _write: FE FE 03 A2 75 D1 
2026-04-03 13:50:34.237 DEBU [pymycobot.common] _read : FE FE 23 A2 00 01 00 00 00 00 00 00 00 00 00 00 00 00 00 00 00 00 00 00 00 00 00 00 00 00 00 00 00 00 00 00 31 28
2026-04-03 13:50:34.469 DEBU [pymycobot.common] _write: FE FE 03 2B D3 10 
2026-04-03 13:50:34.477 DEBU [pymycobot.common] _read : FE FE 04 2B 01 CD A2
2026-04-03 13:50:34.481 DEBU [pymycobot.common] _write: FE FE 03 20 14 51 
2026-04-03 13:50:34.488 DEBU [pymycobot.common] _read : FE FE 0F 20 FC E6 00 00 2F C6 00 00 1B EB 00 00 21 F8
2026-04-03 13:50:34.604 DEBU [pymycobot.common] _write: FE FE 03 23 15 11 
2026-04-03 13:50:34.615 DEBU [pymycobot.common] _read : FE FE 0F 23 F7 18 00 30 09 73 1B 5C EC 3B C0 4B 76 ED
2026-04-03 13:50:34.725 DEBU [pymycobot.common] _write: FE FE 03 E1 84 90 
2026-04-03 13:50:34.736 DEBU [pymycobot.common] _read : FE FE 0F E1 FF DC FF FF FD 59 00 01 FE 66 00 01 D1 E9
2026-04-03 13:50:34.848 DEBU [pymycobot.common] _write: FE FE 03 E2 85 D0 
2026-04-03 13:50:34.857 DEBU [pymycobot.common] _read : FE FE 0F E2 FD AA FC 29 00 5F 00 31 FE 09 00 3C E3 FE
2026-04-03 13:50:34.969 DEBU [pymycobot.common] _write: FE FE 03 E4 87 50 
2026-04-03 13:50:34.979 DEBU [pymycobot.common] _read : FE FE 0F E4 00 00 00 00 00 00 00 00 00 00 00 00 7A 7F
2026-04-03 13:50:35.092 DEBU [pymycobot.common] _write: FE FE 03 A2 75 D1 
2026-04-03 13:50:35.101 DEBU [pymycobot.common] _read : FE FE 23 A2 00 01 00 00 00 00 00 00 00 00 00 00 00 00 00 00 00 00 00 00 00 00 00 00 00 00 00 00 00 00 00 00 31 28
2026-04-03 13:50:35.214 DEBU [pymycobot.common] _write: FE FE 03 2B D3 10 
2026-04-03 13:50:35.222 DEBU [pymycobot.common] _read : FE FE 04 2B 01 CD A2
2026-04-03 13:50:35.334 DEBU [pymycobot.common] _write: FE FE 03 2B D3 10 
2026-04-03 13:50:35.343 DEBU [pymycobot.common] _read : FE FE 04 2B 01 CD A2
2026-04-03 13:50:35.346 DEBU [pymycobot.common] _write: FE FE 03 20 14 51 
2026-04-03 13:50:35.352 DEBU [pymycobot.common] _read : FE FE 0F 20 FC 2D 00 00 3A EE 00 00 22 70 00 00 44 35
2026-04-03 13:50:35.455 DEBU [pymycobot.common] _write: FE FE 03 23 15 11 
2026-04-03 13:50:35.465 DEBU [pymycobot.common] _read : FE FE 0F 23 FB 03 FF DB 05 E3 22 FC F5 49 42 CF 2D D1
2026-04-03 13:50:35.580 DEBU [pymycobot.common] _write: FE FE 03 E1 84 90 
2026-04-03 13:50:35.588 DEBU [pymycobot.common] _read : FE FE 0F E1 FF FA 00 00 FF 8E 00 01 FF BF 00 00 8D 1B
2026-04-03 13:50:35.635 DEBU [pymycobot.common] _read : FE FE 04 5B 00 CD 46
2026-04-03 13:50:35.700 DEBU [pymycobot.common] _write: FE FE 03 E2 85 D0 
2026-04-03 13:50:35.708 DEBU [pymycobot.common] _read : FE FE 0F E2 FC E7 FC D8 01 C2 00 1A FF 61 00 0B 2C 0C
2026-04-03 13:50:35.823 DEBU [pymycobot.common] _write: FE FE 03 E4 87 50 
2026-04-03 13:50:35.832 DEBU [pymycobot.common] _read : FE FE 0F E4 00 00 00 00 00 00 00 00 00 00 00 00 7A 7F
2026-04-03 13:50:35.943 DEBU [pymycobot.common] _write: FE FE 03 A2 75 D1 
2026-04-03 13:50:35.952 DEBU [pymycobot.common] _read : FE FE 23 A2 00 00 00 00 00 00 00 00 00 00 00 00 00 00 00 00 00 00 00 00 00 00 00 00 00 00 00 00 00 00 00 00 F1 B9
2026-04-03 13:50:36.067 DEBU [pymycobot.common] _write: FE FE 03 2B D3 10 
2026-04-03 13:50:36.075 DEBU [pymycobot.common] _read : FE FE 04 2B 00 0D 63
2026-04-03 13:50:36.188 DEBU [pymycobot.common] _write: FE FE 03 2B D3 10 
2026-04-03 13:50:36.195 DEBU [pymycobot.common] _read : FE FE 04 2B 00 0D 63
2026-04-03 13:50:36.263 DEBU [pymycobot.common] _write: FE FE 03 2B D3 10 
2026-04-03 13:50:36.270 DEBU [pymycobot.common] _read : FE FE 04 2B 00 0D 63
2026-04-03 13:50:36.324 DEBU [pymycobot.common] _write: FE FE 03 2B D3 10 
2026-04-03 13:50:36.332 DEBU [pymycobot.common] _read : FE FE 04 2B 00 0D 63
2026-04-03 13:50:36.385 DEBU [pymycobot.common] _write: FE FE 03 2B D3 10 
2026-04-03 13:50:36.392 DEBU [pymycobot.common] _read : FE FE 04 2B 00 0D 63
2026-04-03 13:50:36.446 DEBU [pymycobot.common] _write: FE FE 03 2B D3 10 
2026-04-03 13:50:36.453 DEBU [pymycobot.common] _read : FE FE 04 2B 00 0D 63
2026-04-03 13:50:36.506 DEBU [pymycobot.common] _write: FE FE 03 2B D3 10 
2026-04-03 13:50:36.513 DEBU [pymycobot.common] _read : FE FE 04 2B 00 0D 63
2026-04-03 13:50:36.568 DEBU [pymycobot.common] _write: FE FE 03 2B D3 10 
2026-04-03 13:50:36.574 DEBU [pymycobot.common] _read : FE FE 04 2B 00 0D 63
2026-04-03 13:50:36.597 DEBU [pymycobot.common] _write: FE FE 03 2B D3 10 
2026-04-03 13:50:36.605 DEBU [pymycobot.common] _read : FE FE 04 2B 00 0D 63
2026-04-03 13:50:36.609 DEBU [pymycobot.common] _write: FE FE 10 2A FC 18 00 00 3C 28 00 00 23 28 00 00 00 23 14 
2026-04-03 13:50:36.616 DEBU [pymycobot.common] _read : FE FE 04 2A 01 5D A3
2026-04-03 13:50:36.621 DEBU [pymycobot.common] _write: FE FE 10 22 03 E8 00 00 00 00 C0 B8 DC D8 00 00 19 01 35 
2026-04-03 13:50:36.629 DEBU [pymycobot.common] _read : FE FE 05 22 FF 01 E7 1C
2026-04-03 13:50:36.629 DEBU [pymycobot.common] _write: FE FE 03 2B D3 10 
2026-04-03 13:50:36.637 DEBU [pymycobot.common] _read : FE FE 04 2B 01 CD A2
2026-04-03 13:50:36.639 DEBU [pymycobot.common] _write: FE FE 03 20 14 51 
2026-04-03 13:50:36.645 DEBU [pymycobot.common] _read : FE FE 0F 20 FC 19 00 00 3C 27 00 00 23 27 00 00 7E B6
2026-04-03 13:50:36.749 DEBU [pymycobot.common] _write: FE FE 03 23 15 11 
2026-04-03 13:50:36.757 DEBU [pymycobot.common] _read : FE FE 0F 23 FB 32 FF D4 05 CB 23 16 F5 9C 42 92 24 0B
2026-04-03 13:50:36.871 DEBU [pymycobot.common] _write: FE FE 03 E1 84 90 
2026-04-03 13:50:36.878 DEBU [pymycobot.common] _read : FE FE 0F E1 00 14 00 00 00 BC 00 BE 00 D6 00 00 A7 86
2026-04-03 13:50:36.992 DEBU [pymycobot.common] _write: FE FE 03 E2 85 D0 
2026-04-03 13:50:37.000 DEBU [pymycobot.common] _read : FE FE 0F E2 03 90 FC 46 05 AE 03 80 01 C0 00 9A 96 5F
2026-04-03 13:50:37.114 DEBU [pymycobot.common] _write: FE FE 03 E4 87 50 
2026-04-03 13:50:37.122 DEBU [pymycobot.common] _read : FE FE 0F E4 00 00 00 00 00 00 00 00 00 00 00 00 7A 7F
2026-04-03 13:50:37.237 DEBU [pymycobot.common] _write: FE FE 03 A2 75 D1 
2026-04-03 13:50:37.245 DEBU [pymycobot.common] _read : FE FE 23 A2 00 01 00 00 00 00 00 00 00 00 00 00 00 00 00 00 00 00 00 00 00 00 00 00 00 00 00 00 00 00 00 00 31 28
2026-04-03 13:50:37.481 DEBU [pymycobot.common] _write: FE FE 03 2B D3 10 
2026-04-03 13:50:37.490 DEBU [pymycobot.common] _read : FE FE 04 2B 01 CD A2
2026-04-03 13:50:37.493 DEBU [pymycobot.common] _write: FE FE 03 20 14 51 
2026-04-03 13:50:37.499 DEBU [pymycobot.common] _read : FE FE 0F 20 FC E2 00 00 36 1A F9 A3 1C 14 00 00 8E D0
2026-04-03 13:50:37.618 DEBU [pymycobot.common] _write: FE FE 03 23 15 11 
2026-04-03 13:50:37.628 DEBU [pymycobot.common] _read : FE FE 0F 23 F7 43 FF F3 09 CD 13 02 E9 91 C8 D5 5F E8
2026-04-03 13:50:37.631 DEBU [pymycobot.common] _write: FE FE 03 2B D3 10 
2026-04-03 13:50:37.642 DEBU [pymycobot.common] _read : FE FE 04 2B 01 CD A2
2026-04-03 13:50:37.739 DEBU [pymycobot.common] _write: FE FE 03 E1 84 90 
2026-04-03 13:50:37.750 DEBU [pymycobot.common] _read : FE FE 0F E1 00 3B 00 00 02 49 02 75 02 AD 00 00 36 EC
2026-04-03 13:50:37.864 DEBU [pymycobot.common] _write: FE FE 03 E2 85 D0 
2026-04-03 13:50:37.873 DEBU [pymycobot.common] _read : FE FE 0F E2 05 0E FC 26 05 81 03 B1 02 38 00 AB 11 D5
2026-04-03 13:50:37.983 DEBU [pymycobot.common] _write: FE FE 03 E4 87 50 
2026-04-03 13:50:37.994 DEBU [pymycobot.common] _read : FE FE 0F E4 00 00 00 00 00 00 00 00 00 00 00 00 7A 7F
2026-04-03 13:50:38.104 DEBU [pymycobot.common] _write: FE FE 03 A2 75 D1 
2026-04-03 13:50:38.113 DEBU [pymycobot.common] _read : FE FE 23 A2 00 01 00 00 00 00 00 00 00 00 00 00 00 00 00 00 00 00 00 00 00 00 00 00 00 00 00 00 00 00 00 00 31 28
2026-04-03 13:50:38.348 DEBU [pymycobot.common] _write: FE FE 03 2B D3 10 
2026-04-03 13:50:38.358 DEBU [pymycobot.common] _read : FE FE 04 2B 01 CD A2
2026-04-03 13:50:38.360 DEBU [pymycobot.common] _write: FE FE 03 20 14 51 
2026-04-03 13:50:38.369 DEBU [pymycobot.common] _read : FE FE 0F 20 FE 4C 00 00 2B 33 EE 2A 0F 56 00 00 9C 1D
2026-04-03 13:50:38.487 DEBU [pymycobot.common] _write: FE FE 03 23 15 11 
2026-04-03 13:50:38.497 DEBU [pymycobot.common] _read : FE FE 0F 23 F7 4D FE 91 11 00 F0 E9 F4 F6 E3 72 CB FA
2026-04-03 13:50:38.607 DEBU [pymycobot.common] _write: FE FE 03 E1 84 90 
2026-04-03 13:50:38.617 DEBU [pymycobot.common] _read : FE FE 0F E1 00 3E 00 00 02 49 02 77 02 A8 00 00 3B 94
2026-04-03 13:50:38.732 DEBU [pymycobot.common] _write: FE FE 03 E2 85 D0 
2026-04-03 13:50:38.734 DEBU [pymycobot.common] _write: FE FE 03 2B D3 10 
2026-04-03 13:50:38.742 DEBU [pymycobot.common] _read : FE FE 0F E2 04 EF FB 94 07 ED 03 49 02 95 00 4E F1 3A
2026-04-03 13:50:38.748 DEBU [pymycobot.common] _read : FE FE 04 2B 01 CD A2
2026-04-03 13:50:38.850 DEBU [pymycobot.common] _write: FE FE 03 E4 87 50 
2026-04-03 13:50:38.859 DEBU [pymycobot.common] _read : FE FE 0F E4 00 00 00 00 00 00 00 00 00 00 00 00 7A 7F
2026-04-03 13:50:38.971 DEBU [pymycobot.common] _write: FE FE 03 A2 75 D1 
2026-04-03 13:50:38.980 DEBU [pymycobot.common] _read : FE FE 23 A2 00 01 00 00 00 00 00 00 00 00 00 00 00 00 00 00 00 00 00 00 00 00 00 00 00 00 00 00 00 00 00 00 31 28
2026-04-03 13:50:39.216 DEBU [pymycobot.common] _write: FE FE 03 2B D3 10 
2026-04-03 13:50:39.224 DEBU [pymycobot.common] _read : FE FE 04 2B 01 CD A2
2026-04-03 13:50:39.226 DEBU [pymycobot.common] _write: FE FE 03 20 14 51 
2026-04-03 13:50:39.233 DEBU [pymycobot.common] _read : FE FE 0F 20 FF B5 00 00 20 58 E2 BF 02 A6 00 00 FB 58
2026-04-03 13:50:39.338 DEBU [pymycobot.common] _write: FE FE 03 23 15 11 
2026-04-03 13:50:39.346 DEBU [pymycobot.common] _read : FE FE 0F 23 FB A8 FC C9 14 4F DD 01 FF FF DD B7 59 8C
2026-04-03 13:50:39.458 DEBU [pymycobot.common] _write: FE FE 03 E1 84 90 
2026-04-03 13:50:39.466 DEBU [pymycobot.common] _read : FE FE 0F E1 00 40 00 00 02 3F 02 5C 02 AA 00 00 13 98
2026-04-03 13:50:39.579 DEBU [pymycobot.common] _write: FE FE 03 E2 85 D0 
2026-04-03 13:50:39.588 DEBU [pymycobot.common] _read : FE FE 0F E2 05 C6 FB E7 06 91 02 20 01 D3 FD 0F BE 73
2026-04-03 13:50:39.702 DEBU [pymycobot.common] _write: FE FE 03 E4 87 50 
2026-04-03 13:50:39.711 DEBU [pymycobot.common] _read : FE FE 0F E4 00 00 00 00 00 00 00 00 00 00 00 00 7A 7F
2026-04-03 13:50:39.824 DEBU [pymycobot.common] _write: FE FE 03 A2 75 D1 
2026-04-03 13:50:39.828 DEBU [pymycobot.common] _write: FE FE 03 2B D3 10 
2026-04-03 13:50:39.835 DEBU [pymycobot.common] _read : FE FE 23 A2 00 01 00 00 00 00 00 00 00 00 00 00 00 00 00 00 00 00 00 00 00 00 00 00 00 00 00 00 00 00 00 00 31 28
2026-04-03 13:50:39.840 DEBU [pymycobot.common] _read : FE FE 04 2B 01 CD A2
2026-04-03 13:50:40.068 DEBU [pymycobot.common] _write: FE FE 03 2B D3 10 
2026-04-03 13:50:40.076 DEBU [pymycobot.common] _read : FE FE 04 2B 01 CD A2
2026-04-03 13:50:40.077 DEBU [pymycobot.common] _write: FE FE 03 20 14 51 
2026-04-03 13:50:40.085 DEBU [pymycobot.common] _read : FE FE 0F 20 01 17 00 00 15 AB D7 A2 F6 2C 00 00 CE 01
2026-04-03 13:50:40.191 DEBU [pymycobot.common] _write: FE FE 03 23 15 11 
2026-04-03 13:50:40.201 DEBU [pymycobot.common] _read : FE FE 0F 23 FF 37 FB 77 13 DE C8 9D F6 AF D7 37 86 6F
2026-04-03 13:50:40.311 DEBU [pymycobot.common] _write: FE FE 03 E1 84 90 
2026-04-03 13:50:40.321 DEBU [pymycobot.common] _read : FE FE 0F E1 00 3E 00 00 02 4C 02 67 02 A8 00 00 F8 00
2026-04-03 13:50:40.432 DEBU [pymycobot.common] _write: FE FE 03 E2 85 D0 
2026-04-03 13:50:40.442 DEBU [pymycobot.common] _read : FE FE 0F E2 04 34 FD AA 04 08 01 DE 01 54 00 1D 09 DE
2026-04-03 13:50:40.555 DEBU [pymycobot.common] _write: FE FE 03 E4 87 50 
2026-04-03 13:50:40.568 DEBU [pymycobot.common] _read : FE FE 0F E4 00 00 00 00 00 00 00 00 00 00 00 00 7A 7F
2026-04-03 13:50:40.675 DEBU [pymycobot.common] _write: FE FE 03 A2 75 D1 
2026-04-03 13:50:40.683 DEBU [pymycobot.common] _read : FE FE 23 A2 00 01 00 00 00 00 00 00 00 00 00 00 00 00 00 00 00 00 00 00 00 00 00 00 00 00 00 00 00 00 00 00 31 28
2026-04-03 13:50:40.902 DEBU [pymycobot.common] _write: FE FE 03 2B D3 10 
2026-04-03 13:50:40.910 DEBU [pymycobot.common] _read : FE FE 04 2B 01 CD A2
2026-04-03 13:50:40.918 DEBU [pymycobot.common] _write: FE FE 03 2B D3 10 
2026-04-03 13:50:40.926 DEBU [pymycobot.common] _read : FE FE 04 2B 01 CD A2
2026-04-03 13:50:40.928 DEBU [pymycobot.common] _write: FE FE 03 20 14 51 
2026-04-03 13:50:40.937 DEBU [pymycobot.common] _read : FE FE 0F 20 02 79 00 00 0B 07 CC 52 E9 B9 00 00 AF 77
2026-04-03 13:50:41.039 DEBU [pymycobot.common] _write: FE FE 03 23 15 11 
2026-04-03 13:50:41.047 DEBU [pymycobot.common] _read : FE FE 0F 23 00 EE FA AF 12 F4 37 06 EA 94 EC A2 D3 8B
2026-04-03 13:50:41.161 DEBU [pymycobot.common] _write: FE FE 03 E1 84 90 
2026-04-03 13:50:41.169 DEBU [pymycobot.common] _read : FE FE 0F E1 00 3C 00 00 02 48 02 5C 02 B2 00 00 82 8A
2026-04-03 13:50:41.281 DEBU [pymycobot.common] _write: FE FE 03 E2 85 D0 
2026-04-03 13:50:41.290 DEBU [pymycobot.common] _read : FE FE 0F E2 03 DF FF 7C 02 A0 01 AF 02 9B 00 95 7C AB
2026-04-03 13:50:41.402 DEBU [pymycobot.common] _write: FE FE 03 E4 87 50 
2026-04-03 13:50:41.413 DEBU [pymycobot.common] _read : FE FE 0F E4 00 00 00 00 00 00 00 00 00 00 00 00 7A 7F
2026-04-03 13:50:41.523 DEBU [pymycobot.common] _write: FE FE 03 A2 75 D1 
2026-04-03 13:50:41.535 DEBU [pymycobot.common] _read : FE FE 23 A2 00 01 00 00 00 00 00 00 00 00 00 00 00 00 00 00 00 00 00 00 00 00 00 00 00 00 00 00 00 00 00 00 31 28
2026-04-03 13:50:41.766 DEBU [pymycobot.common] _write: FE FE 03 2B D3 10 
2026-04-03 13:50:41.778 DEBU [pymycobot.common] _read : FE FE 04 2B 01 CD A2
2026-04-03 13:50:41.780 DEBU [pymycobot.common] _write: FE FE 03 20 14 51 
2026-04-03 13:50:41.794 DEBU [pymycobot.common] _read : FE FE 0F 20 03 BB 00 00 01 54 C2 1E DE 66 00 00 C3 B1
2026-04-03 13:50:41.902 DEBU [pymycobot.common] _write: FE FE 03 23 15 11 
2026-04-03 13:50:41.905 DEBU [pymycobot.common] _write: FE FE 03 2B D3 10 
2026-04-03 13:50:41.913 DEBU [pymycobot.common] _read : FE FE 0F 23 02 0F FA 99 12 6E 23 74 F7 A4 03 01 B6 55
2026-04-03 13:50:41.921 DEBU [pymycobot.common] _read : FE FE 04 2B 01 CD A2
2026-04-03 13:50:42.024 DEBU [pymycobot.common] _write: FE FE 03 E1 84 90 
2026-04-03 13:50:42.034 DEBU [pymycobot.common] _read : FE FE 0F E1 00 0B 00 00 00 72 00 76 00 8D FF FF 0C 5C
2026-04-03 13:50:42.116 DEBU [pymycobot.common] _read : FE FE 04 5B 00 CD 46
2026-04-03 13:50:42.145 DEBU [pymycobot.common] _write: FE FE 03 E2 85 D0 
2026-04-03 13:50:42.156 DEBU [pymycobot.common] _read : FE FE 0F E2 03 E0 FF FE 01 01 FF AD 00 DD 00 9E A5 21
2026-04-03 13:50:42.268 DEBU [pymycobot.common] _write: FE FE 03 E4 87 50 
2026-04-03 13:50:42.280 DEBU [pymycobot.common] _read : FE FE 0F E4 00 00 00 00 00 00 00 00 00 00 00 00 7A 7F
2026-04-03 13:50:42.390 DEBU [pymycobot.common] _write: FE FE 03 A2 75 D1 
2026-04-03 13:50:42.409 DEBU [pymycobot.common] _read : FE FE 23 A2 00 00 00 00 00 00 00 00 00 00 00 00 00 00 00 00 00 00 00 00 00 00 00 00 00 00 00 00 00 00 00 00 F1 B9
2026-04-03 13:50:42.557 DEBU [pymycobot.common] _write: FE FE 03 2B D3 10 
2026-04-03 13:50:42.567 DEBU [pymycobot.common] _read : FE FE 04 2B 00 0D 63
2026-04-03 13:50:42.649 DEBU [pymycobot.common] _write: FE FE 03 2B D3 10 
2026-04-03 13:50:42.658 DEBU [pymycobot.common] _read : FE FE 04 2B 00 0D 63
2026-04-03 13:50:42.712 DEBU [pymycobot.common] _write: FE FE 03 2B D3 10 
2026-04-03 13:50:42.721 DEBU [pymycobot.common] _read : FE FE 04 2B 00 0D 63
2026-04-03 13:50:42.787 DEBU [pymycobot.common] _write: FE FE 03 2B D3 10 
2026-04-03 13:50:42.796 DEBU [pymycobot.common] _read : FE FE 04 2B 00 0D 63
2026-04-03 13:50:42.848 DEBU [pymycobot.common] _write: FE FE 03 2B D3 10 
2026-04-03 13:50:42.858 DEBU [pymycobot.common] _read : FE FE 04 2B 00 0D 63
2026-04-03 13:50:42.924 DEBU [pymycobot.common] _write: FE FE 03 2B D3 10 
2026-04-03 13:50:42.934 DEBU [pymycobot.common] _read : FE FE 04 2B 00 0D 63
2026-04-03 13:50:42.999 DEBU [pymycobot.common] _write: FE FE 03 2B D3 10 
2026-04-03 13:50:43.010 DEBU [pymycobot.common] _read : FE FE 04 2B 00 0D 63
2026-04-03 13:50:43.075 DEBU [pymycobot.common] _write: FE FE 03 2B D3 10 
2026-04-03 13:50:43.077 DEBU [pymycobot.common] _write: FE FE 03 2B D3 10 
2026-04-03 13:50:43.086 DEBU [pymycobot.common] _read : FE FE 04 2B 00 0D 63
2026-04-03 13:50:43.093 DEBU [pymycobot.common] _read : FE FE 04 2B 00 0D 63
2026-04-03 13:50:43.096 DEBU [pymycobot.common] _write: FE FE 10 2A 03 E8 00 00 00 00 C0 B8 DC D8 00 00 00 03 FD 
2026-04-03 13:50:43.106 DEBU [pymycobot.common] _read : FE FE 04 2A 01 5D A3
2026-04-03 13:50:43.109 DEBU [pymycobot.common] _write: FE FE 10 22 FC 18 00 00 00 00 3F 48 00 00 00 00 19 72 D2 
2026-04-03 13:50:43.119 DEBU [pymycobot.common] _read : FE FE 05 22 FF 01 E7 1C
2026-04-03 13:50:43.151 DEBU [pymycobot.common] _write: FE FE 03 2B D3 10 
2026-04-03 13:50:43.160 DEBU [pymycobot.common] _read : FE FE 04 2B 01 CD A2
2026-04-03 13:50:43.161 DEBU [pymycobot.common] _write: FE FE 03 20 14 51 
2026-04-03 13:50:43.169 DEBU [pymycobot.common] _read : FE FE 0F 20 03 E7 00 00 00 00 C0 BB DC D9 00 00 3C 26
2026-04-03 13:50:43.271 DEBU [pymycobot.common] _write: FE FE 03 23 15 11 
2026-04-03 13:50:43.282 DEBU [pymycobot.common] _read : FE FE 0F 23 02 29 FA 9F 12 65 23 2D F8 C3 03 D4 C7 1E
2026-04-03 13:50:43.392 DEBU [pymycobot.common] _write: FE FE 03 E1 84 90 
2026-04-03 13:50:43.404 DEBU [pymycobot.common] _read : FE FE 0F E1 FF F3 00 00 00 00 FF 0A FF BD 00 00 13 04
2026-04-03 13:50:43.512 DEBU [pymycobot.common] _write: FE FE 03 E2 85 D0 
2026-04-03 13:50:43.524 DEBU [pymycobot.common] _read : FE FE 0F E2 FC 7D FF ED FF E3 FD 18 FF 5D 00 21 9C D9
2026-04-03 13:50:43.633 DEBU [pymycobot.common] _write: FE FE 03 E4 87 50 
2026-04-03 13:50:43.645 DEBU [pymycobot.common] _read : FE FE 0F E4 00 00 00 00 00 00 00 00 00 00 00 00 7A 7F
2026-04-03 13:50:43.755 DEBU [pymycobot.common] _write: FE FE 03 A2 75 D1 
2026-04-03 13:50:43.766 DEBU [pymycobot.common] _read : FE FE 23 A2 00 01 00 00 00 00 00 00 00 00 00 00 00 00 00 00 00 00 00 00 00 00 00 00 00 00 00 00 00 00 00 00 31 28
2026-04-03 13:50:43.998 DEBU [pymycobot.common] _write: FE FE 03 2B D3 10 
2026-04-03 13:50:44.007 DEBU [pymycobot.common] _read : FE FE 04 2B 01 CD A2
2026-04-03 13:50:44.009 DEBU [pymycobot.common] _write: FE FE 03 20 14 51 
2026-04-03 13:50:44.017 DEBU [pymycobot.common] _read : FE FE 0F 20 03 71 00 00 00 00 C8 38 DE EE 00 00 56 31
2026-04-03 13:50:44.120 DEBU [pymycobot.common] _write: FE FE 03 23 15 11 
2026-04-03 13:50:44.124 DEBU [pymycobot.common] _write: FE FE 03 2B D3 10 
2026-04-03 13:50:44.130 DEBU [pymycobot.common] _read : FE FE 0F 23 03 1F FA BF 12 F9 25 63 EF F2 FF F6 4E 3A
2026-04-03 13:50:44.136 DEBU [pymycobot.common] _read : FE FE 04 2B 01 CD A2
2026-04-03 13:50:44.243 DEBU [pymycobot.common] _write: FE FE 03 E1 84 90 
2026-04-03 13:50:44.251 DEBU [pymycobot.common] _read : FE FE 0F E1 FF DC 00 00 00 00 FD 61 FF 46 FF FF AD CB
2026-04-03 13:50:44.366 DEBU [pymycobot.common] _write: FE FE 03 E2 85 D0 
2026-04-03 13:50:44.374 DEBU [pymycobot.common] _read : FE FE 0F E2 FB F9 00 6A FF 5E FC 20 FF 2E FF 7D AD 9F
2026-04-03 13:50:44.487 DEBU [pymycobot.common] _write: FE FE 03 E4 87 50 
2026-04-03 13:50:44.495 DEBU [pymycobot.common] _read : FE FE 0F E4 00 00 00 00 00 00 00 00 00 00 00 00 7A 7F
2026-04-03 13:50:44.608 DEBU [pymycobot.common] _write: FE FE 03 A2 75 D1 
2026-04-03 13:50:44.615 DEBU [pymycobot.common] _read : FE FE 23 A2 00 01 00 00 00 00 00 00 00 00 00 00 00 00 00 00 00 00 00 00 00 00 00 00 00 00 00 00 00 00 00 00 31 28
2026-04-03 13:50:44.851 DEBU [pymycobot.common] _write: FE FE 03 2B D3 10 
2026-04-03 13:50:44.859 DEBU [pymycobot.common] _read : FE FE 04 2B 01 CD A2
2026-04-03 13:50:44.861 DEBU [pymycobot.common] _write: FE FE 03 20 14 51 
2026-04-03 13:50:44.868 DEBU [pymycobot.common] _read : FE FE 0F 20 02 AB 00 00 00 00 D4 A8 E2 68 00 00 76 6A
2026-04-03 13:50:44.972 DEBU [pymycobot.common] _write: FE FE 03 23 15 11 
2026-04-03 13:50:44.980 DEBU [pymycobot.common] _read : FE FE 0F 23 04 11 FA D8 14 4F 33 5B E5 A6 F1 7D 82 87
2026-04-03 13:50:45.092 DEBU [pymycobot.common] _write: FE FE 03 E1 84 90 
2026-04-03 13:50:45.102 DEBU [pymycobot.common] _read : FE FE 0F E1 FF DE 00 00 00 00 FD 65 FF 3A 00 00 BD F1
2026-04-03 13:50:45.213 DEBU [pymycobot.common] _write: FE FE 03 2B D3 10 
2026-04-03 13:50:45.216 DEBU [pymycobot.common] _write: FE FE 03 E2 85 D0 
2026-04-03 13:50:45.222 DEBU [pymycobot.common] _read : FE FE 04 2B 01 CD A2
2026-04-03 13:50:45.226 DEBU [pymycobot.common] _read : FE FE 0F E2 FB 7D 00 9F FF 3F FB D3 FF 40 00 2A BC 0C
2026-04-03 13:50:45.335 DEBU [pymycobot.common] _write: FE FE 03 E4 87 50 
2026-04-03 13:50:45.342 DEBU [pymycobot.common] _read : FE FE 0F E4 00 00 00 00 00 00 00 00 00 00 00 00 7A 7F
2026-04-03 13:50:45.457 DEBU [pymycobot.common] _write: FE FE 03 A2 75 D1 
2026-04-03 13:50:45.466 DEBU [pymycobot.common] _read : FE FE 23 A2 00 01 00 00 00 00 00 00 00 00 00 00 00 00 00 00 00 00 00 00 00 00 00 00 00 00 00 00 00 00 00 00 31 28
2026-04-03 13:50:45.700 DEBU [pymycobot.common] _write: FE FE 03 2B D3 10 
2026-04-03 13:50:45.707 DEBU [pymycobot.common] _read : FE FE 04 2B 01 CD A2
2026-04-03 13:50:45.710 DEBU [pymycobot.common] _write: FE FE 03 20 14 51 
2026-04-03 13:50:45.717 DEBU [pymycobot.common] _read : FE FE 0F 20 01 E7 00 00 00 00 E1 1F E5 D9 00 00 0F A4
2026-04-03 13:50:45.821 DEBU [pymycobot.common] _write: FE FE 03 23 15 11 
2026-04-03 13:50:45.831 DEBU [pymycobot.common] _read : FE FE 0F 23 04 55 FA DD 16 0F C6 CB E7 ED D2 D4 66 44
2026-04-03 13:50:45.942 DEBU [pymycobot.common] _write: FE FE 03 E1 84 90 
2026-04-03 13:50:45.951 DEBU [pymycobot.common] _read : FE FE 0F E1 FF E1 00 00 00 00 FD 5D FF 3E 00 00 AD DE
2026-04-03 13:50:46.064 DEBU [pymycobot.common] _write: FE FE 03 E2 85 D0 
2026-04-03 13:50:46.071 DEBU [pymycobot.common] _read : FE FE 0F E2 FC 35 00 81 FF 0A F9 57 FE DD FF CC E1 C3
2026-04-03 13:50:46.185 DEBU [pymycobot.common] _write: FE FE 03 E4 87 50 
2026-04-03 13:50:46.196 DEBU [pymycobot.common] _read : FE FE 0F E4 00 00 00 00 00 00 00 00 00 00 00 00 7A 7F
2026-04-03 13:50:46.307 DEBU [pymycobot.common] _write: FE FE 03 A2 75 D1 
2026-04-03 13:50:46.310 DEBU [pymycobot.common] _write: FE FE 03 2B D3 10 
2026-04-03 13:50:46.318 DEBU [pymycobot.common] _read : FE FE 23 A2 00 01 00 00 00 00 00 00 00 00 00 00 00 00 00 00 00 00 00 00 00 00 00 00 00 00 00 00 00 00 00 00 31 28
2026-04-03 13:50:46.323 DEBU [pymycobot.common] _read : FE FE 04 2B 01 CD A2
2026-04-03 13:50:46.548 DEBU [pymycobot.common] _write: FE FE 03 2B D3 10 
2026-04-03 13:50:46.557 DEBU [pymycobot.common] _read : FE FE 04 2B 01 CD A2
2026-04-03 13:50:46.559 DEBU [pymycobot.common] _write: FE FE 03 20 14 51 
2026-04-03 13:50:46.568 DEBU [pymycobot.common] _read : FE FE 0F 20 01 22 00 00 00 00 ED 9B E9 50 00 00 A8 6B
2026-04-03 13:50:46.672 DEBU [pymycobot.common] _write: FE FE 03 23 15 11 
2026-04-03 13:50:46.680 DEBU [pymycobot.common] _read : FE FE 0F 23 03 C0 FA E0 17 E7 D2 5B F2 72 CA FE C4 84
2026-04-03 13:50:46.793 DEBU [pymycobot.common] _write: FE FE 03 E1 84 90 
2026-04-03 13:50:46.803 DEBU [pymycobot.common] _read : FE FE 0F E1 FF E0 00 00 00 00 FD 45 FF 43 00 00 4B 6A
2026-04-03 13:50:46.914 DEBU [pymycobot.common] _write: FE FE 03 E2 85 D0 
2026-04-03 13:50:46.924 DEBU [pymycobot.common] _read : FE FE 0F E2 FB 6D 00 4E FF 79 FC 4A FE E7 00 45 75 02
2026-04-03 13:50:47.038 DEBU [pymycobot.common] _write: FE FE 03 E4 87 50 
2026-04-03 13:50:47.047 DEBU [pymycobot.common] _read : FE FE 0F E4 00 00 00 00 00 00 00 00 00 00 00 00 7A 7F
2026-04-03 13:50:47.159 DEBU [pymycobot.common] _write: FE FE 03 A2 75 D1 
2026-04-03 13:50:47.169 DEBU [pymycobot.common] _read : FE FE 23 A2 00 01 00 00 00 00 00 00 00 00 00 00 00 00 00 00 00 00 00 00 00 00 00 00 00 00 00 00 00 00 00 00 31 28
2026-04-03 13:50:47.387 DEBU [pymycobot.common] _write: FE FE 03 2B D3 10 
2026-04-03 13:50:47.396 DEBU [pymycobot.common] _read : FE FE 04 2B 01 CD A2
2026-04-03 13:50:47.401 DEBU [pymycobot.common] _write: FE FE 03 2B D3 10 
2026-04-03 13:50:47.411 DEBU [pymycobot.common] _read : FE FE 04 2B 01 CD A2
2026-04-03 13:50:47.413 DEBU [pymycobot.common] _write: FE FE 03 20 14 51 
2026-04-03 13:50:47.420 DEBU [pymycobot.common] _read : FE FE 0F 20 00 5F 00 00 00 00 FA 19 EC C9 00 00 DC AC
2026-04-03 13:50:47.524 DEBU [pymycobot.common] _write: FE FE 03 23 15 11 
2026-04-03 13:50:47.535 DEBU [pymycobot.common] _read : FE FE 0F 23 02 4F FA F4 19 6A D9 FA FC D7 CA 8D D9 2C
2026-04-03 13:50:47.645 DEBU [pymycobot.common] _write: FE FE 03 E1 84 90 
2026-04-03 13:50:47.654 DEBU [pymycobot.common] _read : FE FE 0F E1 FF DF 00 00 00 00 FD 52 FF 4C 00 00 5F E1
2026-04-03 13:50:47.768 DEBU [pymycobot.common] _write: FE FE 03 E2 85 D0 
2026-04-03 13:50:47.775 DEBU [pymycobot.common] _read : FE FE 0F E2 FC 33 FF CD 00 18 FC 42 FF 4B 01 3B FC 1C
2026-04-03 13:50:47.888 DEBU [pymycobot.common] _write: FE FE 03 E4 87 50 
2026-04-03 13:50:47.897 DEBU [pymycobot.common] _read : FE FE 0F E4 00 00 00 00 00 00 00 00 00 00 00 00 7A 7F
2026-04-03 13:50:48.010 DEBU [pymycobot.common] _write: FE FE 03 A2 75 D1 
2026-04-03 13:50:48.020 DEBU [pymycobot.common] _read : FE FE 23 A2 00 01 00 00 00 00 00 00 00 00 00 00 00 00 00 00 00 00 00 00 00 00 00 00 00 00 00 00 00 00 00 00 31 28
2026-04-03 13:50:48.253 DEBU [pymycobot.common] _write: FE FE 03 2B D3 10 
2026-04-03 13:50:48.261 DEBU [pymycobot.common] _read : FE FE 04 2B 01 CD A2
2026-04-03 13:50:48.264 DEBU [pymycobot.common] _write: FE FE 03 20 14 51 
2026-04-03 13:50:48.271 DEBU [pymycobot.common] _read : FE FE 0F 20 FF 99 00 00 00 00 06 90 F0 40 00 00 DB 06
2026-04-03 13:50:48.373 DEBU [pymycobot.common] _write: FE FE 03 23 15 11 
2026-04-03 13:50:48.384 DEBU [pymycobot.common] _read : FE FE 0F 23 00 37 FB 2E 1A 2D E3 59 05 20 CD CD E3 D3
2026-04-03 13:50:48.495 DEBU [pymycobot.common] _write: FE FE 03 E1 84 90 
2026-04-03 13:50:48.498 DEBU [pymycobot.common] _write: FE FE 03 2B D3 10 
2026-04-03 13:50:48.505 DEBU [pymycobot.common] _read : FE FE 0F E1 FF DF 00 00 00 00 FD 49 FF 42 00 00 9E E4
2026-04-03 13:50:48.510 DEBU [pymycobot.common] _read : FE FE 04 2B 01 CD A2
2026-04-03 13:50:48.618 DEBU [pymycobot.common] _write: FE FE 03 E2 85 D0 
2026-04-03 13:50:48.626 DEBU [pymycobot.common] _read : FE FE 0F E2 FD 04 FE C0 00 B8 FD AD FF 0E 00 63 AD 68
2026-04-03 13:50:48.738 DEBU [pymycobot.common] _write: FE FE 03 E4 87 50 
2026-04-03 13:50:48.746 DEBU [pymycobot.common] _read : FE FE 0F E4 00 00 00 00 00 00 00 00 00 00 00 00 7A 7F
2026-04-03 13:50:48.862 DEBU [pymycobot.common] _write: FE FE 03 A2 75 D1 
2026-04-03 13:50:48.870 DEBU [pymycobot.common] _read : FE FE 23 A2 00 01 00 00 00 00 00 00 00 00 00 00 00 00 00 00 00 00 00 00 00 00 00 00 00 00 00 00 00 00 00 00 31 28
2026-04-03 13:50:49.105 DEBU [pymycobot.common] _write: FE FE 03 2B D3 10 
2026-04-03 13:50:49.114 DEBU [pymycobot.common] _read : FE FE 04 2B 01 CD A2
2026-04-03 13:50:49.117 DEBU [pymycobot.common] _write: FE FE 03 20 14 51 
2026-04-03 13:50:49.125 DEBU [pymycobot.common] _read : FE FE 0F 20 FE D3 00 00 00 00 13 1D F3 BC 00 00 AF 61
2026-04-03 13:50:49.241 DEBU [pymycobot.common] _write: FE FE 03 23 15 11 
2026-04-03 13:50:49.250 DEBU [pymycobot.common] _read : FE FE 0F 23 FD E4 FB 9A 19 DD F0 35 09 52 D4 1F 87 D7
2026-04-03 13:50:49.362 DEBU [pymycobot.common] _write: FE FE 03 E1 84 90 
2026-04-03 13:50:49.372 DEBU [pymycobot.common] _read : FE FE 0F E1 FF E1 00 00 00 00 FD 4F FF 46 00 00 B7 E6
2026-04-03 13:50:49.483 DEBU [pymycobot.common] _write: FE FE 03 E2 85 D0 
2026-04-03 13:50:49.492 DEBU [pymycobot.common] _read : FE FE 0F E2 FB A6 FF 2A 00 E9 FE 22 FE 68 00 2A 82 BA
2026-04-03 13:50:49.604 DEBU [pymycobot.common] _write: FE FE 03 2B D3 10 
2026-04-03 13:50:49.607 DEBU [pymycobot.common] _write: FE FE 03 E4 87 50 
2026-04-03 13:50:49.613 DEBU [pymycobot.common] _read : FE FE 04 2B 01 CD A2
2026-04-03 13:50:49.618 DEBU [pymycobot.common] _read : FE FE 0F E4 00 00 00 00 00 00 00 00 00 00 00 00 7A 7F
2026-04-03 13:50:49.725 DEBU [pymycobot.common] _write: FE FE 03 A2 75 D1 
2026-04-03 13:50:49.735 DEBU [pymycobot.common] _read : FE FE 23 A2 00 01 00 00 00 00 00 00 00 00 00 00 00 00 00 00 00 00 00 00 00 00 00 00 00 00 00 00 00 00 00 00 31 28
2026-04-03 13:50:49.968 DEBU [pymycobot.common] _write: FE FE 03 2B D3 10 
2026-04-03 13:50:49.977 DEBU [pymycobot.common] _read : FE FE 04 2B 01 CD A2
2026-04-03 13:50:49.979 DEBU [pymycobot.common] _write: FE FE 03 20 14 51 
2026-04-03 13:50:49.987 DEBU [pymycobot.common] _read : FE FE 0F 20 FE 0B 00 00 00 00 1F BA F7 3D 00 00 01 87
2026-04-03 13:50:50.090 DEBU [pymycobot.common] _write: FE FE 03 23 15 11 
2026-04-03 13:50:50.099 DEBU [pymycobot.common] _read : FE FE 0F 23 FC 09 FC 29 18 78 FE 0A 08 4A DA 14 77 33
2026-04-03 13:50:50.212 DEBU [pymycobot.common] _write: FE FE 03 E1 84 90 
2026-04-03 13:50:50.221 DEBU [pymycobot.common] _read : FE FE 0F E1 FF DF 00 00 00 00 FD 4C FF 46 00 00 5F 69
2026-04-03 13:50:50.333 DEBU [pymycobot.common] _write: FE FE 03 E2 85 D0 
2026-04-03 13:50:50.342 DEBU [pymycobot.common] _read : FE FE 0F E2 FB 9F FE E6 01 1A FF 1B FF 52 00 0F E3 40
2026-04-03 13:50:50.456 DEBU [pymycobot.common] _write: FE FE 03 E4 87 50 
2026-04-03 13:50:50.465 DEBU [pymycobot.common] _read : FE FE 0F E4 00 00 00 00 00 00 00 00 00 00 00 00 7A 7F
2026-04-03 13:50:50.579 DEBU [pymycobot.common] _write: FE FE 03 A2 75 D1 
2026-04-03 13:50:50.589 DEBU [pymycobot.common] _read : FE FE 23 A2 00 01 00 00 00 00 00 00 00 00 00 00 00 00 00 00 00 00 00 00 00 00 00 00 00 00 00 00 00 00 00 00 31 28
2026-04-03 13:50:50.700 DEBU [pymycobot.common] _write: FE FE 03 2B D3 10 
2026-04-03 13:50:50.709 DEBU [pymycobot.common] _read : FE FE 04 2B 01 CD A2
2026-04-03 13:50:50.824 DEBU [pymycobot.common] _write: FE FE 03 2B D3 10 
2026-04-03 13:50:50.831 DEBU [pymycobot.common] _read : FE FE 04 2B 01 CD A2
2026-04-03 13:50:50.833 DEBU [pymycobot.common] _write: FE FE 03 20 14 51 
2026-04-03 13:50:50.842 DEBU [pymycobot.common] _read : FE FE 0F 20 FD 45 00 00 00 00 2C 44 FA B8 00 00 7E DD
2026-04-03 13:50:50.945 DEBU [pymycobot.common] _write: FE FE 03 23 15 11 
2026-04-03 13:50:50.954 DEBU [pymycobot.common] _read : FE FE 0F 23 FB 23 FC C0 16 44 0A F3 04 46 DC 45 D0 1A
2026-04-03 13:50:51.068 DEBU [pymycobot.common] _write: FE FE 03 E1 84 90 
2026-04-03 13:50:51.079 DEBU [pymycobot.common] _read : FE FE 0F E1 FF DE 00 00 00 00 FD 47 FF 44 00 00 A2 69
2026-04-03 13:50:51.189 DEBU [pymycobot.common] _write: FE FE 03 E2 85 D0 
2026-04-03 13:50:51.198 DEBU [pymycobot.common] _read : FE FE 0F E2 FB 26 FE FB 01 01 FE B2 FE DF FF D1 5A 0B
2026-04-03 13:50:51.311 DEBU [pymycobot.common] _write: FE FE 03 E4 87 50 
2026-04-03 13:50:51.321 DEBU [pymycobot.common] _read : FE FE 0F E4 00 00 00 00 00 00 00 00 00 00 00 00 7A 7F
2026-04-03 13:50:51.431 DEBU [pymycobot.common] _write: FE FE 03 A2 75 D1 
2026-04-03 13:50:51.439 DEBU [pymycobot.common] _read : FE FE 23 A2 00 01 00 00 00 00 00 00 00 00 00 00 00 00 00 00 00 00 00 00 00 00 00 00 00 00 00 00 00 00 00 00 31 28
2026-04-03 13:50:51.675 DEBU [pymycobot.common] _write: FE FE 03 2B D3 10 
2026-04-03 13:50:51.684 DEBU [pymycobot.common] _read : FE FE 04 2B 01 CD A2
2026-04-03 13:50:51.687 DEBU [pymycobot.common] _write: FE FE 03 20 14 51 
2026-04-03 13:50:51.694 DEBU [pymycobot.common] _read : FE FE 0F 20 FC 80 00 00 00 00 38 B7 FE 2E 00 00 6F 2B
2026-04-03 13:50:51.811 DEBU [pymycobot.common] _write: FE FE 03 23 15 11 
2026-04-03 13:50:51.814 DEBU [pymycobot.common] _write: FE FE 03 2B D3 10 
2026-04-03 13:50:51.820 DEBU [pymycobot.common] _read : FE FE 0F 23 FB 92 FD 33 13 E4 17 5E 00 AA DA 61 C1 04
2026-04-03 13:50:51.825 DEBU [pymycobot.common] _read : FE FE 04 2B 01 CD A2
2026-04-03 13:50:51.933 DEBU [pymycobot.common] _write: FE FE 03 E1 84 90 
2026-04-03 13:50:51.941 DEBU [pymycobot.common] _read : FE FE 0F E1 FF E7 00 00 00 00 FD F6 FF 6D 00 01 2C D4
2026-04-03 13:50:52.055 DEBU [pymycobot.common] _write: FE FE 03 E2 85 D0 
2026-04-03 13:50:52.063 DEBU [pymycobot.common] _read : FE FE 0F E2 FC A5 FE E8 00 F0 FE 5B FF 3D FF B1 11 5C
2026-04-03 13:50:52.176 DEBU [pymycobot.common] _write: FE FE 03 E4 87 50 
2026-04-03 13:50:52.184 DEBU [pymycobot.common] _read : FE FE 0F E4 00 00 00 00 00 00 00 00 00 00 00 00 7A 7F
2026-04-03 13:50:52.300 DEBU [pymycobot.common] _write: FE FE 03 A2 75 D1 
2026-04-03 13:50:52.309 DEBU [pymycobot.common] _read : FE FE 23 A2 00 01 00 00 00 00 00 00 00 00 00 00 00 00 00 00 00 00 00 00 00 00 00 00 00 00 00 00 00 00 00 00 31 28
2026-04-03 13:50:52.460 DEBU [pymycobot.common] _read : FE FE 04 5B 00 CD 46
2026-04-03 13:50:52.541 DEBU [pymycobot.common] _write: FE FE 03 2B D3 10 
2026-04-03 13:50:52.550 DEBU [pymycobot.common] _read : FE FE 04 2B 00 0D 63
2026-04-03 13:50:52.617 DEBU [pymycobot.common] _write: FE FE 03 2B D3 10 
2026-04-03 13:50:52.630 DEBU [pymycobot.common] _read : FE FE 04 2B 00 0D 63
2026-04-03 13:50:52.695 DEBU [pymycobot.common] _write: FE FE 03 2B D3 10 
2026-04-03 13:50:52.703 DEBU [pymycobot.common] _read : FE FE 04 2B 00 0D 63
2026-04-03 13:50:52.770 DEBU [pymycobot.common] _write: FE FE 03 2B D3 10 
2026-04-03 13:50:52.778 DEBU [pymycobot.common] _read : FE FE 04 2B 00 0D 63
2026-04-03 13:50:52.845 DEBU [pymycobot.common] _write: FE FE 03 2B D3 10 
2026-04-03 13:50:52.853 DEBU [pymycobot.common] _read : FE FE 04 2B 00 0D 63
2026-04-03 13:50:52.893 DEBU [pymycobot.common] _write: FE FE 03 2B D3 10 
2026-04-03 13:50:52.902 DEBU [pymycobot.common] _read : FE FE 04 2B 00 0D 63
2026-04-03 13:50:52.906 DEBU [pymycobot.common] _write: FE FE 03 2B D3 10 
2026-04-03 13:50:52.914 DEBU [pymycobot.common] _read : FE FE 04 2B 00 0D 63
2026-04-03 13:50:52.981 DEBU [pymycobot.common] _write: FE FE 03 2B D3 10 
2026-04-03 13:50:52.988 DEBU [pymycobot.common] _read : FE FE 04 2B 00 0D 63
2026-04-03 13:50:53.041 DEBU [pymycobot.common] _write: FE FE 03 2B D3 10 
2026-04-03 13:50:53.049 DEBU [pymycobot.common] _read : FE FE 04 2B 00 0D 63
2026-04-03 13:50:53.101 DEBU [pymycobot.common] _write: FE FE 03 2B D3 10 
2026-04-03 13:50:53.108 DEBU [pymycobot.common] _read : FE FE 04 2B 00 0D 63
2026-04-03 13:50:53.162 DEBU [pymycobot.common] _write: FE FE 03 2B D3 10 
2026-04-03 13:50:53.172 DEBU [pymycobot.common] _read : FE FE 04 2B 00 0D 63
2026-04-03 13:50:53.239 DEBU [pymycobot.common] _write: FE FE 03 2B D3 10 
2026-04-03 13:50:53.248 DEBU [pymycobot.common] _read : FE FE 04 2B 00 0D 63
2026-04-03 13:50:53.316 DEBU [pymycobot.common] _write: FE FE 03 2B D3 10 
2026-04-03 13:50:53.323 DEBU [pymycobot.common] _read : FE FE 04 2B 00 0D 63
2026-04-03 13:50:53.392 DEBU [pymycobot.common] _write: FE FE 03 2B D3 10 
2026-04-03 13:50:53.411 DEBU [pymycobot.common] _read : FE FE 04 2B 00 0D 63
2026-04-03 13:50:53.423 DEBU [pymycobot.common] _write: FE FE 03 2B D3 10 
2026-04-03 13:50:53.434 DEBU [pymycobot.common] _read : FE FE 04 2B 00 0D 63
2026-04-03 13:50:53.442 DEBU [pymycobot.common] _write: FE FE 10 2A FC 18 00 00 00 00 3F 48 00 00 00 00 00 70 1A 
2026-04-03 13:50:53.451 DEBU [pymycobot.common] _read : FE FE 04 2A 01 5D A3
2026-04-03 13:50:53.459 DEBU [pymycobot.common] _write: FE FE 10 22 0B B8 00 00 00 00 00 00 C0 B8 FC 18 19 0F 34 
2026-04-03 13:50:53.468 DEBU [pymycobot.common] _write: FE FE 03 2B D3 10 
2026-04-03 13:50:53.469 DEBU [pymycobot.common] _read : FE FE 05 22 FF 01 E7 1C
2026-04-03 13:50:53.475 DEBU [pymycobot.common] _read : FE FE 04 2B 01 CD A2
2026-04-03 13:50:53.478 DEBU [pymycobot.common] _write: FE FE 03 20 14 51 
2026-04-03 13:50:53.488 DEBU [pymycobot.common] _read : FE FE 0F 20 FC 19 00 00 00 00 3F 48 00 00 00 00 B3 BC
2026-04-03 13:50:53.605 DEBU [pymycobot.common] _write: FE FE 03 23 15 11 
2026-04-03 13:50:53.612 DEBU [pymycobot.common] _read : FE FE 0F 23 FC 10 FD 48 13 22 1B F6 00 0F D9 22 B8 D3
2026-04-03 13:50:53.727 DEBU [pymycobot.common] _write: FE FE 03 E1 84 90 
2026-04-03 13:50:53.735 DEBU [pymycobot.common] _read : FE FE 0F E1 00 2B 00 00 00 00 00 DD 00 DD 00 11 BE 41
2026-04-03 13:50:53.847 DEBU [pymycobot.common] _write: FE FE 03 E2 85 D0 
2026-04-03 13:50:53.858 DEBU [pymycobot.common] _read : FE FE 0F E2 03 F6 FF 4E 00 A6 02 80 01 B3 00 49 B8 D0
2026-04-03 13:50:53.971 DEBU [pymycobot.common] _write: FE FE 03 E4 87 50 
2026-04-03 13:50:53.978 DEBU [pymycobot.common] _read : FE FE 0F E4 00 00 00 00 00 00 00 00 00 00 00 00 7A 7F
2026-04-03 13:50:54.091 DEBU [pymycobot.common] _write: FE FE 03 A2 75 D1 
2026-04-03 13:50:54.100 DEBU [pymycobot.common] _read : FE FE 23 A2 00 01 00 00 00 00 00 00 00 00 00 00 00 00 00 00 00 00 00 00 00 00 00 00 00 00 00 00 00 00 00 00 31 28
2026-04-03 13:50:54.333 DEBU [pymycobot.common] _write: FE FE 03 2B D3 10 
2026-04-03 13:50:54.342 DEBU [pymycobot.common] _read : FE FE 04 2B 01 CD A2
2026-04-03 13:50:54.345 DEBU [pymycobot.common] _write: FE FE 03 20 14 51 
2026-04-03 13:50:54.353 DEBU [pymycobot.common] _read : FE FE 0F 20 FD E4 00 00 00 00 38 07 F8 BC FF 8E B6 1C
2026-04-03 13:50:54.471 DEBU [pymycobot.common] _write: FE FE 03 23 15 11 
2026-04-03 13:50:54.480 DEBU [pymycobot.common] _read : FE FE 0F 23 FB 96 FC 0D 14 90 13 D7 06 5F E1 D7 D3 73
2026-04-03 13:50:54.482 DEBU [pymycobot.common] _write: FE FE 03 2B D3 10 
2026-04-03 13:50:54.490 DEBU [pymycobot.common] _read : FE FE 04 2B 01 CD A2
2026-04-03 13:50:54.594 DEBU [pymycobot.common] _write: FE FE 03 E1 84 90 
2026-04-03 13:50:54.602 DEBU [pymycobot.common] _read : FE FE 0F E1 00 87 00 00 00 00 02 AF 02 AE 00 2E 76 F5
2026-04-03 13:50:54.715 DEBU [pymycobot.common] _write: FE FE 03 E2 85 D0 
2026-04-03 13:50:54.723 DEBU [pymycobot.common] _read : FE FE 0F E2 06 3D FE FD 00 FA 03 BE 01 C2 01 1B 06 11
2026-04-03 13:50:54.837 DEBU [pymycobot.common] _write: FE FE 03 E4 87 50 
2026-04-03 13:50:54.845 DEBU [pymycobot.common] _read : FE FE 0F E4 00 00 00 00 00 00 00 00 00 00 00 00 7A 7F
2026-04-03 13:50:54.958 DEBU [pymycobot.common] _write: FE FE 03 A2 75 D1 
2026-04-03 13:50:54.969 DEBU [pymycobot.common] _read : FE FE 23 A2 00 01 00 00 00 00 00 00 00 00 00 00 00 00 00 00 00 00 00 00 00 00 00 00 00 00 00 00 00 00 00 00 31 28
2026-04-03 13:50:55.202 DEBU [pymycobot.common] _write: FE FE 03 2B D3 10 
2026-04-03 13:50:55.212 DEBU [pymycobot.common] _read : FE FE 04 2B 01 CD A2
2026-04-03 13:50:55.214 DEBU [pymycobot.common] _write: FE FE 03 20 14 51 
2026-04-03 13:50:55.223 DEBU [pymycobot.common] _read : FE FE 0F 20 01 05 00 00 00 00 2B 54 EC 0D FE C5 47 8E
2026-04-03 13:50:55.337 DEBU [pymycobot.common] _write: FE FE 03 23 15 11 
2026-04-03 13:50:55.346 DEBU [pymycobot.common] _read : FE FE 0F 23 FC 5B FA 7A 16 30 09 1A 15 12 E5 0F 6A 7A
2026-04-03 13:50:55.461 DEBU [pymycobot.common] _write: FE FE 03 E1 84 90 
2026-04-03 13:50:55.470 DEBU [pymycobot.common] _read : FE FE 0F E1 00 8A 00 00 00 00 02 A1 02 9E 00 26 D2 A6
2026-04-03 13:50:55.580 DEBU [pymycobot.common] _write: FE FE 03 E2 85 D0 
2026-04-03 13:50:55.585 DEBU [pymycobot.common] _write: FE FE 03 2B D3 10 
2026-04-03 13:50:55.591 DEBU [pymycobot.common] _read : FE FE 0F E2 05 92 FE FB 00 EF 03 CB 01 D0 00 86 82 A5
2026-04-03 13:50:55.598 DEBU [pymycobot.common] _read : FE FE 04 2B 01 CD A2
2026-04-03 13:50:55.702 DEBU [pymycobot.common] _write: FE FE 03 E4 87 50 
2026-04-03 13:50:55.710 DEBU [pymycobot.common] _read : FE FE 0F E4 00 00 00 00 00 00 00 00 00 00 00 00 7A 7F
2026-04-03 13:50:55.825 DEBU [pymycobot.common] _write: FE FE 03 A2 75 D1 
2026-04-03 13:50:55.834 DEBU [pymycobot.common] _read : FE FE 23 A2 00 01 00 00 00 00 00 00 00 00 00 00 00 00 00 00 00 00 00 00 00 00 00 00 00 00 00 00 00 00 00 00 31 28
2026-04-03 13:50:56.068 DEBU [pymycobot.common] _write: FE FE 03 2B D3 10 
2026-04-03 13:50:56.077 DEBU [pymycobot.common] _read : FE FE 04 2B 01 CD A2
2026-04-03 13:50:56.080 DEBU [pymycobot.common] _write: FE FE 03 20 14 51 
2026-04-03 13:50:56.088 DEBU [pymycobot.common] _read : FE FE 0F 20 04 2B 00 00 00 00 1E 95 DF 4E FD FD A5 DA
2026-04-03 13:50:56.192 DEBU [pymycobot.common] _write: FE FE 03 23 15 11 
2026-04-03 13:50:56.203 DEBU [pymycobot.common] _read : FE FE 0F 23 FD 9D F9 B6 17 1F DF 27 1A BF C0 A9 0A F9
2026-04-03 13:50:56.314 DEBU [pymycobot.common] _write: FE FE 03 E1 84 90 
2026-04-03 13:50:56.322 DEBU [pymycobot.common] _read : FE FE 0F E1 00 8A 00 00 00 00 02 AC 02 AA 00 28 19 4B
2026-04-03 13:50:56.436 DEBU [pymycobot.common] _write: FE FE 03 E2 85 D0 
2026-04-03 13:50:56.446 DEBU [pymycobot.common] _read : FE FE 0F E2 06 6B FE DB 01 1A 04 95 02 2D 00 DE 2F 49
2026-04-03 13:50:56.558 DEBU [pymycobot.common] _write: FE FE 03 E4 87 50 
2026-04-03 13:50:56.567 DEBU [pymycobot.common] _read : FE FE 0F E4 00 00 00 00 00 00 00 00 00 00 00 00 7A 7F
2026-04-03 13:50:56.677 DEBU [pymycobot.common] _write: FE FE 03 A2 75 D1 
2026-04-03 13:50:56.680 DEBU [pymycobot.common] _write: FE FE 03 2B D3 10 
2026-04-03 13:50:56.686 DEBU [pymycobot.common] _read : FE FE 23 A2 00 01 00 00 00 00 00 00 00 00 00 00 00 00 00 00 00 00 00 00 00 00 00 00 00 00 00 00 00 00 00 00 31 28
2026-04-03 13:50:56.693 DEBU [pymycobot.common] _read : FE FE 04 2B 01 CD A2
2026-04-03 13:50:56.920 DEBU [pymycobot.common] _write: FE FE 03 2B D3 10 
2026-04-03 13:50:56.928 DEBU [pymycobot.common] _read : FE FE 04 2B 01 CD A2
2026-04-03 13:50:56.930 DEBU [pymycobot.common] _write: FE FE 03 20 14 51 
2026-04-03 13:50:56.938 DEBU [pymycobot.common] _read : FE FE 0F 20 07 3C 00 00 00 00 12 2A D2 E2 FD 38 DC 87
2026-04-03 13:50:57.041 DEBU [pymycobot.common] _write: FE FE 03 23 15 11 
2026-04-03 13:50:57.052 DEBU [pymycobot.common] _read : FE FE 0F 23 FE 98 F9 CE 18 04 D4 18 0B 49 40 97 E1 15
2026-04-03 13:50:57.162 DEBU [pymycobot.common] _write: FE FE 03 E1 84 90 
2026-04-03 13:50:57.170 DEBU [pymycobot.common] _read : FE FE 0F E1 00 8A 00 00 00 00 02 A0 02 A9 00 29 D8 6A
2026-04-03 13:50:57.283 DEBU [pymycobot.common] _write: FE FE 03 E2 85 D0 
2026-04-03 13:50:57.292 DEBU [pymycobot.common] _read : FE FE 0F E2 05 C0 FE FB 00 9B 02 EF 01 EC 00 83 E5 EA
2026-04-03 13:50:57.405 DEBU [pymycobot.common] _write: FE FE 03 E4 87 50 
2026-04-03 13:50:57.414 DEBU [pymycobot.common] _read : FE FE 0F E4 00 00 00 00 00 00 00 00 00 00 00 00 7A 7F
2026-04-03 13:50:57.527 DEBU [pymycobot.common] _write: FE FE 03 A2 75 D1 
2026-04-03 13:50:57.536 DEBU [pymycobot.common] _read : FE FE 23 A2 00 01 00 00 00 00 00 00 00 00 00 00 00 00 00 00 00 00 00 00 00 00 00 00 00 00 00 00 00 00 00 00 31 28
2026-04-03 13:50:57.753 DEBU [pymycobot.common] _write: FE FE 03 2B D3 10 
2026-04-03 13:50:57.761 DEBU [pymycobot.common] _read : FE FE 04 2B 01 CD A2
2026-04-03 13:50:57.770 DEBU [pymycobot.common] _write: FE FE 03 2B D3 10 
2026-04-03 13:50:57.777 DEBU [pymycobot.common] _read : FE FE 04 2B 01 CD A2
2026-04-03 13:50:57.780 DEBU [pymycobot.common] _write: FE FE 03 20 14 51 
2026-04-03 13:50:57.787 DEBU [pymycobot.common] _read : FE FE 0F 20 0A 50 00 00 00 00 05 B2 C6 6B FC 73 18 1C
2026-04-03 13:50:57.905 DEBU [pymycobot.common] _write: FE FE 03 23 15 11 
2026-04-03 13:50:57.914 DEBU [pymycobot.common] _read : FE FE 0F 23 FF A9 FA D1 19 5B D9 53 FE 44 39 52 F7 E5
2026-04-03 13:50:58.025 DEBU [pymycobot.common] _write: FE FE 03 E1 84 90 
2026-04-03 13:50:58.036 DEBU [pymycobot.common] _read : FE FE 0F E1 00 5F 00 00 00 00 01 E5 01 DE 00 23 72 2E
2026-04-03 13:50:58.147 DEBU [pymycobot.common] _write: FE FE 03 E2 85 D0 
2026-04-03 13:50:58.156 DEBU [pymycobot.common] _read : FE FE 0F E2 04 75 FF 5F 00 3D 01 D9 01 91 00 AC D3 14
2026-04-03 13:50:58.269 DEBU [pymycobot.common] _write: FE FE 03 E4 87 50 
2026-04-03 13:50:58.278 DEBU [pymycobot.common] _read : FE FE 0F E4 00 00 00 00 00 00 00 00 00 00 00 00 7A 7F
2026-04-03 13:50:58.392 DEBU [pymycobot.common] _write: FE FE 03 A2 75 D1 
2026-04-03 13:50:58.401 DEBU [pymycobot.common] _read : FE FE 23 A2 00 01 00 00 00 00 00 00 00 00 00 00 00 00 00 00 00 00 00 00 00 00 00 00 00 00 00 00 00 00 00 00 31 28
2026-04-03 13:50:58.488 DEBU [pymycobot.common] _read : FE FE 04 5B 00 CD 46
2026-04-03 13:50:58.632 DEBU [pymycobot.common] _write: FE FE 03 2B D3 10 
2026-04-03 13:50:58.644 DEBU [pymycobot.common] _read : FE FE 04 2B 00 0D 63
2026-04-03 13:50:58.709 DEBU [pymycobot.common] _write: FE FE 03 2B D3 10 
2026-04-03 13:50:58.719 DEBU [pymycobot.common] _read : FE FE 04 2B 00 0D 63
2026-04-03 13:50:58.785 DEBU [pymycobot.common] _write: FE FE 03 2B D3 10 
2026-04-03 13:50:58.797 DEBU [pymycobot.common] _read : FE FE 04 2B 00 0D 63
2026-04-03 13:50:58.862 DEBU [pymycobot.common] _write: FE FE 03 2B D3 10 
2026-04-03 13:50:58.874 DEBU [pymycobot.common] _read : FE FE 04 2B 00 0D 63
2026-04-03 13:50:58.908 DEBU [pymycobot.common] _write: FE FE 03 2B D3 10 
2026-04-03 13:50:58.918 DEBU [pymycobot.common] _read : FE FE 04 2B 00 0D 63
2026-04-03 13:50:58.938 DEBU [pymycobot.common] _write: FE FE 03 2B D3 10 
2026-04-03 13:50:58.950 DEBU [pymycobot.common] _read : FE FE 04 2B 00 0D 63
2026-04-03 13:50:59.015 DEBU [pymycobot.common] _write: FE FE 03 2B D3 10 
2026-04-03 13:50:59.025 DEBU [pymycobot.common] _read : FE FE 04 2B 00 0D 63
2026-04-03 13:50:59.089 DEBU [pymycobot.common] _write: FE FE 03 2B D3 10 
2026-04-03 13:50:59.099 DEBU [pymycobot.common] _read : FE FE 04 2B 00 0D 63
2026-04-03 13:50:59.150 DEBU [pymycobot.common] _write: FE FE 03 2B D3 10 
2026-04-03 13:50:59.161 DEBU [pymycobot.common] _read : FE FE 04 2B 00 0D 63
2026-04-03 13:50:59.226 DEBU [pymycobot.common] _write: FE FE 03 2B D3 10 
2026-04-03 13:50:59.238 DEBU [pymycobot.common] _read : FE FE 04 2B 00 0D 63
2026-04-03 13:50:59.302 DEBU [pymycobot.common] _write: FE FE 03 2B D3 10 
2026-04-03 13:50:59.315 DEBU [pymycobot.common] _read : FE FE 04 2B 00 0D 63
2026-04-03 13:50:59.378 DEBU [pymycobot.common] _write: FE FE 03 2B D3 10 
2026-04-03 13:50:59.388 DEBU [pymycobot.common] _read : FE FE 04 2B 00 0D 63
2026-04-03 13:50:59.439 DEBU [pymycobot.common] _write: FE FE 03 2B D3 10 
2026-04-03 13:50:59.449 DEBU [pymycobot.common] _read : FE FE 04 2B 00 0D 63
2026-04-03 13:50:59.452 DEBU [pymycobot.common] _write: FE FE 10 2A 0B B8 00 00 00 00 00 00 C0 B8 FC 18 00 0D FC 
2026-04-03 13:50:59.454 DEBU [pymycobot.common] _write: FE FE 03 2B D3 10 
2026-04-03 13:50:59.462 DEBU [pymycobot.common] _read : FE FE 04 2A 01 5D A3
2026-04-03 13:50:59.466 DEBU [pymycobot.common] _write: FE FE 10 22 F8 30 00 00 00 00 00 00 3F 48 0B B8 19 7A 7C 
2026-04-03 13:50:59.473 DEBU [pymycobot.common] _read : FE FE 04 2B 00 0D 63
2026-04-03 13:50:59.483 DEBU [pymycobot.common] _read : FE FE 05 22 FF 01 E7 1C
2026-04-03 13:50:59.531 DEBU [pymycobot.common] _write: FE FE 03 2B D3 10 
2026-04-03 13:50:59.539 DEBU [pymycobot.common] _read : FE FE 04 2B 01 CD A2
2026-04-03 13:50:59.540 DEBU [pymycobot.common] _write: FE FE 03 20 14 51 
2026-04-03 13:50:59.546 DEBU [pymycobot.common] _read : FE FE 0F 20 0B B6 00 00 00 00 00 00 C0 C0 FC 19 98 61
2026-04-03 13:50:59.651 DEBU [pymycobot.common] _write: FE FE 03 23 15 11 
2026-04-03 13:50:59.660 DEBU [pymycobot.common] _read : FE FE 0F 23 00 1E FB 5B 19 C8 DC D9 FC 21 36 23 07 5E
2026-04-03 13:50:59.771 DEBU [pymycobot.common] _write: FE FE 03 E1 84 90 
2026-04-03 13:50:59.778 DEBU [pymycobot.common] _read : FE FE 0F E1 FF DE 00 00 00 00 00 00 FE FE FF E4 E2 A9
2026-04-03 13:50:59.895 DEBU [pymycobot.common] _write: FE FE 03 E2 85 D0 
2026-04-03 13:50:59.902 DEBU [pymycobot.common] _read : FE FE 0F E2 FC 36 FF 87 00 22 FF 44 FF 4D FF 41 E1 71
2026-04-03 13:51:00.014 DEBU [pymycobot.common] _write: FE FE 03 E4 87 50 
2026-04-03 13:51:00.022 DEBU [pymycobot.common] _read : FE FE 0F E4 00 00 00 00 00 00 00 00 00 00 00 00 7A 7F
2026-04-03 13:51:00.137 DEBU [pymycobot.common] _write: FE FE 03 A2 75 D1 
2026-04-03 13:51:00.145 DEBU [pymycobot.common] _read : FE FE 23 A2 00 01 00 00 00 00 00 00 00 00 00 00 00 00 00 00 00 00 00 00 00 00 00 00 00 00 00 00 00 00 00 00 31 28
2026-04-03 13:51:00.380 DEBU [pymycobot.common] _write: FE FE 03 2B D3 10 
2026-04-03 13:51:00.390 DEBU [pymycobot.common] _read : FE FE 04 2B 01 CD A2
2026-04-03 13:51:00.392 DEBU [pymycobot.common] _write: FE FE 03 20 14 51 
2026-04-03 13:51:00.400 DEBU [pymycobot.common] _read : FE FE 0F 20 0A 88 00 00 00 00 00 00 C8 84 FD 0F 98 95
2026-04-03 13:51:00.515 DEBU [pymycobot.common] _write: FE FE 03 23 15 11 
2026-04-03 13:51:00.519 DEBU [pymycobot.common] _write: FE FE 03 2B D3 10 
2026-04-03 13:51:00.525 DEBU [pymycobot.common] _read : FE FE 0F 23 00 A1 FA D4 19 C8 DC D9 FD 49 3E 0E DF 0E
2026-04-03 13:51:00.532 DEBU [pymycobot.common] _read : FE FE 04 2B 01 CD A2
2026-04-03 13:51:00.637 DEBU [pymycobot.common] _write: FE FE 03 E1 84 90 
2026-04-03 13:51:00.647 DEBU [pymycobot.common] _read : FE FE 0F E1 FF A8 00 00 00 00 00 00 FD 58 FF A9 F9 3D
2026-04-03 13:51:00.759 DEBU [pymycobot.common] _write: FE FE 03 E2 85 D0 
2026-04-03 13:51:00.771 DEBU [pymycobot.common] _read : FE FE 0F E2 FC 4D FF 5D 00 56 00 ED FD C5 FE E1 0B E1
2026-04-03 13:51:00.880 DEBU [pymycobot.common] _write: FE FE 03 E4 87 50 
2026-04-03 13:51:00.892 DEBU [pymycobot.common] _read : FE FE 0F E4 00 00 00 00 00 00 00 00 00 00 00 00 7A 7F
2026-04-03 13:51:01.001 DEBU [pymycobot.common] _write: FE FE 03 A2 75 D1 
2026-04-03 13:51:01.011 DEBU [pymycobot.common] _read : FE FE 23 A2 00 01 00 00 00 00 00 00 00 00 00 00 00 00 00 00 00 00 00 00 00 00 00 00 00 00 00 00 00 00 00 00 31 28
2026-04-03 13:51:01.246 DEBU [pymycobot.common] _write: FE FE 03 2B D3 10 
2026-04-03 13:51:01.256 DEBU [pymycobot.common] _read : FE FE 04 2B 01 CD A2
2026-04-03 13:51:01.259 DEBU [pymycobot.common] _write: FE FE 03 20 14 51 
2026-04-03 13:51:01.270 DEBU [pymycobot.common] _read : FE FE 0F 20 08 8C 00 00 00 00 00 00 D5 2F FE 9F 7F 0E
2026-04-03 13:51:01.382 DEBU [pymycobot.common] _write: FE FE 03 23 15 11 
2026-04-03 13:51:01.390 DEBU [pymycobot.common] _read : FE FE 0F 23 01 76 FA 91 19 C8 DC D9 FE DA BC 27 2F 1E
2026-04-03 13:51:01.505 DEBU [pymycobot.common] _write: FE FE 03 E1 84 90 
2026-04-03 13:51:01.513 DEBU [pymycobot.common] _read : FE FE 0F E1 FF AD 00 00 00 00 00 00 FD 54 FF A9 36 EC
2026-04-03 13:51:01.517 DEBU [pymycobot.common] _write: FE FE 03 2B D3 10 
2026-04-03 13:51:01.524 DEBU [pymycobot.common] _read : FE FE 04 2B 01 CD A2
2026-04-03 13:51:01.627 DEBU [pymycobot.common] _write: FE FE 03 E2 85 D0 
2026-04-03 13:51:01.637 DEBU [pymycobot.common] _read : FE FE 0F E2 FA B7 FF BC 00 49 FE 72 FD F4 FE B8 7A F1
2026-04-03 13:51:01.749 DEBU [pymycobot.common] _write: FE FE 03 E4 87 50 
2026-04-03 13:51:01.760 DEBU [pymycobot.common] _read : FE FE 0F E4 00 00 00 00 00 00 00 00 00 00 00 00 7A 7F
2026-04-03 13:51:01.871 DEBU [pymycobot.common] _write: FE FE 03 A2 75 D1 
2026-04-03 13:51:01.881 DEBU [pymycobot.common] _read : FE FE 23 A2 00 01 00 00 00 00 00 00 00 00 00 00 00 00 00 00 00 00 00 00 00 00 00 00 00 00 00 00 00 00 00 00 31 28
2026-04-03 13:51:02.113 DEBU [pymycobot.common] _write: FE FE 03 2B D3 10 
2026-04-03 13:51:02.122 DEBU [pymycobot.common] _read : FE FE 04 2B 01 CD A2
2026-04-03 13:51:02.124 DEBU [pymycobot.common] _write: FE FE 03 20 14 51 
2026-04-03 13:51:02.133 DEBU [pymycobot.common] _read : FE FE 0F 20 06 9B 00 00 00 00 00 00 E1 DF 00 2F CB E6
2026-04-03 13:51:02.250 DEBU [pymycobot.common] _write: FE FE 03 23 15 11 
2026-04-03 13:51:02.258 DEBU [pymycobot.common] _read : FE FE 0F 23 02 3A FA DA 19 C7 DC D8 00 6A C6 E4 B7 A3
2026-04-03 13:51:02.370 DEBU [pymycobot.common] _write: FE FE 03 E1 84 90 
2026-04-03 13:51:02.378 DEBU [pymycobot.common] _read : FE FE 0F E1 FF AA 00 00 00 00 00 00 FD 56 FF AC 81 97
2026-04-03 13:51:02.491 DEBU [pymycobot.common] _write: FE FE 03 E2 85 D0 
2026-04-03 13:51:02.498 DEBU [pymycobot.common] _read : FE FE 0F E2 FA B3 FF 32 00 4C FF E7 FE E4 FF 1C 8A 90
2026-04-03 13:51:02.611 DEBU [pymycobot.common] _write: FE FE 03 E4 87 50 
2026-04-03 13:51:02.614 DEBU [pymycobot.common] _write: FE FE 03 2B D3 10 
2026-04-03 13:51:02.619 DEBU [pymycobot.common] _read : FE FE 0F E4 00 00 00 00 00 00 00 00 00 00 00 00 7A 7F
2026-04-03 13:51:02.624 DEBU [pymycobot.common] _read : FE FE 04 2B 01 CD A2
2026-04-03 13:51:02.731 DEBU [pymycobot.common] _write: FE FE 03 A2 75 D1 
2026-04-03 13:51:02.739 DEBU [pymycobot.common] _read : FE FE 23 A2 00 01 00 00 00 00 00 00 00 00 00 00 00 00 00 00 00 00 00 00 00 00 00 00 00 00 00 00 00 00 00 00 31 28
2026-04-03 13:51:02.975 DEBU [pymycobot.common] _write: FE FE 03 2B D3 10 
2026-04-03 13:51:02.985 DEBU [pymycobot.common] _read : FE FE 04 2B 01 CD A2
2026-04-03 13:51:02.987 DEBU [pymycobot.common] _write: FE FE 03 20 14 51 
2026-04-03 13:51:02.997 DEBU [pymycobot.common] _read : FE FE 0F 20 04 A6 00 00 00 00 00 00 EE 87 01 BF 9B 58
2026-04-03 13:51:03.112 DEBU [pymycobot.common] _write: FE FE 03 23 15 11 
2026-04-03 13:51:03.119 DEBU [pymycobot.common] _read : FE FE 0F 23 02 B1 FB 99 19 C7 DC D8 01 FA D1 95 A2 95
2026-04-03 13:51:03.235 DEBU [pymycobot.common] _write: FE FE 03 E1 84 90 
2026-04-03 13:51:03.242 DEBU [pymycobot.common] _read : FE FE 0F E1 FF B3 00 00 00 00 FF FF FD 51 FF AB C5 1D
2026-04-03 13:51:03.357 DEBU [pymycobot.common] _write: FE FE 03 E2 85 D0 
2026-04-03 13:51:03.364 DEBU [pymycobot.common] _read : FE FE 0F E2 FA 67 FF 6E 00 33 FF F3 FD 46 00 4C D4 DA
2026-04-03 13:51:03.479 DEBU [pymycobot.common] _write: FE FE 03 E4 87 50 
2026-04-03 13:51:03.489 DEBU [pymycobot.common] _read : FE FE 0F E4 00 00 00 00 00 00 00 00 00 00 00 00 7A 7F
2026-04-03 13:51:03.601 DEBU [pymycobot.common] _write: FE FE 03 A2 75 D1 
2026-04-03 13:51:03.610 DEBU [pymycobot.common] _read : FE FE 23 A2 00 01 00 00 00 00 00 00 00 00 00 00 00 00 00 00 00 00 00 00 00 00 00 00 00 00 00 00 00 00 00 00 31 28
2026-04-03 13:51:03.725 DEBU [pymycobot.common] _write: FE FE 03 2B D3 10 
2026-04-03 13:51:03.735 DEBU [pymycobot.common] _read : FE FE 04 2B 01 CD A2
2026-04-03 13:51:03.847 DEBU [pymycobot.common] _write: FE FE 03 2B D3 10 
2026-04-03 13:51:03.855 DEBU [pymycobot.common] _read : FE FE 04 2B 01 CD A2
2026-04-03 13:51:03.857 DEBU [pymycobot.common] _write: FE FE 03 20 14 51 
2026-04-03 13:51:03.865 DEBU [pymycobot.common] _read : FE FE 0F 20 02 AD 00 00 00 00 00 00 FB 51 03 50 AF D0
2026-04-03 13:51:03.983 DEBU [pymycobot.common] _write: FE FE 03 23 15 11 
2026-04-03 13:51:03.992 DEBU [pymycobot.common] _read : FE FE 0F 23 02 B1 FC A3 19 C7 DC D8 03 8E DC 69 AA 4B
2026-04-03 13:51:04.105 DEBU [pymycobot.common] _write: FE FE 03 E1 84 90 
2026-04-03 13:51:04.114 DEBU [pymycobot.common] _read : FE FE 0F E1 FF A9 FF FF 00 00 00 00 FD 4B FF A9 C7 B8
2026-04-03 13:51:04.225 DEBU [pymycobot.common] _write: FE FE 03 E2 85 D0 
2026-04-03 13:51:04.236 DEBU [pymycobot.common] _read : FE FE 0F E2 FD 39 FF ED 00 1E 00 44 FE 45 FF 07 54 83
2026-04-03 13:51:04.347 DEBU [pymycobot.common] _write: FE FE 03 E4 87 50 
2026-04-03 13:51:04.355 DEBU [pymycobot.common] _read : FE FE 0F E4 00 00 00 00 00 00 00 00 00 00 00 00 7A 7F
2026-04-03 13:51:04.471 DEBU [pymycobot.common] _write: FE FE 03 A2 75 D1 
2026-04-03 13:51:04.480 DEBU [pymycobot.common] _read : FE FE 23 A2 00 01 00 00 00 00 00 00 00 00 00 00 00 00 00 00 00 00 00 00 00 00 00 00 00 00 00 00 00 00 00 00 31 28
2026-04-03 13:51:04.715 DEBU [pymycobot.common] _write: FE FE 03 2B D3 10 
2026-04-03 13:51:04.724 DEBU [pymycobot.common] _read : FE FE 04 2B 01 CD A2
2026-04-03 13:51:04.725 DEBU [pymycobot.common] _write: FE FE 03 20 14 51 
2026-04-03 13:51:04.728 DEBU [pymycobot.common] _write: FE FE 03 2B D3 10 
2026-04-03 13:51:04.734 DEBU [pymycobot.common] _read : FE FE 0F 20 00 B8 00 00 00 00 00 00 08 03 04 E5 76 3D
2026-04-03 13:51:04.740 DEBU [pymycobot.common] _read : FE FE 04 2B 01 CD A2
2026-04-03 13:51:04.837 DEBU [pymycobot.common] _write: FE FE 03 23 15 11 
2026-04-03 13:51:04.845 DEBU [pymycobot.common] _read : FE FE 0F 23 02 2C FD AE 19 C7 DC D8 05 17 E6 EE 34 06
2026-04-03 13:51:04.959 DEBU [pymycobot.common] _write: FE FE 03 E1 84 90 
2026-04-03 13:51:04.969 DEBU [pymycobot.common] _read : FE FE 0F E1 FF AA 00 00 00 00 00 01 FD 4A FF AB 45 2A
2026-04-03 13:51:05.081 DEBU [pymycobot.common] _write: FE FE 03 E2 85 D0 
2026-04-03 13:51:05.089 DEBU [pymycobot.common] _read : FE FE 0F E2 FB 46 FF AD 00 29 FF D5 FE 52 FE 8F A9 3E
2026-04-03 13:51:05.204 DEBU [pymycobot.common] _write: FE FE 03 E4 87 50 
2026-04-03 13:51:05.213 DEBU [pymycobot.common] _read : FE FE 0F E4 00 00 00 00 00 00 00 00 00 00 00 00 7A 7F
2026-04-03 13:51:05.324 DEBU [pymycobot.common] _write: FE FE 03 A2 75 D1 
2026-04-03 13:51:05.333 DEBU [pymycobot.common] _read : FE FE 23 A2 00 01 00 00 00 00 00 00 00 00 00 00 00 00 00 00 00 00 00 00 00 00 00 00 00 00 00 00 00 00 00 00 31 28
2026-04-03 13:51:05.571 DEBU [pymycobot.common] _write: FE FE 03 2B D3 10 
2026-04-03 13:51:05.579 DEBU [pymycobot.common] _read : FE FE 04 2B 01 CD A2
2026-04-03 13:51:05.582 DEBU [pymycobot.common] _write: FE FE 03 20 14 51 
2026-04-03 13:51:05.590 DEBU [pymycobot.common] _read : FE FE 0F 20 FE CA 00 00 00 00 00 00 14 89 06 70 AC D1
2026-04-03 13:51:05.706 DEBU [pymycobot.common] _write: FE FE 03 23 15 11 
2026-04-03 13:51:05.714 DEBU [pymycobot.common] _read : FE FE 0F 23 01 29 FE 8D 19 C7 DC D8 06 AC F1 C4 8C 90
2026-04-03 13:51:05.828 DEBU [pymycobot.common] _write: FE FE 03 E1 84 90 
2026-04-03 13:51:05.831 DEBU [pymycobot.common] _write: FE FE 03 2B D3 10 
2026-04-03 13:51:05.837 DEBU [pymycobot.common] _read : FE FE 0F E1 FF AD 00 00 00 00 00 00 FD 4F FF AF 33 1C
2026-04-03 13:51:05.843 DEBU [pymycobot.common] _read : FE FE 04 2B 01 CD A2
2026-04-03 13:51:05.948 DEBU [pymycobot.common] _write: FE FE 03 E2 85 D0 
2026-04-03 13:51:05.956 DEBU [pymycobot.common] _read : FE FE 0F E2 FB E4 FF 9C 00 13 00 44 FD FA FF 62 2A 5D
2026-04-03 13:51:06.069 DEBU [pymycobot.common] _write: FE FE 03 E4 87 50 
2026-04-03 13:51:06.079 DEBU [pymycobot.common] _read : FE FE 0F E4 00 00 00 00 00 00 00 00 00 00 00 00 7A 7F
2026-04-03 13:51:06.191 DEBU [pymycobot.common] _write: FE FE 03 A2 75 D1 
2026-04-03 13:51:06.198 DEBU [pymycobot.common] _read : FE FE 23 A2 00 01 00 00 00 00 00 00 00 00 00 00 00 00 00 00 00 00 00 00 00 00 00 00 00 00 00 00 00 00 00 00 31 28
2026-04-03 13:51:06.434 DEBU [pymycobot.common] _write: FE FE 03 2B D3 10 
2026-04-03 13:51:06.443 DEBU [pymycobot.common] _read : FE FE 04 2B 01 CD A2
2026-04-03 13:51:06.445 DEBU [pymycobot.common] _write: FE FE 03 20 14 51 
2026-04-03 13:51:06.453 DEBU [pymycobot.common] _read : FE FE 0F 20 FC D7 00 00 00 00 00 00 21 39 08 02 69 CD
2026-04-03 13:51:06.556 DEBU [pymycobot.common] _write: FE FE 03 23 15 11 
2026-04-03 13:51:06.565 DEBU [pymycobot.common] _read : FE FE 0F 23 FF E0 FF 01 19 C8 DC D8 08 34 FC 4F 36 B5
2026-04-03 13:51:06.676 DEBU [pymycobot.common] _write: FE FE 03 E1 84 90 
2026-04-03 13:51:06.686 DEBU [pymycobot.common] _read : FE FE 0F E1 FF AF 00 00 00 00 00 00 FD 53 FF AD 8C 57
2026-04-03 13:51:06.798 DEBU [pymycobot.common] _write: FE FE 03 E2 85 D0 
2026-04-03 13:51:06.807 DEBU [pymycobot.common] _read : FE FE 0F E2 F9 D2 FF CD 00 44 00 2E FE 55 FF 89 10 FA
2026-04-03 13:51:06.920 DEBU [pymycobot.common] _write: FE FE 03 E4 87 50 
2026-04-03 13:51:06.922 DEBU [pymycobot.common] _write: FE FE 03 2B D3 10 
2026-04-03 13:51:06.928 DEBU [pymycobot.common] _read : FE FE 0F E4 00 00 00 00 00 00 00 00 00 00 00 00 7A 7F
2026-04-03 13:51:06.933 DEBU [pymycobot.common] _read : FE FE 04 2B 01 CD A2
2026-04-03 13:51:07.042 DEBU [pymycobot.common] _write: FE FE 03 A2 75 D1 
2026-04-03 13:51:07.051 DEBU [pymycobot.common] _read : FE FE 23 A2 00 01 00 00 00 00 00 00 00 00 00 00 00 00 00 00 00 00 00 00 00 00 00 00 00 00 00 00 00 00 00 00 31 28
2026-04-03 13:51:07.285 DEBU [pymycobot.common] _write: FE FE 03 2B D3 10 
2026-04-03 13:51:07.293 DEBU [pymycobot.common] _read : FE FE 04 2B 01 CD A2
2026-04-03 13:51:07.295 DEBU [pymycobot.common] _write: FE FE 03 20 14 51 
2026-04-03 13:51:07.303 DEBU [pymycobot.common] _read : FE FE 0F 20 FA E9 00 00 00 00 00 00 2D AC 09 85 07 5C
2026-04-03 13:51:07.405 DEBU [pymycobot.common] _write: FE FE 03 23 15 11 
2026-04-03 13:51:07.413 DEBU [pymycobot.common] _read : FE FE 0F 23 FE 85 FE FD 19 C8 DC D9 09 BD 06 BC CA 48
2026-04-03 13:51:07.526 DEBU [pymycobot.common] _write: FE FE 03 E1 84 90 
2026-04-03 13:51:07.534 DEBU [pymycobot.common] _read : FE FE 0F E1 FF AF 00 00 00 00 FF FF FD 4F FF B4 9B 57
2026-04-03 13:51:07.648 DEBU [pymycobot.common] _write: FE FE 03 E2 85 D0 
2026-04-03 13:51:07.656 DEBU [pymycobot.common] _read : FE FE 0F E2 FA F0 FF DE 00 5D FF 5E FE 1F FE F2 3C 3A
2026-04-03 13:51:07.769 DEBU [pymycobot.common] _write: FE FE 03 E4 87 50 
2026-04-03 13:51:07.777 DEBU [pymycobot.common] _read : FE FE 0F E4 00 00 00 00 00 00 00 00 00 00 00 00 7A 7F
2026-04-03 13:51:07.890 DEBU [pymycobot.common] _write: FE FE 03 A2 75 D1 
2026-04-03 13:51:07.899 DEBU [pymycobot.common] _read : FE FE 23 A2 00 01 00 00 00 00 00 00 00 00 00 00 00 00 00 00 00 00 00 00 00 00 00 00 00 00 00 00 00 00 00 00 31 28
2026-04-03 13:51:08.011 DEBU [pymycobot.common] _write: FE FE 03 2B D3 10 
2026-04-03 13:51:08.020 DEBU [pymycobot.common] _read : FE FE 04 2B 01 CD A2
2026-04-03 13:51:08.135 DEBU [pymycobot.common] _write: FE FE 03 2B D3 10 
2026-04-03 13:51:08.144 DEBU [pymycobot.common] _read : FE FE 04 2B 01 CD A2
2026-04-03 13:51:08.145 DEBU [pymycobot.common] _write: FE FE 03 20 14 51 
2026-04-03 13:51:08.157 DEBU [pymycobot.common] _read : FE FE 0F 20 F8 FA 00 00 00 00 00 00 3A 2D 0B 16 D5 EA
2026-04-03 13:51:08.268 DEBU [pymycobot.common] _write: FE FE 03 23 15 11 
2026-04-03 13:51:08.276 DEBU [pymycobot.common] _read : FE FE 0F 23 FD 4F FE 83 19 C8 DC D9 0B 46 11 47 8D 86
2026-04-03 13:51:08.390 DEBU [pymycobot.common] _write: FE FE 03 E1 84 90 
2026-04-03 13:51:08.397 DEBU [pymycobot.common] _read : FE FE 0F E1 FF C9 00 00 00 00 00 00 FE 46 FF C9 6E A7
2026-04-03 13:51:08.511 DEBU [pymycobot.common] _write: FE FE 03 E2 85 D0 
2026-04-03 13:51:08.521 DEBU [pymycobot.common] _read : FE FE 0F E2 FC B7 FF 5D 00 44 FF D5 FE 9B FF 32 80 65
2026-04-03 13:51:08.633 DEBU [pymycobot.common] _write: FE FE 03 E4 87 50 
2026-04-03 13:51:08.643 DEBU [pymycobot.common] _read : FE FE 0F E4 00 00 00 00 00 00 00 00 00 00 00 00 7A 7F
2026-04-03 13:51:08.752 DEBU [pymycobot.common] _write: FE FE 03 A2 75 D1 
2026-04-03 13:51:08.762 DEBU [pymycobot.common] _read : FE FE 23 A2 00 01 00 00 00 00 00 00 00 00 00 00 00 00 00 00 00 00 00 00 00 00 00 00 00 00 00 00 00 00 00 00 31 28
2026-04-03 13:51:08.815 DEBU [pymycobot.common] _read : FE FE 04 5B 00 CD 46
2026-04-03 13:51:08.998 DEBU [pymycobot.common] _write: FE FE 03 2B D3 10 
2026-04-03 13:51:09.010 DEBU [pymycobot.common] _read : FE FE 04 2B 00 0D 63
2026-04-03 13:51:09.074 DEBU [pymycobot.common] _write: FE FE 03 2B D3 10 
2026-04-03 13:51:09.086 DEBU [pymycobot.common] _read : FE FE 04 2B 00 0D 63
2026-04-03 13:51:09.151 DEBU [pymycobot.common] _write: FE FE 03 2B D3 10 
2026-04-03 13:51:09.161 DEBU [pymycobot.common] _read : FE FE 04 2B 00 0D 63
2026-04-03 13:51:09.227 DEBU [pymycobot.common] _write: FE FE 03 2B D3 10 
2026-04-03 13:51:09.238 DEBU [pymycobot.common] _read : FE FE 04 2B 00 0D 63
2026-04-03 13:51:09.243 DEBU [pymycobot.common] _write: FE FE 03 2B D3 10 
2026-04-03 13:51:09.253 DEBU [pymycobot.common] _read : FE FE 04 2B 00 0D 63
2026-04-03 13:51:09.303 DEBU [pymycobot.common] _write: FE FE 03 2B D3 10 
2026-04-03 13:51:09.314 DEBU [pymycobot.common] _read : FE FE 04 2B 00 0D 63
2026-04-03 13:51:09.379 DEBU [pymycobot.common] _write: FE FE 03 2B D3 10 
2026-04-03 13:51:09.390 DEBU [pymycobot.common] _read : FE FE 04 2B 00 0D 63
2026-04-03 13:51:09.455 DEBU [pymycobot.common] _write: FE FE 03 2B D3 10 
2026-04-03 13:51:09.466 DEBU [pymycobot.common] _read : FE FE 04 2B 00 0D 63
2026-04-03 13:51:09.530 DEBU [pymycobot.common] _write: FE FE 03 2B D3 10 
2026-04-03 13:51:09.541 DEBU [pymycobot.common] _read : FE FE 04 2B 00 0D 63
2026-04-03 13:51:09.606 DEBU [pymycobot.common] _write: FE FE 03 2B D3 10 
2026-04-03 13:51:09.616 DEBU [pymycobot.common] _read : FE FE 04 2B 00 0D 63
2026-04-03 13:51:09.682 DEBU [pymycobot.common] _write: FE FE 03 2B D3 10 
2026-04-03 13:51:09.695 DEBU [pymycobot.common] _read : FE FE 04 2B 00 0D 63
2026-04-03 13:51:09.757 DEBU [pymycobot.common] _write: FE FE 03 2B D3 10 
2026-04-03 13:51:09.766 DEBU [pymycobot.common] _read : FE FE 04 2B 00 0D 63
2026-04-03 13:51:09.773 DEBU [pymycobot.common] _write: FE FE 03 2B D3 10 
2026-04-03 13:51:09.779 DEBU [pymycobot.common] _read : FE FE 04 2B 00 0D 63
2026-04-03 13:51:09.782 DEBU [pymycobot.common] _write: FE FE 10 2A F8 30 00 00 00 00 00 00 3F 48 0B B8 00 78 B4 
2026-04-03 13:51:09.789 DEBU [pymycobot.common] _read : FE FE 04 2A 01 5D A3
2026-04-03 13:51:09.793 DEBU [pymycobot.common] _write: FE FE 10 22 00 00 0B B8 00 00 00 00 00 00 BF 8C 19 19 95 
2026-04-03 13:51:09.799 DEBU [pymycobot.common] _read : FE FE 05 22 FF 01 E7 1C
2026-04-03 13:51:09.819 DEBU [pymycobot.common] _write: FE FE 03 2B D3 10 
2026-04-03 13:51:09.825 DEBU [pymycobot.common] _read : FE FE 04 2B 01 CD A2
2026-04-03 13:51:09.827 DEBU [pymycobot.common] _write: FE FE 03 20 14 51 
2026-04-03 13:51:09.834 DEBU [pymycobot.common] _read : FE FE 0F 20 F8 31 00 00 00 00 00 00 3F 47 0B B7 9A D2
2026-04-03 13:51:09.941 DEBU [pymycobot.common] _write: FE FE 03 23 15 11 
2026-04-03 13:51:09.949 DEBU [pymycobot.common] _read : FE FE 0F 23 FD 03 FE 52 19 C7 DC D1 0B 87 14 2A C9 F1
2026-04-03 13:51:10.062 DEBU [pymycobot.common] _write: FE FE 03 E1 84 90 
2026-04-03 13:51:10.069 DEBU [pymycobot.common] _read : FE FE 0F E1 00 11 00 1B 00 00 00 00 00 BE 00 F0 D3 FD
2026-04-03 13:51:10.182 DEBU [pymycobot.common] _write: FE FE 03 E2 85 D0 
2026-04-03 13:51:10.190 DEBU [pymycobot.common] _read : FE FE 0F E2 04 F0 05 70 00 5A 00 23 01 8B 01 82 47 3E
2026-04-03 13:51:10.305 DEBU [pymycobot.common] _write: FE FE 03 E4 87 50 
2026-04-03 13:51:10.312 DEBU [pymycobot.common] _read : FE FE 0F E4 00 00 00 00 00 00 00 00 00 00 00 00 7A 7F
2026-04-03 13:51:10.427 DEBU [pymycobot.common] _write: FE FE 03 A2 75 D1 
2026-04-03 13:51:10.438 DEBU [pymycobot.common] _read : FE FE 23 A2 00 01 00 00 00 00 00 00 00 00 00 00 00 00 00 00 00 00 00 00 00 00 00 00 00 00 00 00 00 00 00 00 31 28
2026-04-03 13:51:10.668 DEBU [pymycobot.common] _write: FE FE 03 2B D3 10 
2026-04-03 13:51:10.678 DEBU [pymycobot.common] _read : FE FE 04 2B 01 CD A2
2026-04-03 13:51:10.680 DEBU [pymycobot.common] _write: FE FE 03 20 14 51 
2026-04-03 13:51:10.689 DEBU [pymycobot.common] _read : FE FE 0F 20 F8 F1 01 1F 00 00 00 00 39 32 04 77 9E E7
2026-04-03 13:51:10.806 DEBU [pymycobot.common] _write: FE FE 03 2B D3 10 
2026-04-03 13:51:10.809 DEBU [pymycobot.common] _write: FE FE 03 23 15 11 
2026-04-03 13:51:10.814 DEBU [pymycobot.common] _read : FE FE 04 2B 01 CD A2
2026-04-03 13:51:10.819 DEBU [pymycobot.common] _read : FE FE 0F 23 FC 9A FF 12 19 A0 DB B8 01 9A 0D 7A 98 6C
2026-04-03 13:51:10.928 DEBU [pymycobot.common] _write: FE FE 03 E1 84 90 
2026-04-03 13:51:10.937 DEBU [pymycobot.common] _read : FE FE 0F E1 00 3B 00 50 00 00 FF FC 02 3B 02 AF 2A 20
2026-04-03 13:51:11.049 DEBU [pymycobot.common] _write: FE FE 03 E2 85 D0 
2026-04-03 13:51:11.058 DEBU [pymycobot.common] _read : FE FE 0F E2 04 5F 05 59 00 80 00 A4 01 C4 02 0F 51 C1
2026-04-03 13:51:11.170 DEBU [pymycobot.common] _write: FE FE 03 E4 87 50 
2026-04-03 13:51:11.178 DEBU [pymycobot.common] _read : FE FE 0F E4 00 00 00 00 00 00 00 00 00 00 00 00 7A 7F
2026-04-03 13:51:11.291 DEBU [pymycobot.common] _write: FE FE 03 A2 75 D1 
2026-04-03 13:51:11.299 DEBU [pymycobot.common] _read : FE FE 23 A2 00 01 00 00 00 00 00 00 00 00 00 00 00 00 00 00 00 00 00 00 00 00 00 00 00 00 00 00 00 00 00 00 31 28
2026-04-03 13:51:11.535 DEBU [pymycobot.common] _write: FE FE 03 2B D3 10 
2026-04-03 13:51:11.544 DEBU [pymycobot.common] _read : FE FE 04 2B 01 CD A2
2026-04-03 13:51:11.548 DEBU [pymycobot.common] _write: FE FE 03 20 14 51 
2026-04-03 13:51:11.556 DEBU [pymycobot.common] _read : FE FE 0F 20 FA 3F 03 15 00 00 00 00 2E A2 F7 AE 2B 89
2026-04-03 13:51:11.673 DEBU [pymycobot.common] _write: FE FE 03 23 15 11 
2026-04-03 13:51:11.682 DEBU [pymycobot.common] _read : FE FE 0F 23 FC 30 FF B4 19 6E DB 1D F2 D8 05 40 B3 EB
2026-04-03 13:51:11.794 DEBU [pymycobot.common] _write: FE FE 03 E1 84 90 
2026-04-03 13:51:11.803 DEBU [pymycobot.common] _read : FE FE 0F E1 00 39 00 55 00 00 00 00 02 30 02 A6 1D E1
2026-04-03 13:51:11.805 DEBU [pymycobot.common] _write: FE FE 03 2B D3 10 
2026-04-03 13:51:11.812 DEBU [pymycobot.common] _read : FE FE 04 2B 01 CD A2
2026-04-03 13:51:11.916 DEBU [pymycobot.common] _write: FE FE 03 E2 85 D0 
2026-04-03 13:51:11.926 DEBU [pymycobot.common] _read : FE FE 0F E2 04 87 03 01 00 E5 00 29 00 BB 01 5F DF 11
2026-04-03 13:51:12.039 DEBU [pymycobot.common] _write: FE FE 03 E4 87 50 
2026-04-03 13:51:12.049 DEBU [pymycobot.common] _read : FE FE 0F E4 00 00 00 00 00 00 00 00 00 00 00 00 7A 7F
2026-04-03 13:51:12.159 DEBU [pymycobot.common] _write: FE FE 03 A2 75 D1 
2026-04-03 13:51:12.171 DEBU [pymycobot.common] _read : FE FE 23 A2 00 01 00 00 00 00 00 00 00 00 00 00 00 00 00 00 00 00 00 00 00 00 00 00 00 00 00 00 00 00 00 00 31 28
2026-04-03 13:51:12.413 DEBU [pymycobot.common] _write: FE FE 03 2B D3 10 
2026-04-03 13:51:12.421 DEBU [pymycobot.common] _read : FE FE 04 2B 01 CD A2
2026-04-03 13:51:12.425 DEBU [pymycobot.common] _write: FE FE 03 20 14 51 
2026-04-03 13:51:12.435 DEBU [pymycobot.common] _read : FE FE 0F 20 FB 91 05 0F 00 00 00 00 23 EF EA CE BE 8A
2026-04-03 13:51:12.548 DEBU [pymycobot.common] _write: FE FE 03 23 15 11 
2026-04-03 13:51:12.558 DEBU [pymycobot.common] _read : FE FE 0F 23 FB CE FF C9 19 4D DD 69 E3 AB FA 84 EA 02
2026-04-03 13:51:12.670 DEBU [pymycobot.common] _write: FE FE 03 E1 84 90 
2026-04-03 13:51:12.681 DEBU [pymycobot.common] _read : FE FE 0F E1 00 37 00 4E 00 00 00 00 02 45 02 AC D8 FA
2026-04-03 13:51:12.789 DEBU [pymycobot.common] _write: FE FE 03 E2 85 D0 
2026-04-03 13:51:12.800 DEBU [pymycobot.common] _read : FE FE 0F E2 04 CE 01 D7 01 47 00 99 01 A3 02 67 28 FE
2026-04-03 13:51:12.911 DEBU [pymycobot.common] _write: FE FE 03 2B D3 10 
2026-04-03 13:51:12.913 DEBU [pymycobot.common] _write: FE FE 03 E4 87 50 
2026-04-03 13:51:12.920 DEBU [pymycobot.common] _read : FE FE 04 2B 01 CD A2
2026-04-03 13:51:12.927 DEBU [pymycobot.common] _read : FE FE 0F E4 00 00 00 00 00 00 00 00 00 00 00 00 7A 7F
2026-04-03 13:51:13.031 DEBU [pymycobot.common] _write: FE FE 03 A2 75 D1 
2026-04-03 13:51:13.043 DEBU [pymycobot.common] _read : FE FE 23 A2 00 01 00 00 00 00 00 00 00 00 00 00 00 00 00 00 00 00 00 00 00 00 00 00 00 00 00 00 00 00 00 00 31 28
2026-04-03 13:51:13.288 DEBU [pymycobot.common] _write: FE FE 03 2B D3 10 
2026-04-03 13:51:13.298 DEBU [pymycobot.common] _read : FE FE 04 2B 01 CD A2
2026-04-03 13:51:13.301 DEBU [pymycobot.common] _write: FE FE 03 20 14 51 
2026-04-03 13:51:13.311 DEBU [pymycobot.common] _read : FE FE 0F 20 FC E1 07 08 00 00 00 00 19 4C DE 01 20 F8
2026-04-03 13:51:13.428 DEBU [pymycobot.common] _write: FE FE 03 23 15 11 
2026-04-03 13:51:13.437 DEBU [pymycobot.common] _read : FE FE 0F 23 FB 4D FF 4E 19 37 18 B5 E4 D8 42 51 EB BB
2026-04-03 13:51:13.548 DEBU [pymycobot.common] _write: FE FE 03 E1 84 90 
2026-04-03 13:51:13.558 DEBU [pymycobot.common] _read : FE FE 0F E1 00 39 00 54 00 00 FF FF 02 44 02 A7 4C 6D
2026-04-03 13:51:13.668 DEBU [pymycobot.common] _write: FE FE 03 E2 85 D0 
2026-04-03 13:51:13.678 DEBU [pymycobot.common] _read : FE FE 0F E2 04 6E 02 2C 01 85 00 AB 01 20 02 2E 07 91
2026-04-03 13:51:13.789 DEBU [pymycobot.common] _write: FE FE 03 E4 87 50 
2026-04-03 13:51:13.797 DEBU [pymycobot.common] _read : FE FE 0F E4 00 00 00 00 00 00 00 00 00 00 00 00 7A 7F
2026-04-03 13:51:13.909 DEBU [pymycobot.common] _write: FE FE 03 A2 75 D1 
2026-04-03 13:51:13.918 DEBU [pymycobot.common] _read : FE FE 23 A2 00 01 00 00 00 00 00 00 00 00 00 00 00 00 00 00 00 00 00 00 00 00 00 00 00 00 00 00 00 00 00 00 31 28
2026-04-03 13:51:13.922 DEBU [pymycobot.common] _write: FE FE 03 2B D3 10 
2026-04-03 13:51:13.931 DEBU [pymycobot.common] _read : FE FE 04 2B 01 CD A2
2026-04-03 13:51:14.165 DEBU [pymycobot.common] _write: FE FE 03 2B D3 10 
2026-04-03 13:51:14.174 DEBU [pymycobot.common] _read : FE FE 04 2B 01 CD A2
2026-04-03 13:51:14.177 DEBU [pymycobot.common] _write: FE FE 03 20 14 51 
2026-04-03 13:51:14.189 DEBU [pymycobot.common] _read : FE FE 0F 20 FE 35 09 03 00 00 00 00 0E 9A D1 20 75 8F
2026-04-03 13:51:14.301 DEBU [pymycobot.common] _write: FE FE 03 23 15 11 
2026-04-03 13:51:14.310 DEBU [pymycobot.common] _read : FE FE 0F 23 FA 92 FE 5B 19 13 19 32 F0 BA 36 38 67 EF
2026-04-03 13:51:14.421 DEBU [pymycobot.common] _write: FE FE 03 E1 84 90 
2026-04-03 13:51:14.432 DEBU [pymycobot.common] _read : FE FE 0F E1 00 37 00 51 00 00 00 01 02 44 02 A8 2B 1B
2026-04-03 13:51:14.541 DEBU [pymycobot.common] _write: FE FE 03 E2 85 D0 
2026-04-03 13:51:14.550 DEBU [pymycobot.common] _read : FE FE 0F E2 03 65 00 03 02 12 01 12 01 72 02 65 23 E3
2026-04-03 13:51:14.662 DEBU [pymycobot.common] _write: FE FE 03 E4 87 50 
2026-04-03 13:51:14.673 DEBU [pymycobot.common] _read : FE FE 0F E4 00 00 00 00 00 00 00 00 00 00 00 00 7A 7F
2026-04-03 13:51:14.782 DEBU [pymycobot.common] _write: FE FE 03 A2 75 D1 
2026-04-03 13:51:14.794 DEBU [pymycobot.common] _read : FE FE 23 A2 00 01 00 00 00 00 00 00 00 00 00 00 00 00 00 00 00 00 00 00 00 00 00 00 00 00 00 00 00 00 00 00 31 28
2026-04-03 13:51:15.009 DEBU [pymycobot.common] _write: FE FE 03 2B D3 10 
2026-04-03 13:51:15.019 DEBU [pymycobot.common] _read : FE FE 04 2B 01 CD A2
2026-04-03 13:51:15.024 DEBU [pymycobot.common] _write: FE FE 03 2B D3 10 
2026-04-03 13:51:15.034 DEBU [pymycobot.common] _read : FE FE 04 2B 01 CD A2
2026-04-03 13:51:15.035 DEBU [pymycobot.common] _write: FE FE 03 20 14 51 
2026-04-03 13:51:15.045 DEBU [pymycobot.common] _read : FE FE 0F 20 FF 7D 0A F2 00 00 00 00 04 28 C4 8E 5F D8
2026-04-03 13:51:15.162 DEBU [pymycobot.common] _write: FE FE 03 23 15 11 
2026-04-03 13:51:15.171 DEBU [pymycobot.common] _read : FE FE 0F 23 F9 8F FD 0F 18 BD 17 7B F9 3C 29 D2 EF 83
2026-04-03 13:51:15.282 DEBU [pymycobot.common] _write: FE FE 03 E1 84 90 
2026-04-03 13:51:15.290 DEBU [pymycobot.common] _read : FE FE 0F E1 00 1F 00 31 00 00 00 00 01 6E 01 B0 3F 2E
2026-04-03 13:51:15.402 DEBU [pymycobot.common] _write: FE FE 03 E2 85 D0 
2026-04-03 13:51:15.411 DEBU [pymycobot.common] _read : FE FE 0F E2 03 DC 00 1D 02 7A 00 72 01 2C 01 A6 B1 53
2026-04-03 13:51:15.522 DEBU [pymycobot.common] _write: FE FE 03 E4 87 50 
2026-04-03 13:51:15.531 DEBU [pymycobot.common] _read : FE FE 0F E4 00 00 00 00 00 00 00 00 00 00 00 00 7A 7F
2026-04-03 13:51:15.642 DEBU [pymycobot.common] _write: FE FE 03 A2 75 D1 
2026-04-03 13:51:15.652 DEBU [pymycobot.common] _read : FE FE 23 A2 00 01 00 00 00 00 00 00 00 00 00 00 00 00 00 00 00 00 00 00 00 00 00 00 00 00 00 00 00 00 00 00 31 28
2026-04-03 13:51:15.686 DEBU [pymycobot.common] _read : FE FE 04 5B 00 CD 46
2026-04-03 13:51:15.901 DEBU [pymycobot.common] _write: FE FE 03 2B D3 10 
2026-04-03 13:51:15.912 DEBU [pymycobot.common] _read : FE FE 04 2B 00 0D 63
2026-04-03 13:51:15.977 DEBU [pymycobot.common] _write: FE FE 03 2B D3 10 
2026-04-03 13:51:15.991 DEBU [pymycobot.common] _read : FE FE 04 2B 00 0D 63
2026-04-03 13:51:16.051 DEBU [pymycobot.common] _write: FE FE 03 2B D3 10 
2026-04-03 13:51:16.061 DEBU [pymycobot.common] _read : FE FE 04 2B 00 0D 63
2026-04-03 13:51:16.116 DEBU [pymycobot.common] _write: FE FE 03 2B D3 10 
2026-04-03 13:51:16.125 DEBU [pymycobot.common] _read : FE FE 04 2B 00 0D 63
2026-04-03 13:51:16.128 DEBU [pymycobot.common] _write: FE FE 03 2B D3 10 
2026-04-03 13:51:16.140 DEBU [pymycobot.common] _read : FE FE 04 2B 00 0D 63
2026-04-03 13:51:16.203 DEBU [pymycobot.common] _write: FE FE 03 2B D3 10 
2026-04-03 13:51:16.215 DEBU [pymycobot.common] _read : FE FE 04 2B 00 0D 63
2026-04-03 13:51:16.277 DEBU [pymycobot.common] _write: FE FE 03 2B D3 10 
2026-04-03 13:51:16.288 DEBU [pymycobot.common] _read : FE FE 04 2B 00 0D 63
2026-04-03 13:51:16.352 DEBU [pymycobot.common] _write: FE FE 03 2B D3 10 
2026-04-03 13:51:16.362 DEBU [pymycobot.common] _read : FE FE 04 2B 00 0D 63
2026-04-03 13:51:16.427 DEBU [pymycobot.common] _write: FE FE 03 2B D3 10 
2026-04-03 13:51:16.439 DEBU [pymycobot.common] _read : FE FE 04 2B 00 0D 63
2026-04-03 13:51:16.503 DEBU [pymycobot.common] _write: FE FE 03 2B D3 10 
2026-04-03 13:51:16.514 DEBU [pymycobot.common] _read : FE FE 04 2B 00 0D 63
2026-04-03 13:51:16.577 DEBU [pymycobot.common] _write: FE FE 03 2B D3 10 
2026-04-03 13:51:16.588 DEBU [pymycobot.common] _read : FE FE 04 2B 00 0D 63
2026-04-03 13:51:16.653 DEBU [pymycobot.common] _write: FE FE 03 2B D3 10 
2026-04-03 13:51:16.657 DEBU [pymycobot.common] _write: FE FE 03 2B D3 10 
2026-04-03 13:51:16.665 DEBU [pymycobot.common] _read : FE FE 04 2B 00 0D 63
2026-04-03 13:51:16.674 DEBU [pymycobot.common] _read : FE FE 04 2B 00 0D 63
2026-04-03 13:51:16.680 DEBU [pymycobot.common] _write: FE FE 10 2A 00 00 0B B8 00 00 00 00 00 00 BF 8C 00 1B 5D 
2026-04-03 13:51:16.693 DEBU [pymycobot.common] _read : FE FE 04 2A 01 5D A3
2026-04-03 13:51:16.701 DEBU [pymycobot.common] _write: FE FE 10 22 00 00 F8 30 00 00 00 00 00 00 40 74 19 AC 6C 
2026-04-03 13:51:16.709 DEBU [pymycobot.common] _read : FE FE 05 22 FF 01 E7 1C
2026-04-03 13:51:16.728 DEBU [pymycobot.common] _write: FE FE 03 2B D3 10 
2026-04-03 13:51:16.736 DEBU [pymycobot.common] _read : FE FE 04 2B 01 CD A2
2026-04-03 13:51:16.740 DEBU [pymycobot.common] _write: FE FE 03 20 14 51 
2026-04-03 13:51:16.746 DEBU [pymycobot.common] _read : FE FE 0F 20 00 00 0B B7 00 00 00 00 00 00 BF 8D B8 A2
2026-04-03 13:51:16.863 DEBU [pymycobot.common] _write: FE FE 03 23 15 11 
2026-04-03 13:51:16.871 DEBU [pymycobot.common] _read : FE FE 0F 23 F9 42 FC A9 18 9A 17 1B FA C6 26 3B 23 F5
2026-04-03 13:51:16.982 DEBU [pymycobot.common] _write: FE FE 03 E1 84 90 
2026-04-03 13:51:16.992 DEBU [pymycobot.common] _read : FE FE 0F E1 00 00 FF E7 00 00 00 00 00 00 FF 1B 83 A8
2026-04-03 13:51:17.106 DEBU [pymycobot.common] _write: FE FE 03 E2 85 D0 
2026-04-03 13:51:17.134 DEBU [pymycobot.common] _read : FE FE 0F E2 02 2D F1 E0 02 B2 00 77 00 26 FE 67 4D 85
2026-04-03 13:51:17.245 DEBU [pymycobot.common] _write: FE FE 03 E4 87 50 
2026-04-03 13:51:17.253 DEBU [pymycobot.common] _read : FE FE 0F E4 00 00 00 00 00 00 00 00 00 00 00 00 7A 7F
2026-04-03 13:51:17.364 DEBU [pymycobot.common] _write: FE FE 03 A2 75 D1 
2026-04-03 13:51:17.373 DEBU [pymycobot.common] _read : FE FE 23 A2 00 01 00 00 00 00 00 00 00 00 00 00 00 00 00 00 00 00 00 00 00 00 00 00 00 00 00 00 00 00 00 00 31 28
2026-04-03 13:51:17.606 DEBU [pymycobot.common] _write: FE FE 03 2B D3 10 
2026-04-03 13:51:17.614 DEBU [pymycobot.common] _read : FE FE 04 2B 01 CD A2
2026-04-03 13:51:17.616 DEBU [pymycobot.common] _write: FE FE 03 20 14 51 
2026-04-03 13:51:17.622 DEBU [pymycobot.common] _read : FE FE 0F 20 00 00 0A 8E 00 00 00 00 00 00 C7 36 5F AF
2026-04-03 13:51:17.728 DEBU [pymycobot.common] _write: FE FE 03 23 15 11 
2026-04-03 13:51:17.730 DEBU [pymycobot.common] _write: FE FE 03 2B D3 10 
2026-04-03 13:51:17.736 DEBU [pymycobot.common] _read : FE FE 0F 23 FA 47 FC A9 18 FC 16 7A F2 B3 2A D0 01 0C
2026-04-03 13:51:17.742 DEBU [pymycobot.common] _read : FE FE 04 2B 01 CD A2
2026-04-03 13:51:17.848 DEBU [pymycobot.common] _write: FE FE 03 E1 84 90 
2026-04-03 13:51:17.856 DEBU [pymycobot.common] _read : FE FE 0F E1 00 00 FF AF 00 00 00 00 00 00 FD 55 D4 7F
2026-04-03 13:51:17.969 DEBU [pymycobot.common] _write: FE FE 03 E2 85 D0 
2026-04-03 13:51:17.976 DEBU [pymycobot.common] _read : FE FE 0F E2 02 79 F2 DF 02 96 00 C5 FF 7E FE 2D AA 18
2026-04-03 13:51:17.989 DEBU [pymycobot.common] _read : FE FE 04 5B 92 60 C7
2026-04-03 13:51:18.091 DEBU [pymycobot.common] _write: FE FE 03 E4 87 50 
2026-04-03 13:51:18.409 DEBU [pymycobot.common] _write: FE FE 03 A2 75 D1 
2026-04-03 13:51:18.412 DEBU [pymycobot.common] _write: FE FE 03 2B D3 10 
2026-04-03 13:51:18.420 DEBU [pymycobot.common] _read : FE FE 23 A2 00 00 00 00 00 00 00 00 00 00 20 00 00 00 00 00 00 00 00 00 00 00 00 00 00 00 00 00 00 00 00 00 EB 9B
2026-04-03 13:51:18.653 DEBU [pymycobot.common] _write: FE FE 03 2B D3 10 
2026-04-03 13:51:18.745 DEBU [pymycobot.common] _write: FE FE 03 2B D3 10 
2026-04-03 13:51:18.925 DEBU [pymycobot.common] _write: FE FE 03 2B D3 10 
2026-04-03 13:51:19.061 DEBU [pymycobot.common] _write: FE FE 03 2B D3 10 
2026-04-03 13:51:19.197 DEBU [pymycobot.common] _write: FE FE 03 2B D3 10 
2026-04-03 13:51:19.378 DEBU [pymycobot.common] _write: FE FE 03 2B D3 10 
2026-04-03 13:51:19.469 DEBU [pymycobot.common] _write: FE FE 03 2B D3 10 
2026-04-03 13:51:19.696 DEBU [pymycobot.common] _write: FE FE 03 2B D3 10 
2026-04-03 13:51:19.741 DEBU [pymycobot.common] _write: FE FE 03 2B D3 10 
2026-04-03 13:51:20.016 DEBU [pymycobot.common] _write: FE FE 03 2B D3 10 
2026-04-03 13:51:20.017 DEBU [pymycobot.common] _write: FE FE 03 2B D3 10 
2026-04-03 13:51:20.289 DEBU [pymycobot.common] _write: FE FE 03 2B D3 10 
2026-04-03 13:51:20.334 DEBU [pymycobot.common] _write: FE FE 03 2B D3 10 
2026-04-03 13:51:20.564 DEBU [pymycobot.common] _write: FE FE 03 2B D3 10 
2026-04-03 13:51:20.654 DEBU [pymycobot.common] _write: FE FE 03 2B D3 10 
2026-04-03 13:51:20.836 DEBU [pymycobot.common] _write: FE FE 03 2B D3 10 
2026-04-03 13:51:20.975 DEBU [pymycobot.common] _write: FE FE 03 2B D3 10 
2026-04-03 13:51:21.111 DEBU [pymycobot.common] _write: FE FE 03 2B D3 10 
2026-04-03 13:51:21.294 DEBU [pymycobot.common] _write: FE FE 03 2B D3 10 
2026-04-03 13:51:21.385 DEBU [pymycobot.common] _write: FE FE 03 2B D3 10 
2026-04-03 13:51:21.614 DEBU [pymycobot.common] _write: FE FE 03 2B D3 10 
2026-04-03 13:51:21.661 DEBU [pymycobot.common] _write: FE FE 03 2B D3 10 
2026-04-03 13:51:21.933 DEBU [pymycobot.common] _write: FE FE 03 2B D3 10 
2026-04-03 13:51:21.935 DEBU [pymycobot.common] _write: FE FE 03 2B D3 10 
2026-04-03 13:51:22.206 DEBU [pymycobot.common] _write: FE FE 03 2B D3 10 
2026-04-03 13:51:22.252 DEBU [pymycobot.common] _write: FE FE 03 2B D3 10 
2026-04-03 13:51:22.482 DEBU [pymycobot.common] _write: FE FE 03 2B D3 10 
2026-04-03 13:51:22.570 DEBU [pymycobot.common] _write: FE FE 03 2B D3 10 
2026-04-03 13:51:22.753 DEBU [pymycobot.common] _write: FE FE 03 2B D3 10 
2026-04-03 13:51:22.888 DEBU [pymycobot.common] _write: FE FE 03 2B D3 10 
2026-04-03 13:51:23.025 DEBU [pymycobot.common] _write: FE FE 03 2B D3 10 
2026-04-03 13:51:23.208 DEBU [pymycobot.common] _write: FE FE 03 2B D3 10 
2026-04-03 13:51:23.298 DEBU [pymycobot.common] _write: FE FE 03 2B D3 10 
2026-04-03 13:51:23.527 DEBU [pymycobot.common] _write: FE FE 03 2B D3 10 
2026-04-03 13:51:23.571 DEBU [pymycobot.common] _write: FE FE 03 2B D3 10 
2026-04-03 13:51:23.846 DEBU [pymycobot.common] _write: FE FE 03 2B D3 10 
2026-04-03 13:51:23.848 DEBU [pymycobot.common] _write: FE FE 03 2B D3 10 
2026-04-03 13:51:24.120 DEBU [pymycobot.common] _write: FE FE 03 2B D3 10 
2026-04-03 13:51:24.164 DEBU [pymycobot.common] _write: FE FE 03 2B D3 10 
2026-04-03 13:51:24.390 DEBU [pymycobot.common] _write: FE FE 03 2B D3 10 
2026-04-03 13:51:24.482 DEBU [pymycobot.common] _write: FE FE 03 2B D3 10 
2026-04-03 13:51:24.664 DEBU [pymycobot.common] _write: FE FE 03 2B D3 10 
2026-04-03 13:51:24.801 DEBU [pymycobot.common] _write: FE FE 03 2B D3 10 
2026-04-03 13:51:24.940 DEBU [pymycobot.common] _write: FE FE 03 2B D3 10 
2026-04-03 13:51:25.123 DEBU [pymycobot.common] _write: FE FE 03 2B D3 10 
2026-04-03 13:51:25.213 DEBU [pymycobot.common] _write: FE FE 03 2B D3 10 
2026-04-03 13:51:25.441 DEBU [pymycobot.common] _write: FE FE 03 2B D3 10 
2026-04-03 13:51:25.488 DEBU [pymycobot.common] _write: FE FE 03 2B D3 10 
2026-04-03 13:51:25.763 DEBU [pymycobot.common] _write: FE FE 03 2B D3 10 
2026-04-03 13:51:25.766 DEBU [pymycobot.common] _write: FE FE 03 2B D3 10 
2026-04-03 13:51:26.054 DEBU [pymycobot.common] _write: FE FE 03 2B D3 10 
2026-04-03 13:51:26.083 DEBU [pymycobot.common] _write: FE FE 03 2B D3 10 
2026-04-03 13:51:26.327 DEBU [pymycobot.common] _write: FE FE 03 2B D3 10 
2026-04-03 13:51:26.404 DEBU [pymycobot.common] _write: FE FE 03 2B D3 10 
2026-04-03 13:51:26.604 DEBU [pymycobot.common] _write: FE FE 03 2B D3 10 
2026-04-03 13:51:26.727 DEBU [pymycobot.common] _write: FE FE 03 2B D3 10 
2026-04-03 13:51:26.880 DEBU [pymycobot.common] _write: FE FE 03 2B D3 10 
2026-04-03 13:51:27.049 DEBU [pymycobot.common] _write: FE FE 03 2B D3 10 
2026-04-03 13:51:27.157 DEBU [pymycobot.common] _write: FE FE 03 2B D3 10 
2026-04-03 13:51:27.371 DEBU [pymycobot.common] _write: FE FE 03 2B D3 10 
2026-04-03 13:51:27.432 DEBU [pymycobot.common] _write: FE FE 03 2B D3 10 
2026-04-03 13:51:27.692 DEBU [pymycobot.common] _write: FE FE 03 2B D3 10 
2026-04-03 13:51:27.706 DEBU [pymycobot.common] _write: FE FE 03 2B D3 10 
2026-04-03 13:51:27.981 DEBU [pymycobot.common] _write: FE FE 03 2B D3 10 
2026-04-03 13:51:28.010 DEBU [pymycobot.common] _write: FE FE 03 2B D3 10 
2026-04-03 13:51:28.255 DEBU [pymycobot.common] _write: FE FE 03 2B D3 10 
2026-04-03 13:51:28.331 DEBU [pymycobot.common] _write: FE FE 03 2B D3 10 
2026-04-03 13:51:28.527 DEBU [pymycobot.common] _write: FE FE 03 2B D3 10 
2026-04-03 13:51:28.648 DEBU [pymycobot.common] _write: FE FE 03 2B D3 10 
2026-04-03 13:51:28.800 DEBU [pymycobot.common] _write: FE FE 03 2B D3 10 
2026-04-03 13:51:28.968 DEBU [pymycobot.common] _write: FE FE 03 2B D3 10 
2026-04-03 13:51:29.075 DEBU [pymycobot.common] _write: FE FE 03 2B D3 10 
2026-04-03 13:51:29.286 DEBU [pymycobot.common] _write: FE FE 03 2B D3 10 
2026-04-03 13:51:29.349 DEBU [pymycobot.common] _write: FE FE 03 2B D3 10 
2026-04-03 13:51:29.607 DEBU [pymycobot.common] _write: FE FE 03 2B D3 10 
2026-04-03 13:51:29.622 DEBU [pymycobot.common] _write: FE FE 03 2B D3 10 
2026-04-03 13:51:29.899 DEBU [pymycobot.common] _write: FE FE 03 2B D3 10 
2026-04-03 13:51:29.929 DEBU [pymycobot.common] _write: FE FE 03 2B D3 10 
2026-04-03 13:51:30.173 DEBU [pymycobot.common] _write: FE FE 03 2B D3 10 
2026-04-03 13:51:30.249 DEBU [pymycobot.common] _write: FE FE 03 2B D3 10 
2026-04-03 13:51:30.445 DEBU [pymycobot.common] _write: FE FE 03 2B D3 10 
2026-04-03 13:51:30.569 DEBU [pymycobot.common] _write: FE FE 03 2B D3 10 
2026-04-03 13:51:30.722 DEBU [pymycobot.common] _write: FE FE 03 2B D3 10 
2026-04-03 13:51:30.889 DEBU [pymycobot.common] _write: FE FE 03 2B D3 10 
2026-04-03 13:51:30.997 DEBU [pymycobot.common] _write: FE FE 03 2B D3 10 
2026-04-03 13:51:31.210 DEBU [pymycobot.common] _write: FE FE 03 2B D3 10 
2026-04-03 13:51:31.270 DEBU [pymycobot.common] _write: FE FE 03 2B D3 10 
2026-04-03 13:51:31.528 DEBU [pymycobot.common] _write: FE FE 03 2B D3 10 
2026-04-03 13:51:31.543 DEBU [pymycobot.common] _write: FE FE 03 2B D3 10 
2026-04-03 13:51:31.816 DEBU [pymycobot.common] _write: FE FE 03 2B D3 10 
2026-04-03 13:51:31.848 DEBU [pymycobot.common] _write: FE FE 03 2B D3 10 
2026-04-03 13:51:32.090 DEBU [pymycobot.common] _write: FE FE 03 2B D3 10 
2026-04-03 13:51:32.166 DEBU [pymycobot.common] _write: FE FE 03 2B D3 10 
2026-04-03 13:51:32.363 DEBU [pymycobot.common] _write: FE FE 03 2B D3 10 
2026-04-03 13:51:32.485 DEBU [pymycobot.common] _write: FE FE 03 2B D3 10 
2026-04-03 13:51:32.636 DEBU [pymycobot.common] _write: FE FE 03 2B D3 10 
2026-04-03 13:51:32.801 DEBU [pymycobot.common] _write: FE FE 03 2B D3 10 
2026-04-03 13:51:32.907 DEBU [pymycobot.common] _write: FE FE 03 2B D3 10 
2026-04-03 13:51:33.121 DEBU [pymycobot.common] _write: FE FE 03 2B D3 10 
2026-04-03 13:51:33.183 DEBU [pymycobot.common] _write: FE FE 03 2B D3 10 
2026-04-03 13:51:33.438 DEBU [pymycobot.common] _write: FE FE 03 2B D3 10 
2026-04-03 13:51:33.453 DEBU [pymycobot.common] _write: FE FE 03 2B D3 10 
2026-04-03 13:51:33.729 DEBU [pymycobot.common] _write: FE FE 03 2B D3 10 
2026-04-03 13:53:46.986 DEBU [pymycobot.common] _write: FE FE 04 10 01 FD B1 
2026-04-03 13:53:50.736 DEBU [pymycobot.common] _read : FE FE 04 10 01 FD B1
2026-04-03 13:53:50.739 DEBU [pymycobot.common] _write: FE FE 03 04 0F 51 
2026-04-03 13:53:50.745 DEBU [pymycobot.common] _read : FE FE 05 04 FF 01 2C FD
2026-04-03 13:53:51.817 DEBU [pymycobot.common] _write: FE FE 03 2B D3 10 
2026-04-03 13:53:51.827 DEBU [pymycobot.common] _read : FE FE 04 2B 01 CD A2
2026-04-03 13:53:52.888 DEBU [pymycobot.common] _write: FE FE 03 2B D3 10 
2026-04-03 13:53:52.895 DEBU [pymycobot.common] _read : FE FE 04 2B 01 CD A2
2026-04-03 13:53:53.826 DEBU [pymycobot.common] _read : FE FE 04 5B 92 60 C7
