2026-02-05 09:58:21.763 DEBU [pymycobot.common] _write: FE FE 03 01 0C 91 
2026-02-05 09:58:21.797 DEBU [pymycobot.common] _read : FE FE 04 01 08 AB 7D
2026-02-05 09:58:35.237 DEBU [pymycobot.common] _write: FE FE 04 1E 01 9D B5 
2026-02-05 09:58:37.799 DEBU [pymycobot.common] _read : FE FE 05 1E FF 01 EB DC
2026-02-05 09:58:37.801 DEBU [pymycobot.common] _write: FE FE 03 70 28 51 
2026-02-05 09:58:37.828 DEBU [pymycobot.common] _read : FE FE 05 70 FF 01 36 BD
2026-02-05 09:59:07.831 DEBU [pymycobot.common] _write: FE FE 03 72 E9 D0 
2026-02-05 09:59:08.042 DEBU [pymycobot.common] _write: FE FE 04 1E 00 5D 74 
2026-02-05 09:59:11.121 DEBU [pymycobot.common] _write: FE FE 03 71 E8 90 
2026-02-05 09:59:12.185 DEBU [pymycobot.common] _write: FE FE 03 2B D3 10 
2026-02-05 09:59:12.622 DEBU [pymycobot.common] _read : FE FE 05 72 FF 01 F6 1C
2026-02-05 09:59:12.636 DEBU [pymycobot.common] _read : FE FE 05 1E FF 01 EB DC
2026-02-05 09:59:12.654 DEBU [pymycobot.common] _read : FE FE 05 71 FF 01 F6 EC
2026-02-05 09:59:12.667 DEBU [pymycobot.common] _read : FE FE 04 2B 00 0D 63
2026-02-05 09:59:13.205 DEBU [pymycobot.common] _write: FE FE 03 2B D3 10 
2026-02-05 09:59:13.229 DEBU [pymycobot.common] _read : FE FE 04 2B 01 CD A2
2026-02-05 09:59:13.556 DEBU [pymycobot.common] _write: FE FE 03 2B D3 10 
2026-02-05 09:59:13.904 DEBU [pymycobot.common] _write: FE FE 03 2B D3 10 
2026-02-05 09:59:14.181 ERRO [pymycobot.common] Socket send error: [WinError 10054] 远程主机强迫关闭了一个现有的连接。
2026-02-05 10:02:13.839 DEBU [pymycobot.common] _write: FE FE 04 1E 01 9D B5 
2026-02-05 10:02:16.372 DEBU [pymycobot.common] _read : FE FE 05 1E FF 01 EB DC
2026-02-05 10:02:16.372 DEBU [pymycobot.common] _write: FE FE 03 70 28 51 
2026-02-05 10:02:16.402 DEBU [pymycobot.common] _read : FE FE 05 70 FF 01 36 BD
2026-02-05 10:02:46.408 DEBU [pymycobot.common] _write: FE FE 03 72 E9 D0 
2026-02-05 10:02:46.622 DEBU [pymycobot.common] _write: FE FE 04 1E 00 5D 74 
2026-02-05 10:02:49.704 DEBU [pymycobot.common] _write: FE FE 03 71 E8 90 
2026-02-05 10:02:50.763 DEBU [pymycobot.common] _write: FE FE 03 2B D3 10 
2026-02-05 10:02:51.235 DEBU [pymycobot.common] _read : FE FE 05 72 FF 01 F6 1C
2026-02-05 10:02:51.259 DEBU [pymycobot.common] _read : FE FE 05 1E FF 01 EB DC
2026-02-05 10:02:51.282 DEBU [pymycobot.common] _read : FE FE 05 71 FF 01 F6 EC
2026-02-05 10:02:51.294 DEBU [pymycobot.common] _read : FE FE 04 2B 00 0D 63
2026-02-05 10:02:51.819 DEBU [pymycobot.common] _write: FE FE 03 2B D3 10 
2026-02-05 10:02:51.843 DEBU [pymycobot.common] _read : FE FE 04 2B 01 CD A2
2026-02-05 10:02:52.169 DEBU [pymycobot.common] _write: FE FE 03 2B D3 10 
2026-02-05 10:02:52.207 DEBU [pymycobot.common] _read : FE FE 04 2B 01 CD A2
2026-02-05 10:02:52.243 DEBU [pymycobot.common] _read : FE FE 04 5B 52 30 C7
2026-02-05 10:03:14.539 DEBU [pymycobot.common] _write: FE FE 03 28 D2 50 
2026-02-05 10:03:14.579 DEBU [pymycobot.common] _read : FE FE 05 28 FF 01 E5 3C
2026-02-05 10:03:14.580 DEBU [pymycobot.common] _write: FE FE 03 71 E8 90 
2026-02-05 10:03:14.607 DEBU [pymycobot.common] _read : FE FE 05 71 FF 01 F6 EC
2026-02-05 10:03:15.665 DEBU [pymycobot.common] _write: FE FE 03 2B D3 10 
2026-02-05 10:03:15.689 DEBU [pymycobot.common] _read : FE FE 04 2B 01 CD A2
2026-02-05 10:03:16.759 DEBU [pymycobot.common] _write: FE FE 03 2B D3 10 
2026-02-05 10:03:16.781 DEBU [pymycobot.common] _read : FE FE 04 2B 01 CD A2
2026-02-05 10:03:17.839 DEBU [pymycobot.common] _write: FE FE 03 2B D3 10 
2026-02-05 10:03:17.862 DEBU [pymycobot.common] _read : FE FE 04 2B 01 CD A2
2026-02-05 10:03:18.933 DEBU [pymycobot.common] _write: FE FE 03 2B D3 10 
2026-02-05 10:03:18.957 DEBU [pymycobot.common] _read : FE FE 04 2B 01 CD A2
2026-02-05 10:03:20.025 DEBU [pymycobot.common] _write: FE FE 03 2B D3 10 
2026-02-05 10:03:20.046 DEBU [pymycobot.common] _read : FE FE 04 2B 01 CD A2
2026-02-05 10:03:21.100 DEBU [pymycobot.common] _write: FE FE 03 2B D3 10 
2026-02-05 10:03:21.123 DEBU [pymycobot.common] _read : FE FE 04 2B 01 CD A2
2026-02-05 10:03:22.192 DEBU [pymycobot.common] _write: FE FE 03 2B D3 10 
2026-02-05 10:03:22.214 DEBU [pymycobot.common] _read : FE FE 04 2B 01 CD A2
2026-02-05 10:03:23.288 DEBU [pymycobot.common] _write: FE FE 03 2B D3 10 
2026-02-05 10:03:23.313 DEBU [pymycobot.common] _read : FE FE 04 2B 01 CD A2
2026-02-05 10:03:24.382 DEBU [pymycobot.common] _write: FE FE 03 2B D3 10 
2026-02-05 10:03:24.406 DEBU [pymycobot.common] _read : FE FE 04 2B 01 CD A2
2026-02-05 10:03:25.479 DEBU [pymycobot.common] _write: FE FE 03 2B D3 10 
2026-02-05 10:03:25.502 DEBU [pymycobot.common] _read : FE FE 04 2B 01 CD A2
2026-02-05 10:03:26.572 DEBU [pymycobot.common] _write: FE FE 03 2B D3 10 
2026-02-05 10:03:26.593 DEBU [pymycobot.common] _read : FE FE 04 2B 01 CD A2
2026-02-05 10:03:27.664 DEBU [pymycobot.common] _write: FE FE 03 2B D3 10 
2026-02-05 10:03:27.687 DEBU [pymycobot.common] _read : FE FE 04 2B 01 CD A2
2026-02-05 10:03:28.754 DEBU [pymycobot.common] _write: FE FE 03 2B D3 10 
2026-02-05 10:03:28.778 DEBU [pymycobot.common] _read : FE FE 04 2B 01 CD A2
2026-02-05 10:03:29.847 DEBU [pymycobot.common] _write: FE FE 03 2B D3 10 
2026-02-05 10:03:29.870 DEBU [pymycobot.common] _read : FE FE 04 2B 01 CD A2
2026-02-05 10:03:30.938 DEBU [pymycobot.common] _write: FE FE 03 2B D3 10 
2026-02-05 10:03:30.963 DEBU [pymycobot.common] _read : FE FE 04 2B 01 CD A2
2026-02-05 10:03:32.030 DEBU [pymycobot.common] _write: FE FE 03 2B D3 10 
2026-02-05 10:03:32.050 DEBU [pymycobot.common] _read : FE FE 04 2B 01 CD A2
2026-02-05 10:03:33.123 DEBU [pymycobot.common] _write: FE FE 03 2B D3 10 
2026-02-05 10:03:33.146 DEBU [pymycobot.common] _read : FE FE 04 2B 01 CD A2
2026-02-05 10:03:34.215 DEBU [pymycobot.common] _write: FE FE 03 2B D3 10 
2026-02-05 10:03:34.237 DEBU [pymycobot.common] _read : FE FE 04 2B 01 CD A2
2026-02-05 10:03:35.308 DEBU [pymycobot.common] _write: FE FE 03 2B D3 10 
2026-02-05 10:03:35.328 DEBU [pymycobot.common] _read : FE FE 04 2B 01 CD A2
2026-02-05 10:03:36.386 DEBU [pymycobot.common] _write: FE FE 03 2B D3 10 
2026-02-05 10:03:36.412 DEBU [pymycobot.common] _read : FE FE 04 2B 01 CD A2
2026-02-05 10:03:37.480 DEBU [pymycobot.common] _write: FE FE 03 2B D3 10 
2026-02-05 10:03:37.501 DEBU [pymycobot.common] _read : FE FE 04 2B 01 CD A2
2026-02-05 10:03:38.573 DEBU [pymycobot.common] _write: FE FE 03 2B D3 10 
2026-02-05 10:03:38.595 DEBU [pymycobot.common] _read : FE FE 04 2B 01 CD A2
2026-02-05 10:03:39.663 DEBU [pymycobot.common] _write: FE FE 03 2B D3 10 
2026-02-05 10:03:39.691 DEBU [pymycobot.common] _read : FE FE 04 2B 01 CD A2
2026-02-05 10:03:40.759 DEBU [pymycobot.common] _write: FE FE 03 2B D3 10 
2026-02-05 10:03:40.783 DEBU [pymycobot.common] _read : FE FE 04 2B 01 CD A2
2026-02-05 10:03:41.853 DEBU [pymycobot.common] _write: FE FE 03 2B D3 10 
2026-02-05 10:03:41.876 DEBU [pymycobot.common] _read : FE FE 04 2B 01 CD A2
2026-02-05 10:03:42.943 DEBU [pymycobot.common] _write: FE FE 03 2B D3 10 
2026-02-05 10:03:42.965 DEBU [pymycobot.common] _read : FE FE 04 2B 01 CD A2
2026-02-05 10:03:44.034 DEBU [pymycobot.common] _write: FE FE 03 2B D3 10 
2026-02-05 10:03:44.058 DEBU [pymycobot.common] _read : FE FE 04 2B 01 CD A2
2026-02-05 10:03:45.126 DEBU [pymycobot.common] _write: FE FE 03 2B D3 10 
2026-02-05 10:03:45.150 DEBU [pymycobot.common] _read : FE FE 04 2B 01 CD A2
2026-02-05 10:03:46.220 DEBU [pymycobot.common] _write: FE FE 03 2B D3 10 
2026-02-05 10:03:46.243 DEBU [pymycobot.common] _read : FE FE 04 2B 01 CD A2
2026-02-05 10:03:47.316 DEBU [pymycobot.common] _write: FE FE 03 2B D3 10 
2026-02-05 10:03:47.338 DEBU [pymycobot.common] _read : FE FE 04 2B 01 CD A2
2026-02-05 10:03:48.409 DEBU [pymycobot.common] _write: FE FE 03 2B D3 10 
2026-02-05 10:03:48.432 DEBU [pymycobot.common] _read : FE FE 04 2B 01 CD A2
2026-02-05 10:03:49.503 DEBU [pymycobot.common] _write: FE FE 03 2B D3 10 
2026-02-05 10:03:49.527 DEBU [pymycobot.common] _read : FE FE 04 2B 01 CD A2
2026-02-05 10:03:50.591 DEBU [pymycobot.common] _write: FE FE 03 2B D3 10 
2026-02-05 10:03:50.612 DEBU [pymycobot.common] _read : FE FE 04 2B 01 CD A2
2026-02-05 10:03:51.672 DEBU [pymycobot.common] _write: FE FE 03 2B D3 10 
2026-02-05 10:03:51.698 DEBU [pymycobot.common] _read : FE FE 04 2B 01 CD A2
2026-02-05 10:03:52.762 DEBU [pymycobot.common] _write: FE FE 03 2B D3 10 
2026-02-05 10:03:52.784 DEBU [pymycobot.common] _read : FE FE 04 2B 01 CD A2
2026-02-05 10:03:53.859 DEBU [pymycobot.common] _write: FE FE 03 2B D3 10 
2026-02-05 10:03:53.885 DEBU [pymycobot.common] _read : FE FE 04 2B 01 CD A2
2026-02-05 10:03:54.946 DEBU [pymycobot.common] _write: FE FE 03 2B D3 10 
2026-02-05 10:03:54.970 DEBU [pymycobot.common] _read : FE FE 04 2B 01 CD A2
2026-02-05 10:03:56.039 DEBU [pymycobot.common] _write: FE FE 03 2B D3 10 
2026-02-05 10:03:56.060 DEBU [pymycobot.common] _read : FE FE 04 2B 01 CD A2
2026-02-05 10:03:57.120 DEBU [pymycobot.common] _write: FE FE 03 2B D3 10 
2026-02-05 10:03:57.140 DEBU [pymycobot.common] _read : FE FE 04 2B 01 CD A2
2026-02-05 10:03:58.199 DEBU [pymycobot.common] _write: FE FE 03 2B D3 10 
2026-02-05 10:03:58.225 DEBU [pymycobot.common] _read : FE FE 04 2B 01 CD A2
2026-02-05 10:03:59.293 DEBU [pymycobot.common] _write: FE FE 03 2B D3 10 
2026-02-05 10:03:59.322 DEBU [pymycobot.common] _read : FE FE 04 2B 01 CD A2
2026-02-05 10:04:00.386 DEBU [pymycobot.common] _write: FE FE 03 2B D3 10 
2026-02-05 10:04:00.409 DEBU [pymycobot.common] _read : FE FE 04 2B 01 CD A2
2026-02-05 10:04:01.485 DEBU [pymycobot.common] _write: FE FE 03 2B D3 10 
2026-02-05 10:04:01.511 DEBU [pymycobot.common] _read : FE FE 04 2B 01 CD A2
2026-02-05 10:04:02.577 DEBU [pymycobot.common] _write: FE FE 03 2B D3 10 
2026-02-05 10:04:02.598 DEBU [pymycobot.common] _read : FE FE 04 2B 01 CD A2
2026-02-05 10:04:03.655 DEBU [pymycobot.common] _write: FE FE 03 2B D3 10 
2026-02-05 10:04:03.676 DEBU [pymycobot.common] _read : FE FE 04 2B 01 CD A2
2026-02-05 10:04:04.746 DEBU [pymycobot.common] _write: FE FE 03 2B D3 10 
2026-02-05 10:04:04.769 DEBU [pymycobot.common] _read : FE FE 04 2B 01 CD A2
2026-02-05 10:04:05.837 DEBU [pymycobot.common] _write: FE FE 03 2B D3 10 
2026-02-05 10:04:05.858 DEBU [pymycobot.common] _read : FE FE 04 2B 01 CD A2
2026-02-05 10:04:06.925 DEBU [pymycobot.common] _write: FE FE 03 2B D3 10 
2026-02-05 10:04:06.950 DEBU [pymycobot.common] _read : FE FE 04 2B 01 CD A2
2026-02-05 10:04:07.285 DEBU [pymycobot.common] _read : FE FE 04 5B 00 CD 46
2026-02-05 10:04:27.652 DEBU [pymycobot.common] _write: FE FE 03 28 D2 50 
2026-02-05 10:04:27.687 DEBU [pymycobot.common] _read : FE FE 05 28 FF 01 E5 3C
2026-02-05 10:04:30.700 DEBU [pymycobot.common] _write: FE FE 04 1E 01 9D B5 
2026-02-05 10:04:33.179 DEBU [pymycobot.common] _read : FE FE 05 1E FF 01 EB DC
2026-02-05 10:04:33.180 DEBU [pymycobot.common] _write: FE FE 03 70 28 51 
2026-02-05 10:04:33.207 DEBU [pymycobot.common] _read : FE FE 05 70 FF 01 36 BD
2026-02-05 10:05:03.218 DEBU [pymycobot.common] _write: FE FE 03 72 E9 D0 
2026-02-05 10:05:03.432 DEBU [pymycobot.common] _write: FE FE 04 1E 00 5D 74 
2026-02-05 10:05:06.519 DEBU [pymycobot.common] _write: FE FE 03 71 E8 90 
2026-02-05 10:05:07.587 DEBU [pymycobot.common] _write: FE FE 03 2B D3 10 
2026-02-05 10:05:08.004 DEBU [pymycobot.common] _read : FE FE 05 72 FF 01 F6 1C
2026-02-05 10:05:08.027 DEBU [pymycobot.common] _read : FE FE 05 1E FF 01 EB DC
2026-02-05 10:05:08.039 DEBU [pymycobot.common] _read : FE FE 05 71 FF 01 F6 EC
2026-02-05 10:05:08.061 DEBU [pymycobot.common] _read : FE FE 04 2B 00 0D 63
2026-02-05 10:05:08.590 DEBU [pymycobot.common] _write: FE FE 03 2B D3 10 
2026-02-05 10:05:08.614 DEBU [pymycobot.common] _read : FE FE 04 2B 01 CD A2
2026-02-05 10:05:08.936 DEBU [pymycobot.common] _write: FE FE 03 2B D3 10 
2026-02-05 10:05:08.958 DEBU [pymycobot.common] _read : FE FE 04 2B 01 CD A2
2026-02-05 10:05:09.282 DEBU [pymycobot.common] _write: FE FE 03 2B D3 10 
2026-02-05 10:05:09.306 DEBU [pymycobot.common] _read : FE FE 04 2B 01 CD A2
2026-02-05 10:05:09.631 DEBU [pymycobot.common] _write: FE FE 03 2B D3 10 
2026-02-05 10:05:09.652 DEBU [pymycobot.common] _read : FE FE 04 2B 01 CD A2
2026-02-05 10:05:09.968 DEBU [pymycobot.common] _write: FE FE 03 2B D3 10 
2026-02-05 10:05:09.991 DEBU [pymycobot.common] _read : FE FE 04 2B 01 CD A2
2026-02-05 10:05:10.319 DEBU [pymycobot.common] _write: FE FE 03 2B D3 10 
2026-02-05 10:05:10.341 DEBU [pymycobot.common] _read : FE FE 04 2B 01 CD A2
2026-02-05 10:05:10.670 DEBU [pymycobot.common] _write: FE FE 03 2B D3 10 
2026-02-05 10:05:10.692 DEBU [pymycobot.common] _read : FE FE 04 2B 01 CD A2
2026-02-05 10:05:11.021 DEBU [pymycobot.common] _write: FE FE 03 2B D3 10 
2026-02-05 10:05:11.044 DEBU [pymycobot.common] _read : FE FE 04 2B 01 CD A2
2026-02-05 10:05:11.372 DEBU [pymycobot.common] _write: FE FE 03 2B D3 10 
2026-02-05 10:05:11.397 DEBU [pymycobot.common] _read : FE FE 04 2B 01 CD A2
2026-02-05 10:05:11.722 DEBU [pymycobot.common] _write: FE FE 03 2B D3 10 
2026-02-05 10:05:11.743 DEBU [pymycobot.common] _read : FE FE 04 2B 01 CD A2
2026-02-05 10:05:12.057 DEBU [pymycobot.common] _write: FE FE 03 2B D3 10 
2026-02-05 10:05:12.079 DEBU [pymycobot.common] _read : FE FE 04 2B 01 CD A2
2026-02-05 10:05:12.408 DEBU [pymycobot.common] _write: FE FE 03 2B D3 10 
2026-02-05 10:05:12.435 DEBU [pymycobot.common] _read : FE FE 04 2B 01 CD A2
2026-02-05 10:05:12.760 DEBU [pymycobot.common] _write: FE FE 03 2B D3 10 
2026-02-05 10:05:12.786 DEBU [pymycobot.common] _read : FE FE 04 2B 01 CD A2
2026-02-05 10:05:13.109 DEBU [pymycobot.common] _write: FE FE 03 2B D3 10 
2026-02-05 10:05:13.131 DEBU [pymycobot.common] _read : FE FE 04 2B 01 CD A2
2026-02-05 10:05:13.456 DEBU [pymycobot.common] _write: FE FE 03 2B D3 10 
2026-02-05 10:05:13.478 DEBU [pymycobot.common] _read : FE FE 04 2B 01 CD A2
2026-02-05 10:05:13.807 DEBU [pymycobot.common] _write: FE FE 03 2B D3 10 
2026-02-05 10:05:13.830 DEBU [pymycobot.common] _read : FE FE 04 2B 01 CD A2
2026-02-05 10:05:14.156 DEBU [pymycobot.common] _write: FE FE 03 2B D3 10 
2026-02-05 10:05:14.175 DEBU [pymycobot.common] _read : FE FE 04 2B 01 CD A2
2026-02-05 10:05:14.488 DEBU [pymycobot.common] _write: FE FE 03 2B D3 10 
2026-02-05 10:05:14.513 DEBU [pymycobot.common] _read : FE FE 04 2B 01 CD A2
2026-02-05 10:05:14.834 DEBU [pymycobot.common] _write: FE FE 03 2B D3 10 
2026-02-05 10:05:14.857 DEBU [pymycobot.common] _read : FE FE 04 2B 01 CD A2
2026-02-05 10:05:15.183 DEBU [pymycobot.common] _write: FE FE 03 2B D3 10 
2026-02-05 10:05:15.207 DEBU [pymycobot.common] _read : FE FE 04 2B 01 CD A2
2026-02-05 10:05:15.536 DEBU [pymycobot.common] _write: FE FE 03 2B D3 10 
2026-02-05 10:05:15.562 DEBU [pymycobot.common] _read : FE FE 04 2B 01 CD A2
2026-02-05 10:05:15.888 DEBU [pymycobot.common] _write: FE FE 03 2B D3 10 
2026-02-05 10:05:15.916 DEBU [pymycobot.common] _read : FE FE 04 2B 01 CD A2
2026-02-05 10:05:16.238 DEBU [pymycobot.common] _write: FE FE 03 2B D3 10 
2026-02-05 10:05:16.262 DEBU [pymycobot.common] _read : FE FE 04 2B 01 CD A2
2026-02-05 10:05:16.588 DEBU [pymycobot.common] _write: FE FE 03 2B D3 10 
2026-02-05 10:05:16.610 DEBU [pymycobot.common] _read : FE FE 04 2B 01 CD A2
2026-02-05 10:05:16.937 DEBU [pymycobot.common] _write: FE FE 03 2B D3 10 
2026-02-05 10:05:16.964 DEBU [pymycobot.common] _read : FE FE 04 2B 01 CD A2
2026-02-05 10:05:17.287 DEBU [pymycobot.common] _write: FE FE 03 2B D3 10 
2026-02-05 10:05:17.313 DEBU [pymycobot.common] _read : FE FE 04 2B 01 CD A2
2026-02-05 10:05:17.636 DEBU [pymycobot.common] _write: FE FE 03 2B D3 10 
2026-02-05 10:05:17.658 DEBU [pymycobot.common] _read : FE FE 04 2B 01 CD A2
2026-02-05 10:05:17.984 DEBU [pymycobot.common] _write: FE FE 03 2B D3 10 
2026-02-05 10:05:18.006 DEBU [pymycobot.common] _read : FE FE 04 2B 01 CD A2
2026-02-05 10:05:18.319 DEBU [pymycobot.common] _write: FE FE 03 2B D3 10 
2026-02-05 10:05:18.340 DEBU [pymycobot.common] _read : FE FE 04 2B 01 CD A2
2026-02-05 10:05:18.667 DEBU [pymycobot.common] _write: FE FE 03 2B D3 10 
2026-02-05 10:05:18.687 DEBU [pymycobot.common] _read : FE FE 04 2B 01 CD A2
2026-02-05 10:05:19.002 DEBU [pymycobot.common] _write: FE FE 03 2B D3 10 
2026-02-05 10:05:19.028 DEBU [pymycobot.common] _read : FE FE 04 2B 01 CD A2
2026-02-05 10:05:19.350 DEBU [pymycobot.common] _write: FE FE 03 2B D3 10 
2026-02-05 10:05:19.372 DEBU [pymycobot.common] _read : FE FE 04 2B 01 CD A2
2026-02-05 10:05:19.699 DEBU [pymycobot.common] _write: FE FE 03 2B D3 10 
2026-02-05 10:05:19.720 DEBU [pymycobot.common] _read : FE FE 04 2B 01 CD A2
2026-02-05 10:05:20.048 DEBU [pymycobot.common] _write: FE FE 03 2B D3 10 
2026-02-05 10:05:20.072 DEBU [pymycobot.common] _read : FE FE 04 2B 01 CD A2
2026-02-05 10:05:20.396 DEBU [pymycobot.common] _write: FE FE 03 2B D3 10 
2026-02-05 10:05:20.420 DEBU [pymycobot.common] _read : FE FE 04 2B 01 CD A2
2026-02-05 10:05:20.745 DEBU [pymycobot.common] _write: FE FE 03 2B D3 10 
2026-02-05 10:05:20.772 DEBU [pymycobot.common] _read : FE FE 04 2B 01 CD A2
2026-02-05 10:05:21.097 DEBU [pymycobot.common] _write: FE FE 03 2B D3 10 
2026-02-05 10:05:21.125 DEBU [pymycobot.common] _read : FE FE 04 2B 01 CD A2
2026-02-05 10:05:21.446 DEBU [pymycobot.common] _write: FE FE 03 2B D3 10 
2026-02-05 10:05:21.474 DEBU [pymycobot.common] _read : FE FE 04 2B 01 CD A2
2026-02-05 10:05:21.792 DEBU [pymycobot.common] _write: FE FE 03 2B D3 10 
2026-02-05 10:05:21.815 DEBU [pymycobot.common] _read : FE FE 04 2B 01 CD A2
2026-02-05 10:05:22.139 DEBU [pymycobot.common] _write: FE FE 03 2B D3 10 
2026-02-05 10:05:22.165 DEBU [pymycobot.common] _read : FE FE 04 2B 01 CD A2
2026-02-05 10:05:22.486 DEBU [pymycobot.common] _write: FE FE 03 2B D3 10 
2026-02-05 10:05:22.510 DEBU [pymycobot.common] _read : FE FE 04 2B 01 CD A2
2026-02-05 10:05:22.832 DEBU [pymycobot.common] _write: FE FE 03 2B D3 10 
2026-02-05 10:05:22.856 DEBU [pymycobot.common] _read : FE FE 04 2B 01 CD A2
2026-02-05 10:05:23.179 DEBU [pymycobot.common] _write: FE FE 03 2B D3 10 
2026-02-05 10:05:23.203 DEBU [pymycobot.common] _read : FE FE 04 2B 01 CD A2
2026-02-05 10:05:23.528 DEBU [pymycobot.common] _write: FE FE 03 2B D3 10 
2026-02-05 10:05:23.552 DEBU [pymycobot.common] _read : FE FE 04 2B 01 CD A2
2026-02-05 10:05:23.877 DEBU [pymycobot.common] _write: FE FE 03 2B D3 10 
2026-02-05 10:05:23.898 DEBU [pymycobot.common] _read : FE FE 04 2B 01 CD A2
2026-02-05 10:05:24.228 DEBU [pymycobot.common] _write: FE FE 03 2B D3 10 
2026-02-05 10:05:24.255 DEBU [pymycobot.common] _read : FE FE 04 2B 01 CD A2
2026-02-05 10:05:24.575 DEBU [pymycobot.common] _write: FE FE 03 2B D3 10 
2026-02-05 10:05:24.599 DEBU [pymycobot.common] _read : FE FE 04 2B 01 CD A2
2026-02-05 10:05:24.923 DEBU [pymycobot.common] _write: FE FE 03 2B D3 10 
2026-02-05 10:05:24.946 DEBU [pymycobot.common] _read : FE FE 04 2B 01 CD A2
2026-02-05 10:05:25.269 DEBU [pymycobot.common] _write: FE FE 03 2B D3 10 
2026-02-05 10:05:25.293 DEBU [pymycobot.common] _read : FE FE 04 2B 01 CD A2
2026-02-05 10:05:25.617 DEBU [pymycobot.common] _write: FE FE 03 2B D3 10 
2026-02-05 10:05:25.643 DEBU [pymycobot.common] _read : FE FE 04 2B 01 CD A2
2026-02-05 10:05:25.966 DEBU [pymycobot.common] _write: FE FE 03 2B D3 10 
2026-02-05 10:05:25.991 DEBU [pymycobot.common] _read : FE FE 04 2B 01 CD A2
2026-02-05 10:05:26.317 DEBU [pymycobot.common] _write: FE FE 03 2B D3 10 
2026-02-05 10:05:26.344 DEBU [pymycobot.common] _read : FE FE 04 2B 01 CD A2
2026-02-05 10:05:26.666 DEBU [pymycobot.common] _write: FE FE 03 2B D3 10 
2026-02-05 10:05:26.695 DEBU [pymycobot.common] _read : FE FE 04 2B 01 CD A2
2026-02-05 10:05:27.014 DEBU [pymycobot.common] _write: FE FE 03 2B D3 10 
2026-02-05 10:05:27.036 DEBU [pymycobot.common] _read : FE FE 04 2B 01 CD A2
2026-02-05 10:05:27.366 DEBU [pymycobot.common] _write: FE FE 03 2B D3 10 
2026-02-05 10:05:27.393 DEBU [pymycobot.common] _read : FE FE 04 2B 01 CD A2
2026-02-05 10:05:27.713 DEBU [pymycobot.common] _write: FE FE 03 2B D3 10 
2026-02-05 10:05:27.733 DEBU [pymycobot.common] _read : FE FE 04 2B 01 CD A2
2026-02-05 10:05:28.059 DEBU [pymycobot.common] _write: FE FE 03 2B D3 10 
2026-02-05 10:05:28.083 DEBU [pymycobot.common] _read : FE FE 04 2B 01 CD A2
2026-02-05 10:05:28.407 DEBU [pymycobot.common] _write: FE FE 03 2B D3 10 
2026-02-05 10:05:28.431 DEBU [pymycobot.common] _read : FE FE 04 2B 01 CD A2
2026-02-05 10:05:28.756 DEBU [pymycobot.common] _write: FE FE 03 2B D3 10 
2026-02-05 10:05:28.777 DEBU [pymycobot.common] _read : FE FE 04 2B 01 CD A2
2026-02-05 10:05:29.105 DEBU [pymycobot.common] _write: FE FE 03 2B D3 10 
2026-02-05 10:05:29.133 DEBU [pymycobot.common] _read : FE FE 04 2B 01 CD A2
2026-02-05 10:05:29.456 DEBU [pymycobot.common] _write: FE FE 03 2B D3 10 
2026-02-05 10:05:29.479 DEBU [pymycobot.common] _read : FE FE 04 2B 01 CD A2
2026-02-05 10:05:29.805 DEBU [pymycobot.common] _write: FE FE 03 2B D3 10 
2026-02-05 10:05:29.827 DEBU [pymycobot.common] _read : FE FE 04 2B 01 CD A2
2026-02-05 10:05:30.139 DEBU [pymycobot.common] _write: FE FE 03 2B D3 10 
2026-02-05 10:05:30.161 DEBU [pymycobot.common] _read : FE FE 04 2B 01 CD A2
2026-02-05 10:05:30.489 DEBU [pymycobot.common] _write: FE FE 03 2B D3 10 
2026-02-05 10:05:30.513 DEBU [pymycobot.common] _read : FE FE 04 2B 01 CD A2
2026-02-05 10:05:30.839 DEBU [pymycobot.common] _write: FE FE 03 2B D3 10 
2026-02-05 10:05:30.862 DEBU [pymycobot.common] _read : FE FE 04 2B 01 CD A2
2026-02-05 10:05:31.188 DEBU [pymycobot.common] _write: FE FE 03 2B D3 10 
2026-02-05 10:05:31.211 DEBU [pymycobot.common] _read : FE FE 04 2B 01 CD A2
2026-02-05 10:05:31.535 DEBU [pymycobot.common] _write: FE FE 03 2B D3 10 
2026-02-05 10:05:31.557 DEBU [pymycobot.common] _read : FE FE 04 2B 01 CD A2
2026-02-05 10:05:31.886 DEBU [pymycobot.common] _write: FE FE 03 2B D3 10 
2026-02-05 10:05:31.910 DEBU [pymycobot.common] _read : FE FE 04 2B 01 CD A2
2026-02-05 10:05:32.237 DEBU [pymycobot.common] _write: FE FE 03 2B D3 10 
2026-02-05 10:05:32.260 DEBU [pymycobot.common] _read : FE FE 04 2B 01 CD A2
2026-02-05 10:05:32.584 DEBU [pymycobot.common] _write: FE FE 03 2B D3 10 
2026-02-05 10:05:32.608 DEBU [pymycobot.common] _read : FE FE 04 2B 01 CD A2
2026-02-05 10:05:32.932 DEBU [pymycobot.common] _write: FE FE 03 2B D3 10 
2026-02-05 10:05:32.955 DEBU [pymycobot.common] _read : FE FE 04 2B 01 CD A2
2026-02-05 10:05:33.268 DEBU [pymycobot.common] _write: FE FE 03 2B D3 10 
2026-02-05 10:05:33.290 DEBU [pymycobot.common] _read : FE FE 04 2B 01 CD A2
2026-02-05 10:05:33.617 DEBU [pymycobot.common] _write: FE FE 03 2B D3 10 
2026-02-05 10:05:33.639 DEBU [pymycobot.common] _read : FE FE 04 2B 01 CD A2
2026-02-05 10:05:33.966 DEBU [pymycobot.common] _write: FE FE 03 2B D3 10 
2026-02-05 10:05:33.986 DEBU [pymycobot.common] _read : FE FE 04 2B 01 CD A2
2026-02-05 10:05:34.313 DEBU [pymycobot.common] _write: FE FE 03 2B D3 10 
2026-02-05 10:05:34.336 DEBU [pymycobot.common] _read : FE FE 04 2B 01 CD A2
2026-02-05 10:05:34.666 DEBU [pymycobot.common] _write: FE FE 03 2B D3 10 
2026-02-05 10:05:34.689 DEBU [pymycobot.common] _read : FE FE 04 2B 01 CD A2
2026-02-05 10:05:35.016 DEBU [pymycobot.common] _write: FE FE 03 2B D3 10 
2026-02-05 10:05:35.040 DEBU [pymycobot.common] _read : FE FE 04 2B 01 CD A2
2026-02-05 10:05:35.367 DEBU [pymycobot.common] _write: FE FE 03 2B D3 10 
2026-02-05 10:05:35.395 DEBU [pymycobot.common] _read : FE FE 04 2B 01 CD A2
2026-02-05 10:05:35.716 DEBU [pymycobot.common] _write: FE FE 03 2B D3 10 
2026-02-05 10:05:35.741 DEBU [pymycobot.common] _read : FE FE 04 2B 01 CD A2
2026-02-05 10:05:36.068 DEBU [pymycobot.common] _write: FE FE 03 2B D3 10 
2026-02-05 10:05:36.093 DEBU [pymycobot.common] _read : FE FE 04 2B 01 CD A2
2026-02-05 10:05:36.417 DEBU [pymycobot.common] _write: FE FE 03 2B D3 10 
2026-02-05 10:05:36.442 DEBU [pymycobot.common] _read : FE FE 04 2B 01 CD A2
2026-02-05 10:05:36.768 DEBU [pymycobot.common] _write: FE FE 03 2B D3 10 
2026-02-05 10:05:36.790 DEBU [pymycobot.common] _read : FE FE 04 2B 01 CD A2
2026-02-05 10:05:37.116 DEBU [pymycobot.common] _write: FE FE 03 2B D3 10 
2026-02-05 10:05:37.137 DEBU [pymycobot.common] _read : FE FE 04 2B 01 CD A2
2026-02-05 10:05:37.452 DEBU [pymycobot.common] _write: FE FE 03 2B D3 10 
2026-02-05 10:05:37.472 DEBU [pymycobot.common] _read : FE FE 04 2B 01 CD A2
2026-02-05 10:05:37.790 DEBU [pymycobot.common] _write: FE FE 03 2B D3 10 
2026-02-05 10:05:37.812 DEBU [pymycobot.common] _read : FE FE 04 2B 01 CD A2
2026-02-05 10:05:38.140 DEBU [pymycobot.common] _write: FE FE 03 2B D3 10 
2026-02-05 10:05:38.160 DEBU [pymycobot.common] _read : FE FE 04 2B 01 CD A2
2026-02-05 10:05:38.473 DEBU [pymycobot.common] _write: FE FE 03 2B D3 10 
2026-02-05 10:05:38.498 DEBU [pymycobot.common] _read : FE FE 04 2B 01 CD A2
2026-02-05 10:05:38.824 DEBU [pymycobot.common] _write: FE FE 03 2B D3 10 
2026-02-05 10:05:38.846 DEBU [pymycobot.common] _read : FE FE 04 2B 01 CD A2
2026-02-05 10:05:38.936 DEBU [pymycobot.common] _read : FE FE 04 5B 00 CD 46
2026-02-05 10:07:44.318 DEBU [pymycobot.common] _write: FE FE 03 28 D2 50 
2026-02-05 10:07:44.351 DEBU [pymycobot.common] _read : FE FE 05 28 FF 01 E5 3C
2026-02-05 10:07:44.352 DEBU [pymycobot.common] _write: FE FE 03 71 E8 90 
2026-02-05 10:07:44.388 DEBU [pymycobot.common] _read : FE FE 05 71 FF 01 F6 EC
2026-02-05 10:07:45.451 DEBU [pymycobot.common] _write: FE FE 03 2B D3 10 
2026-02-05 10:07:45.478 DEBU [pymycobot.common] _read : FE FE 04 2B 01 CD A2
2026-02-05 10:07:46.542 DEBU [pymycobot.common] _write: FE FE 03 2B D3 10 
2026-02-05 10:07:46.562 DEBU [pymycobot.common] _read : FE FE 04 2B 01 CD A2
2026-02-05 10:07:47.630 DEBU [pymycobot.common] _write: FE FE 03 2B D3 10 
2026-02-05 10:07:47.654 DEBU [pymycobot.common] _read : FE FE 04 2B 01 CD A2
2026-02-05 10:07:48.727 DEBU [pymycobot.common] _write: FE FE 03 2B D3 10 
2026-02-05 10:07:48.751 DEBU [pymycobot.common] _read : FE FE 04 2B 01 CD A2
2026-02-05 10:07:49.814 DEBU [pymycobot.common] _write: FE FE 03 2B D3 10 
2026-02-05 10:07:49.833 DEBU [pymycobot.common] _read : FE FE 04 2B 01 CD A2
2026-02-05 10:07:50.888 DEBU [pymycobot.common] _write: FE FE 03 2B D3 10 
2026-02-05 10:07:50.911 DEBU [pymycobot.common] _read : FE FE 04 2B 01 CD A2
2026-02-05 10:07:51.982 DEBU [pymycobot.common] _write: FE FE 03 2B D3 10 
2026-02-05 10:07:52.004 DEBU [pymycobot.common] _read : FE FE 04 2B 01 CD A2
2026-02-05 10:07:53.075 DEBU [pymycobot.common] _write: FE FE 03 2B D3 10 
2026-02-05 10:07:53.100 DEBU [pymycobot.common] _read : FE FE 04 2B 01 CD A2
2026-02-05 10:07:54.169 DEBU [pymycobot.common] _write: FE FE 03 2B D3 10 
2026-02-05 10:07:54.196 DEBU [pymycobot.common] _read : FE FE 04 2B 01 CD A2
2026-02-05 10:07:55.259 DEBU [pymycobot.common] _write: FE FE 03 2B D3 10 
2026-02-05 10:07:55.281 DEBU [pymycobot.common] _read : FE FE 04 2B 01 CD A2
2026-02-05 10:07:56.348 DEBU [pymycobot.common] _write: FE FE 03 2B D3 10 
2026-02-05 10:07:56.370 DEBU [pymycobot.common] _read : FE FE 04 2B 01 CD A2
2026-02-05 10:07:57.442 DEBU [pymycobot.common] _write: FE FE 03 2B D3 10 
2026-02-05 10:07:57.466 DEBU [pymycobot.common] _read : FE FE 04 2B 01 CD A2
2026-02-05 10:07:58.538 DEBU [pymycobot.common] _write: FE FE 03 2B D3 10 
2026-02-05 10:07:58.560 DEBU [pymycobot.common] _read : FE FE 04 2B 01 CD A2
2026-02-05 10:07:59.629 DEBU [pymycobot.common] _write: FE FE 03 2B D3 10 
2026-02-05 10:07:59.654 DEBU [pymycobot.common] _read : FE FE 04 2B 01 CD A2
2026-02-05 10:08:00.718 DEBU [pymycobot.common] _write: FE FE 03 2B D3 10 
2026-02-05 10:08:00.743 DEBU [pymycobot.common] _read : FE FE 04 2B 01 CD A2
2026-02-05 10:08:01.810 DEBU [pymycobot.common] _write: FE FE 03 2B D3 10 
2026-02-05 10:08:01.833 DEBU [pymycobot.common] _read : FE FE 04 2B 01 CD A2
2026-02-05 10:08:02.902 DEBU [pymycobot.common] _write: FE FE 03 2B D3 10 
2026-02-05 10:08:02.924 DEBU [pymycobot.common] _read : FE FE 04 2B 01 CD A2
2026-02-05 10:08:03.992 DEBU [pymycobot.common] _write: FE FE 03 2B D3 10 
2026-02-05 10:08:04.015 DEBU [pymycobot.common] _read : FE FE 04 2B 01 CD A2
2026-02-05 10:08:05.085 DEBU [pymycobot.common] _write: FE FE 03 2B D3 10 
2026-02-05 10:08:05.117 DEBU [pymycobot.common] _read : FE FE 04 2B 01 CD A2
2026-02-05 10:08:06.176 DEBU [pymycobot.common] _write: FE FE 03 2B D3 10 
2026-02-05 10:08:06.198 DEBU [pymycobot.common] _read : FE FE 04 2B 01 CD A2
2026-02-05 10:08:07.269 DEBU [pymycobot.common] _write: FE FE 03 2B D3 10 
2026-02-05 10:08:07.290 DEBU [pymycobot.common] _read : FE FE 04 2B 01 CD A2
2026-02-05 10:08:08.359 DEBU [pymycobot.common] _write: FE FE 03 2B D3 10 
2026-02-05 10:08:08.384 DEBU [pymycobot.common] _read : FE FE 04 2B 01 CD A2
2026-02-05 10:08:09.450 DEBU [pymycobot.common] _write: FE FE 03 2B D3 10 
2026-02-05 10:08:09.476 DEBU [pymycobot.common] _read : FE FE 04 2B 01 CD A2
2026-02-05 10:08:10.536 DEBU [pymycobot.common] _write: FE FE 03 2B D3 10 
2026-02-05 10:08:10.564 DEBU [pymycobot.common] _read : FE FE 04 2B 01 CD A2
2026-02-05 10:08:11.627 DEBU [pymycobot.common] _write: FE FE 03 2B D3 10 
2026-02-05 10:08:11.648 DEBU [pymycobot.common] _read : FE FE 04 2B 01 CD A2
2026-02-05 10:08:12.719 DEBU [pymycobot.common] _write: FE FE 03 2B D3 10 
2026-02-05 10:08:12.740 DEBU [pymycobot.common] _read : FE FE 04 2B 01 CD A2
2026-02-05 10:08:13.811 DEBU [pymycobot.common] _write: FE FE 03 2B D3 10 
2026-02-05 10:08:13.834 DEBU [pymycobot.common] _read : FE FE 04 2B 01 CD A2
2026-02-05 10:08:14.905 DEBU [pymycobot.common] _write: FE FE 03 2B D3 10 
2026-02-05 10:08:14.928 DEBU [pymycobot.common] _read : FE FE 04 2B 01 CD A2
2026-02-05 10:08:15.189 DEBU [pymycobot.common] _read : FE FE 04 5B 00 CD 46
2026-02-05 10:38:08.647 DEBU [pymycobot.common] _write: FE FE 03 28 D2 50 
2026-02-05 10:38:08.681 DEBU [pymycobot.common] _read : FE FE 05 28 FF 01 E5 3C
2026-02-05 10:38:11.686 DEBU [pymycobot.common] _write: FE FE 04 1E 01 9D B5 
2026-02-05 10:38:14.168 DEBU [pymycobot.common] _read : FE FE 05 1E FF 01 EB DC
2026-02-05 10:38:14.170 DEBU [pymycobot.common] _write: FE FE 03 70 28 51 
2026-02-05 10:38:14.196 DEBU [pymycobot.common] _read : FE FE 05 70 FF 01 36 BD
2026-02-05 10:38:44.197 DEBU [pymycobot.common] _write: FE FE 03 72 E9 D0 
2026-02-05 10:38:44.411 DEBU [pymycobot.common] _write: FE FE 04 1E 00 5D 74 
2026-02-05 10:38:47.487 DEBU [pymycobot.common] _write: FE FE 03 71 E8 90 
2026-02-05 10:38:48.552 DEBU [pymycobot.common] _write: FE FE 03 2B D3 10 
2026-02-05 10:38:48.988 DEBU [pymycobot.common] _read : FE FE 05 72 FF 01 F6 1C
2026-02-05 10:38:49.010 DEBU [pymycobot.common] _read : FE FE 05 1E FF 01 EB DC
2026-02-05 10:38:49.029 DEBU [pymycobot.common] _read : FE FE 05 71 FF 01 F6 EC
2026-02-05 10:38:49.035 DEBU [pymycobot.common] _read : FE FE 04 2B 00 0D 63
2026-02-05 10:38:49.565 DEBU [pymycobot.common] _write: FE FE 03 2B D3 10 
2026-02-05 10:38:49.585 DEBU [pymycobot.common] _read : FE FE 04 2B 01 CD A2
2026-02-05 10:38:49.899 DEBU [pymycobot.common] _write: FE FE 03 2B D3 10 
2026-02-05 10:38:49.923 DEBU [pymycobot.common] _read : FE FE 04 2B 01 CD A2
2026-02-05 10:38:50.248 DEBU [pymycobot.common] _write: FE FE 03 2B D3 10 
2026-02-05 10:38:50.271 DEBU [pymycobot.common] _read : FE FE 04 2B 01 CD A2
2026-02-05 10:38:50.597 DEBU [pymycobot.common] _write: FE FE 03 2B D3 10 
2026-02-05 10:38:50.626 DEBU [pymycobot.common] _read : FE FE 04 2B 01 CD A2
2026-02-05 10:38:50.946 DEBU [pymycobot.common] _write: FE FE 03 2B D3 10 
2026-02-05 10:38:50.969 DEBU [pymycobot.common] _read : FE FE 04 2B 01 CD A2
2026-02-05 10:38:51.296 DEBU [pymycobot.common] _write: FE FE 03 2B D3 10 
2026-02-05 10:38:51.317 DEBU [pymycobot.common] _read : FE FE 04 2B 01 CD A2
2026-02-05 10:38:51.630 DEBU [pymycobot.common] _write: FE FE 03 2B D3 10 
2026-02-05 10:38:51.656 DEBU [pymycobot.common] _read : FE FE 04 2B 01 CD A2
2026-02-05 10:38:51.978 DEBU [pymycobot.common] _write: FE FE 03 2B D3 10 
2026-02-05 10:38:52.005 DEBU [pymycobot.common] _read : FE FE 04 2B 01 CD A2
2026-02-05 10:38:52.325 DEBU [pymycobot.common] _write: FE FE 03 2B D3 10 
2026-02-05 10:38:52.346 DEBU [pymycobot.common] _read : FE FE 04 2B 01 CD A2
2026-02-05 10:38:52.673 DEBU [pymycobot.common] _write: FE FE 03 2B D3 10 
2026-02-05 10:38:52.696 DEBU [pymycobot.common] _read : FE FE 04 2B 01 CD A2
2026-02-05 10:38:53.020 DEBU [pymycobot.common] _write: FE FE 03 2B D3 10 
2026-02-05 10:38:53.044 DEBU [pymycobot.common] _read : FE FE 04 2B 01 CD A2
2026-02-05 10:38:53.367 DEBU [pymycobot.common] _write: FE FE 03 2B D3 10 
2026-02-05 10:38:53.391 DEBU [pymycobot.common] _read : FE FE 04 2B 01 CD A2
2026-02-05 10:38:53.713 DEBU [pymycobot.common] _write: FE FE 03 2B D3 10 
2026-02-05 10:38:53.737 DEBU [pymycobot.common] _read : FE FE 04 2B 01 CD A2
2026-02-05 10:38:54.060 DEBU [pymycobot.common] _write: FE FE 03 2B D3 10 
2026-02-05 10:38:54.084 DEBU [pymycobot.common] _read : FE FE 04 2B 01 CD A2
2026-02-05 10:38:54.409 DEBU [pymycobot.common] _write: FE FE 03 2B D3 10 
2026-02-05 10:38:54.434 DEBU [pymycobot.common] _read : FE FE 04 2B 01 CD A2
2026-02-05 10:38:54.757 DEBU [pymycobot.common] _write: FE FE 03 2B D3 10 
2026-02-05 10:38:54.782 DEBU [pymycobot.common] _read : FE FE 04 2B 01 CD A2
2026-02-05 10:38:55.107 DEBU [pymycobot.common] _write: FE FE 03 2B D3 10 
2026-02-05 10:38:55.133 DEBU [pymycobot.common] _read : FE FE 04 2B 01 CD A2
2026-02-05 10:38:55.458 DEBU [pymycobot.common] _write: FE FE 03 2B D3 10 
2026-02-05 10:38:55.480 DEBU [pymycobot.common] _read : FE FE 04 2B 01 CD A2
2026-02-05 10:38:55.808 DEBU [pymycobot.common] _write: FE FE 03 2B D3 10 
2026-02-05 10:38:55.836 DEBU [pymycobot.common] _read : FE FE 04 2B 01 CD A2
2026-02-05 10:38:56.156 DEBU [pymycobot.common] _write: FE FE 03 2B D3 10 
2026-02-05 10:38:56.178 DEBU [pymycobot.common] _read : FE FE 04 2B 01 CD A2
2026-02-05 10:38:56.503 DEBU [pymycobot.common] _write: FE FE 03 2B D3 10 
2026-02-05 10:38:56.523 DEBU [pymycobot.common] _read : FE FE 04 2B 01 CD A2
2026-02-05 10:38:56.837 DEBU [pymycobot.common] _write: FE FE 03 2B D3 10 
2026-02-05 10:38:56.860 DEBU [pymycobot.common] _read : FE FE 04 2B 01 CD A2
2026-02-05 10:38:57.185 DEBU [pymycobot.common] _write: FE FE 03 2B D3 10 
2026-02-05 10:38:57.209 DEBU [pymycobot.common] _read : FE FE 04 2B 01 CD A2
2026-02-05 10:38:57.534 DEBU [pymycobot.common] _write: FE FE 03 2B D3 10 
2026-02-05 10:38:57.554 DEBU [pymycobot.common] _read : FE FE 04 2B 01 CD A2
2026-02-05 10:38:57.869 DEBU [pymycobot.common] _write: FE FE 03 2B D3 10 
2026-02-05 10:38:57.889 DEBU [pymycobot.common] _read : FE FE 04 2B 01 CD A2
2026-02-05 10:38:58.217 DEBU [pymycobot.common] _write: FE FE 03 2B D3 10 
2026-02-05 10:38:58.236 DEBU [pymycobot.common] _read : FE FE 04 2B 01 CD A2
2026-02-05 10:38:58.550 DEBU [pymycobot.common] _write: FE FE 03 2B D3 10 
2026-02-05 10:38:58.575 DEBU [pymycobot.common] _read : FE FE 04 2B 01 CD A2
2026-02-05 10:38:58.899 DEBU [pymycobot.common] _write: FE FE 03 2B D3 10 
2026-02-05 10:38:58.926 DEBU [pymycobot.common] _read : FE FE 04 2B 01 CD A2
2026-02-05 10:38:59.248 DEBU [pymycobot.common] _write: FE FE 03 2B D3 10 
2026-02-05 10:38:59.273 DEBU [pymycobot.common] _read : FE FE 04 2B 01 CD A2
2026-02-05 10:38:59.593 DEBU [pymycobot.common] _write: FE FE 03 2B D3 10 
2026-02-05 10:38:59.619 DEBU [pymycobot.common] _read : FE FE 04 2B 01 CD A2
2026-02-05 10:38:59.942 DEBU [pymycobot.common] _write: FE FE 03 2B D3 10 
2026-02-05 10:38:59.971 DEBU [pymycobot.common] _read : FE FE 04 2B 01 CD A2
2026-02-05 10:39:00.290 DEBU [pymycobot.common] _write: FE FE 03 2B D3 10 
2026-02-05 10:39:00.314 DEBU [pymycobot.common] _read : FE FE 04 2B 01 CD A2
2026-02-05 10:39:00.641 DEBU [pymycobot.common] _write: FE FE 03 2B D3 10 
2026-02-05 10:39:00.664 DEBU [pymycobot.common] _read : FE FE 04 2B 01 CD A2
2026-02-05 10:39:00.992 DEBU [pymycobot.common] _write: FE FE 03 2B D3 10 
2026-02-05 10:39:01.017 DEBU [pymycobot.common] _read : FE FE 04 2B 01 CD A2
2026-02-05 10:39:01.342 DEBU [pymycobot.common] _write: FE FE 03 2B D3 10 
2026-02-05 10:39:01.365 DEBU [pymycobot.common] _read : FE FE 04 2B 01 CD A2
2026-02-05 10:39:01.693 DEBU [pymycobot.common] _write: FE FE 03 2B D3 10 
2026-02-05 10:39:01.713 DEBU [pymycobot.common] _read : FE FE 04 2B 01 CD A2
2026-02-05 10:39:02.042 DEBU [pymycobot.common] _write: FE FE 03 2B D3 10 
2026-02-05 10:39:02.064 DEBU [pymycobot.common] _read : FE FE 04 2B 01 CD A2
2026-02-05 10:39:02.378 DEBU [pymycobot.common] _write: FE FE 03 2B D3 10 
2026-02-05 10:39:02.400 DEBU [pymycobot.common] _read : FE FE 04 2B 01 CD A2
2026-02-05 10:39:02.729 DEBU [pymycobot.common] _write: FE FE 03 2B D3 10 
2026-02-05 10:39:02.750 DEBU [pymycobot.common] _read : FE FE 04 2B 01 CD A2
2026-02-05 10:39:03.077 DEBU [pymycobot.common] _write: FE FE 03 2B D3 10 
2026-02-05 10:39:03.100 DEBU [pymycobot.common] _read : FE FE 04 2B 01 CD A2
2026-02-05 10:39:03.424 DEBU [pymycobot.common] _write: FE FE 03 2B D3 10 
2026-02-05 10:39:03.450 DEBU [pymycobot.common] _read : FE FE 04 2B 01 CD A2
2026-02-05 10:39:03.771 DEBU [pymycobot.common] _write: FE FE 03 2B D3 10 
2026-02-05 10:39:03.798 DEBU [pymycobot.common] _read : FE FE 04 2B 01 CD A2
2026-02-05 10:39:04.118 DEBU [pymycobot.common] _write: FE FE 03 2B D3 10 
2026-02-05 10:39:04.142 DEBU [pymycobot.common] _read : FE FE 04 2B 01 CD A2
2026-02-05 10:39:04.466 DEBU [pymycobot.common] _write: FE FE 03 2B D3 10 
2026-02-05 10:39:04.488 DEBU [pymycobot.common] _read : FE FE 04 2B 01 CD A2
2026-02-05 10:39:04.815 DEBU [pymycobot.common] _write: FE FE 03 2B D3 10 
2026-02-05 10:39:04.840 DEBU [pymycobot.common] _read : FE FE 04 2B 01 CD A2
2026-02-05 10:39:05.163 DEBU [pymycobot.common] _write: FE FE 03 2B D3 10 
2026-02-05 10:39:05.186 DEBU [pymycobot.common] _read : FE FE 04 2B 01 CD A2
2026-02-05 10:39:05.513 DEBU [pymycobot.common] _write: FE FE 03 2B D3 10 
2026-02-05 10:39:05.538 DEBU [pymycobot.common] _read : FE FE 04 2B 01 CD A2
2026-02-05 10:39:05.863 DEBU [pymycobot.common] _write: FE FE 03 2B D3 10 
2026-02-05 10:39:05.885 DEBU [pymycobot.common] _read : FE FE 04 2B 01 CD A2
2026-02-05 10:39:06.213 DEBU [pymycobot.common] _write: FE FE 03 2B D3 10 
2026-02-05 10:39:06.235 DEBU [pymycobot.common] _read : FE FE 04 2B 01 CD A2
2026-02-05 10:39:06.561 DEBU [pymycobot.common] _write: FE FE 03 2B D3 10 
2026-02-05 10:39:06.585 DEBU [pymycobot.common] _read : FE FE 04 2B 01 CD A2
2026-02-05 10:39:06.909 DEBU [pymycobot.common] _write: FE FE 03 2B D3 10 
2026-02-05 10:39:06.932 DEBU [pymycobot.common] _read : FE FE 04 2B 01 CD A2
2026-02-05 10:39:07.258 DEBU [pymycobot.common] _write: FE FE 03 2B D3 10 
2026-02-05 10:39:07.281 DEBU [pymycobot.common] _read : FE FE 04 2B 01 CD A2
2026-02-05 10:39:07.606 DEBU [pymycobot.common] _write: FE FE 03 2B D3 10 
2026-02-05 10:39:07.630 DEBU [pymycobot.common] _read : FE FE 04 2B 01 CD A2
2026-02-05 10:39:07.953 DEBU [pymycobot.common] _write: FE FE 03 2B D3 10 
2026-02-05 10:39:07.983 DEBU [pymycobot.common] _read : FE FE 04 2B 01 CD A2
2026-02-05 10:39:08.304 DEBU [pymycobot.common] _write: FE FE 03 2B D3 10 
2026-02-05 10:39:08.327 DEBU [pymycobot.common] _read : FE FE 04 2B 01 CD A2
2026-02-05 10:39:08.653 DEBU [pymycobot.common] _write: FE FE 03 2B D3 10 
2026-02-05 10:39:08.675 DEBU [pymycobot.common] _read : FE FE 04 2B 01 CD A2
2026-02-05 10:39:09.000 DEBU [pymycobot.common] _write: FE FE 03 2B D3 10 
2026-02-05 10:39:09.024 DEBU [pymycobot.common] _read : FE FE 04 2B 01 CD A2
2026-02-05 10:39:09.349 DEBU [pymycobot.common] _write: FE FE 03 2B D3 10 
2026-02-05 10:39:09.371 DEBU [pymycobot.common] _read : FE FE 04 2B 01 CD A2
2026-02-05 10:39:09.700 DEBU [pymycobot.common] _write: FE FE 03 2B D3 10 
2026-02-05 10:39:09.723 DEBU [pymycobot.common] _read : FE FE 04 2B 01 CD A2
2026-02-05 10:39:10.048 DEBU [pymycobot.common] _write: FE FE 03 2B D3 10 
2026-02-05 10:39:10.071 DEBU [pymycobot.common] _read : FE FE 04 2B 01 CD A2
2026-02-05 10:39:10.397 DEBU [pymycobot.common] _write: FE FE 03 2B D3 10 
2026-02-05 10:39:10.419 DEBU [pymycobot.common] _read : FE FE 04 2B 01 CD A2
2026-02-05 10:39:10.746 DEBU [pymycobot.common] _write: FE FE 03 2B D3 10 
2026-02-05 10:39:10.765 DEBU [pymycobot.common] _read : FE FE 04 2B 01 CD A2
2026-02-05 10:39:11.080 DEBU [pymycobot.common] _write: FE FE 03 2B D3 10 
2026-02-05 10:39:11.103 DEBU [pymycobot.common] _read : FE FE 04 2B 01 CD A2
2026-02-05 10:39:11.428 DEBU [pymycobot.common] _write: FE FE 03 2B D3 10 
2026-02-05 10:39:11.451 DEBU [pymycobot.common] _read : FE FE 04 2B 01 CD A2
2026-02-05 10:39:11.778 DEBU [pymycobot.common] _write: FE FE 03 2B D3 10 
2026-02-05 10:39:11.800 DEBU [pymycobot.common] _read : FE FE 04 2B 01 CD A2
2026-02-05 10:39:12.128 DEBU [pymycobot.common] _write: FE FE 03 2B D3 10 
2026-02-05 10:39:12.152 DEBU [pymycobot.common] _read : FE FE 04 2B 01 CD A2
2026-02-05 10:39:12.478 DEBU [pymycobot.common] _write: FE FE 03 2B D3 10 
2026-02-05 10:39:12.504 DEBU [pymycobot.common] _read : FE FE 04 2B 01 CD A2
2026-02-05 10:39:12.830 DEBU [pymycobot.common] _write: FE FE 03 2B D3 10 
2026-02-05 10:39:12.855 DEBU [pymycobot.common] _read : FE FE 04 2B 01 CD A2
2026-02-05 10:39:13.179 DEBU [pymycobot.common] _write: FE FE 03 2B D3 10 
2026-02-05 10:39:13.202 DEBU [pymycobot.common] _read : FE FE 04 2B 01 CD A2
2026-02-05 10:39:13.528 DEBU [pymycobot.common] _write: FE FE 03 2B D3 10 
2026-02-05 10:39:13.550 DEBU [pymycobot.common] _read : FE FE 04 2B 01 CD A2
2026-02-05 10:39:13.875 DEBU [pymycobot.common] _write: FE FE 03 2B D3 10 
2026-02-05 10:39:13.900 DEBU [pymycobot.common] _read : FE FE 04 2B 01 CD A2
2026-02-05 10:39:14.225 DEBU [pymycobot.common] _write: FE FE 03 2B D3 10 
2026-02-05 10:39:14.245 DEBU [pymycobot.common] _read : FE FE 04 2B 01 CD A2
2026-02-05 10:39:14.562 DEBU [pymycobot.common] _write: FE FE 03 2B D3 10 
2026-02-05 10:39:14.584 DEBU [pymycobot.common] _read : FE FE 04 2B 01 CD A2
2026-02-05 10:39:14.897 DEBU [pymycobot.common] _write: FE FE 03 2B D3 10 
2026-02-05 10:39:14.921 DEBU [pymycobot.common] _read : FE FE 04 2B 01 CD A2
2026-02-05 10:39:15.244 DEBU [pymycobot.common] _write: FE FE 03 2B D3 10 
2026-02-05 10:39:15.271 DEBU [pymycobot.common] _read : FE FE 04 2B 01 CD A2
2026-02-05 10:39:15.595 DEBU [pymycobot.common] _write: FE FE 03 2B D3 10 
2026-02-05 10:39:15.616 DEBU [pymycobot.common] _read : FE FE 04 2B 01 CD A2
2026-02-05 10:39:15.928 DEBU [pymycobot.common] _write: FE FE 03 2B D3 10 
2026-02-05 10:39:15.952 DEBU [pymycobot.common] _read : FE FE 04 2B 01 CD A2
2026-02-05 10:39:16.274 DEBU [pymycobot.common] _write: FE FE 03 2B D3 10 
2026-02-05 10:39:16.294 DEBU [pymycobot.common] _read : FE FE 04 2B 01 CD A2
2026-02-05 10:39:16.623 DEBU [pymycobot.common] _write: FE FE 03 2B D3 10 
2026-02-05 10:39:16.649 DEBU [pymycobot.common] _read : FE FE 04 2B 01 CD A2
2026-02-05 10:39:16.973 DEBU [pymycobot.common] _write: FE FE 03 2B D3 10 
2026-02-05 10:39:16.998 DEBU [pymycobot.common] _read : FE FE 04 2B 01 CD A2
2026-02-05 10:39:17.324 DEBU [pymycobot.common] _write: FE FE 03 2B D3 10 
2026-02-05 10:39:17.347 DEBU [pymycobot.common] _read : FE FE 04 2B 01 CD A2
2026-02-05 10:39:17.673 DEBU [pymycobot.common] _write: FE FE 03 2B D3 10 
2026-02-05 10:39:17.700 DEBU [pymycobot.common] _read : FE FE 04 2B 01 CD A2
2026-02-05 10:39:18.025 DEBU [pymycobot.common] _write: FE FE 03 2B D3 10 
2026-02-05 10:39:18.047 DEBU [pymycobot.common] _read : FE FE 04 2B 01 CD A2
2026-02-05 10:39:18.372 DEBU [pymycobot.common] _write: FE FE 03 2B D3 10 
2026-02-05 10:39:18.393 DEBU [pymycobot.common] _read : FE FE 04 2B 01 CD A2
2026-02-05 10:39:18.721 DEBU [pymycobot.common] _write: FE FE 03 2B D3 10 
2026-02-05 10:39:18.743 DEBU [pymycobot.common] _read : FE FE 04 2B 01 CD A2
2026-02-05 10:39:19.073 DEBU [pymycobot.common] _write: FE FE 03 2B D3 10 
2026-02-05 10:39:19.096 DEBU [pymycobot.common] _read : FE FE 04 2B 01 CD A2
2026-02-05 10:39:19.423 DEBU [pymycobot.common] _write: FE FE 03 2B D3 10 
2026-02-05 10:39:19.445 DEBU [pymycobot.common] _read : FE FE 04 2B 01 CD A2
2026-02-05 10:39:19.770 DEBU [pymycobot.common] _write: FE FE 03 2B D3 10 
2026-02-05 10:39:19.795 DEBU [pymycobot.common] _read : FE FE 04 2B 01 CD A2
2026-02-05 10:39:20.118 DEBU [pymycobot.common] _write: FE FE 03 2B D3 10 
2026-02-05 10:39:20.141 DEBU [pymycobot.common] _read : FE FE 04 2B 01 CD A2
2026-02-05 10:39:20.160 DEBU [pymycobot.common] _read : FE FE 04 5B 00 CD 46
2026-02-05 10:39:29.458 DEBU [pymycobot.common] _write: FE FE 03 28 D2 50 
2026-02-05 10:39:29.494 DEBU [pymycobot.common] _read : FE FE 05 28 FF 01 E5 3C
2026-02-05 10:39:29.494 DEBU [pymycobot.common] _write: FE FE 03 71 E8 90 
2026-02-05 10:39:29.523 DEBU [pymycobot.common] _read : FE FE 05 71 FF 01 F6 EC
2026-02-05 10:39:30.585 DEBU [pymycobot.common] _write: FE FE 03 2B D3 10 
2026-02-05 10:39:30.606 DEBU [pymycobot.common] _read : FE FE 04 2B 01 CD A2
2026-02-05 10:39:31.676 DEBU [pymycobot.common] _write: FE FE 03 2B D3 10 
2026-02-05 10:39:31.699 DEBU [pymycobot.common] _read : FE FE 04 2B 01 CD A2
2026-02-05 10:39:32.774 DEBU [pymycobot.common] _write: FE FE 03 2B D3 10 
2026-02-05 10:39:32.794 DEBU [pymycobot.common] _read : FE FE 04 2B 01 CD A2
2026-02-05 10:39:33.854 DEBU [pymycobot.common] _write: FE FE 03 2B D3 10 
2026-02-05 10:39:33.877 DEBU [pymycobot.common] _read : FE FE 04 2B 01 CD A2
2026-02-05 10:39:34.949 DEBU [pymycobot.common] _write: FE FE 03 2B D3 10 
2026-02-05 10:39:34.971 DEBU [pymycobot.common] _read : FE FE 04 2B 01 CD A2
2026-02-05 10:39:36.040 DEBU [pymycobot.common] _write: FE FE 03 2B D3 10 
2026-02-05 10:39:36.064 DEBU [pymycobot.common] _read : FE FE 04 2B 01 CD A2
2026-02-05 10:39:37.136 DEBU [pymycobot.common] _write: FE FE 03 2B D3 10 
2026-02-05 10:39:37.159 DEBU [pymycobot.common] _read : FE FE 04 2B 01 CD A2
2026-02-05 10:39:38.227 DEBU [pymycobot.common] _write: FE FE 03 2B D3 10 
2026-02-05 10:39:38.253 DEBU [pymycobot.common] _read : FE FE 04 2B 01 CD A2
2026-02-05 10:39:39.320 DEBU [pymycobot.common] _write: FE FE 03 2B D3 10 
2026-02-05 10:39:39.343 DEBU [pymycobot.common] _read : FE FE 04 2B 01 CD A2
2026-02-05 10:39:40.415 DEBU [pymycobot.common] _write: FE FE 03 2B D3 10 
2026-02-05 10:39:40.436 DEBU [pymycobot.common] _read : FE FE 04 2B 01 CD A2
2026-02-05 10:39:41.509 DEBU [pymycobot.common] _write: FE FE 03 2B D3 10 
2026-02-05 10:39:41.535 DEBU [pymycobot.common] _read : FE FE 04 2B 01 CD A2
2026-02-05 10:39:42.600 DEBU [pymycobot.common] _write: FE FE 03 2B D3 10 
2026-02-05 10:39:42.626 DEBU [pymycobot.common] _read : FE FE 04 2B 01 CD A2
2026-02-05 10:39:43.690 DEBU [pymycobot.common] _write: FE FE 03 2B D3 10 
2026-02-05 10:39:43.716 DEBU [pymycobot.common] _read : FE FE 04 2B 01 CD A2
2026-02-05 10:39:44.786 DEBU [pymycobot.common] _write: FE FE 03 2B D3 10 
2026-02-05 10:39:44.812 DEBU [pymycobot.common] _read : FE FE 04 2B 01 CD A2
2026-02-05 10:39:45.881 DEBU [pymycobot.common] _write: FE FE 03 2B D3 10 
2026-02-05 10:39:45.906 DEBU [pymycobot.common] _read : FE FE 04 2B 01 CD A2
2026-02-05 10:39:46.971 DEBU [pymycobot.common] _write: FE FE 03 2B D3 10 
2026-02-05 10:39:46.992 DEBU [pymycobot.common] _read : FE FE 04 2B 01 CD A2
2026-02-05 10:39:48.049 DEBU [pymycobot.common] _write: FE FE 03 2B D3 10 
2026-02-05 10:39:48.068 DEBU [pymycobot.common] _read : FE FE 04 2B 01 CD A2
2026-02-05 10:39:49.131 DEBU [pymycobot.common] _write: FE FE 03 2B D3 10 
2026-02-05 10:39:49.153 DEBU [pymycobot.common] _read : FE FE 04 2B 01 CD A2
2026-02-05 10:39:50.209 DEBU [pymycobot.common] _write: FE FE 03 2B D3 10 
2026-02-05 10:39:50.237 DEBU [pymycobot.common] _read : FE FE 04 2B 01 CD A2
2026-02-05 10:39:51.303 DEBU [pymycobot.common] _write: FE FE 03 2B D3 10 
2026-02-05 10:39:51.327 DEBU [pymycobot.common] _read : FE FE 04 2B 01 CD A2
2026-02-05 10:39:52.395 DEBU [pymycobot.common] _write: FE FE 03 2B D3 10 
2026-02-05 10:39:52.419 DEBU [pymycobot.common] _read : FE FE 04 2B 01 CD A2
2026-02-05 10:39:53.488 DEBU [pymycobot.common] _write: FE FE 03 2B D3 10 
2026-02-05 10:39:53.512 DEBU [pymycobot.common] _read : FE FE 04 2B 01 CD A2
2026-02-05 10:39:54.582 DEBU [pymycobot.common] _write: FE FE 03 2B D3 10 
2026-02-05 10:39:54.606 DEBU [pymycobot.common] _read : FE FE 04 2B 01 CD A2
2026-02-05 10:39:55.672 DEBU [pymycobot.common] _write: FE FE 03 2B D3 10 
2026-02-05 10:39:55.696 DEBU [pymycobot.common] _read : FE FE 04 2B 01 CD A2
2026-02-05 10:39:56.768 DEBU [pymycobot.common] _write: FE FE 03 2B D3 10 
2026-02-05 10:39:56.790 DEBU [pymycobot.common] _read : FE FE 04 2B 01 CD A2
2026-02-05 10:39:57.859 DEBU [pymycobot.common] _write: FE FE 03 2B D3 10 
2026-02-05 10:39:57.883 DEBU [pymycobot.common] _read : FE FE 04 2B 01 CD A2
2026-02-05 10:39:58.957 DEBU [pymycobot.common] _write: FE FE 03 2B D3 10 
2026-02-05 10:39:58.980 DEBU [pymycobot.common] _read : FE FE 04 2B 01 CD A2
2026-02-05 10:40:00.051 DEBU [pymycobot.common] _write: FE FE 03 2B D3 10 
2026-02-05 10:40:00.076 DEBU [pymycobot.common] _read : FE FE 04 2B 01 CD A2
2026-02-05 10:40:00.623 DEBU [pymycobot.common] _read : FE FE 04 5B 00 CD 46
2026-02-05 10:40:03.572 DEBU [pymycobot.common] _write: FE FE 03 28 D2 50 
2026-02-05 10:40:03.606 DEBU [pymycobot.common] _read : FE FE 05 28 FF 01 E5 3C
2026-02-05 10:40:03.606 DEBU [pymycobot.common] _write: FE FE 03 71 E8 90 
2026-02-05 10:40:03.643 DEBU [pymycobot.common] _read : FE FE 05 71 FF 01 F6 EC
2026-02-05 10:40:04.712 DEBU [pymycobot.common] _write: FE FE 03 2B D3 10 
2026-02-05 10:40:04.736 DEBU [pymycobot.common] _read : FE FE 04 2B 01 CD A2
2026-02-05 10:40:05.806 DEBU [pymycobot.common] _write: FE FE 03 2B D3 10 
2026-02-05 10:40:05.829 DEBU [pymycobot.common] _read : FE FE 04 2B 01 CD A2
2026-02-05 10:40:06.896 DEBU [pymycobot.common] _write: FE FE 03 2B D3 10 
2026-02-05 10:40:06.919 DEBU [pymycobot.common] _read : FE FE 04 2B 01 CD A2
2026-02-05 10:40:07.994 DEBU [pymycobot.common] _write: FE FE 03 2B D3 10 
2026-02-05 10:40:08.017 DEBU [pymycobot.common] _read : FE FE 04 2B 01 CD A2
2026-02-05 10:40:09.084 DEBU [pymycobot.common] _write: FE FE 03 2B D3 10 
2026-02-05 10:40:09.107 DEBU [pymycobot.common] _read : FE FE 04 2B 01 CD A2
2026-02-05 10:40:10.178 DEBU [pymycobot.common] _write: FE FE 03 2B D3 10 
2026-02-05 10:40:10.206 DEBU [pymycobot.common] _read : FE FE 04 2B 01 CD A2
2026-02-05 10:40:11.270 DEBU [pymycobot.common] _write: FE FE 03 2B D3 10 
2026-02-05 10:40:11.293 DEBU [pymycobot.common] _read : FE FE 04 2B 01 CD A2
2026-02-05 10:40:12.364 DEBU [pymycobot.common] _write: FE FE 03 2B D3 10 
2026-02-05 10:40:12.386 DEBU [pymycobot.common] _read : FE FE 04 2B 01 CD A2
2026-02-05 10:40:13.459 DEBU [pymycobot.common] _write: FE FE 03 2B D3 10 
2026-02-05 10:40:13.484 DEBU [pymycobot.common] _read : FE FE 04 2B 01 CD A2
2026-02-05 10:40:14.550 DEBU [pymycobot.common] _write: FE FE 03 2B D3 10 
2026-02-05 10:40:14.574 DEBU [pymycobot.common] _read : FE FE 04 2B 01 CD A2
2026-02-05 10:40:15.645 DEBU [pymycobot.common] _write: FE FE 03 2B D3 10 
2026-02-05 10:40:15.663 DEBU [pymycobot.common] _read : FE FE 04 2B 01 CD A2
2026-02-05 10:40:16.720 DEBU [pymycobot.common] _write: FE FE 03 2B D3 10 
2026-02-05 10:40:16.741 DEBU [pymycobot.common] _read : FE FE 04 2B 01 CD A2
2026-02-05 10:40:17.804 DEBU [pymycobot.common] _write: FE FE 03 2B D3 10 
2026-02-05 10:40:17.830 DEBU [pymycobot.common] _read : FE FE 04 2B 01 CD A2
2026-02-05 10:40:18.896 DEBU [pymycobot.common] _write: FE FE 03 2B D3 10 
2026-02-05 10:40:18.921 DEBU [pymycobot.common] _read : FE FE 04 2B 01 CD A2
2026-02-05 10:40:19.991 DEBU [pymycobot.common] _write: FE FE 03 2B D3 10 
2026-02-05 10:40:20.016 DEBU [pymycobot.common] _read : FE FE 04 2B 01 CD A2
2026-02-05 10:40:21.086 DEBU [pymycobot.common] _write: FE FE 03 2B D3 10 
2026-02-05 10:40:21.108 DEBU [pymycobot.common] _read : FE FE 04 2B 01 CD A2
2026-02-05 10:40:22.177 DEBU [pymycobot.common] _write: FE FE 03 2B D3 10 
2026-02-05 10:40:22.199 DEBU [pymycobot.common] _read : FE FE 04 2B 01 CD A2
2026-02-05 10:40:23.273 DEBU [pymycobot.common] _write: FE FE 03 2B D3 10 
2026-02-05 10:40:23.292 DEBU [pymycobot.common] _read : FE FE 04 2B 01 CD A2
2026-02-05 10:40:24.349 DEBU [pymycobot.common] _write: FE FE 03 2B D3 10 
2026-02-05 10:40:24.373 DEBU [pymycobot.common] _read : FE FE 04 2B 01 CD A2
2026-02-05 10:40:25.444 DEBU [pymycobot.common] _write: FE FE 03 2B D3 10 
2026-02-05 10:40:25.472 DEBU [pymycobot.common] _read : FE FE 04 2B 01 CD A2
2026-02-05 10:40:26.534 DEBU [pymycobot.common] _write: FE FE 03 2B D3 10 
2026-02-05 10:40:26.553 DEBU [pymycobot.common] _read : FE FE 04 2B 01 CD A2
2026-02-05 10:40:27.612 DEBU [pymycobot.common] _write: FE FE 03 2B D3 10 
2026-02-05 10:40:27.638 DEBU [pymycobot.common] _read : FE FE 04 2B 01 CD A2
2026-02-05 10:40:28.706 DEBU [pymycobot.common] _write: FE FE 03 2B D3 10 
2026-02-05 10:40:28.730 DEBU [pymycobot.common] _read : FE FE 04 2B 01 CD A2
2026-02-05 10:40:29.801 DEBU [pymycobot.common] _write: FE FE 03 2B D3 10 
2026-02-05 10:40:29.829 DEBU [pymycobot.common] _read : FE FE 04 2B 01 CD A2
2026-02-05 10:40:30.894 DEBU [pymycobot.common] _write: FE FE 03 2B D3 10 
2026-02-05 10:40:30.915 DEBU [pymycobot.common] _read : FE FE 04 2B 01 CD A2
2026-02-05 10:40:31.987 DEBU [pymycobot.common] _write: FE FE 03 2B D3 10 
2026-02-05 10:40:32.012 DEBU [pymycobot.common] _read : FE FE 04 2B 01 CD A2
2026-02-05 10:40:33.080 DEBU [pymycobot.common] _write: FE FE 03 2B D3 10 
2026-02-05 10:40:33.105 DEBU [pymycobot.common] _read : FE FE 04 2B 01 CD A2
2026-02-05 10:40:34.176 DEBU [pymycobot.common] _write: FE FE 03 2B D3 10 
2026-02-05 10:40:34.200 DEBU [pymycobot.common] _read : FE FE 04 2B 01 CD A2
2026-02-05 10:40:34.733 DEBU [pymycobot.common] _read : FE FE 04 5B 00 CD 46
2026-02-05 10:40:39.921 DEBU [pymycobot.common] _write: FE FE 03 28 D2 50 
2026-02-05 10:40:39.954 DEBU [pymycobot.common] _read : FE FE 05 28 FF 01 E5 3C
2026-02-05 10:40:39.955 DEBU [pymycobot.common] _write: FE FE 03 71 E8 90 
2026-02-05 10:40:39.992 DEBU [pymycobot.common] _read : FE FE 05 71 FF 01 F6 EC
2026-02-05 10:40:41.051 DEBU [pymycobot.common] _write: FE FE 03 2B D3 10 
2026-02-05 10:40:41.071 DEBU [pymycobot.common] _read : FE FE 04 2B 01 CD A2
2026-02-05 10:40:42.124 DEBU [pymycobot.common] _write: FE FE 03 2B D3 10 
2026-02-05 10:40:42.145 DEBU [pymycobot.common] _read : FE FE 04 2B 01 CD A2
2026-02-05 10:40:43.217 DEBU [pymycobot.common] _write: FE FE 03 2B D3 10 
2026-02-05 10:40:43.239 DEBU [pymycobot.common] _read : FE FE 04 2B 01 CD A2
2026-02-05 10:40:44.310 DEBU [pymycobot.common] _write: FE FE 03 2B D3 10 
2026-02-05 10:40:44.333 DEBU [pymycobot.common] _read : FE FE 04 2B 01 CD A2
2026-02-05 10:40:45.401 DEBU [pymycobot.common] _write: FE FE 03 2B D3 10 
2026-02-05 10:40:45.424 DEBU [pymycobot.common] _read : FE FE 04 2B 01 CD A2
2026-02-05 10:40:46.492 DEBU [pymycobot.common] _write: FE FE 03 2B D3 10 
2026-02-05 10:40:46.517 DEBU [pymycobot.common] _read : FE FE 04 2B 01 CD A2
2026-02-05 10:40:47.582 DEBU [pymycobot.common] _write: FE FE 03 2B D3 10 
2026-02-05 10:40:47.605 DEBU [pymycobot.common] _read : FE FE 04 2B 01 CD A2
2026-02-05 10:40:48.673 DEBU [pymycobot.common] _write: FE FE 03 2B D3 10 
2026-02-05 10:40:48.694 DEBU [pymycobot.common] _read : FE FE 04 2B 01 CD A2
2026-02-05 10:40:49.755 DEBU [pymycobot.common] _write: FE FE 03 2B D3 10 
2026-02-05 10:40:49.778 DEBU [pymycobot.common] _read : FE FE 04 2B 01 CD A2
2026-02-05 10:40:50.850 DEBU [pymycobot.common] _write: FE FE 03 2B D3 10 
2026-02-05 10:40:50.871 DEBU [pymycobot.common] _read : FE FE 04 2B 01 CD A2
2026-02-05 10:40:51.941 DEBU [pymycobot.common] _write: FE FE 03 2B D3 10 
2026-02-05 10:40:51.965 DEBU [pymycobot.common] _read : FE FE 04 2B 01 CD A2
2026-02-05 10:40:53.041 DEBU [pymycobot.common] _write: FE FE 03 2B D3 10 
2026-02-05 10:40:53.066 DEBU [pymycobot.common] _read : FE FE 04 2B 01 CD A2
2026-02-05 10:40:54.133 DEBU [pymycobot.common] _write: FE FE 03 2B D3 10 
2026-02-05 10:40:54.155 DEBU [pymycobot.common] _read : FE FE 04 2B 01 CD A2
2026-02-05 10:40:55.225 DEBU [pymycobot.common] _write: FE FE 03 2B D3 10 
2026-02-05 10:40:55.248 DEBU [pymycobot.common] _read : FE FE 04 2B 01 CD A2
2026-02-05 10:40:56.318 DEBU [pymycobot.common] _write: FE FE 03 2B D3 10 
2026-02-05 10:40:56.337 DEBU [pymycobot.common] _read : FE FE 04 2B 01 CD A2
2026-02-05 10:40:57.397 DEBU [pymycobot.common] _write: FE FE 03 2B D3 10 
2026-02-05 10:40:57.422 DEBU [pymycobot.common] _read : FE FE 04 2B 01 CD A2
2026-02-05 10:40:58.488 DEBU [pymycobot.common] _write: FE FE 03 2B D3 10 
2026-02-05 10:40:58.508 DEBU [pymycobot.common] _read : FE FE 04 2B 01 CD A2
2026-02-05 10:40:59.586 DEBU [pymycobot.common] _write: FE FE 03 2B D3 10 
2026-02-05 10:40:59.608 DEBU [pymycobot.common] _read : FE FE 04 2B 01 CD A2
2026-02-05 10:41:00.679 DEBU [pymycobot.common] _write: FE FE 03 2B D3 10 
2026-02-05 10:41:00.703 DEBU [pymycobot.common] _read : FE FE 04 2B 01 CD A2
2026-02-05 10:41:01.770 DEBU [pymycobot.common] _write: FE FE 03 2B D3 10 
2026-02-05 10:41:01.793 DEBU [pymycobot.common] _read : FE FE 04 2B 01 CD A2
2026-02-05 10:41:02.862 DEBU [pymycobot.common] _write: FE FE 03 2B D3 10 
2026-02-05 10:41:02.887 DEBU [pymycobot.common] _read : FE FE 04 2B 01 CD A2
2026-02-05 10:41:03.954 DEBU [pymycobot.common] _write: FE FE 03 2B D3 10 
2026-02-05 10:41:03.979 DEBU [pymycobot.common] _read : FE FE 04 2B 01 CD A2
2026-02-05 10:41:05.047 DEBU [pymycobot.common] _write: FE FE 03 2B D3 10 
2026-02-05 10:41:05.073 DEBU [pymycobot.common] _read : FE FE 04 2B 01 CD A2
2026-02-05 10:41:06.138 DEBU [pymycobot.common] _write: FE FE 03 2B D3 10 
2026-02-05 10:41:06.164 DEBU [pymycobot.common] _read : FE FE 04 2B 01 CD A2
2026-02-05 10:41:07.231 DEBU [pymycobot.common] _write: FE FE 03 2B D3 10 
2026-02-05 10:41:07.250 DEBU [pymycobot.common] _read : FE FE 04 2B 01 CD A2
2026-02-05 10:41:08.306 DEBU [pymycobot.common] _write: FE FE 03 2B D3 10 
2026-02-05 10:41:08.326 DEBU [pymycobot.common] _read : FE FE 04 2B 01 CD A2
2026-02-05 10:41:09.387 DEBU [pymycobot.common] _write: FE FE 03 2B D3 10 
2026-02-05 10:41:09.409 DEBU [pymycobot.common] _read : FE FE 04 2B 01 CD A2
2026-02-05 10:41:10.482 DEBU [pymycobot.common] _write: FE FE 03 2B D3 10 
2026-02-05 10:41:10.501 DEBU [pymycobot.common] _read : FE FE 04 2B 01 CD A2
2026-02-05 10:41:11.094 DEBU [pymycobot.common] _read : FE FE 04 5B 00 CD 46
2026-02-05 10:56:03.749 DEBU [pymycobot.common] _write: FE FE 03 28 D2 50 
2026-02-05 10:56:03.785 DEBU [pymycobot.common] _read : FE FE 05 28 FF 01 E5 3C
2026-02-05 10:56:06.785 DEBU [pymycobot.common] _write: FE FE 04 1E 01 9D B5 
2026-02-05 10:56:09.248 DEBU [pymycobot.common] _read : FE FE 05 1E FF 01 EB DC
2026-02-05 10:56:09.249 DEBU [pymycobot.common] _write: FE FE 03 70 28 51 
2026-02-05 10:56:09.273 DEBU [pymycobot.common] _read : FE FE 05 70 FF 01 36 BD
2026-02-05 10:56:39.276 DEBU [pymycobot.common] _write: FE FE 03 72 E9 D0 
2026-02-05 10:56:39.489 DEBU [pymycobot.common] _write: FE FE 04 1E 00 5D 74 
2026-02-05 10:56:42.572 DEBU [pymycobot.common] _write: FE FE 03 71 E8 90 
2026-02-05 10:56:43.634 DEBU [pymycobot.common] _write: FE FE 03 2B D3 10 
2026-02-05 10:56:44.073 DEBU [pymycobot.common] _read : FE FE 05 72 FF 01 F6 1C
2026-02-05 10:56:44.096 DEBU [pymycobot.common] _read : FE FE 05 1E FF 01 EB DC
2026-02-05 10:56:44.107 DEBU [pymycobot.common] _read : FE FE 05 71 FF 01 F6 EC
2026-02-05 10:56:44.126 DEBU [pymycobot.common] _read : FE FE 04 2B 00 0D 63
2026-02-05 10:56:44.662 DEBU [pymycobot.common] _write: FE FE 03 2B D3 10 
2026-02-05 10:56:44.688 DEBU [pymycobot.common] _read : FE FE 04 2B 01 CD A2
2026-02-05 10:56:45.010 DEBU [pymycobot.common] _write: FE FE 03 2B D3 10 
2026-02-05 10:56:45.034 DEBU [pymycobot.common] _read : FE FE 04 2B 01 CD A2
2026-02-05 10:56:45.361 DEBU [pymycobot.common] _write: FE FE 03 2B D3 10 
2026-02-05 10:56:45.387 DEBU [pymycobot.common] _read : FE FE 04 2B 01 CD A2
2026-02-05 10:56:45.709 DEBU [pymycobot.common] _write: FE FE 03 2B D3 10 
2026-02-05 10:56:45.732 DEBU [pymycobot.common] _read : FE FE 04 2B 01 CD A2
2026-02-05 10:56:46.057 DEBU [pymycobot.common] _write: FE FE 03 2B D3 10 
2026-02-05 10:56:46.079 DEBU [pymycobot.common] _read : FE FE 04 2B 01 CD A2
2026-02-05 10:56:46.406 DEBU [pymycobot.common] _write: FE FE 03 2B D3 10 
2026-02-05 10:56:46.424 DEBU [pymycobot.common] _read : FE FE 04 2B 01 CD A2
2026-02-05 10:56:46.740 DEBU [pymycobot.common] _write: FE FE 03 2B D3 10 
2026-02-05 10:56:46.762 DEBU [pymycobot.common] _read : FE FE 04 2B 01 CD A2
2026-02-05 10:56:47.090 DEBU [pymycobot.common] _write: FE FE 03 2B D3 10 
2026-02-05 10:56:47.115 DEBU [pymycobot.common] _read : FE FE 04 2B 01 CD A2
2026-02-05 10:56:47.439 DEBU [pymycobot.common] _write: FE FE 03 2B D3 10 
2026-02-05 10:56:47.459 DEBU [pymycobot.common] _read : FE FE 04 2B 01 CD A2
2026-02-05 10:56:47.773 DEBU [pymycobot.common] _write: FE FE 03 2B D3 10 
2026-02-05 10:56:47.800 DEBU [pymycobot.common] _read : FE FE 04 2B 01 CD A2
2026-02-05 10:56:48.124 DEBU [pymycobot.common] _write: FE FE 03 2B D3 10 
2026-02-05 10:56:48.151 DEBU [pymycobot.common] _read : FE FE 04 2B 01 CD A2
2026-02-05 10:56:48.476 DEBU [pymycobot.common] _write: FE FE 03 2B D3 10 
2026-02-05 10:56:48.497 DEBU [pymycobot.common] _read : FE FE 04 2B 01 CD A2
2026-02-05 10:56:48.824 DEBU [pymycobot.common] _write: FE FE 03 2B D3 10 
2026-02-05 10:56:48.848 DEBU [pymycobot.common] _read : FE FE 04 2B 01 CD A2
2026-02-05 10:56:49.173 DEBU [pymycobot.common] _write: FE FE 03 2B D3 10 
2026-02-05 10:56:49.195 DEBU [pymycobot.common] _read : FE FE 04 2B 01 CD A2
2026-02-05 10:56:49.523 DEBU [pymycobot.common] _write: FE FE 03 2B D3 10 
2026-02-05 10:56:49.550 DEBU [pymycobot.common] _read : FE FE 04 2B 01 CD A2
2026-02-05 10:56:49.871 DEBU [pymycobot.common] _write: FE FE 03 2B D3 10 
2026-02-05 10:56:49.894 DEBU [pymycobot.common] _read : FE FE 04 2B 01 CD A2
2026-02-05 10:56:50.223 DEBU [pymycobot.common] _write: FE FE 03 2B D3 10 
2026-02-05 10:56:50.244 DEBU [pymycobot.common] _read : FE FE 04 2B 01 CD A2
2026-02-05 10:56:50.559 DEBU [pymycobot.common] _write: FE FE 03 2B D3 10 
2026-02-05 10:56:50.583 DEBU [pymycobot.common] _read : FE FE 04 2B 01 CD A2
2026-02-05 10:56:50.910 DEBU [pymycobot.common] _write: FE FE 03 2B D3 10 
2026-02-05 10:56:50.932 DEBU [pymycobot.common] _read : FE FE 04 2B 01 CD A2
2026-02-05 10:56:51.260 DEBU [pymycobot.common] _write: FE FE 03 2B D3 10 
2026-02-05 10:56:51.280 DEBU [pymycobot.common] _read : FE FE 04 2B 01 CD A2
2026-02-05 10:56:51.598 DEBU [pymycobot.common] _write: FE FE 03 2B D3 10 
2026-02-05 10:56:51.622 DEBU [pymycobot.common] _read : FE FE 04 2B 01 CD A2
2026-02-05 10:56:51.946 DEBU [pymycobot.common] _write: FE FE 03 2B D3 10 
2026-02-05 10:56:51.967 DEBU [pymycobot.common] _read : FE FE 04 2B 01 CD A2
2026-02-05 10:56:52.294 DEBU [pymycobot.common] _write: FE FE 03 2B D3 10 
2026-02-05 10:56:52.316 DEBU [pymycobot.common] _read : FE FE 04 2B 01 CD A2
2026-02-05 10:56:52.630 DEBU [pymycobot.common] _write: FE FE 03 2B D3 10 
2026-02-05 10:56:52.652 DEBU [pymycobot.common] _read : FE FE 04 2B 01 CD A2
2026-02-05 10:56:52.980 DEBU [pymycobot.common] _write: FE FE 03 2B D3 10 
2026-02-05 10:56:53.002 DEBU [pymycobot.common] _read : FE FE 04 2B 01 CD A2
2026-02-05 10:56:53.332 DEBU [pymycobot.common] _write: FE FE 03 2B D3 10 
2026-02-05 10:56:53.357 DEBU [pymycobot.common] _read : FE FE 04 2B 01 CD A2
2026-02-05 10:56:53.683 DEBU [pymycobot.common] _write: FE FE 03 2B D3 10 
2026-02-05 10:56:53.709 DEBU [pymycobot.common] _read : FE FE 04 2B 01 CD A2
2026-02-05 10:56:54.031 DEBU [pymycobot.common] _write: FE FE 03 2B D3 10 
2026-02-05 10:56:54.055 DEBU [pymycobot.common] _read : FE FE 04 2B 01 CD A2
2026-02-05 10:56:54.378 DEBU [pymycobot.common] _write: FE FE 03 2B D3 10 
2026-02-05 10:56:54.401 DEBU [pymycobot.common] _read : FE FE 04 2B 01 CD A2
2026-02-05 10:56:54.725 DEBU [pymycobot.common] _write: FE FE 03 2B D3 10 
2026-02-05 10:56:54.747 DEBU [pymycobot.common] _read : FE FE 04 2B 01 CD A2
2026-02-05 10:56:55.076 DEBU [pymycobot.common] _write: FE FE 03 2B D3 10 
2026-02-05 10:56:55.098 DEBU [pymycobot.common] _read : FE FE 04 2B 01 CD A2
2026-02-05 10:56:55.425 DEBU [pymycobot.common] _write: FE FE 03 2B D3 10 
2026-02-05 10:56:55.449 DEBU [pymycobot.common] _read : FE FE 04 2B 01 CD A2
2026-02-05 10:56:55.774 DEBU [pymycobot.common] _write: FE FE 03 2B D3 10 
2026-02-05 10:56:55.796 DEBU [pymycobot.common] _read : FE FE 04 2B 01 CD A2
2026-02-05 10:56:56.124 DEBU [pymycobot.common] _write: FE FE 03 2B D3 10 
2026-02-05 10:56:56.150 DEBU [pymycobot.common] _read : FE FE 04 2B 01 CD A2
2026-02-05 10:56:56.472 DEBU [pymycobot.common] _write: FE FE 03 2B D3 10 
2026-02-05 10:56:56.496 DEBU [pymycobot.common] _read : FE FE 04 2B 01 CD A2
2026-02-05 10:56:56.822 DEBU [pymycobot.common] _write: FE FE 03 2B D3 10 
2026-02-05 10:56:56.845 DEBU [pymycobot.common] _read : FE FE 04 2B 01 CD A2
2026-02-05 10:56:57.172 DEBU [pymycobot.common] _write: FE FE 03 2B D3 10 
2026-02-05 10:56:57.195 DEBU [pymycobot.common] _read : FE FE 04 2B 01 CD A2
2026-02-05 10:56:57.522 DEBU [pymycobot.common] _write: FE FE 03 2B D3 10 
2026-02-05 10:56:57.550 DEBU [pymycobot.common] _read : FE FE 04 2B 01 CD A2
2026-02-05 10:56:57.870 DEBU [pymycobot.common] _write: FE FE 03 2B D3 10 
2026-02-05 10:56:57.895 DEBU [pymycobot.common] _read : FE FE 04 2B 01 CD A2
2026-02-05 10:56:58.218 DEBU [pymycobot.common] _write: FE FE 03 2B D3 10 
2026-02-05 10:56:58.239 DEBU [pymycobot.common] _read : FE FE 04 2B 01 CD A2
2026-02-05 10:56:58.567 DEBU [pymycobot.common] _write: FE FE 03 2B D3 10 
2026-02-05 10:56:58.587 DEBU [pymycobot.common] _read : FE FE 04 2B 01 CD A2
2026-02-05 10:56:58.900 DEBU [pymycobot.common] _write: FE FE 03 2B D3 10 
2026-02-05 10:56:58.920 DEBU [pymycobot.common] _read : FE FE 04 2B 01 CD A2
2026-02-05 10:56:59.234 DEBU [pymycobot.common] _write: FE FE 03 2B D3 10 
2026-02-05 10:56:59.257 DEBU [pymycobot.common] _read : FE FE 04 2B 01 CD A2
2026-02-05 10:56:59.583 DEBU [pymycobot.common] _write: FE FE 03 2B D3 10 
2026-02-05 10:56:59.605 DEBU [pymycobot.common] _read : FE FE 04 2B 01 CD A2
2026-02-05 10:56:59.932 DEBU [pymycobot.common] _write: FE FE 03 2B D3 10 
2026-02-05 10:56:59.959 DEBU [pymycobot.common] _read : FE FE 04 2B 01 CD A2
2026-02-05 10:57:00.279 DEBU [pymycobot.common] _write: FE FE 03 2B D3 10 
2026-02-05 10:57:00.297 DEBU [pymycobot.common] _read : FE FE 04 2B 01 CD A2
2026-02-05 10:57:00.615 DEBU [pymycobot.common] _write: FE FE 03 2B D3 10 
2026-02-05 10:57:00.639 DEBU [pymycobot.common] _read : FE FE 04 2B 01 CD A2
2026-02-05 10:57:00.963 DEBU [pymycobot.common] _write: FE FE 03 2B D3 10 
2026-02-05 10:57:00.986 DEBU [pymycobot.common] _read : FE FE 04 2B 01 CD A2
2026-02-05 10:57:01.312 DEBU [pymycobot.common] _write: FE FE 03 2B D3 10 
2026-02-05 10:57:01.335 DEBU [pymycobot.common] _read : FE FE 04 2B 01 CD A2
2026-02-05 10:57:01.661 DEBU [pymycobot.common] _write: FE FE 03 2B D3 10 
2026-02-05 10:57:01.684 DEBU [pymycobot.common] _read : FE FE 04 2B 01 CD A2
2026-02-05 10:57:02.009 DEBU [pymycobot.common] _write: FE FE 03 2B D3 10 
2026-02-05 10:57:02.030 DEBU [pymycobot.common] _read : FE FE 04 2B 01 CD A2
2026-02-05 10:57:02.358 DEBU [pymycobot.common] _write: FE FE 03 2B D3 10 
2026-02-05 10:57:02.382 DEBU [pymycobot.common] _read : FE FE 04 2B 01 CD A2
2026-02-05 10:57:02.704 DEBU [pymycobot.common] _write: FE FE 03 2B D3 10 
2026-02-05 10:57:02.727 DEBU [pymycobot.common] _read : FE FE 04 2B 01 CD A2
2026-02-05 10:57:03.052 DEBU [pymycobot.common] _write: FE FE 03 2B D3 10 
2026-02-05 10:57:03.073 DEBU [pymycobot.common] _read : FE FE 04 2B 01 CD A2
2026-02-05 10:57:03.389 DEBU [pymycobot.common] _write: FE FE 03 2B D3 10 
2026-02-05 10:57:03.409 DEBU [pymycobot.common] _read : FE FE 04 2B 01 CD A2
2026-02-05 10:57:03.725 DEBU [pymycobot.common] _write: FE FE 03 2B D3 10 
2026-02-05 10:57:03.747 DEBU [pymycobot.common] _read : FE FE 04 2B 01 CD A2
2026-02-05 10:57:04.072 DEBU [pymycobot.common] _write: FE FE 03 2B D3 10 
2026-02-05 10:57:04.097 DEBU [pymycobot.common] _read : FE FE 04 2B 01 CD A2
2026-02-05 10:57:04.421 DEBU [pymycobot.common] _write: FE FE 03 2B D3 10 
2026-02-05 10:57:04.444 DEBU [pymycobot.common] _read : FE FE 04 2B 01 CD A2
2026-02-05 10:57:04.769 DEBU [pymycobot.common] _write: FE FE 03 2B D3 10 
2026-02-05 10:57:04.794 DEBU [pymycobot.common] _read : FE FE 04 2B 01 CD A2
2026-02-05 10:57:05.116 DEBU [pymycobot.common] _write: FE FE 03 2B D3 10 
2026-02-05 10:57:05.139 DEBU [pymycobot.common] _read : FE FE 04 2B 01 CD A2
2026-02-05 10:57:05.463 DEBU [pymycobot.common] _write: FE FE 03 2B D3 10 
2026-02-05 10:57:05.485 DEBU [pymycobot.common] _read : FE FE 04 2B 01 CD A2
2026-02-05 10:57:05.812 DEBU [pymycobot.common] _write: FE FE 03 2B D3 10 
2026-02-05 10:57:05.832 DEBU [pymycobot.common] _read : FE FE 04 2B 01 CD A2
2026-02-05 10:57:06.162 DEBU [pymycobot.common] _write: FE FE 03 2B D3 10 
2026-02-05 10:57:06.187 DEBU [pymycobot.common] _read : FE FE 04 2B 01 CD A2
2026-02-05 10:57:06.510 DEBU [pymycobot.common] _write: FE FE 03 2B D3 10 
2026-02-05 10:57:06.533 DEBU [pymycobot.common] _read : FE FE 04 2B 01 CD A2
2026-02-05 10:57:06.862 DEBU [pymycobot.common] _write: FE FE 03 2B D3 10 
2026-02-05 10:57:06.885 DEBU [pymycobot.common] _read : FE FE 04 2B 01 CD A2
2026-02-05 10:57:07.211 DEBU [pymycobot.common] _write: FE FE 03 2B D3 10 
2026-02-05 10:57:07.232 DEBU [pymycobot.common] _read : FE FE 04 2B 01 CD A2
2026-02-05 10:57:07.548 DEBU [pymycobot.common] _write: FE FE 03 2B D3 10 
2026-02-05 10:57:07.568 DEBU [pymycobot.common] _read : FE FE 04 2B 01 CD A2
2026-02-05 10:57:07.895 DEBU [pymycobot.common] _write: FE FE 03 2B D3 10 
2026-02-05 10:57:07.914 DEBU [pymycobot.common] _read : FE FE 04 2B 01 CD A2
2026-02-05 10:57:08.229 DEBU [pymycobot.common] _write: FE FE 03 2B D3 10 
2026-02-05 10:57:08.250 DEBU [pymycobot.common] _read : FE FE 04 2B 01 CD A2
2026-02-05 10:57:08.576 DEBU [pymycobot.common] _write: FE FE 03 2B D3 10 
2026-02-05 10:57:08.597 DEBU [pymycobot.common] _read : FE FE 04 2B 01 CD A2
2026-02-05 10:57:08.926 DEBU [pymycobot.common] _write: FE FE 03 2B D3 10 
2026-02-05 10:57:08.950 DEBU [pymycobot.common] _read : FE FE 04 2B 01 CD A2
2026-02-05 10:57:09.275 DEBU [pymycobot.common] _write: FE FE 03 2B D3 10 
2026-02-05 10:57:09.298 DEBU [pymycobot.common] _read : FE FE 04 2B 01 CD A2
2026-02-05 10:57:09.623 DEBU [pymycobot.common] _write: FE FE 03 2B D3 10 
2026-02-05 10:57:09.649 DEBU [pymycobot.common] _read : FE FE 04 2B 01 CD A2
2026-02-05 10:57:09.973 DEBU [pymycobot.common] _write: FE FE 03 2B D3 10 
2026-02-05 10:57:10.000 DEBU [pymycobot.common] _read : FE FE 04 2B 01 CD A2
2026-02-05 10:57:10.320 DEBU [pymycobot.common] _write: FE FE 03 2B D3 10 
2026-02-05 10:57:10.344 DEBU [pymycobot.common] _read : FE FE 04 2B 01 CD A2
2026-02-05 10:57:10.670 DEBU [pymycobot.common] _write: FE FE 03 2B D3 10 
2026-02-05 10:57:10.693 DEBU [pymycobot.common] _read : FE FE 04 2B 01 CD A2
2026-02-05 10:57:11.018 DEBU [pymycobot.common] _write: FE FE 03 2B D3 10 
2026-02-05 10:57:11.040 DEBU [pymycobot.common] _read : FE FE 04 2B 01 CD A2
2026-02-05 10:57:11.365 DEBU [pymycobot.common] _write: FE FE 03 2B D3 10 
2026-02-05 10:57:11.391 DEBU [pymycobot.common] _read : FE FE 04 2B 01 CD A2
2026-02-05 10:57:11.712 DEBU [pymycobot.common] _write: FE FE 03 2B D3 10 
2026-02-05 10:57:11.736 DEBU [pymycobot.common] _read : FE FE 04 2B 01 CD A2
2026-02-05 10:57:12.058 DEBU [pymycobot.common] _write: FE FE 03 2B D3 10 
2026-02-05 10:57:12.081 DEBU [pymycobot.common] _read : FE FE 04 2B 01 CD A2
2026-02-05 10:57:12.393 DEBU [pymycobot.common] _write: FE FE 03 2B D3 10 
2026-02-05 10:57:12.420 DEBU [pymycobot.common] _read : FE FE 04 2B 01 CD A2
2026-02-05 10:57:12.741 DEBU [pymycobot.common] _write: FE FE 03 2B D3 10 
2026-02-05 10:57:12.771 DEBU [pymycobot.common] _read : FE FE 04 2B 01 CD A2
2026-02-05 10:57:13.092 DEBU [pymycobot.common] _write: FE FE 03 2B D3 10 
2026-02-05 10:57:13.112 DEBU [pymycobot.common] _read : FE FE 04 2B 01 CD A2
2026-02-05 10:57:13.426 DEBU [pymycobot.common] _write: FE FE 03 2B D3 10 
2026-02-05 10:57:13.453 DEBU [pymycobot.common] _read : FE FE 04 2B 01 CD A2
2026-02-05 10:57:13.772 DEBU [pymycobot.common] _write: FE FE 03 2B D3 10 
2026-02-05 10:57:13.793 DEBU [pymycobot.common] _read : FE FE 04 2B 01 CD A2
2026-02-05 10:57:14.120 DEBU [pymycobot.common] _write: FE FE 03 2B D3 10 
2026-02-05 10:57:14.142 DEBU [pymycobot.common] _read : FE FE 04 2B 01 CD A2
2026-02-05 10:57:14.468 DEBU [pymycobot.common] _write: FE FE 03 2B D3 10 
2026-02-05 10:57:14.489 DEBU [pymycobot.common] _read : FE FE 04 2B 01 CD A2
2026-02-05 10:57:14.806 DEBU [pymycobot.common] _write: FE FE 03 2B D3 10 
2026-02-05 10:57:14.830 DEBU [pymycobot.common] _read : FE FE 04 2B 01 CD A2
2026-02-05 10:57:15.155 DEBU [pymycobot.common] _write: FE FE 03 2B D3 10 
2026-02-05 10:57:15.177 DEBU [pymycobot.common] _read : FE FE 04 2B 01 CD A2
2026-02-05 10:57:15.505 DEBU [pymycobot.common] _write: FE FE 03 2B D3 10 
2026-02-05 10:57:15.530 DEBU [pymycobot.common] _read : FE FE 04 2B 01 CD A2
2026-02-05 10:57:15.854 DEBU [pymycobot.common] _write: FE FE 03 2B D3 10 
2026-02-05 10:57:15.880 DEBU [pymycobot.common] _read : FE FE 04 2B 01 CD A2
2026-02-05 10:57:16.077 DEBU [pymycobot.common] _read : FE FE 04 5B 00 CD 46
2026-02-05 10:58:27.683 DEBU [pymycobot.common] _write: FE FE 03 28 D2 50 
2026-02-05 10:58:27.716 DEBU [pymycobot.common] _read : FE FE 05 28 FF 01 E5 3C
2026-02-05 10:58:30.719 DEBU [pymycobot.common] _write: FE FE 04 1E 01 9D B5 
2026-02-05 10:58:33.196 DEBU [pymycobot.common] _read : FE FE 05 1E FF 01 EB DC
2026-02-05 10:58:33.197 DEBU [pymycobot.common] _write: FE FE 03 70 28 51 
2026-02-05 10:58:33.224 DEBU [pymycobot.common] _read : FE FE 05 70 FF 01 36 BD
2026-02-05 10:58:53.233 DEBU [pymycobot.common] _write: FE FE 03 72 E9 D0 
2026-02-05 10:58:53.446 DEBU [pymycobot.common] _write: FE FE 04 1E 00 5D 74 
2026-02-05 10:58:56.537 DEBU [pymycobot.common] _write: FE FE 04 1E 01 9D B5 
2026-02-05 10:58:58.002 DEBU [pymycobot.common] _read : FE FE 05 72 FF 01 F6 1C
2026-02-05 10:58:58.022 DEBU [pymycobot.common] _read : FE FE 05 1E FF 01 EB DC
2026-02-05 10:58:58.022 DEBU [pymycobot.common] _write: FE FE 03 70 28 51 
2026-02-05 10:59:00.538 DEBU [pymycobot.common] _read : FE FE 05 1E FF 01 EB DC
2026-02-05 10:59:00.561 DEBU [pymycobot.common] _read : FE FE 05 70 FF 01 36 BD
2026-02-05 10:59:18.249 DEBU [pymycobot.common] _write: FE FE 03 72 E9 D0 
2026-02-05 10:59:18.250 DEBU [pymycobot.common] _write: FE FE 04 1E 00 5D 74 
2026-02-05 10:59:18.355 DEBU [pymycobot.common] _write: FE FE 03 71 E8 90 
2026-02-05 10:59:19.424 DEBU [pymycobot.common] _write: FE FE 03 2B D3 10 
2026-02-05 10:59:20.489 DEBU [pymycobot.common] _write: FE FE 03 2B D3 10 
2026-02-05 10:59:21.442 DEBU [pymycobot.common] _write: FE FE 03 2B D3 10 
2026-02-05 10:59:21.762 DEBU [pymycobot.common] _write: FE FE 03 2B D3 10 
2026-02-05 10:59:22.824 DEBU [pymycobot.common] _write: FE FE 03 2B D3 10 
2026-02-05 10:59:23.055 DEBU [pymycobot.common] _read : FE FE 05 72 FF 01 F6 1C
2026-02-05 10:59:23.084 DEBU [pymycobot.common] _read : FE FE 05 1E FF 01 EB DC
2026-02-05 10:59:23.096 DEBU [pymycobot.common] _read : FE FE 05 71 FF 01 F6 EC
2026-02-05 10:59:23.105 DEBU [pymycobot.common] _read : FE FE 04 2B 00 0D 63
2026-02-05 10:59:23.111 DEBU [pymycobot.common] _read : FE FE 04 2B 00 0D 63
2026-02-05 10:59:23.116 DEBU [pymycobot.common] _read : FE FE 04 2B 00 0D 63
2026-02-05 10:59:23.122 DEBU [pymycobot.common] _read : FE FE 04 2B 00 0D 63
2026-02-05 10:59:23.127 DEBU [pymycobot.common] _read : FE FE 04 2B 01 CD A2
2026-02-05 10:59:23.871 DEBU [pymycobot.common] _write: FE FE 03 2B D3 10 
2026-02-05 10:59:23.891 DEBU [pymycobot.common] _read : FE FE 04 2B 01 CD A2
2026-02-05 10:59:24.220 DEBU [pymycobot.common] _write: FE FE 03 2B D3 10 
2026-02-05 10:59:24.243 DEBU [pymycobot.common] _read : FE FE 04 2B 01 CD A2
2026-02-05 11:24:01.194 DEBU [pymycobot.common] _write: FE FE 03 28 D2 50 
2026-02-05 11:24:01.214 DEBU [pymycobot.common] _read : FE FE 05 28 FF 01 E5 3C
2026-02-05 11:24:04.225 DEBU [pymycobot.common] _write: FE FE 04 1E 01 9D B5 
2026-02-05 11:24:06.736 DEBU [pymycobot.common] _read : FE FE 05 1E FF 01 EB DC
2026-02-05 11:24:06.736 DEBU [pymycobot.common] _write: FE FE 03 70 28 51 
2026-02-05 11:24:06.748 DEBU [pymycobot.common] _read : FE FE 05 70 FF 01 36 BD
2026-02-05 11:24:26.762 DEBU [pymycobot.common] _write: FE FE 03 72 E9 D0 
2026-02-05 11:24:26.975 DEBU [pymycobot.common] _write: FE FE 04 1E 00 5D 74 
2026-02-05 11:24:30.057 DEBU [pymycobot.common] _write: FE FE 04 1E 01 9D B5 
2026-02-05 11:24:31.528 DEBU [pymycobot.common] _read : FE FE 05 72 FF 01 F6 1C
2026-02-05 11:24:31.532 DEBU [pymycobot.common] _read : FE FE 05 1E FF 01 EB DC
2026-02-05 11:24:31.533 DEBU [pymycobot.common] _write: FE FE 03 70 28 51 
2026-02-05 11:24:34.066 DEBU [pymycobot.common] _read : FE FE 05 1E FF 01 EB DC FE FE 05 70 FF 01 36 BD
2026-02-05 11:24:51.753 DEBU [pymycobot.common] _write: FE FE 03 72 E9 D0 
2026-02-05 11:24:51.754 DEBU [pymycobot.common] _write: FE FE 04 1E 00 5D 74 
2026-02-05 11:24:51.858 DEBU [pymycobot.common] _write: FE FE 03 71 E8 90 
2026-02-05 11:24:52.925 DEBU [pymycobot.common] _write: FE FE 03 2B D3 10 
2026-02-05 11:24:53.988 DEBU [pymycobot.common] _write: FE FE 03 2B D3 10 
2026-02-05 11:24:54.942 DEBU [pymycobot.common] _write: FE FE 03 2B D3 10 
2026-02-05 11:24:55.261 DEBU [pymycobot.common] _write: FE FE 03 2B D3 10 
2026-02-05 11:24:56.325 DEBU [pymycobot.common] _write: FE FE 03 2B D3 10 
2026-02-05 11:24:56.549 DEBU [pymycobot.common] _read : FE FE 05 72 FF 01 F6 1C
2026-02-05 11:24:56.560 DEBU [pymycobot.common] _read : FE FE 05 1E FF 01 EB DC
2026-02-05 11:24:56.563 DEBU [pymycobot.common] _read : FE FE 05 71 FF 01 F6 EC
2026-02-05 11:24:56.572 DEBU [pymycobot.common] _read : FE FE 04 2B 00 0D 63
2026-02-05 11:24:56.573 DEBU [pymycobot.common] _read : FE FE 04 2B 00 0D 63
2026-02-05 11:24:56.582 DEBU [pymycobot.common] _read : FE FE 04 2B 00 0D 63
2026-02-05 11:24:56.584 DEBU [pymycobot.common] _read : FE FE 04 2B 00 0D 63
2026-02-05 11:24:56.588 DEBU [pymycobot.common] _read : FE FE 04 2B 00 0D 63
2026-02-05 11:24:57.431 DEBU [pymycobot.common] _write: FE FE 03 2B D3 10 
2026-02-05 11:24:57.440 DEBU [pymycobot.common] _read : FE FE 04 2B 01 CD A2
2026-02-05 11:24:57.764 DEBU [pymycobot.common] _write: FE FE 03 2B D3 10 
2026-02-05 11:24:57.775 DEBU [pymycobot.common] _read : FE FE 04 2B 01 CD A2
2026-02-05 11:35:45.457 DEBU [pymycobot.common] _write: FE FE 03 28 D2 50 
2026-02-05 11:35:45.475 DEBU [pymycobot.common] _read : FE FE 05 28 FF 01 E5 3C
2026-02-05 11:35:48.481 DEBU [pymycobot.common] _write: FE FE 04 1E 01 9D B5 
2026-02-05 11:35:50.948 DEBU [pymycobot.common] _read : FE FE 05 1E FF 01 EB DC
2026-02-05 11:35:50.949 DEBU [pymycobot.common] _write: FE FE 03 70 28 51 
2026-02-05 11:35:50.958 DEBU [pymycobot.common] _read : FE FE 05 70 FF 01 36 BD
2026-02-05 11:36:10.964 DEBU [pymycobot.common] _write: FE FE 03 72 E9 D0 
2026-02-05 11:36:11.175 DEBU [pymycobot.common] _write: FE FE 04 1E 00 5D 74 
2026-02-05 11:36:14.256 DEBU [pymycobot.common] _write: FE FE 04 1E 01 9D B5 
2026-02-05 11:36:15.725 DEBU [pymycobot.common] _read : FE FE 05 72 FF 01 F6 1C
2026-02-05 11:36:15.731 DEBU [pymycobot.common] _read : FE FE 05 1E FF 01 EB DC
2026-02-05 11:36:15.731 DEBU [pymycobot.common] _write: FE FE 03 70 28 51 
2026-02-05 11:36:18.165 DEBU [pymycobot.common] _read : FE FE 05 1E FF 01 EB DC
2026-02-05 11:36:18.170 DEBU [pymycobot.common] _read : FE FE 05 70 FF 01 36 BD
2026-02-05 11:36:35.944 DEBU [pymycobot.common] _write: FE FE 03 72 E9 D0 
2026-02-05 11:36:35.945 DEBU [pymycobot.common] _write: FE FE 04 1E 00 5D 74 
2026-02-05 11:36:36.051 DEBU [pymycobot.common] _write: FE FE 03 71 E8 90 
2026-02-05 11:36:37.114 DEBU [pymycobot.common] _write: FE FE 03 2B D3 10 
2026-02-05 11:36:38.178 DEBU [pymycobot.common] _write: FE FE 03 2B D3 10 
2026-02-05 11:36:39.139 DEBU [pymycobot.common] _write: FE FE 03 2B D3 10 
2026-02-05 11:36:39.456 DEBU [pymycobot.common] _write: FE FE 03 2B D3 10 
2026-02-05 11:36:40.520 DEBU [pymycobot.common] _write: FE FE 03 2B D3 10 
2026-02-05 11:36:40.747 DEBU [pymycobot.common] _read : FE FE 05 72 FF 01 F6 1C
2026-02-05 11:36:40.751 DEBU [pymycobot.common] _read : FE FE 05 71 FF 01 F6 EC
2026-02-05 11:36:40.755 DEBU [pymycobot.common] _read : FE FE 04 2B 00 0D 63
2026-02-05 11:36:40.761 DEBU [pymycobot.common] _read : FE FE 04 2B 00 0D 63
2026-02-05 11:36:40.764 DEBU [pymycobot.common] _read : FE FE 04 2B 00 0D 63
2026-02-05 11:36:40.769 DEBU [pymycobot.common] _read : FE FE 04 2B 00 0D 63
2026-02-05 11:36:40.774 DEBU [pymycobot.common] _read : FE FE 04 2B 00 0D 63
2026-02-05 11:36:41.526 DEBU [pymycobot.common] _write: FE FE 03 2B D3 10 
2026-02-05 11:36:41.537 DEBU [pymycobot.common] _read : FE FE 04 2B 01 CD A2
2026-02-05 11:36:41.563 DEBU [pymycobot.common] _read : FE FE 04 5B 52 30 C7
2026-02-05 11:40:21.544 DEBU [pymycobot.common] _write: FE FE 03 28 D2 50 
2026-02-05 11:40:21.560 DEBU [pymycobot.common] _read : FE FE 05 28 FF 01 E5 3C
2026-02-05 11:40:32.087 DEBU [pymycobot.common] _write: FE FE 03 70 28 51 
2026-02-05 11:40:32.104 DEBU [pymycobot.common] _read : FE FE 05 70 FF 01 36 BD
2026-02-05 11:41:22.850 DEBU [pymycobot.common] _write: FE FE 04 10 01 FD B1 
2026-02-05 11:41:26.603 DEBU [pymycobot.common] _read : FE FE 04 10 01 FD B1
2026-02-05 11:41:29.616 DEBU [pymycobot.common] _write: FE FE 04 1E 01 9D B5 
2026-02-05 11:41:32.093 DEBU [pymycobot.common] _read : FE FE 05 1E FF 01 EB DC
2026-02-05 11:41:32.093 DEBU [pymycobot.common] _write: FE FE 03 70 28 51 
2026-02-05 11:41:32.102 DEBU [pymycobot.common] _read : FE FE 05 70 FF 01 36 BD
2026-02-05 11:41:52.107 DEBU [pymycobot.common] _write: FE FE 03 72 E9 D0 
2026-02-05 11:41:52.321 DEBU [pymycobot.common] _write: FE FE 04 1E 00 5D 74 
2026-02-05 11:41:55.406 DEBU [pymycobot.common] _write: FE FE 04 1E 01 9D B5 
2026-02-05 11:41:57.033 DEBU [pymycobot.common] _read : FE FE 05 72 FF 01 F6 1C
2026-02-05 11:41:57.037 DEBU [pymycobot.common] _read : FE FE 05 1E FF 01 EB DC
2026-02-05 11:41:57.038 DEBU [pymycobot.common] _write: FE FE 03 70 28 51 
2026-02-05 11:41:59.541 DEBU [pymycobot.common] _read : FE FE 05 1E FF 01 EB DC FE FE 05 70 FF 01 36 BD
2026-02-05 11:42:17.259 DEBU [pymycobot.common] _write: FE FE 03 72 E9 D0 
2026-02-05 11:42:17.259 DEBU [pymycobot.common] _write: FE FE 04 1E 00 5D 74 
2026-02-05 11:42:17.367 DEBU [pymycobot.common] _write: FE FE 03 71 E8 90 
2026-02-05 11:42:18.429 DEBU [pymycobot.common] _write: FE FE 03 2B D3 10 
2026-02-05 11:42:19.492 DEBU [pymycobot.common] _write: FE FE 03 2B D3 10 
2026-02-05 11:42:20.450 DEBU [pymycobot.common] _write: FE FE 03 2B D3 10 
2026-02-05 11:42:20.768 DEBU [pymycobot.common] _write: FE FE 03 2B D3 10 
2026-02-05 11:42:21.828 DEBU [pymycobot.common] _write: FE FE 03 2B D3 10 
2026-02-05 11:42:22.198 DEBU [pymycobot.common] _read : FE FE 05 72 FF 01 F6 1C
2026-02-05 11:42:22.204 DEBU [pymycobot.common] _read : FE FE 05 1E FF 01 EB DC
2026-02-05 11:42:22.211 DEBU [pymycobot.common] _read : FE FE 05 71 FF 01 F6 EC
2026-02-05 11:42:22.222 DEBU [pymycobot.common] _read : FE FE 04 2B 00 0D 63
2026-02-05 11:42:22.230 DEBU [pymycobot.common] _read : FE FE 04 2B 00 0D 63
2026-02-05 11:42:22.236 DEBU [pymycobot.common] _read : FE FE 04 2B 01 CD A2
2026-02-05 11:42:22.239 DEBU [pymycobot.common] _read : FE FE 04 2B 01 CD A2
2026-02-05 11:42:22.241 DEBU [pymycobot.common] _read : FE FE 04 2B 01 CD A2
2026-02-05 11:42:22.874 DEBU [pymycobot.common] _write: FE FE 03 2B D3 10 
2026-02-05 11:42:22.883 DEBU [pymycobot.common] _read : FE FE 04 2B 01 CD A2
2026-02-05 11:42:23.207 DEBU [pymycobot.common] _write: FE FE 03 2B D3 10 
2026-02-05 11:42:23.217 DEBU [pymycobot.common] _read : FE FE 04 2B 01 CD A2
2026-02-05 11:42:51.880 DEBU [pymycobot.common] _write: FE FE 04 10 01 FD B1 
2026-02-05 11:42:51.898 DEBU [pymycobot.common] _read : FE FE 04 10 01 FD B1
2026-02-05 11:42:54.901 DEBU [pymycobot.common] _write: FE FE 04 1E 01 9D B5 
2026-02-05 11:42:57.365 DEBU [pymycobot.common] _read : FE FE 05 1E FF 01 EB DC
2026-02-05 11:42:57.366 DEBU [pymycobot.common] _write: FE FE 03 70 28 51 
2026-02-05 11:42:57.377 DEBU [pymycobot.common] _read : FE FE 05 70 FF 01 36 BD
2026-02-05 11:43:17.382 DEBU [pymycobot.common] _write: FE FE 03 72 E9 D0 
2026-02-05 11:43:17.388 ERRO [pymycobot.common] Socket send error: [WinError 10054] 远程主机强迫关闭了一个现有的连接。
2026-02-05 11:59:35.696 DEBU [pymycobot.common] _write: FE FE 04 10 01 FD B1 
2026-02-05 11:59:35.719 DEBU [pymycobot.common] _read : FE FE 04 10 01 FD B1
2026-02-05 11:59:35.719 DEBU [pymycobot.common] _write: FE FE 04 1A 01 5D B7 
2026-02-05 11:59:35.733 DEBU [pymycobot.common] _read : FE FE 05 1A FF 01 2A 9D
2026-02-05 11:59:56.207 DEBU [pymycobot.common] _write: FE FE 04 10 01 FD B1 
2026-02-05 11:59:56.226 DEBU [pymycobot.common] _read : FE FE 04 10 01 FD B1
2026-02-05 11:59:59.242 DEBU [pymycobot.common] _write: FE FE 04 1E 01 9D B5 
2026-02-05 12:00:01.693 DEBU [pymycobot.common] _read : FE FE 05 1E FF 01 EB DC
2026-02-05 12:00:01.693 DEBU [pymycobot.common] _write: FE FE 03 70 28 51 
2026-02-05 12:00:01.708 DEBU [pymycobot.common] _read : FE FE 05 70 FF 01 36 BD
2026-02-05 12:00:21.721 DEBU [pymycobot.common] _write: FE FE 03 72 E9 D0 
2026-02-05 12:00:21.935 DEBU [pymycobot.common] _write: FE FE 04 1E 00 5D 74 
2026-02-05 12:00:25.021 DEBU [pymycobot.common] _write: FE FE 04 1E 01 9D B5 
2026-02-05 12:00:26.486 DEBU [pymycobot.common] _read : FE FE 05 72 FF 01 F6 1C
2026-02-05 12:00:26.492 DEBU [pymycobot.common] _read : FE FE 05 1E FF 01 EB DC
2026-02-05 12:00:26.493 DEBU [pymycobot.common] _write: FE FE 03 70 28 51 
2026-02-05 12:00:29.016 DEBU [pymycobot.common] _read : FE FE 05 1E FF 01 EB DC
2026-02-05 12:00:29.019 DEBU [pymycobot.common] _read : FE FE 05 70 FF 01 36 BD
2026-02-05 12:00:46.721 DEBU [pymycobot.common] _write: FE FE 03 72 E9 D0 
2026-02-05 12:00:46.722 DEBU [pymycobot.common] _write: FE FE 04 1E 00 5D 74 
2026-02-05 12:00:46.826 DEBU [pymycobot.common] _write: FE FE 03 71 E8 90 
2026-02-05 12:00:47.886 DEBU [pymycobot.common] _write: FE FE 03 2B D3 10 
2026-02-05 12:00:48.948 DEBU [pymycobot.common] _write: FE FE 03 2B D3 10 
2026-02-05 12:00:49.902 DEBU [pymycobot.common] _write: FE FE 03 2B D3 10 
2026-02-05 12:00:50.220 DEBU [pymycobot.common] _write: FE FE 03 2B D3 10 
2026-02-05 12:00:51.284 DEBU [pymycobot.common] _write: FE FE 03 2B D3 10 
2026-02-05 12:00:51.525 DEBU [pymycobot.common] _read : FE FE 05 72 FF 01 F6 1C
2026-02-05 12:00:51.529 DEBU [pymycobot.common] _read : FE FE 05 1E FF 01 EB DC
2026-02-05 12:00:51.534 DEBU [pymycobot.common] _read : FE FE 05 71 FF 01 F6 EC
2026-02-05 12:00:51.545 DEBU [pymycobot.common] _read : FE FE 04 2B 00 0D 63
2026-02-05 12:00:51.548 DEBU [pymycobot.common] _read : FE FE 04 2B 00 0D 63
2026-02-05 12:00:51.554 DEBU [pymycobot.common] _read : FE FE 04 2B 00 0D 63
2026-02-05 12:00:51.558 DEBU [pymycobot.common] _read : FE FE 04 2B 00 0D 63
2026-02-05 12:00:51.563 DEBU [pymycobot.common] _read : FE FE 04 2B 00 0D 63
2026-02-05 12:00:52.320 DEBU [pymycobot.common] _write: FE FE 03 2B D3 10 
2026-02-05 12:00:52.330 DEBU [pymycobot.common] _read : FE FE 04 2B 01 CD A2
2026-02-05 12:00:52.655 DEBU [pymycobot.common] _write: FE FE 03 2B D3 10 
2026-02-05 12:00:52.665 DEBU [pymycobot.common] _read : FE FE 04 2B 01 CD A2
2026-02-05 13:45:21.309 DEBU [pymycobot.common] _write: FE FE 04 10 01 FD B1 
2026-02-05 13:45:21.329 DEBU [pymycobot.common] _read : FE FE 04 10 01 FD B1
2026-02-05 13:45:24.332 DEBU [pymycobot.common] _write: FE FE 04 1E 01 9D B5 
2026-02-05 13:45:26.786 DEBU [pymycobot.common] _read : FE FE 05 1E FF 01 EB DC
2026-02-05 13:45:26.787 DEBU [pymycobot.common] _write: FE FE 03 70 28 51 
2026-02-05 13:45:26.797 DEBU [pymycobot.common] _read : FE FE 05 70 FF 01 36 BD
2026-02-05 13:45:46.802 DEBU [pymycobot.common] _write: FE FE 03 72 E9 D0 
2026-02-05 13:45:47.016 DEBU [pymycobot.common] _write: FE FE 04 1E 00 5D 74 
2026-02-05 13:45:50.095 DEBU [pymycobot.common] _write: FE FE 04 1E 01 9D B5 
2026-02-05 13:45:51.569 DEBU [pymycobot.common] _read : FE FE 05 72 FF 01 F6 1C
2026-02-05 13:45:51.574 DEBU [pymycobot.common] _read : FE FE 05 1E FF 01 EB DC
2026-02-05 13:45:51.574 DEBU [pymycobot.common] _write: FE FE 03 70 28 51 
2026-02-05 13:45:54.111 DEBU [pymycobot.common] _read : FE FE 05 1E FF 01 EB DC
2026-02-05 13:45:54.116 DEBU [pymycobot.common] _read : FE FE 05 70 FF 01 36 BD
2026-02-05 13:46:11.805 DEBU [pymycobot.common] _write: FE FE 03 72 E9 D0 
2026-02-05 13:46:11.806 DEBU [pymycobot.common] _write: FE FE 04 1E 00 5D 74 
2026-02-05 13:46:11.910 DEBU [pymycobot.common] _write: FE FE 03 71 E8 90 
2026-02-05 13:46:12.969 DEBU [pymycobot.common] _write: FE FE 03 2B D3 10 
2026-02-05 13:46:14.033 DEBU [pymycobot.common] _write: FE FE 03 2B D3 10 
2026-02-05 13:46:14.990 DEBU [pymycobot.common] _write: FE FE 03 2B D3 10 
2026-02-05 13:46:15.309 DEBU [pymycobot.common] _write: FE FE 03 2B D3 10 
2026-02-05 13:46:16.372 DEBU [pymycobot.common] _write: FE FE 03 2B D3 10 
2026-02-05 13:46:16.604 DEBU [pymycobot.common] _read : FE FE 05 72 FF 01 F6 1C
2026-02-05 13:46:16.611 DEBU [pymycobot.common] _read : FE FE 05 1E FF 01 EB DC
2026-02-05 13:46:16.619 DEBU [pymycobot.common] _read : FE FE 05 71 FF 01 F6 EC
2026-02-05 13:46:16.627 DEBU [pymycobot.common] _read : FE FE 04 2B 00 0D 63
2026-02-05 13:46:16.635 DEBU [pymycobot.common] _read : FE FE 04 2B 00 0D 63
2026-02-05 13:46:16.641 DEBU [pymycobot.common] _read : FE FE 04 2B 00 0D 63
2026-02-05 13:46:16.648 DEBU [pymycobot.common] _read : FE FE 04 2B 00 0D 63
2026-02-05 13:46:16.655 DEBU [pymycobot.common] _read : FE FE 04 2B 00 0D 63
2026-02-05 13:46:17.404 DEBU [pymycobot.common] _write: FE FE 03 2B D3 10 
2026-02-05 13:46:17.416 DEBU [pymycobot.common] _read : FE FE 04 2B 01 CD A2
2026-02-05 13:46:17.738 DEBU [pymycobot.common] _write: FE FE 03 2B D3 10 
2026-02-05 13:46:17.749 DEBU [pymycobot.common] _read : FE FE 04 2B 01 CD A2
2026-02-05 13:48:07.191 DEBU [pymycobot.common] _write: FE FE 04 10 01 FD B1 
2026-02-05 13:48:07.211 DEBU [pymycobot.common] _read : FE FE 04 10 01 FD B1
2026-02-05 13:48:07.212 DEBU [pymycobot.common] _write: FE FE 03 71 E8 90 
2026-02-05 13:48:07.223 DEBU [pymycobot.common] _read : FE FE 05 71 FF 01 F6 EC
2026-02-05 13:48:08.277 DEBU [pymycobot.common] _write: FE FE 03 2B D3 10 
2026-02-05 13:48:08.286 DEBU [pymycobot.common] _read : FE FE 04 2B 01 CD A2
2026-02-05 13:48:09.346 DEBU [pymycobot.common] _write: FE FE 03 2B D3 10 
2026-02-05 13:48:09.358 DEBU [pymycobot.common] _read : FE FE 04 2B 01 CD A2
2026-02-05 13:48:10.416 DEBU [pymycobot.common] _write: FE FE 03 2B D3 10 
2026-02-05 13:48:10.425 DEBU [pymycobot.common] _read : FE FE 04 2B 01 CD A2
2026-02-05 13:48:11.486 DEBU [pymycobot.common] _write: FE FE 03 2B D3 10 
2026-02-05 13:48:11.497 DEBU [pymycobot.common] _read : FE FE 04 2B 01 CD A2
2026-02-05 13:48:12.564 DEBU [pymycobot.common] _write: FE FE 03 2B D3 10 
2026-02-05 13:48:12.574 DEBU [pymycobot.common] _read : FE FE 04 2B 01 CD A2
2026-02-05 13:48:13.645 DEBU [pymycobot.common] _write: FE FE 03 2B D3 10 
2026-02-05 13:48:13.655 DEBU [pymycobot.common] _read : FE FE 04 2B 01 CD A2
2026-02-05 13:48:14.725 DEBU [pymycobot.common] _write: FE FE 03 2B D3 10 
2026-02-05 13:48:14.735 DEBU [pymycobot.common] _read : FE FE 04 2B 01 CD A2
2026-02-05 13:48:15.803 DEBU [pymycobot.common] _write: FE FE 03 2B D3 10 
2026-02-05 13:48:15.814 DEBU [pymycobot.common] _read : FE FE 04 2B 01 CD A2
2026-02-05 13:48:16.877 DEBU [pymycobot.common] _write: FE FE 03 2B D3 10 
2026-02-05 13:48:16.888 DEBU [pymycobot.common] _read : FE FE 04 2B 01 CD A2
2026-02-05 13:48:17.955 DEBU [pymycobot.common] _write: FE FE 03 2B D3 10 
2026-02-05 13:48:17.964 DEBU [pymycobot.common] _read : FE FE 04 2B 01 CD A2
2026-02-05 13:48:19.032 DEBU [pymycobot.common] _write: FE FE 03 2B D3 10 
2026-02-05 13:48:19.042 DEBU [pymycobot.common] _read : FE FE 04 2B 01 CD A2
2026-02-05 13:48:20.108 DEBU [pymycobot.common] _write: FE FE 03 2B D3 10 
2026-02-05 13:48:20.118 DEBU [pymycobot.common] _read : FE FE 04 2B 01 CD A2
2026-02-05 13:48:21.192 DEBU [pymycobot.common] _write: FE FE 03 2B D3 10 
2026-02-05 13:48:21.204 DEBU [pymycobot.common] _read : FE FE 04 2B 01 CD A2
2026-02-05 13:48:22.267 DEBU [pymycobot.common] _write: FE FE 03 2B D3 10 
2026-02-05 13:48:22.278 DEBU [pymycobot.common] _read : FE FE 04 2B 01 CD A2
2026-02-05 13:48:23.343 DEBU [pymycobot.common] _write: FE FE 03 2B D3 10 
2026-02-05 13:48:23.354 DEBU [pymycobot.common] _read : FE FE 04 2B 01 CD A2
2026-02-05 13:48:24.420 DEBU [pymycobot.common] _write: FE FE 03 2B D3 10 
2026-02-05 13:48:24.431 DEBU [pymycobot.common] _read : FE FE 04 2B 01 CD A2
2026-02-05 13:48:25.501 DEBU [pymycobot.common] _write: FE FE 03 2B D3 10 
2026-02-05 13:48:25.512 DEBU [pymycobot.common] _read : FE FE 04 2B 01 CD A2
2026-02-05 13:48:26.583 DEBU [pymycobot.common] _write: FE FE 03 2B D3 10 
2026-02-05 13:48:26.594 DEBU [pymycobot.common] _read : FE FE 04 2B 01 CD A2
2026-02-05 13:48:27.660 DEBU [pymycobot.common] _write: FE FE 03 2B D3 10 
2026-02-05 13:48:27.670 DEBU [pymycobot.common] _read : FE FE 04 2B 01 CD A2
2026-02-05 13:48:28.737 DEBU [pymycobot.common] _write: FE FE 03 2B D3 10 
2026-02-05 13:48:28.745 DEBU [pymycobot.common] _read : FE FE 04 2B 01 CD A2
2026-02-05 13:48:29.812 DEBU [pymycobot.common] _write: FE FE 03 2B D3 10 
2026-02-05 13:48:29.822 DEBU [pymycobot.common] _read : FE FE 04 2B 01 CD A2
2026-02-05 13:48:30.889 DEBU [pymycobot.common] _write: FE FE 03 2B D3 10 
2026-02-05 13:48:30.899 DEBU [pymycobot.common] _read : FE FE 04 2B 01 CD A2
2026-02-05 13:48:31.966 DEBU [pymycobot.common] _write: FE FE 03 2B D3 10 
2026-02-05 13:48:31.977 DEBU [pymycobot.common] _read : FE FE 04 2B 01 CD A2
2026-02-05 13:48:33.046 DEBU [pymycobot.common] _write: FE FE 03 2B D3 10 
2026-02-05 13:48:33.058 DEBU [pymycobot.common] _read : FE FE 04 2B 01 CD A2
2026-02-05 13:48:34.124 DEBU [pymycobot.common] _write: FE FE 03 2B D3 10 
2026-02-05 13:48:34.134 DEBU [pymycobot.common] _read : FE FE 04 2B 01 CD A2
2026-02-05 13:48:35.203 DEBU [pymycobot.common] _write: FE FE 03 2B D3 10 
2026-02-05 13:48:35.213 DEBU [pymycobot.common] _read : FE FE 04 2B 01 CD A2
2026-02-05 13:48:36.277 DEBU [pymycobot.common] _write: FE FE 03 2B D3 10 
2026-02-05 13:48:36.290 DEBU [pymycobot.common] _read : FE FE 04 2B 01 CD A2
2026-02-05 13:48:37.354 DEBU [pymycobot.common] _write: FE FE 03 2B D3 10 
2026-02-05 13:48:37.364 DEBU [pymycobot.common] _read : FE FE 04 2B 01 CD A2
2026-02-05 13:48:38.430 DEBU [pymycobot.common] _write: FE FE 03 2B D3 10 
2026-02-05 13:48:38.438 DEBU [pymycobot.common] _read : FE FE 04 2B 01 CD A2
2026-02-05 13:48:39.506 DEBU [pymycobot.common] _write: FE FE 03 2B D3 10 
2026-02-05 13:48:39.518 DEBU [pymycobot.common] _read : FE FE 04 2B 01 CD A2
2026-02-05 13:48:40.584 DEBU [pymycobot.common] _write: FE FE 03 2B D3 10 
2026-02-05 13:48:40.596 DEBU [pymycobot.common] _read : FE FE 04 2B 01 CD A2
2026-02-05 13:48:41.658 DEBU [pymycobot.common] _write: FE FE 03 2B D3 10 
2026-02-05 13:48:41.668 DEBU [pymycobot.common] _read : FE FE 04 2B 01 CD A2
2026-02-05 13:48:42.739 DEBU [pymycobot.common] _write: FE FE 03 2B D3 10 
2026-02-05 13:48:42.751 DEBU [pymycobot.common] _read : FE FE 04 2B 01 CD A2
2026-02-05 13:48:43.816 DEBU [pymycobot.common] _write: FE FE 03 2B D3 10 
2026-02-05 13:48:43.827 DEBU [pymycobot.common] _read : FE FE 04 2B 01 CD A2
2026-02-05 13:48:44.896 DEBU [pymycobot.common] _write: FE FE 03 2B D3 10 
2026-02-05 13:48:44.905 DEBU [pymycobot.common] _read : FE FE 04 2B 01 CD A2
2026-02-05 13:48:45.853 DEBU [pymycobot.common] _read : FE FE 04 5B 00 CD 46
2026-02-05 13:48:56.941 DEBU [pymycobot.common] _write: FE FE 04 10 01 FD B1 
2026-02-05 13:48:56.957 DEBU [pymycobot.common] _read : FE FE 04 10 01 FD B1
2026-02-05 13:48:59.971 DEBU [pymycobot.common] _write: FE FE 04 1E 01 9D B5 
2026-02-05 13:49:02.425 DEBU [pymycobot.common] _read : FE FE 05 1E FF 01 EB DC
2026-02-05 13:49:02.426 DEBU [pymycobot.common] _write: FE FE 03 70 28 51 
2026-02-05 13:49:02.437 DEBU [pymycobot.common] _read : FE FE 05 70 FF 01 36 BD
2026-02-05 13:49:04.450 DEBU [pymycobot.common] _write: FE FE 03 72 E9 D0 
2026-02-05 13:49:04.662 DEBU [pymycobot.common] _write: FE FE 04 1E 00 5D 74 
2026-02-05 13:49:07.740 DEBU [pymycobot.common] _write: FE FE 04 1E 01 9D B5 
2026-02-05 13:49:09.236 DEBU [pymycobot.common] _read : FE FE 05 72 FF 01 F6 1C
2026-02-05 13:49:09.244 DEBU [pymycobot.common] _read : FE FE 05 1E FF 01 EB DC
2026-02-05 13:49:09.244 DEBU [pymycobot.common] _write: FE FE 03 70 28 51 
2026-02-05 13:49:11.456 DEBU [pymycobot.common] _write: FE FE 03 72 E9 D0 
2026-02-05 13:49:11.563 DEBU [pymycobot.common] _write: FE FE 04 1E 00 5D 74 
2026-02-05 13:49:11.690 DEBU [pymycobot.common] _read : FE FE 05 1E FF 01 EB DC
2026-02-05 13:49:11.691 DEBU [pymycobot.common] _write: FE FE 03 71 E8 90 
2026-02-05 13:49:11.698 DEBU [pymycobot.common] _read : FE FE 05 70 FF 01 36 BD
2026-02-05 13:49:12.759 DEBU [pymycobot.common] _write: FE FE 03 2B D3 10 
2026-02-05 13:49:13.821 DEBU [pymycobot.common] _write: FE FE 03 2B D3 10 
2026-02-05 13:49:14.778 DEBU [pymycobot.common] _write: FE FE 03 2B D3 10 
2026-02-05 13:49:15.098 DEBU [pymycobot.common] _write: FE FE 03 2B D3 10 
2026-02-05 13:49:16.163 DEBU [pymycobot.common] _write: FE FE 03 2B D3 10 
2026-02-05 13:49:16.466 DEBU [pymycobot.common] _read : FE FE 05 72 FF 01 F6 1C
2026-02-05 13:49:16.473 DEBU [pymycobot.common] _read : FE FE 05 1E FF 01 EB DC
2026-02-05 13:49:16.480 DEBU [pymycobot.common] _read : FE FE 05 71 FF 01 F6 EC
2026-02-05 13:49:16.488 DEBU [pymycobot.common] _read : FE FE 04 2B 00 0D 63
2026-02-05 13:49:16.495 DEBU [pymycobot.common] _read : FE FE 04 2B 00 0D 63
2026-02-05 13:49:16.503 DEBU [pymycobot.common] _read : FE FE 04 2B 00 0D 63
2026-02-05 13:49:16.509 DEBU [pymycobot.common] _read : FE FE 04 2B 00 0D 63
2026-02-05 13:49:16.516 DEBU [pymycobot.common] _read : FE FE 04 2B 00 0D 63
2026-02-05 13:49:17.253 DEBU [pymycobot.common] _write: FE FE 03 2B D3 10 
2026-02-05 13:49:17.263 DEBU [pymycobot.common] _read : FE FE 04 2B 01 CD A2
2026-02-05 13:49:17.588 DEBU [pymycobot.common] _write: FE FE 03 2B D3 10 
2026-02-05 13:49:17.599 DEBU [pymycobot.common] _read : FE FE 04 2B 01 CD A2
2026-02-05 13:53:25.567 DEBU [pymycobot.common] _write: FE FE 04 10 01 FD B1 
2026-02-05 13:53:25.586 DEBU [pymycobot.common] _read : FE FE 04 10 01 FD B1
2026-02-05 13:53:28.594 DEBU [pymycobot.common] _write: FE FE 04 1E 01 9D B5 
2026-02-05 13:53:31.056 DEBU [pymycobot.common] _read : FE FE 05 1E FF 01 EB DC
2026-02-05 13:53:31.057 DEBU [pymycobot.common] _write: FE FE 03 70 28 51 
2026-02-05 13:53:31.069 DEBU [pymycobot.common] _read : FE FE 05 70 FF 01 36 BD
2026-02-05 13:53:33.081 DEBU [pymycobot.common] _write: FE FE 03 72 E9 D0 
2026-02-05 13:53:33.294 DEBU [pymycobot.common] _write: FE FE 04 1E 01 9D B5 
2026-02-05 13:53:36.385 DEBU [pymycobot.common] _write: FE FE 03 70 28 51 
2026-02-05 13:53:37.811 DEBU [pymycobot.common] _read : FE FE 05 72 FF 01 F6 1C
2026-02-05 13:53:38.601 DEBU [pymycobot.common] _write: FE FE 03 72 E9 D0 
2026-02-05 13:53:38.602 DEBU [pymycobot.common] _write: FE FE 03 71 E8 90 
2026-02-05 13:53:39.670 DEBU [pymycobot.common] _write: FE FE 03 2B D3 10 
2026-02-05 13:53:40.340 DEBU [pymycobot.common] _read : FE FE 05 1E FF 01 EB DC
2026-02-05 13:53:40.345 DEBU [pymycobot.common] _read : FE FE 05 70 FF 01 36 BD
2026-02-05 13:53:40.674 DEBU [pymycobot.common] _write: FE FE 03 2B D3 10 
2026-02-05 13:53:41.630 DEBU [pymycobot.common] _write: FE FE 03 2B D3 10 
2026-02-05 13:53:41.950 DEBU [pymycobot.common] _write: FE FE 03 2B D3 10 
2026-02-05 13:53:43.015 DEBU [pymycobot.common] _write: FE FE 03 2B D3 10 
2026-02-05 13:53:44.084 DEBU [pymycobot.common] _write: FE FE 03 2B D3 10 
2026-02-05 13:53:44.718 DEBU [pymycobot.common] _write: FE FE 03 2B D3 10 
2026-02-05 13:53:45.107 DEBU [pymycobot.common] _read : FE FE 05 72 FF 01 F6 1C
2026-02-05 13:53:45.108 DEBU [pymycobot.common] _write: FE FE 03 2B D3 10 
2026-02-05 13:53:45.119 DEBU [pymycobot.common] _read : FE FE 05 71 FF 01 F6 EC
2026-02-05 13:53:45.128 DEBU [pymycobot.common] _read : FE FE 04 2B 00 0D 63
2026-02-05 13:53:45.135 DEBU [pymycobot.common] _read : FE FE 04 2B 00 0D 63
2026-02-05 13:53:45.139 DEBU [pymycobot.common] _read : FE FE 04 2B 01 CD A2
2026-02-05 13:53:45.144 DEBU [pymycobot.common] _read : FE FE 04 2B 01 CD A2
2026-02-05 13:53:45.148 DEBU [pymycobot.common] _read : FE FE 04 2B 01 CD A2
2026-02-05 13:53:45.155 DEBU [pymycobot.common] _read : FE FE 04 2B 01 CD A2
2026-02-05 13:53:45.162 DEBU [pymycobot.common] _read : FE FE 04 2B 01 CD A2
2026-02-05 13:53:45.166 DEBU [pymycobot.common] _read : FE FE 04 2B 01 CD A2
2026-02-05 13:53:45.384 DEBU [pymycobot.common] _write: FE FE 03 2B D3 10 
2026-02-05 13:53:45.395 DEBU [pymycobot.common] _read : FE FE 04 2B 01 CD A2
2026-02-05 14:01:27.742 DEBU [pymycobot.common] _write: FE FE 04 10 01 FD B1 
2026-02-05 14:01:27.761 DEBU [pymycobot.common] _read : FE FE 04 10 01 FD B1
2026-02-05 14:01:30.762 DEBU [pymycobot.common] _write: FE FE 04 1E 01 9D B5 
2026-02-05 14:01:33.232 DEBU [pymycobot.common] _read : FE FE 05 1E FF 01 EB DC
2026-02-05 14:01:33.233 DEBU [pymycobot.common] _write: FE FE 03 70 28 51 
2026-02-05 14:01:33.244 DEBU [pymycobot.common] _read : FE FE 05 70 FF 01 36 BD
2026-02-05 14:01:35.246 DEBU [pymycobot.common] _write: FE FE 03 72 E9 D0 
2026-02-05 14:01:38.325 DEBU [pymycobot.common] _write: FE FE 03 2B D3 10 
2026-02-05 14:01:39.981 DEBU [pymycobot.common] _read : FE FE 05 72 FF 01 F6 1C
2026-02-05 14:01:39.982 DEBU [pymycobot.common] _write: FE FE 04 1E 01 9D B5 
2026-02-05 14:01:39.984 DEBU [pymycobot.common] _read : FE FE 04 2B 00 0D 63
2026-02-05 14:01:42.499 DEBU [pymycobot.common] _read : FE FE 05 1E FF 01 EB DC
2026-02-05 14:01:42.500 DEBU [pymycobot.common] _write: FE FE 03 70 28 51 
2026-02-05 14:01:42.510 DEBU [pymycobot.common] _read : FE FE 05 70 FF 01 36 BD
2026-02-05 14:01:44.514 DEBU [pymycobot.common] _write: FE FE 03 72 E9 D0 
2026-02-05 14:01:47.596 DEBU [pymycobot.common] _write: FE FE 03 2B D3 10 
2026-02-05 14:01:47.702 DEBU [pymycobot.common] _write: FE FE 03 72 E9 D0 
2026-02-05 14:01:49.253 DEBU [pymycobot.common] _read : FE FE 05 72 FF 01 F6 1C
2026-02-05 14:01:49.254 DEBU [pymycobot.common] _write: FE FE 03 71 E8 90 
2026-02-05 14:01:49.264 DEBU [pymycobot.common] _read : FE FE 04 2B 00 0D 63
2026-02-05 14:01:49.268 DEBU [pymycobot.common] _read : FE FE 05 72 FF 01 F6 1C
2026-02-05 14:01:49.273 DEBU [pymycobot.common] _read : FE FE 05 71 FF 01 F6 EC
2026-02-05 14:01:50.325 DEBU [pymycobot.common] _write: FE FE 03 2B D3 10 
2026-02-05 14:01:50.335 DEBU [pymycobot.common] _read : FE FE 04 2B 01 CD A2
2026-02-05 14:01:50.657 DEBU [pymycobot.common] _write: FE FE 03 2B D3 10 
2026-02-05 14:01:50.667 DEBU [pymycobot.common] _read : FE FE 04 2B 01 CD A2
2026-02-05 14:01:50.991 DEBU [pymycobot.common] _write: FE FE 03 2B D3 10 
2026-02-05 14:01:51.001 DEBU [pymycobot.common] _read : FE FE 04 2B 01 CD A2
2026-02-05 14:01:51.326 DEBU [pymycobot.common] _write: FE FE 03 2B D3 10 
2026-02-05 14:01:51.337 DEBU [pymycobot.common] _read : FE FE 04 2B 01 CD A2
2026-02-05 14:01:51.659 DEBU [pymycobot.common] _write: FE FE 03 2B D3 10 
2026-02-05 14:01:51.669 DEBU [pymycobot.common] _read : FE FE 04 2B 01 CD A2
2026-02-05 14:01:51.991 DEBU [pymycobot.common] _write: FE FE 03 2B D3 10 
2026-02-05 14:01:52.001 DEBU [pymycobot.common] _read : FE FE 04 2B 01 CD A2
2026-02-05 14:01:52.325 DEBU [pymycobot.common] _write: FE FE 03 2B D3 10 
2026-02-05 14:01:52.335 DEBU [pymycobot.common] _read : FE FE 04 2B 01 CD A2
2026-02-05 14:01:52.660 DEBU [pymycobot.common] _write: FE FE 03 2B D3 10 
2026-02-05 14:01:52.670 DEBU [pymycobot.common] _read : FE FE 04 2B 01 CD A2
2026-02-05 14:01:52.995 DEBU [pymycobot.common] _write: FE FE 03 2B D3 10 
2026-02-05 14:01:53.008 DEBU [pymycobot.common] _read : FE FE 04 2B 01 CD A2
2026-02-05 14:01:53.328 DEBU [pymycobot.common] _write: FE FE 03 2B D3 10 
2026-02-05 14:01:53.340 DEBU [pymycobot.common] _read : FE FE 04 2B 01 CD A2
2026-02-05 14:01:53.660 DEBU [pymycobot.common] _write: FE FE 03 2B D3 10 
2026-02-05 14:01:53.671 DEBU [pymycobot.common] _read : FE FE 04 2B 01 CD A2
2026-02-05 14:01:53.717 DEBU [pymycobot.common] _read : FE FE 04 5B 00 CD 46
2026-02-05 14:06:27.154 DEBU [pymycobot.common] _write: FE FE 04 10 01 FD B1 
2026-02-05 14:06:27.174 DEBU [pymycobot.common] _read : FE FE 04 10 01 FD B1
2026-02-05 14:06:30.182 DEBU [pymycobot.common] _write: FE FE 04 1E 01 9D B5 
2026-02-05 14:06:32.653 DEBU [pymycobot.common] _read : FE FE 05 1E FF 01 EB DC
2026-02-05 14:06:32.654 DEBU [pymycobot.common] _write: FE FE 03 70 28 51 
2026-02-05 14:06:32.665 DEBU [pymycobot.common] _read : FE FE 05 70 FF 01 36 BD
2026-02-05 14:06:34.676 DEBU [pymycobot.common] _write: FE FE 03 72 E9 D0 
2026-02-05 14:06:37.757 DEBU [pymycobot.common] _write: FE FE 03 2B D3 10 
2026-02-05 14:06:39.409 DEBU [pymycobot.common] _read : FE FE 05 72 FF 01 F6 1C FE FE 04 2B 00 0D 63
2026-02-05 14:06:39.410 DEBU [pymycobot.common] _write: FE FE 04 1E 01 9D B5 
2026-02-05 14:06:41.924 DEBU [pymycobot.common] _read : FE FE 05 1E FF 01 EB DC
2026-02-05 14:06:41.924 DEBU [pymycobot.common] _write: FE FE 03 70 28 51 
2026-02-05 14:06:41.936 DEBU [pymycobot.common] _read : FE FE 05 70 FF 01 36 BD
2026-02-05 14:06:43.948 DEBU [pymycobot.common] _write: FE FE 03 72 E9 D0 
2026-02-05 14:06:47.019 DEBU [pymycobot.common] _write: FE FE 03 2B D3 10 
2026-02-05 14:06:48.680 DEBU [pymycobot.common] _read : FE FE 05 72 FF 01 F6 1C
2026-02-05 14:06:48.681 DEBU [pymycobot.common] _write: FE FE 03 71 E8 90 
2026-02-05 14:06:48.691 DEBU [pymycobot.common] _read : FE FE 04 2B 00 0D 63
2026-02-05 14:06:48.701 DEBU [pymycobot.common] _read : FE FE 05 71 FF 01 F6 EC
2026-02-05 14:06:49.389 DEBU [pymycobot.common] _read : FE FE 04 5B 52 30 C7
2026-02-05 14:14:58.401 DEBU [pymycobot.common] _write: FE FE 04 10 01 FD B1 
2026-02-05 14:14:58.416 DEBU [pymycobot.common] _read : FE FE 04 10 01 FD B1
2026-02-05 14:15:01.429 DEBU [pymycobot.common] _write: FE FE 04 1E 01 9D B5 
2026-02-05 14:15:03.900 DEBU [pymycobot.common] _read : FE FE 05 1E FF 01 EB DC
2026-02-05 14:15:03.901 DEBU [pymycobot.common] _write: FE FE 03 70 28 51 
2026-02-05 14:15:03.913 DEBU [pymycobot.common] _read : FE FE 04 5B 52 30 C7
2026-02-05 14:15:03.920 DEBU [pymycobot.common] _read : FE FE 05 70 FF 01 36 BD
2026-02-05 14:15:05.929 DEBU [pymycobot.common] _write: FE FE 03 72 E9 D0 
2026-02-05 14:15:09.012 DEBU [pymycobot.common] _write: FE FE 03 2B D3 10 
2026-02-05 14:15:10.755 DEBU [pymycobot.common] _read : FE FE 05 72 FF 01 F6 1C
2026-02-05 14:15:10.755 DEBU [pymycobot.common] _write: FE FE 04 1E 01 9D B5 
2026-02-05 14:15:10.762 DEBU [pymycobot.common] _read : FE FE 04 2B 00 0D 63
2026-02-05 14:15:13.247 DEBU [pymycobot.common] _read : FE FE 05 1E FF 01 EB DC
2026-02-05 14:15:13.248 DEBU [pymycobot.common] _write: FE FE 03 70 28 51 
2026-02-05 14:15:13.257 DEBU [pymycobot.common] _read : FE FE 05 70 FF 01 36 BD
2026-02-05 14:15:13.263 DEBU [pymycobot.common] _read : FE FE 04 5B 52 30 C7
2026-02-05 14:15:15.273 DEBU [pymycobot.common] _write: FE FE 03 72 E9 D0 
2026-02-05 14:15:18.343 DEBU [pymycobot.common] _write: FE FE 03 2B D3 10 
2026-02-05 14:15:18.449 DEBU [pymycobot.common] _write: FE FE 03 72 E9 D0 
2026-02-05 14:15:20.069 DEBU [pymycobot.common] _read : FE FE 05 72 FF 01 F6 1C FE FE 04 2B 00 0D 63
2026-02-05 14:15:20.070 DEBU [pymycobot.common] _write: FE FE 03 71 E8 90 
2026-02-05 14:15:20.080 DEBU [pymycobot.common] _read : FE FE 05 72 FF 01 F6 1C
2026-02-05 14:15:20.086 DEBU [pymycobot.common] _read : FE FE 05 71 FF 01 F6 EC FE FE 04 5B 52 30 C7
2026-02-05 14:15:21.149 DEBU [pymycobot.common] _write: FE FE 03 2B D3 10 
2026-02-05 14:15:21.160 DEBU [pymycobot.common] _read : FE FE 04 2B 00 0D 63
2026-02-05 14:15:21.481 DEBU [pymycobot.common] _write: FE FE 03 2B D3 10 
2026-02-05 14:15:21.490 DEBU [pymycobot.common] _read : FE FE 04 2B 00 0D 63
2026-02-05 14:17:46.977 DEBU [pymycobot.common] _write: FE FE 03 28 D2 50 
2026-02-05 14:17:46.995 DEBU [pymycobot.common] _read : FE FE 05 28 FF 01 E5 3C
2026-02-05 14:18:05.634 DEBU [pymycobot.common] _write: FE FE 04 10 01 FD B1 
2026-02-05 14:18:05.655 DEBU [pymycobot.common] _read : FE FE 04 10 01 FD B1
2026-02-05 14:18:08.658 DEBU [pymycobot.common] _write: FE FE 04 1E 01 9D B5 
2026-02-05 14:18:11.208 DEBU [pymycobot.common] _read : FE FE 05 1E FF 01 EB DC
2026-02-05 14:18:11.208 DEBU [pymycobot.common] _write: FE FE 03 70 28 51 
2026-02-05 14:18:11.221 DEBU [pymycobot.common] _read : FE FE 05 70 FF 01 36 BD
2026-02-05 14:18:13.233 DEBU [pymycobot.common] _write: FE FE 03 72 E9 D0 
2026-02-05 14:18:17.966 DEBU [pymycobot.common] _read : FE FE 05 72 FF 01 F6 1C
2026-02-05 14:18:17.967 DEBU [pymycobot.common] _write: FE FE 04 1E 01 9D B5 
2026-02-05 14:18:20.488 DEBU [pymycobot.common] _read : FE FE 05 1E FF 01 EB DC
2026-02-05 14:18:20.489 DEBU [pymycobot.common] _write: FE FE 03 70 28 51 
2026-02-05 14:18:20.502 DEBU [pymycobot.common] _read : FE FE 05 70 FF 01 36 BD
2026-02-05 14:18:22.504 DEBU [pymycobot.common] _write: FE FE 03 72 E9 D0 
2026-02-05 14:18:27.244 DEBU [pymycobot.common] _read : FE FE 05 72 FF 01 F6 1C
2026-02-05 14:18:27.245 DEBU [pymycobot.common] _write: FE FE 03 71 E8 90 
2026-02-05 14:18:27.254 DEBU [pymycobot.common] _read : FE FE 05 71 FF 01 F6 EC
2026-02-05 14:18:28.321 DEBU [pymycobot.common] _write: FE FE 03 2B D3 10 
2026-02-05 14:18:28.330 DEBU [pymycobot.common] _read : FE FE 04 2B 01 CD A2
2026-02-05 14:18:29.401 DEBU [pymycobot.common] _write: FE FE 03 2B D3 10 
2026-02-05 14:18:29.410 DEBU [pymycobot.common] _read : FE FE 04 2B 01 CD A2
2026-02-05 14:18:30.481 DEBU [pymycobot.common] _write: FE FE 03 2B D3 10 
2026-02-05 14:18:30.491 DEBU [pymycobot.common] _read : FE FE 04 2B 01 CD A2
2026-02-05 14:18:31.562 DEBU [pymycobot.common] _write: FE FE 03 2B D3 10 
2026-02-05 14:18:31.573 DEBU [pymycobot.common] _read : FE FE 04 2B 01 CD A2
2026-02-05 14:18:31.777 DEBU [pymycobot.common] _read : FE FE 04 5B 00 CD 46
2026-02-05 14:19:06.135 DEBU [pymycobot.common] _write: FE FE 04 10 01 FD B1 
2026-02-05 14:19:06.155 DEBU [pymycobot.common] _read : FE FE 04 10 01 FD B1
2026-02-05 14:19:09.160 DEBU [pymycobot.common] _write: FE FE 04 1E 01 9D B5 
2026-02-05 14:19:11.617 DEBU [pymycobot.common] _read : FE FE 05 1E FF 01 EB DC
2026-02-05 14:19:11.618 DEBU [pymycobot.common] _write: FE FE 03 70 28 51 
2026-02-05 14:19:11.632 DEBU [pymycobot.common] _read : FE FE 05 70 FF 01 36 BD
2026-02-05 14:19:13.640 DEBU [pymycobot.common] _write: FE FE 03 72 E9 D0 
2026-02-05 14:19:18.381 DEBU [pymycobot.common] _read : FE FE 05 72 FF 01 F6 1C
2026-02-05 14:19:18.382 DEBU [pymycobot.common] _write: FE FE 04 1E 01 9D B5 
2026-02-05 14:19:20.930 DEBU [pymycobot.common] _read : FE FE 05 1E FF 01 EB DC
2026-02-05 14:19:20.931 DEBU [pymycobot.common] _write: FE FE 03 70 28 51 
2026-02-05 14:19:20.942 DEBU [pymycobot.common] _read : FE FE 05 70 FF 01 36 BD
2026-02-05 14:19:22.944 DEBU [pymycobot.common] _write: FE FE 03 72 E9 D0 
2026-02-05 14:19:27.685 DEBU [pymycobot.common] _read : FE FE 05 72 FF 01 F6 1C
2026-02-05 14:19:27.687 DEBU [pymycobot.common] _write: FE FE 03 71 E8 90 
2026-02-05 14:19:27.697 DEBU [pymycobot.common] _read : FE FE 05 71 FF 01 F6 EC
2026-02-05 14:19:28.764 DEBU [pymycobot.common] _write: FE FE 03 2B D3 10 
2026-02-05 14:19:28.774 DEBU [pymycobot.common] _read : FE FE 04 2B 01 CD A2
2026-02-05 14:19:29.841 DEBU [pymycobot.common] _write: FE FE 03 2B D3 10 
2026-02-05 14:19:29.852 DEBU [pymycobot.common] _read : FE FE 04 2B 01 CD A2
2026-02-05 14:19:30.916 DEBU [pymycobot.common] _write: FE FE 03 2B D3 10 
2026-02-05 14:19:30.927 DEBU [pymycobot.common] _read : FE FE 04 2B 01 CD A2
2026-02-05 14:19:31.764 DEBU [pymycobot.common] _read : FE FE 04 5B 00 CD 46
2026-02-05 14:19:49.641 DEBU [pymycobot.common] _write: FE FE 04 10 01 FD B1 
2026-02-05 14:19:49.660 DEBU [pymycobot.common] _read : FE FE 04 10 01 FD B1
2026-02-05 14:19:52.669 DEBU [pymycobot.common] _write: FE FE 04 1E 01 9D B5 
2026-02-05 14:19:55.136 DEBU [pymycobot.common] _read : FE FE 05 1E FF 01 EB DC
2026-02-05 14:19:55.137 DEBU [pymycobot.common] _write: FE FE 03 70 28 51 
2026-02-05 14:19:55.146 DEBU [pymycobot.common] _read : FE FE 05 70 FF 01 36 BD
2026-02-05 14:19:57.156 DEBU [pymycobot.common] _write: FE FE 03 72 E9 D0 
2026-02-05 14:20:01.902 DEBU [pymycobot.common] _read : FE FE 05 72 FF 01 F6 1C
2026-02-05 14:20:01.903 DEBU [pymycobot.common] _write: FE FE 04 1E 01 9D B5 
2026-02-05 14:20:04.459 DEBU [pymycobot.common] _read : FE FE 05 1E FF 01 EB DC
2026-02-05 14:20:04.460 DEBU [pymycobot.common] _write: FE FE 03 70 28 51 
2026-02-05 14:20:04.473 DEBU [pymycobot.common] _read : FE FE 05 70 FF 01 36 BD
2026-02-05 14:20:06.482 DEBU [pymycobot.common] _write: FE FE 03 72 E9 D0 
2026-02-05 14:20:11.269 DEBU [pymycobot.common] _read : FE FE 05 72 FF 01 F6 1C
2026-02-05 14:20:11.270 DEBU [pymycobot.common] _write: FE FE 03 71 E8 90 
2026-02-05 14:20:11.282 DEBU [pymycobot.common] _read : FE FE 05 71 FF 01 F6 EC
2026-02-05 14:20:12.349 DEBU [pymycobot.common] _write: FE FE 03 2B D3 10 
2026-02-05 14:20:12.358 DEBU [pymycobot.common] _read : FE FE 04 2B 01 CD A2
2026-02-05 14:20:13.425 DEBU [pymycobot.common] _write: FE FE 03 2B D3 10 
2026-02-05 14:20:13.434 DEBU [pymycobot.common] _read : FE FE 04 2B 01 CD A2
2026-02-05 14:20:14.500 DEBU [pymycobot.common] _write: FE FE 03 2B D3 10 
2026-02-05 14:20:14.511 DEBU [pymycobot.common] _read : FE FE 04 2B 01 CD A2
2026-02-05 14:20:15.575 DEBU [pymycobot.common] _write: FE FE 03 2B D3 10 
2026-02-05 14:20:15.588 DEBU [pymycobot.common] _read : FE FE 04 2B 01 CD A2
2026-02-05 14:20:15.887 DEBU [pymycobot.common] _read : FE FE 04 5B 00 CD 46
